505803	TRP	  10 	LYS	  11 	GLN	  12 	4	51.5302394201	1	6.01128613526	110.23	30.823	34.018	111.46	28.912	37.067	115.118	28.292	36.434
543678	TYR	  85 	TRP	  10 	LYS	  11 	7	75.6994060283	1	5.45656228774	110.868	25.411	33.74	110.23	30.823	34.018	111.46	28.912	37.067
543248	TYR	  85 	TRP	  10 	GLN	  12 	9	87.4310456669	1	6.01128613526	110.868	25.411	33.74	110.23	30.823	34.018	115.118	28.292	36.434
498607	TRP	  10 	GLU	  86 	GLN	  12 	8	76.39109615	1	6.01128613526	110.23	30.823	34.018	113.935	26.808	31.98	115.118	28.292	36.434
515302	TRP	 242 	TRP	  10 	THR	  28 	8	78.6807611793	8	51.7087160448	71.937	7.468	8.289	110.23	30.823	34.018	104.821	7.662	18.308
515298	TRP	 242 	TRP	  10 	THR	  42 	4	44.2193941761	8	51.7087160448	71.937	7.468	8.289	110.23	30.823	34.018	104.15	15.025	44.701
543533	TYR	  85 	TRP	  10 	ILE	  84 	6	63.7885771439	1	5.84161784098	110.868	25.411	33.74	110.23	30.823	34.018	107.223	25.956	32.837
502999	TRP	  10 	ILE	  84 	GLU	  86 	8	78.9893272504	1	6.81991913442	110.23	30.823	34.018	107.223	25.956	32.837	113.935	26.808	31.98
515230	TRP	 242 	TRP	  10 	SER	  99 	8	78.1997838965	8	51.7087160448	71.937	7.468	8.289	110.23	30.823	34.018	95.648	8.697	29.727
514726	TRP	 242 	TRP	  10 	HIS	 133 	8	79.0237022667	8	51.7087160448	71.937	7.468	8.289	110.23	30.823	34.018	86.952	32.413	20.6
514726	TRP	 242 	TRP	  10 	HIS	 139 	8	77.8599164418	8	51.7087160448	71.937	7.468	8.289	110.23	30.823	34.018	92.091	26.869	16.492
515231	TRP	 242 	TRP	  10 	SER	 151 	9	87.8076326449	8	51.7087160448	71.937	7.468	8.289	110.23	30.823	34.018	91.283	9.064	31.12
515230	TRP	  10 	TRP	 242 	SER	 156 	8	76.8788196533	8	51.7087160448	110.23	30.823	34.018	71.937	7.468	8.289	85.767	10.409	30.62
515015	TRP	 242 	TRP	  10 	MET	 159 	9	84.4973586558	8	51.7087160448	71.937	7.468	8.289	110.23	30.823	34.018	90.058	17.041	25.559
601771	ALA	 191 	TRP	  10 	TRP	 242 	5	53.0733543367	8	51.7087160448	89.313	29.155	-1.311	110.23	30.823	34.018	71.937	7.468	8.289
515231	TRP	  10 	TRP	 242 	SER	 196 	9	85.696198703	8	51.7087160448	110.23	30.823	34.018	71.937	7.468	8.289	87.364	33.91	10.452
514435	TRP	  10 	TRP	 242 	CYS	 201 	5	57.7983241792	8	51.7087160448	110.23	30.823	34.018	71.937	7.468	8.289	82.755	25.745	13.558
515370	TRP	  10 	TRP	 242 	TRP	 202 	4	50.1241378204	8	51.7087160448	110.23	30.823	34.018	71.937	7.468	8.289	82.91	24.011	10.173
514436	TRP	  10 	TRP	 242 	CYS	 267 	6	67.8486468619	8	51.7087160448	110.23	30.823	34.018	71.937	7.468	8.289	79.946	28.22	18.39
515369	TRP	  10 	TRP	 242 	TRP	 275 	3	38.3839458938	8	51.7087160448	110.23	30.823	34.018	71.937	7.468	8.289	70.895	18.556	19.842
515375	TRP	  10 	TRP	 242 	TRP	 303 	9	86.6374302934	8	51.7087160448	110.23	30.823	34.018	71.937	7.468	8.289	103.564	2.754	14.886
514367	TRP	 242 	TRP	  10 	PHE	 307 	9	85.6178591342	8	51.7087160448	71.937	7.468	8.289	110.23	30.823	34.018	99.218	7.364	21.965
515303	TRP	 242 	TRP	  10 	THR	 310 	9	84.7268265345	8	51.7087160448	71.937	7.468	8.289	110.23	30.823	34.018	99.614	1.553	28.303
630571	ARG	 314 	TRP	 242 	TRP	  10 	5	54.5745504031	8	51.7087160448	101.574	1.253	33.679	71.937	7.468	8.289	110.23	30.823	34.018
514724	TRP	 242 	TRP	  10 	HIS	 315 	6	67.2275335677	8	51.7087160448	71.937	7.468	8.289	110.23	30.823	34.018	103.122	4.073	35.774
515366	TRP	  10 	TRP	 275 	TRP	 303 	9	86.6124531599	7	43.5738509889	110.23	30.823	34.018	70.895	18.556	19.842	103.564	2.754	14.886
534605	TYR	  85 	LYS	  11 	GLN	  12 	6	61.8981476063	1	5.79830121674	110.868	25.411	33.74	111.46	28.912	37.067	115.118	28.292	36.434
585001	ALA	  13 	GLU	  14 	GLN	  12 	2	33.9499773671	1	6.87285719334	116.404	24.748	36.85	119.959	23.419	36.668	115.118	28.292	36.434
597964	ALA	  13 	SER	  87 	GLN	  12 	5	58.8402849911	1	6.06710169686	116.404	24.748	36.85	117.035	24.637	31.987	115.118	28.292	36.434
540368	TYR	  85 	SER	  87 	GLN	  12 	9	87.1099862464	1	6.45786141071	110.868	25.411	33.74	117.035	24.637	31.987	115.118	28.292	36.434
598321	ALA	  13 	SER	  87 	GLY	  88 	2	29.4201326892	1	7.94109324967	116.404	24.748	36.85	117.035	24.637	31.987	120.089	25.129	29.826
387794	ASP	  15 	ILE	  16 	GLU	  14 	3	36.7737485747	1	6.78691712046	118.63	20.21	35.106	114.947	19.375	34.526	119.959	23.419	36.668
393555	ASP	  18 	ASP	  15 	GLU	  14 	4	46.3613056377	1	7.29793683174	116.318	17.699	39.367	118.63	20.21	35.106	119.959	23.419	36.668
393770	ASP	  15 	ASP	  18 	ILE	  19 	3	39.6699481154	1	7.78025590839	118.63	20.21	35.106	116.318	17.699	39.367	112.543	18.133	39.484
618413	ARG	  17 	ILE	  19 	ILE	  16 	6	65.434744448	1	5.64832222877	115.706	15.956	36.008	112.543	18.133	39.484	114.947	19.375	34.526
531795	TYR	  85 	ILE	  16 	GLU	  86 	4	48.8791640075	1	7.92185262423	110.868	25.411	33.74	114.947	19.375	34.526	113.935	26.808	31.98
445394	SER	  87 	ILE	  16 	GLU	  86 	3	43.392472022	1	7.92185262423	117.035	24.637	31.987	114.947	19.375	34.526	113.935	26.808	31.98
623739	ARG	  17 	ASP	  21 	PHE	  22 	4	49.2749633582	1	7.29130783879	115.706	15.956	36.008	111.909	11.55	37.046	111.411	10.688	33.369
538058	TYR	  20 	ASP	  18 	ASP	  21 	3	42.8672143812	1	7.91432391301	111.051	15.205	37.517	116.318	17.699	39.367	111.909	11.55	37.046
537769	TYR	  20 	ASP	  21 	ILE	  19 	2	30.0161538923	1	7.04852388802	111.051	15.205	37.517	111.909	11.55	37.046	112.543	18.133	39.484
393776	ASP	  21 	ASP	  39 	ILE	  19 	9	84.0811011422	1	7.04852388802	111.909	11.55	37.046	106.987	14.877	39.868	112.543	18.133	39.484
538059	TYR	  20 	ASP	  39 	ASP	  21 	4	50.3171352542	1	6.57713440641	111.051	15.205	37.517	106.987	14.877	39.868	111.909	11.55	37.046
393558	ASP	  21 	ASP	  39 	GLU	  38 	7	73.6313327111	1	6.57713440641	111.909	11.55	37.046	106.987	14.877	39.868	106.904	11.781	37.695
584859	ALA	  37 	GLU	  38 	PHE	  22 	4	51.1657166488	1	6.34207962738	107.539	11.892	34.03	106.904	11.781	37.695	111.411	10.688	33.369
566426	VAL	  25 	ASP	  24 	LEU	  26 	3	41.5581723838	1	6.58117694641	107.422	8.82	25.835	108.676	6.685	28.72	103.651	9.084	25.212
475705	THR	  28 	GLY	  27 	LEU	  26 	2	25.2900926545	1	7.14536213218	104.821	7.662	18.308	103.653	7.311	21.889	103.651	9.084	25.212
475921	THR	  28 	GLY	  29 	GLY	  27 	2	29.8715603867	1	7.0078997567	104.821	7.662	18.308	104.81	10.424	15.718	103.653	7.311	21.889
475563	THR	  28 	GLY	  27 	GLN	 305 	4	51.8253565983	1	7.1452634661	104.821	7.662	18.308	103.653	7.311	21.889	101.004	8.326	15.331
475419	THR	  28 	GLY	  27 	PHE	 307 	4	51.6150046898	1	6.69746683456	104.821	7.662	18.308	103.653	7.311	21.889	99.218	7.364	21.965
591124	ALA	  30 	GLY	  27 	GLY	  29 	5	56.5041186674	1	7.56520528472	103.602	13.508	17.55	103.653	7.311	21.889	104.81	10.424	15.718
302765	GLY	  27 	GLY	  29 	GLN	 305 	6	61.4273549303	1	7.1452634661	103.653	7.311	21.889	104.81	10.424	15.718	101.004	8.326	15.331
590620	ALA	 306 	GLY	  27 	PHE	  31 	5	60.1446892469	1	6.89195197314	99.981	6.348	18.398	103.653	7.311	21.889	103.504	11.731	20.87
648223	ASN	 308 	GLY	  27 	PHE	 307 	8	80.2877129953	1	4.54336813388	100.74	4.656	24.149	103.653	7.311	21.889	99.218	7.364	21.965
663121	ASN	 308 	ALA	 309 	GLY	  27 	2	25.1045988559	1	7.93651630125	100.74	4.656	24.149	98.002	4.604	26.76	103.653	7.311	21.889
513363	TRP	 303 	THR	  28 	GLY	  29 	4	44.1552185722	1	7.81496257189	103.564	2.754	14.886	104.821	7.662	18.308	104.81	10.424	15.718
513436	TRP	 303 	THR	  28 	LYS	 304 	5	60.3869189487	1	6.28250929168	103.564	2.754	14.886	104.821	7.662	18.308	102.322	5.703	12.887
513007	TRP	 303 	THR	  28 	GLN	 305 	8	75.8170360096	1	6.14807360073	103.564	2.754	14.886	104.821	7.662	18.308	101.004	8.326	15.331
601639	ALA	 306 	TRP	 303 	THR	  28 	8	77.6929735922	1	6.17161802123	99.981	6.348	18.398	103.564	2.754	14.886	104.821	7.662	18.308
599259	ALA	 306 	THR	  28 	PHE	 307 	4	50.87506433	1	6.69746683456	99.981	6.348	18.398	104.821	7.662	18.308	99.218	7.364	21.965
663556	ASN	 308 	ALA	 306 	THR	  28 	5	60.2683136488	1	7.73355532727	100.74	4.656	24.149	99.981	6.348	18.398	104.821	7.662	18.308
656860	ASN	 308 	THR	  28 	PHE	 307 	5	59.0418502011	1	7.73355532727	100.74	4.656	24.149	104.821	7.662	18.308	99.218	7.364	21.965
605524	ALA	 306 	ALA	  30 	GLY	  29 	5	57.7123031113	1	8.06823059908	99.981	6.348	18.398	103.602	13.508	17.55	104.81	10.424	15.718
506165	TRP	 303 	LYS	 304 	GLY	  29 	6	61.0577932679	1	7.81496257189	103.564	2.754	14.886	102.322	5.703	12.887	104.81	10.424	15.718
504366	TRP	 303 	GLY	  29 	GLN	 305 	7	70.7047415459	1	7.81496257189	103.564	2.754	14.886	104.81	10.424	15.718	101.004	8.326	15.331
601207	ALA	 306 	TRP	 303 	GLY	  29 	8	80.1974865244	1	7.81496257189	99.981	6.348	18.398	103.564	2.754	14.886	104.81	10.424	15.718
605020	ALA	 306 	ALA	  30 	PHE	  31 	5	57.2921041746	1	8.06823059908	99.981	6.348	18.398	103.602	13.508	17.55	103.504	11.731	20.87
560594	VAL	  34 	ILE	  35 	GLU	  33 	3	39.4496649821	1	6.63476284429	106.211	14.25	24.901	107.866	12.674	27.936	107.977	14.488	21.555
325731	LYS	  49 	GLU	  33 	CYS	  50 	4	47.0786036057	1	7.61020978686	107.515	18.851	25.992	107.977	14.488	21.555	111.051	20.144	25.614
560666	VAL	  34 	ILE	  35 	LEU	  36 	3	38.7279897344	1	6.68983310704	106.211	14.25	24.901	107.866	12.674	27.936	105.904	11.043	30.764
563330	VAL	  34 	LYS	  49 	CYS	  50 	3	35.038321861	1	7.65984366681	106.211	14.25	24.901	107.515	18.851	25.992	111.051	20.144	25.614
586513	ALA	  37 	LEU	  36 	GLU	  38 	2	26.1161783706	1	7.04154848027	107.539	11.892	34.03	105.904	11.043	30.764	106.904	11.781	37.695
383407	ASP	  39 	GLU	  38 	GLN	  43 	8	77.162658941	1	5.30080456157	106.987	14.877	39.868	106.904	11.781	37.695	104.846	11.952	42.577
391034	ASP	  39 	LYS	  44 	LYS	  40 	3	35.5351473604	1	7.74458804585	106.987	14.877	39.868	102.228	13.385	40.22	109.608	13.947	42.5
479887	THR	  42 	ASP	  39 	GLN	  43 	8	79.9390861305	1	5.60610042721	104.15	15.025	44.701	106.987	14.877	39.868	104.846	11.952	42.577
621008	ARG	  41 	LYS	  40 	GLN	  43 	9	83.1398842471	1	5.59171682044	107.781	15.936	45.181	109.608	13.947	42.5	104.846	11.952	42.577
628204	ARG	  41 	THR	  42 	GLN	  43 	5	59.5282181355	1	5.59171682044	107.781	15.936	45.181	104.15	15.025	44.701	104.846	11.952	42.577
628634	ARG	  41 	THR	  42 	LYS	  44 	3	42.5034030923	1	7.87114546937	107.781	15.936	45.181	104.15	15.025	44.701	102.228	13.385	40.22
593644	ALA	  47 	MET	  95 	GLN	  96 	5	57.9494758418	1	6.0852547194	103.528	15.219	30.208	101.68	19.656	30.506	98.562	18.207	32.063
330050	LYS	  49 	ILE	  48 	CYS	  50 	3	43.5256020805	1	6.44777147548	107.515	18.851	25.992	106.673	17.227	29.342	111.051	20.144	25.614
534535	TYR	  92 	LYS	  49 	CYS	  50 	8	78.1641303677	1	5.87294525771	110.325	22.656	29.473	107.515	18.851	25.992	111.051	20.144	25.614
327172	LYS	  49 	LEU	  93 	CYS	  50 	5	56.2372489411	1	6.37090056428	107.515	18.851	25.992	106.553	22.767	29.285	111.051	20.144	25.614
589251	ALA	  52 	ILE	  51 	CYS	  50 	4	51.0333016531	1	6.0910297159	114.788	23.869	22.571	111.146	23.342	23.54	111.051	20.144	25.614
587815	ALA	  52 	HIS	  90 	CYS	  50 	8	82.7075625123	1	6.58003609413	114.788	23.869	22.571	115.626	24.795	26.471	111.051	20.144	25.614
240775	HIS	  90 	LEU	  91 	CYS	  50 	8	79.0148543444	1	6.58003609413	115.626	24.795	26.471	112.162	25.529	27.735	111.051	20.144	25.614
530214	TYR	  92 	HIS	  90 	CYS	  50 	7	69.1285897691	1	6.58003609413	110.325	22.656	29.473	115.626	24.795	26.471	111.051	20.144	25.614
592423	ALA	  52 	LYS	  53 	HIS	  90 	8	81.3330343948	1	4.60928204822	114.788	23.869	22.571	115.886	27.511	22.756	115.626	24.795	26.471
642676	ASN	  65 	GLU	  64 	GLU	  66 	5	59.62861498	1	5.59432802041	104.915	35.079	24.717	108.137	33.042	24.678	102.858	32.434	22.929
662836	ASN	  65 	ALA	  68 	GLU	  64 	5	55.1961398119	1	6.22659858992	104.915	35.079	24.717	103.038	32.794	28.243	108.137	33.042	24.678
330338	LYS	  74 	ILE	  73 	HIS	  75 	3	39.2979676206	1	6.62608602419	92.181	27.35	31.539	94.353	29.211	29.043	89.339	25.113	30.447
419624	PRO	  76 	LYS	  74 	HIS	  75 	9	88.2645109188	1	6.99516032697	88.175	21.616	31.613	92.181	27.35	31.539	89.339	25.113	30.447
592419	ALA	  80 	LYS	  74 	HIS	  75 	4	48.2026104691	1	7.68335070135	96.59	22.579	30.258	92.181	27.35	31.539	89.339	25.113	30.447
654341	ASN	  77 	PRO	  76 	HIS	  75 	6	62.4225111464	1	5.50397292871	88.332	20.251	28.072	88.175	21.616	31.613	89.339	25.113	30.447
567939	VAL	  79 	PRO	  76 	HIS	  75 	4	50.8860787148	1	7.96544010084	95.001	20.147	27.853	88.175	21.616	31.613	89.339	25.113	30.447
662983	ASN	  77 	ALA	 128 	HIS	  75 	8	77.5516410067	1	6.60864365812	88.332	20.251	28.072	86.238	24.494	24.644	89.339	25.113	30.447
560739	VAL	  79 	ILE	  78 	HIS	  75 	4	47.9826693227	1	7.96544010084	95.001	20.147	27.853	91.657	21.65	26.882	89.339	25.113	30.447
602503	ALA	 128 	TYR	 131 	HIS	  75 	8	78.6662925337	1	7.52342249246	86.238	24.494	24.644	86.078	29.442	25.229	89.339	25.113	30.447
663410	ASN	  77 	ALA	 128 	PRO	  76 	3	42.7058128676	1	7.78471669362	88.332	20.251	28.072	86.238	24.494	24.644	88.175	21.616	31.613
654625	ASN	  77 	PRO	  76 	MET	 159 	2	25.5359901123	1	7.81839049933	88.332	20.251	28.072	88.175	21.616	31.613	90.058	17.041	25.559
421135	PRO	  76 	MET	 159 	ILE	  78 	8	81.4620620984	1	7.81839049933	88.175	21.616	31.613	90.058	17.041	25.559	91.657	21.65	26.882
651246	ASN	  77 	MET	 159 	GLN	 124 	7	70.5843528492	1	7.82655077285	88.332	20.251	28.072	90.058	17.041	25.559	82.679	19.607	25.089
661828	ASN	  77 	VAL	 125 	MET	 159 	5	58.9001214491	1	7.57640138852	88.332	20.251	28.072	84.459	20.577	21.878	90.058	17.041	25.559
663338	ASN	  77 	ALA	 128 	ASP	 127 	3	42.0099675244	1	7.85315541677	88.332	20.251	28.072	86.238	24.494	24.644	82.452	24.46	25.009
651679	ASN	  77 	MET	 159 	LYS	 157 	8	82.94896417	1	7.05840038536	88.332	20.251	28.072	90.058	17.041	25.559	85.578	13.831	29.082
393769	ASP	  82 	ASP	  83 	ILE	  84 	2	24.7014053119	1	7.20827205369	100.544	23.613	34.201	104.111	24.788	34.692	107.223	25.956	32.837
393775	ASP	  82 	ASP	  83 	ILE	  94 	8	77.2412462065	1	5.74927734589	100.544	23.613	34.201	104.111	24.788	34.692	104.999	20.675	32.062
393989	ASP	  83 	ASP	  82 	MET	  95 	6	65.3070917408	1	7.05477008839	104.111	24.788	34.692	100.544	23.613	34.201	101.68	19.656	30.506
387866	ASP	  82 	ILE	  94 	LEU	  93 	3	41.8989664508	1	7.80966407728	100.544	23.613	34.201	104.999	20.675	32.062	106.553	22.767	29.285
392044	ASP	  82 	MET	  95 	GLN	  96 	5	60.3211781608	1	6.14200325627	100.544	23.613	34.201	101.68	19.656	30.506	98.562	18.207	32.063
531794	TYR	  85 	ILE	  84 	GLU	  86 	3	35.3741272227	1	6.81991913442	110.868	25.411	33.74	107.223	25.956	32.837	113.935	26.808	31.98
545407	TYR	  92 	TYR	  85 	SER	  87 	8	78.2119176012	1	7.43428927336	110.325	22.656	29.473	110.868	25.411	33.74	117.035	24.637	31.987
544828	TYR	  85 	TYR	  92 	LEU	  91 	5	59.3840781891	1	6.14397143548	110.868	25.411	33.74	110.325	22.656	29.473	112.162	25.529	27.735
299959	GLY	  88 	HIS	  90 	GLU	  86 	8	82.8796795766	1	6.73279087749	120.089	25.129	29.826	115.626	24.795	26.471	113.935	26.808	31.98
540583	TYR	  92 	SER	  87 	HIS	  90 	8	82.6269157929	1	7.43428927336	110.325	22.656	29.473	117.035	24.637	31.987	115.626	24.795	26.471
302980	GLY	  88 	GLY	  89 	HIS	  90 	5	59.8916709036	1	5.59338448526	120.089	25.129	29.826	119.2	26.15	26.315	115.626	24.795	26.471
300025	GLY	  89 	HIS	  90 	LEU	  91 	2	24.293547236	1	7.20662785219	119.2	26.15	26.315	115.626	24.795	26.471	112.162	25.529	27.735
528986	TYR	  92 	LEU	  91 	LEU	  93 	3	43.6761154205	1	6.44143035358	110.325	22.656	29.473	112.162	25.529	27.735	106.553	22.767	29.285
358921	MET	  95 	ILE	  94 	GLN	  96 	2	33.0405534304	1	6.89390992108	101.68	19.656	30.506	104.999	20.675	32.062	98.562	18.207	32.063
557642	VAL	  98 	LEU	  97 	GLN	  96 	3	37.688597551	1	6.77358649461	95.742	12.5	29.748	98.572	14.424	31.43	98.562	18.207	32.063
569306	VAL	  98 	SER	  99 	LEU	  97 	3	39.6562570651	1	6.65195565229	95.742	12.5	29.748	95.648	8.697	29.727	98.572	14.424	31.43
573625	VAL	  98 	TYR	 150 	LEU	  97 	2	26.1787453054	1	7.95023955614	95.742	12.5	29.748	91.045	12.562	29.674	98.572	14.424	31.43
569887	VAL	  98 	SER	 151 	SER	  99 	8	79.1550063848	1	5.79406256438	95.742	12.5	29.748	91.283	9.064	31.12	95.648	8.697	29.727
574423	VAL	  98 	TYR	 149 	TYR	 150 	8	77.146115827	1	6.7795853118	95.742	12.5	29.748	90.052	11.074	26.349	91.045	12.562	29.674
446907	SER	  99 	GLY	 100 	LEU	 152 	4	51.5534666314	1	6.35708022602	95.648	8.697	29.727	92.394	7.805	27.946	90.246	5.434	30.491
454325	SER	 151 	SER	  99 	GLY	 101 	6	67.8415054491	1	7.2648803156	91.283	9.064	31.12	95.648	8.697	29.727	93.884	7.598	24.497
545406	TYR	 149 	TYR	 150 	SER	  99 	7	74.9230832937	1	6.95530222205	90.052	11.074	26.349	91.045	12.562	29.674	95.648	8.697	29.727
302833	GLY	 100 	GLY	 101 	GLU	 102 	2	32.4843843692	1	6.8968188319	92.394	7.805	27.946	93.884	7.598	24.497	92.521	8.515	21.087
619924	ARG	 106 	GLY	 100 	GLY	 101 	5	55.0330618658	1	8.05645641706	87.87	4.24	22.313	92.394	7.805	27.946	93.884	7.598	24.497
533526	TYR	 150 	GLY	 101 	GLY	 100 	7	69.3241395981	1	7.71378934117	91.045	12.562	29.674	93.884	7.598	24.497	92.394	7.805	27.946
302905	GLY	 101 	GLY	 100 	LEU	 152 	2	28.870172146	1	7.33798173887	93.884	7.598	24.497	92.394	7.805	27.946	90.246	5.434	30.491
545046	TYR	 150 	TYR	 149 	GLY	 100 	7	74.8968115514	1	5.23782722128	91.045	12.562	29.674	90.052	11.074	26.349	92.394	7.805	27.946
540724	TYR	 149 	SER	 156 	GLY	 100 	5	53.3073622309	1	7.60580179863	90.052	11.074	26.349	85.767	10.409	30.62	92.394	7.805	27.946
451442	SER	 151 	ASP	 153 	GLY	 100 	3	43.3257881375	1	7.28245535517	91.283	9.064	31.12	87.064	5.871	32.516	92.394	7.805	27.946
454322	SER	 156 	SER	 151 	GLY	 100 	3	40.953888393	1	7.60580179863	85.767	10.409	30.62	91.283	9.064	31.12	92.394	7.805	27.946
545044	TYR	 150 	TYR	 149 	GLY	 101 	5	52.8707333963	1	7.71378934117	91.045	12.562	29.674	90.052	11.074	26.349	93.884	7.598	24.497
331850	LYS	 110 	GLY	 111 	ILE	 107 	3	35.5211183873	1	7.95571574404	82.815	0.905	23.044	80.179	-1.725	22.308	84.663	4.524	20.274
563762	VAL	 108 	LYS	 110 	GLY	 111 	3	43.8309133519	1	7.60422316874	85.691	1.504	18.183	82.815	0.905	23.044	80.179	-1.725	22.308
331635	LYS	 110 	GLY	 111 	GLU	 109 	4	51.895880981	1	6.02314353141	82.815	0.905	23.044	80.179	-1.725	22.308	85.998	-0.429	21.449
534964	TYR	 113 	LYS	 110 	GLY	 111 	5	58.8907907856	1	6.5345251549	77.616	4.214	21.381	82.815	0.905	23.044	80.179	-1.725	22.308
534821	TYR	 113 	LYS	 110 	HIS	 287 	6	62.870914204	1	7.47673866067	77.616	4.214	21.381	82.815	0.905	23.044	77.976	1.401	17.366
299741	GLY	 111 	HIS	 287 	PHE	 112 	6	65.9125413314	1	6.2488758189	80.179	-1.725	22.308	77.976	1.401	17.366	77.483	0.815	23.104
533382	TYR	 113 	GLY	 111 	HIS	 287 	7	75.5309467809	1	6.5345251549	77.616	4.214	21.381	80.179	-1.725	22.308	77.976	1.401	17.366
299882	GLY	 111 	HIS	 287 	GLN	 288 	3	43.1133987683	1	8.01470779255	80.179	-1.725	22.308	77.976	1.401	17.366	78.029	-1.229	14.603
541658	TYR	 113 	THR	 114 	PHE	 112 	3	35.3890572984	1	6.82124937237	77.616	4.214	21.381	74.744	6.574	20.683	77.483	0.815	23.104
531579	TYR	 113 	ILE	 286 	PHE	 112 	4	46.0861863063	1	7.52887966433	77.616	4.214	21.381	74.655	3.017	16.483	77.483	0.815	23.104
530141	TYR	 113 	HIS	 287 	PHE	 112 	6	62.8733312102	1	5.78887631583	77.616	4.214	21.381	77.976	1.401	17.366	77.483	0.815	23.104
646780	ASN	 285 	ILE	 286 	PHE	 112 	5	59.1881045871	1	7.52887966433	73.072	2.039	19.795	74.655	3.017	16.483	77.483	0.815	23.104
541872	TYR	 113 	THR	 114 	GLU	 115 	1	22.7558442053	1	7.25805745362	77.616	4.214	21.381	74.744	6.574	20.683	73.722	10.075	19.602
542235	TYR	 113 	THR	 114 	LYS	 284 	4	50.6644598559	1	7.88280292789	77.616	4.214	21.381	74.744	6.574	20.683	69.846	4.053	20.062
542020	TYR	 113 	THR	 114 	HIS	 287 	5	56.1124320713	1	6.94321553749	77.616	4.214	21.381	74.744	6.574	20.683	77.976	1.401	17.366
660314	ASN	 285 	TYR	 113 	LYS	 284 	3	36.3431596456	1	7.88280292789	73.072	2.039	19.795	77.616	4.214	21.381	69.846	4.053	20.062
660173	ASN	 285 	TYR	 113 	ILE	 286 	6	63.2455013028	1	5.84728432693	73.072	2.039	19.795	77.616	4.214	21.381	74.655	3.017	16.483
660103	ASN	 285 	TYR	 113 	HIS	 287 	8	82.5617145661	1	5.50965525237	73.072	2.039	19.795	77.616	4.214	21.381	77.976	1.401	17.366
531942	TYR	 113 	ILE	 286 	HIS	 287 	7	75.3142001786	1	5.84728432693	77.616	4.214	21.381	74.655	3.017	16.483	77.976	1.401	17.366
477075	THR	 114 	LYS	 284 	GLU	 115 	4	48.3298706945	1	7.17631242352	74.744	6.574	20.683	69.846	4.053	20.062	73.722	10.075	19.602
657073	ASN	 285 	THR	 114 	GLU	 115 	2	27.6331305975	1	8.06455485442	73.072	2.039	19.795	74.744	6.574	20.683	73.722	10.075	19.602
474194	THR	 114 	ILE	 286 	GLU	 115 	3	40.1442591367	1	7.77264523827	74.744	6.574	20.683	74.655	3.017	16.483	73.722	10.075	19.602
657222	ASN	 285 	THR	 114 	HIS	 287 	7	71.5832579246	1	6.94321553749	73.072	2.039	19.795	74.744	6.574	20.683	77.976	1.401	17.366
474339	THR	 114 	ILE	 286 	HIS	 287 	4	50.9824278253	1	6.94321553749	74.744	6.574	20.683	74.655	3.017	16.483	77.976	1.401	17.366
636488	ARG	 120 	ARG	 116 	ALA	 118 	9	88.1503731436	1	6.08334488583	78.218	15.147	24.786	73.861	11.197	23.23	78.277	11.971	20.2
605883	ALA	 208 	ALA	 118 	SER	 119 	4	48.2239843646	1	7.93954135955	80.05	15.634	14.373	78.277	11.971	20.2	76.407	15.072	21.405
589611	ALA	 208 	ILE	 122 	ILE	 207 	4	44.9218793695	1	7.91480145045	80.05	15.634	14.373	80.513	17.707	20.334	83.73	15.919	13.327
603724	ALA	 128 	VAL	 125 	GLN	 124 	5	60.0186443627	1	6.06195306811	86.238	24.494	24.644	84.459	20.577	21.878	82.679	19.607	25.089
564843	VAL	 125 	MET	 159 	GLN	 124 	4	50.3083675377	1	7.82655077285	84.459	20.577	21.878	90.058	17.041	25.559	82.679	19.607	25.089
384847	ASP	 127 	LEU	 126 	GLN	 124 	8	79.5311968315	1	5.49816960451	82.452	24.46	25.009	82.141	23.587	21.334	82.679	19.607	25.089
361808	MET	 159 	LYS	 157 	GLN	 124 	9	87.8214485794	1	7.82655077285	90.058	17.041	25.559	85.578	13.831	29.082	82.679	19.607	25.089
358926	MET	 159 	ILE	 158 	GLN	 124 	7	73.7712221054	1	7.82655077285	90.058	17.041	25.559	87.172	14.548	25.682	82.679	19.607	25.089
537626	TYR	 131 	ASP	 127 	LEU	 126 	3	41.6850385025	1	8.05928154366	86.078	29.442	25.229	82.452	24.46	25.009	82.141	23.587	21.334
384772	ASP	 127 	LEU	 126 	CYS	 267 	5	55.311173883	1	8.014287055	82.452	24.46	25.009	82.141	23.587	21.334	79.946	28.22	18.39
207656	LEU	 126 	CYS	 201 	CYS	 267 	9	88.031431172	1	8.09321543022	82.141	23.587	21.334	82.755	25.745	13.558	79.946	28.22	18.39
602860	ALA	 128 	TYR	 131 	ASP	 127 	5	58.0848060099	1	6.16576029375	86.238	24.494	24.644	86.078	29.442	25.229	82.452	24.46	25.009
566215	VAL	 129 	ASP	 127 	CYS	 267 	8	81.0409320026	1	8.014287055	86.248	26.245	21.268	82.452	24.46	25.009	79.946	28.22	18.39
390532	ASP	 127 	LYS	 130 	CYS	 267 	5	60.5860896041	1	8.014287055	82.452	24.46	25.009	83.792	29.013	22.233	79.946	28.22	18.39
602717	ALA	 128 	TYR	 131 	LYS	 130 	6	64.3972606977	1	5.67601955599	86.238	24.494	24.644	86.078	29.442	25.229	83.792	29.013	22.233
566503	VAL	 129 	ASP	 200 	HIS	 139 	8	78.1590261214	1	7.57233127907	86.248	26.245	21.268	86.53	26.153	13.708	92.091	26.869	16.492
534823	TYR	 131 	LYS	 130 	HIS	 133 	8	79.4915420177	1	5.5694127159	86.078	29.442	25.229	83.792	29.013	22.233	86.952	32.413	20.6
537701	TYR	 131 	ASP	 134 	HIS	 133 	6	66.8051683812	1	5.5694127159	86.078	29.442	25.229	85.982	34.488	23.635	86.952	32.413	20.6
389383	ASP	 134 	GLY	 136 	HIS	 133 	8	76.8975827861	1	5.27960983407	85.982	34.488	23.635	90.352	35.712	20.937	86.952	32.413	20.6
563623	VAL	 138 	LYS	 197 	HIS	 133 	8	80.3767937136	1	6.75018533079	90.99	30.496	16.694	86.775	32.305	13.853	86.952	32.413	20.6
389450	ASP	 134 	GLY	 136 	ILE	 137 	3	43.0750794702	1	7.440453548	85.982	34.488	23.635	90.352	35.712	20.937	92.018	32.485	19.773
563618	VAL	 138 	LYS	 197 	HIS	 139 	3	34.7316335722	1	8.04824657922	90.99	30.496	16.694	86.775	32.305	13.853	92.091	26.869	16.492
575500	VAL	 138 	VAL	 199 	ASP	 200 	5	57.6664053131	1	8.01354104001	90.99	30.496	16.694	86.58	28.102	10.446	86.53	26.153	13.708
621219	ARG	 140 	LYS	 197 	HIS	 139 	4	49.9229466679	1	8.04824657922	92.268	26.566	12.683	86.775	32.305	13.853	92.091	26.869	16.492
393704	ASP	 200 	ASP	 141 	HIS	 139 	9	83.1329297306	1	7.76879964988	86.53	26.153	13.708	93.564	22.979	12.812	92.091	26.869	16.492
656069	ASN	 146 	SER	 161 	MET	 159 	6	68.0707845751	1	7.92227303241	93.542	16.306	18.482	95.341	18.484	22.913	90.058	17.041	25.559
545405	TYR	 149 	TYR	 150 	SER	 151 	6	64.0858542517	1	5.32145675544	90.052	11.074	26.349	91.045	12.562	29.674	91.283	9.064	31.12
545192	TYR	 150 	TYR	 149 	MET	 159 	9	87.7646053441	1	6.16188566918	91.045	12.562	29.674	90.052	11.074	26.349	90.058	17.041	25.559
540507	TYR	 149 	SER	 151 	LEU	 152 	4	49.5659868769	1	7.00024285293	90.052	11.074	26.349	91.283	9.064	31.12	90.246	5.434	30.491
541088	TYR	 149 	SER	 156 	SER	 151 	9	85.6820921337	1	6.0864514292	90.052	11.074	26.349	85.767	10.409	30.62	91.283	9.064	31.12
536335	TYR	 149 	MET	 159 	ILE	 158 	8	79.8607850601	1	6.01907177229	90.052	11.074	26.349	90.058	17.041	25.559	87.172	14.548	25.682
454394	SER	 151 	SER	 156 	LYS	 157 	3	42.0588428657	1	7.70874555294	91.283	9.064	31.12	85.767	10.409	30.62	85.578	13.831	29.082
451514	SER	 156 	ASP	 155 	LYS	 157 	3	42.7346297164	1	6.42646177924	85.767	10.409	30.62	82.529	8.842	31.749	85.578	13.831	29.082
448490	SER	 156 	LYS	 157 	ILE	 158 	3	40.4932910173	1	6.59463342423	85.767	10.409	30.62	85.578	13.831	29.082	87.172	14.548	25.682
359209	MET	 159 	ILE	 158 	ILE	 160 	2	29.2884136888	1	7.07351362478	90.058	17.041	25.559	87.172	14.548	25.682	91.633	19.303	22.939
540721	TYR	 184 	SER	 203 	GLY	 183 	2	27.9040056618	1	8.09959931108	88.312	19.205	8.077	85.574	21.625	11.449	87.623	17.823	4.597
573843	VAL	 206 	TYR	 184 	GLY	 183 	4	49.2534336971	1	7.41772943696	82.676	17.708	10.123	88.312	19.205	8.077	87.623	17.823	4.597
424088	PRO	 217 	PRO	 216 	GLY	 183 	9	89.970787141	1	7.41249924115	81.524	13.611	4.677	84.233	11.464	6.313	87.623	17.823	4.597
417821	PRO	 217 	GLY	 183 	PHE	 218 	6	66.4486326303	1	7.41249924115	81.524	13.611	4.677	87.623	17.823	4.597	83.842	14.427	1.723
604658	ALA	 186 	VAL	 185 	TYR	 184 	3	43.8524758212	1	6.46616114863	87.12	25.279	6.207	89.696	22.54	6.848	88.312	19.205	8.077
574352	VAL	 185 	TYR	 184 	TRP	 202 	9	87.3973428375	1	7.69865325885	89.696	22.54	6.848	88.312	19.205	8.077	82.91	24.011	10.173
574351	VAL	 206 	TYR	 184 	TRP	 202 	8	77.2573793198	1	7.52811105125	82.676	17.708	10.123	88.312	19.205	8.077	82.91	24.011	10.173
573771	VAL	 206 	TYR	 184 	ILE	 207 	4	46.1529538366	1	7.70422092103	82.676	17.708	10.123	88.312	19.205	8.077	83.73	15.919	13.327
604730	ALA	 186 	VAL	 199 	VAL	 185 	3	43.3223417904	1	7.32058085127	87.12	25.279	6.207	86.58	28.102	10.446	89.696	22.54	6.848
575574	VAL	 185 	VAL	 189 	PRO	 187 	7	75.5275804125	1	6.87776315382	89.696	22.54	6.848	90.155	28.784	4.001	85.97	26.011	2.604
596955	ALA	 233 	PRO	 187 	LYS	 232 	4	52.0419358481	1	7.70166482002	79.934	21.667	0.601	85.97	26.011	2.604	80.995	23.427	-2.602
596959	ALA	 233 	PRO	 187 	LYS	 259 	8	82.0279122927	1	7.70166482002	79.934	21.667	0.601	85.97	26.011	2.604	79.65	26.731	2.861
567796	VAL	 189 	PRO	 194 	GLU	 188 	5	54.6661130755	1	7.15877321893	90.155	28.784	4.001	90.137	35.697	4.746	86.656	29.749	2.809
412208	PRO	 194 	GLU	 188 	GLN	 192 	9	86.7819790966	1	7.15877321893	90.137	35.697	4.746	86.656	29.749	2.809	92.149	31.381	0.0
573484	VAL	 189 	TYR	 195 	GLN	 192 	5	56.0327573213	1	8.04935233419	90.155	28.784	4.001	89.481	33.088	7.4	92.149	31.381	0.0
574131	VAL	 189 	TYR	 195 	PRO	 194 	4	50.7221248167	1	6.953050985	90.155	28.784	4.001	89.481	33.088	7.4	90.137	35.697	4.746
419402	PRO	 194 	LYS	 193 	GLN	 192 	3	38.1166981378	1	6.72313290066	90.137	35.697	4.746	89.633	33.836	1.456	92.149	31.381	0.0
534602	TYR	 195 	LYS	 193 	GLN	 192 	3	40.7159617463	1	8.04935233419	89.481	33.088	7.4	89.633	33.836	1.456	92.149	31.381	0.0
539356	TYR	 195 	PRO	 194 	LYS	 193 	5	52.6082179686	1	5.99280768922	89.481	33.088	7.4	90.137	35.697	4.746	89.633	33.836	1.456
540793	TYR	 195 	SER	 196 	LYS	 197 	2	30.1191374099	1	7.04107477591	89.481	33.088	7.4	87.364	33.91	10.452	86.775	32.305	13.853
592131	ALA	 198 	LYS	 197 	CYS	 201 	4	48.6940295749	1	7.69941718574	84.037	30.56	11.878	86.775	32.305	13.853	82.755	25.745	13.558
390531	ASP	 200 	LYS	 197 	CYS	 201 	4	45.8433834169	1	7.69941718574	86.53	26.153	13.708	86.775	32.305	13.853	82.755	25.745	13.558
603656	ALA	 198 	VAL	 199 	CYS	 201 	9	86.6245538693	1	5.46540190654	84.037	30.56	11.878	86.58	28.102	10.446	82.755	25.745	13.558
595014	ALA	 198 	ASP	 200 	CYS	 201 	7	70.7499868242	1	5.38382744894	84.037	30.56	11.878	86.53	26.153	13.708	82.755	25.745	13.558
600774	ALA	 198 	TRP	 202 	CYS	 201 	7	71.7067398189	1	6.86050690547	84.037	30.56	11.878	82.91	24.011	10.173	82.755	25.745	13.558
582055	ALA	 198 	CYS	 267 	CYS	 201 	8	81.3567666345	1	8.03853375934	84.037	30.56	11.878	79.946	28.22	18.39	82.755	25.745	13.558
599331	ALA	 198 	THR	 266 	CYS	 267 	4	45.0459624892	1	8.03853375934	84.037	30.56	11.878	78.531	30.388	15.608	79.946	28.22	18.39
566213	VAL	 199 	ASP	 200 	CYS	 201 	6	61.9022236475	1	5.46540190654	86.58	28.102	10.446	86.53	26.153	13.708	82.755	25.745	13.558
569096	VAL	 199 	SER	 203 	CYS	 201 	9	89.5433038339	1	6.63095573805	86.58	28.102	10.446	85.574	21.625	11.449	82.755	25.745	13.558
508616	TRP	 202 	ASP	 200 	CYS	 201 	9	89.9476315929	1	5.49443254577	82.91	24.011	10.173	86.53	26.153	13.708	82.755	25.745	13.558
387654	ASP	 200 	ILE	 204 	CYS	 201 	7	73.8303425702	1	6.31071192497	86.53	26.153	13.708	83.278	20.787	14.383	82.755	25.745	13.558
502854	TRP	 202 	ILE	 204 	CYS	 201 	7	73.1614088383	1	5.31542096169	82.91	24.011	10.173	83.278	20.787	14.383	82.755	25.745	13.558
507169	TRP	 202 	MET	 257 	CYS	 201 	2	34.0822775328	1	7.94121451668	82.91	24.011	10.173	78.707	22.423	7.588	82.755	25.745	13.558
629571	ARG	 264 	TRP	 202 	CYS	 201 	4	51.5168941743	1	7.82960299121	77.123	29.244	9.518	82.91	24.011	10.173	82.755	25.745	13.558
445256	SER	 203 	ILE	 204 	CYS	 201 	9	84.1385923438	1	5.4193211752	85.574	21.625	11.449	83.278	20.787	14.383	82.755	25.745	13.558
446695	SER	 203 	GLY	 205 	CYS	 201 	8	78.8098610926	1	6.35591968168	85.574	21.625	11.449	80.4	20.036	12.055	82.755	25.745	13.558
610780	ARG	 264 	CYS	 201 	PHE	 265 	5	55.9782701037	1	7.7642787817	77.123	29.244	9.518	82.755	25.745	13.558	76.185	28.627	13.186
628135	ARG	 264 	THR	 266 	CYS	 201 	8	78.3326950072	1	7.7642787817	77.123	29.244	9.518	78.531	30.388	15.608	82.755	25.745	13.558
466780	THR	 266 	CYS	 201 	PHE	 265 	5	53.2332810036	1	7.18395489964	78.531	30.388	15.608	82.755	25.745	13.558	76.185	28.627	13.186
121183	CYS	 201 	CYS	 267 	PHE	 265 	8	82.1618818615	1	7.18395489964	82.755	25.745	13.558	79.946	28.22	18.39	76.185	28.627	13.186
466853	THR	 266 	CYS	 201 	CYS	 267 	6	63.3178793593	1	6.60319051671	78.531	30.388	15.608	82.755	25.745	13.558	79.946	28.22	18.39
512066	TRP	 202 	SER	 203 	MET	 257 	3	42.6030176517	1	7.91832141303	82.91	24.011	10.173	85.574	21.625	11.449	78.707	22.423	7.588
572336	VAL	 206 	TRP	 202 	ILE	 204 	9	89.673538889	1	6.30754032884	82.676	17.708	10.123	82.91	24.011	10.173	83.278	20.787	14.383
503069	TRP	 202 	ILE	 204 	LEU	 256 	6	63.8088035937	1	7.27329677657	82.91	24.011	10.173	83.278	20.787	14.383	77.836	24.076	10.852
507608	TRP	 202 	MET	 257 	GLY	 205 	9	86.4286554857	1	5.34023473267	82.91	24.011	10.173	78.707	22.423	7.588	80.4	20.036	12.055
572188	VAL	 206 	TRP	 202 	LEU	 256 	5	59.3561438859	1	8.0317161927	82.676	17.708	10.123	82.91	24.011	10.173	77.836	24.076	10.852
515345	TRP	 242 	TRP	 303 	TRP	 202 	6	66.750616059	5	32.6497983761	71.937	7.468	8.289	103.564	2.754	14.886	82.91	24.011	10.173
507390	TRP	 202 	MET	 257 	LEU	 256 	7	71.5406921829	1	5.18354878438	82.91	24.011	10.173	78.707	22.423	7.588	77.836	24.076	10.852
507315	TRP	 202 	MET	 257 	GLU	 258 	4	46.932592012	1	7.09285802762	82.91	24.011	10.173	78.707	22.423	7.588	77.553	25.566	5.792
630150	ARG	 264 	TRP	 202 	MET	 257 	7	70.5172389289	1	7.82960299121	77.123	29.244	9.518	82.91	24.011	10.173	78.707	22.423	7.588
629718	ARG	 264 	TRP	 202 	GLU	 258 	7	72.583768926	1	7.82960299121	77.123	29.244	9.518	82.91	24.011	10.173	77.553	25.566	5.792
569670	VAL	 206 	SER	 203 	MET	 257 	7	74.6600135592	1	7.91832141303	82.676	17.708	10.123	85.574	21.625	11.449	78.707	22.423	7.588
562105	VAL	 206 	GLY	 205 	LEU	 256 	2	33.9125858321	1	8.0317161927	82.676	17.708	10.123	80.4	20.036	12.055	77.836	24.076	10.852
301177	GLY	 205 	ILE	 253 	PHE	 252 	2	34.3862103193	1	7.95282742174	80.4	20.036	12.055	75.333	19.406	11.162	72.614	20.644	13.557
299742	GLY	 205 	HIS	 255 	PHE	 252 	7	69.3203604591	1	7.99551905757	80.4	20.036	12.055	74.198	24.596	9.894	72.614	20.644	13.557
301540	GLY	 205 	ILE	 253 	HIS	 255 	5	58.7669453762	1	7.99551905757	80.4	20.036	12.055	75.333	19.406	11.162	74.198	24.596	9.894
619779	ARG	 254 	GLY	 205 	HIS	 255 	4	48.9586435614	1	7.99551905757	74.012	21.276	8.083	80.4	20.036	12.055	74.198	24.596	9.894
622804	ARG	 254 	MET	 257 	GLY	 205 	5	60.1596750158	1	7.62370828403	74.012	21.276	8.083	78.707	22.423	7.588	80.4	20.036	12.055
360580	MET	 257 	GLY	 205 	HIS	 255 	5	60.1596664845	1	7.99551905757	78.707	22.423	7.588	80.4	20.036	12.055	74.198	24.596	9.894
564987	VAL	 206 	MET	 257 	LEU	 256 	4	44.6840983523	1	8.0317161927	82.676	17.708	10.123	78.707	22.423	7.588	77.836	24.076	10.852
528772	TYR	 209 	LEU	 212 	CYS	 213 	5	55.2438932969	1	6.53818751643	79.336	13.998	11.002	77.484	9.789	13.655	78.572	7.508	10.792
544615	TYR	 209 	TYR	 215 	CYS	 213 	8	82.0437191759	1	7.95743884676	79.336	13.998	11.002	83.17	7.987	7.468	78.572	7.508	10.792
545043	TYR	 209 	TYR	 215 	GLY	 214 	4	50.5843678696	1	7.95743884676	79.336	13.998	11.002	83.17	7.987	7.468	82.302	6.662	10.923
545332	TYR	 209 	TYR	 215 	PRO	 216 	5	55.5550900862	1	7.95743884676	79.336	13.998	11.002	83.17	7.987	7.468	84.233	11.464	6.313
499972	TRP	 242 	LEU	 212 	CYS	 213 	5	56.634129029	1	8.05916906387	71.937	7.468	8.289	77.484	9.789	13.655	78.572	7.508	10.792
503071	TRP	 242 	ILE	 245 	LEU	 212 	8	82.7498096344	1	8.05916906387	71.937	7.468	8.289	70.119	9.11	13.045	77.484	9.789	13.655
561895	VAL	 290 	GLY	 214 	CYS	 213 	8	76.1296093261	1	4.73820736144	80.021	3.656	13.14	82.302	6.662	10.923	78.572	7.508	10.792
295490	GLY	 214 	GLN	 293 	CYS	 213 	3	43.8850705175	1	6.9997646389	82.302	6.662	10.923	83.137	2.482	9.09	78.572	7.508	10.792
573415	VAL	 290 	TYR	 215 	CYS	 213 	8	79.4175030496	1	7.80034268478	80.021	3.656	13.14	83.17	7.987	7.468	78.572	7.508	10.792
525894	TYR	 215 	GLN	 293 	CYS	 213 	7	75.2663645692	1	6.9997646389	83.17	7.987	7.468	83.137	2.482	9.09	78.572	7.508	10.792
543175	TYR	 241 	TRP	 242 	CYS	 213 	8	77.0145677148	1	7.09153255651	74.252	4.689	7.211	71.937	7.468	8.289	78.572	7.508	10.792
569092	VAL	 290 	SER	 289 	CYS	 213 	5	58.2258387641	1	6.66321566513	80.021	3.656	13.14	77.925	0.913	11.489	78.572	7.508	10.792
439496	SER	 289 	GLN	 293 	CYS	 213 	9	86.3505805108	1	6.9997646389	77.925	0.913	11.489	83.137	2.482	9.09	78.572	7.508	10.792
554693	VAL	 290 	GLN	 293 	CYS	 213 	6	61.8211725177	1	6.9997646389	80.021	3.656	13.14	83.137	2.482	9.09	78.572	7.508	10.792
539281	TYR	 215 	PRO	 216 	GLY	 214 	2	32.9935007442	1	6.93109406948	83.17	7.987	7.468	84.233	11.464	6.313	82.302	6.662	10.923
660243	ASN	 297 	TYR	 215 	GLY	 214 	4	49.706228449	1	7.22713151949	88.092	4.815	7.012	83.17	7.987	7.468	82.302	6.662	10.923
654488	ASN	 297 	PRO	 216 	GLY	 214 	9	87.4230818149	1	7.71943540682	88.092	4.815	7.012	84.233	11.464	6.313	82.302	6.662	10.923
569522	VAL	 290 	SER	 289 	GLY	 214 	3	39.6878176468	1	7.24772281479	80.021	3.656	13.14	77.925	0.913	11.489	82.302	6.662	10.923
454327	SER	 289 	SER	 291 	GLY	 214 	8	81.2768870408	1	7.24772281479	77.925	0.913	11.489	82.636	1.227	14.421	82.302	6.662	10.923
648367	ASN	 297 	GLY	 214 	GLN	 293 	8	76.7771479193	1	7.22713151949	88.092	4.815	7.012	82.302	6.662	10.923	83.137	2.482	9.09
660531	ASN	 297 	TYR	 215 	PRO	 216 	4	44.0644134175	1	7.71943540682	88.092	4.815	7.012	83.17	7.987	7.468	84.233	11.464	6.313
573488	VAL	 290 	TYR	 215 	GLN	 293 	9	84.7800797646	1	7.80034268478	80.021	3.656	13.14	83.17	7.987	7.468	83.137	2.482	9.09
660174	ASN	 297 	TYR	 215 	ILE	 294 	7	75.3721861569	1	6.26783168249	88.092	4.815	7.012	83.17	7.987	7.468	85.838	3.87	11.369
423581	PRO	 216 	PRO	 217 	PHE	 218 	6	62.6249142866	1	5.47725752544	84.233	11.464	6.313	81.524	13.611	4.677	83.842	14.427	1.723
538782	TYR	 219 	PRO	 216 	PHE	 218 	7	69.4482081215	1	6.75430633004	85.73	11.795	-0.265	84.233	11.464	6.313	83.842	14.427	1.723
538780	TYR	 235 	PRO	 217 	PHE	 218 	5	59.3077194067	1	6.32450005929	77.708	15.915	1.324	81.524	13.611	4.677	83.842	14.427	1.723
537337	TYR	 219 	ASP	 220 	PHE	 218 	2	26.887019701	1	7.14656784758	85.73	11.795	-0.265	86.672	10.983	-3.863	83.842	14.427	1.723
525820	TYR	 219 	GLN	 229 	PHE	 218 	5	59.960663282	1	7.92783513956	85.73	11.795	-0.265	82.894	18.552	-3.29	83.842	14.427	1.723
180223	GLU	 234 	GLN	 229 	PHE	 218 	8	80.3918666821	1	7.31721244737	78.58	18.6	-1.182	82.894	18.552	-3.29	83.842	14.427	1.723
537553	TYR	 219 	ASP	 220 	GLU	 221 	2	28.6938965442	1	7.0730692772	85.73	11.795	-0.265	86.672	10.983	-3.863	89.347	8.997	-5.661
393556	ASP	 223 	ASP	 220 	GLU	 221 	5	58.0445314859	1	6.76930313991	91.936	15.123	-4.85	86.672	10.983	-3.863	89.347	8.997	-5.661
390675	ASP	 220 	LYS	 225 	GLU	 221 	4	48.4551191291	1	7.44530899292	86.672	10.983	-3.863	87.239	15.886	-7.54	89.347	8.997	-5.661
653260	ASN	 222 	ASP	 220 	ASP	 223 	5	54.2497274095	1	6.76930313991	91.522	11.927	-6.851	86.672	10.983	-3.863	91.936	15.123	-4.85
652754	ASN	 222 	ASP	 223 	GLU	 221 	3	38.9982858312	1	6.69988940207	91.522	11.927	-6.851	91.936	15.123	-4.85	89.347	8.997	-5.661
589395	ALA	 233 	ILE	 230 	GLU	 228 	4	52.2963940743	1	8.08794646372	79.934	21.667	0.601	84.492	20.253	-0.271	85.187	20.637	-5.462
527403	TYR	 235 	GLU	 234 	GLN	 229 	4	44.5567135613	1	7.42545358884	77.708	15.915	1.324	78.58	18.6	-1.182	82.894	18.552	-3.29
333147	LYS	 259 	LYS	 232 	LEU	 231 	4	51.8769269966	1	7.31692380717	79.65	26.731	2.861	80.995	23.427	-2.602	84.657	23.824	-1.613
586514	ALA	 233 	LEU	 231 	GLU	 234 	3	37.7799916653	1	8.02532653541	79.934	21.667	0.601	84.657	23.824	-1.613	78.58	18.6	-1.182
527473	TYR	 235 	GLU	 236 	GLU	 234 	2	26.5837916823	1	7.11170900698	77.708	15.915	1.324	74.813	13.69	2.322	78.58	18.6	-1.182
527257	TYR	 235 	GLU	 236 	PHE	 237 	2	23.6077264711	1	7.19102920311	77.708	15.915	1.324	74.813	13.69	2.322	73.248	11.77	5.15
508542	TRP	 242 	ASP	 238 	PHE	 237 	7	68.3312765552	1	5.55374810376	71.937	7.468	8.289	73.578	8.589	3.103	73.248	11.77	5.15
543100	TYR	 241 	TRP	 242 	PHE	 237 	5	57.627010339	1	7.4428689361	74.252	4.689	7.211	71.937	7.468	8.289	73.248	11.77	5.15
453099	SER	 239 	PRO	 240 	ASP	 238 	4	52.1780374932	1	6.01942804592	70.678	6.117	2.963	71.999	2.996	4.671	73.578	8.589	3.103
451658	SER	 239 	ASP	 243 	ASP	 238 	3	41.5945635391	1	8.03841234324	70.678	6.117	2.963	68.726	5.449	8.69	73.578	8.589	3.103
422861	PRO	 240 	ASP	 238 	ASP	 243 	6	65.2080004242	1	8.03841234324	71.999	2.996	4.671	73.578	8.589	3.103	68.726	5.449	8.69
543824	TYR	 241 	TRP	 242 	ASP	 238 	9	87.616734435	1	5.70437901967	74.252	4.689	7.211	71.937	7.468	8.289	73.578	8.589	3.103
509258	TRP	 242 	ASP	 238 	ASP	 243 	3	36.9446249303	1	8.03841234324	71.937	7.468	8.289	73.578	8.589	3.103	68.726	5.449	8.69
512213	TRP	 242 	SER	 239 	PRO	 240 	6	65.3876666969	1	5.75261262384	71.937	7.468	8.289	70.678	6.117	2.963	71.999	2.996	4.671
453104	SER	 239 	PRO	 240 	ASP	 243 	9	84.4094176073	1	6.0872865055	70.678	6.117	2.963	71.999	2.996	4.671	68.726	5.449	8.69
543968	TYR	 241 	TRP	 242 	SER	 239 	9	88.5136848286	1	5.7322041136	74.252	4.689	7.211	71.937	7.468	8.289	70.678	6.117	2.963
543892	TYR	 241 	TRP	 242 	PRO	 240 	5	56.4731887642	1	5.75261262384	74.252	4.689	7.211	71.937	7.468	8.289	71.999	2.996	4.671
509264	TRP	 242 	ASP	 244 	ASP	 243 	9	89.8547828161	1	5.68139736333	71.937	7.468	8.289	68.523	5.712	12.477	68.726	5.449	8.69
508974	TRP	 242 	ASP	 244 	ILE	 245 	7	70.1051728139	1	5.68139736333	71.937	7.468	8.289	68.523	5.712	12.477	70.119	9.11	13.045
454398	SER	 246 	SER	 248 	LYS	 250 	7	73.6099478861	1	6.68141549374	67.809	11.879	14.25	67.837	17.059	14.517	71.299	16.197	10.533
483487	THR	 280 	SER	 246 	SER	 248 	8	76.5712574496	1	7.60046952497	66.873	15.575	20.825	67.809	11.879	14.25	67.837	17.059	14.517
451660	SER	 248 	ASP	 251 	ASP	 247 	5	58.0824899981	1	6.18856792804	67.837	17.059	14.517	69.974	19.757	10.942	66.722	14.567	11.829
601565	ALA	 249 	TRP	 275 	SER	 248 	6	60.7581128916	1	6.32044286423	71.44	15.823	14.304	70.895	18.556	19.842	67.837	17.059	14.517
600124	ALA	 249 	THR	 280 	SER	 248 	5	60.1884681228	1	7.96507589418	71.44	15.823	14.304	66.873	15.575	20.825	67.837	17.059	14.517
605883	ALA	 281 	ALA	 249 	SER	 248 	4	51.1022500943	1	7.63911238299	69.84	13.182	20.787	71.44	15.823	14.304	67.837	17.059	14.517
512211	TRP	 275 	SER	 248 	PRO	 274 	4	47.9414300267	1	7.58718663274	70.895	18.556	19.842	67.837	17.059	14.517	68.433	21.291	20.786
600702	ALA	 249 	TRP	 275 	PHE	 252 	7	70.0851508687	1	6.84221674606	71.44	15.823	14.304	70.895	18.556	19.842	72.614	20.644	13.557
601636	ALA	 249 	TRP	 275 	THR	 280 	5	59.4257872774	1	7.96507589418	71.44	15.823	14.304	70.895	18.556	19.842	66.873	15.575	20.825
606032	ALA	 249 	ALA	 281 	TRP	 275 	9	83.5731490399	1	7.18081959111	71.44	15.823	14.304	69.84	13.182	20.787	70.895	18.556	19.842
605955	ALA	 249 	ALA	 281 	THR	 280 	4	48.2125202002	1	7.96507589418	71.44	15.823	14.304	69.84	13.182	20.787	66.873	15.575	20.825
616544	ARG	 254 	HIS	 255 	PHE	 252 	9	88.9457335787	1	5.68493658716	74.012	21.276	8.083	74.198	24.596	9.894	72.614	20.644	13.557
501344	TRP	 275 	HIS	 273 	PHE	 252 	9	89.8288214257	1	6.85303764764	70.895	18.556	19.842	70.833	23.902	19.317	72.614	20.644	13.557
359144	MET	 257 	ILE	 253 	HIS	 255 	9	89.4722581289	1	5.76711721747	78.707	22.423	7.588	75.333	19.406	11.162	74.198	24.596	9.894
622661	ARG	 254 	MET	 257 	HIS	 255 	6	65.9370332883	1	5.5109569042	74.012	21.276	8.083	78.707	22.423	7.588	74.198	24.596	9.894
622516	ARG	 254 	MET	 257 	GLU	 258 	5	59.4880728387	1	6.01593400895	74.012	21.276	8.083	78.707	22.423	7.588	77.553	25.566	5.792
357558	MET	 257 	HIS	 255 	GLU	 258 	7	69.3339247009	1	5.5109569042	78.707	22.423	7.588	74.198	24.596	9.894	77.553	25.566	5.792
328759	LYS	 263 	HIS	 255 	GLU	 258 	8	77.0826837357	1	7.56225118599	75.145	31.651	7.341	74.198	24.596	9.894	77.553	25.566	5.792
621220	ARG	 264 	LYS	 263 	HIS	 255 	5	55.9966515174	1	7.56225118599	77.123	29.244	9.518	75.145	31.651	7.341	74.198	24.596	9.894
616541	ARG	 264 	HIS	 255 	PHE	 265 	6	67.6725428367	1	5.57085217898	77.123	29.244	9.518	74.198	24.596	9.894	76.185	28.627	13.186
391033	ASP	 260 	LYS	 263 	LYS	 259 	2	33.5698415135	1	8.03565958712	78.55	30.322	3.58	75.145	31.651	7.341	79.65	26.731	2.861
422357	PRO	 261 	ASP	 260 	GLU	 262 	6	60.8242513187	1	5.48839584943	80.599	31.445	6.607	78.55	30.322	3.58	78.088	34.076	7.557
613657	ARG	 264 	GLU	 262 	PHE	 265 	2	34.0872463799	1	8.06217408644	77.123	29.244	9.518	78.088	34.076	7.557	76.185	28.627	13.186
620858	ARG	 264 	LYS	 263 	PHE	 265 	3	39.8891259503	1	6.66259716627	77.123	29.244	9.518	75.145	31.651	7.341	76.185	28.627	13.186
466779	THR	 266 	CYS	 267 	PHE	 265 	4	44.0225615246	1	6.43369147535	78.531	30.388	15.608	79.946	28.22	18.39	76.185	28.627	13.186
149983	GLN	 269 	CYS	 267 	PHE	 265 	8	77.5337435029	1	6.43369147535	74.413	29.013	18.24	79.946	28.22	18.39	76.185	28.627	13.186
581983	ALA	 270 	CYS	 267 	PHE	 265 	8	81.9798737721	1	6.43369147535	75.586	25.402	17.944	79.946	28.22	18.39	76.185	28.627	13.186
180220	GLU	 268 	GLN	 269 	PHE	 265 	5	52.8537854888	1	7.61471746029	77.288	29.859	20.619	74.413	29.013	18.24	76.185	28.627	13.186
468293	THR	 266 	GLN	 269 	CYS	 267 	6	65.7998294307	1	5.59155058995	78.531	30.388	15.608	74.413	29.013	18.24	79.946	28.22	18.39
599334	ALA	 270 	THR	 266 	CYS	 267 	7	72.2102186194	1	6.24420667499	75.586	25.402	17.944	78.531	30.388	15.608	79.946	28.22	18.39
180292	GLU	 268 	GLN	 269 	CYS	 267 	5	60.4849474171	1	5.59155058995	77.288	29.859	20.619	74.413	29.013	18.24	79.946	28.22	18.39
587884	ALA	 270 	HIS	 273 	GLN	 269 	5	56.9011207297	1	6.33234948499	75.586	25.402	17.944	70.833	23.902	19.317	74.413	29.013	18.24
237966	HIS	 273 	GLN	 269 	GLN	 272 	7	75.0199338575	1	6.33234948499	70.833	23.902	19.317	74.413	29.013	18.24	71.972	26.567	21.762
587886	ALA	 270 	HIS	 273 	GLN	 272 	7	68.6285855047	1	5.38473258389	75.586	25.402	17.944	70.833	23.902	19.317	71.972	26.567	21.762
415083	PRO	 274 	HIS	 273 	GLN	 272 	4	44.4803415239	1	6.42754019824	68.433	21.291	20.786	70.833	23.902	19.317	71.972	26.567	21.762
587885	ALA	 277 	HIS	 273 	GLN	 272 	6	68.0996988709	1	5.93359435755	71.523	22.003	24.896	70.833	23.902	19.317	71.972	26.567	21.762
299883	GLY	 278 	HIS	 273 	GLN	 272 	4	47.0502098294	1	7.93588325267	68.303	20.056	24.431	70.833	23.902	19.317	71.972	26.567	21.762
417965	PRO	 274 	GLY	 278 	GLN	 272 	6	66.1017218114	1	7.93588325267	68.433	21.291	20.786	68.303	20.056	24.431	71.972	26.567	21.762
510341	TRP	 275 	PRO	 274 	HIS	 273 	6	64.1926699871	1	5.37207455272	70.895	18.556	19.842	68.433	21.291	20.786	70.833	23.902	19.317
418178	PRO	 274 	GLY	 278 	HIS	 273 	3	35.8401336639	1	6.88081477734	68.433	21.291	20.786	68.303	20.056	24.431	70.833	23.902	19.317
503144	TRP	 275 	ILE	 276 	HIS	 273 	9	88.2380225945	1	5.47948035857	70.895	18.556	19.842	73.477	20.087	22.229	70.833	23.902	19.317
601064	ALA	 277 	TRP	 275 	HIS	 273 	9	83.8064628942	1	6.14972430276	71.523	22.003	24.896	70.895	18.556	19.842	70.833	23.902	19.317
504582	TRP	 275 	GLY	 278 	HIS	 273 	7	72.1899169201	1	6.88081477734	70.895	18.556	19.842	68.303	20.056	24.431	70.833	23.902	19.317
510413	TRP	 275 	PRO	 274 	ILE	 276 	6	63.8568749315	1	5.38273174141	70.895	18.556	19.842	68.433	21.291	20.786	73.477	20.087	22.229
601494	ALA	 277 	TRP	 275 	PRO	 274 	7	72.3656657872	1	6.14972430276	71.523	22.003	24.896	70.895	18.556	19.842	68.433	21.291	20.786
510485	TRP	 275 	PRO	 274 	GLY	 278 	6	62.5724835489	1	5.47972490185	70.895	18.556	19.842	68.433	21.291	20.786	68.303	20.056	24.431
513653	TRP	 275 	THR	 280 	PRO	 274 	6	61.637169683	1	5.92518160059	70.895	18.556	19.842	66.873	15.575	20.825	68.433	21.291	20.786
597103	ALA	 277 	PRO	 274 	ASP	 279 	8	79.1467355	1	7.15387139946	71.523	22.003	24.896	68.433	21.291	20.786	66.931	16.529	24.54
481685	THR	 280 	PRO	 274 	GLY	 278 	6	64.8454988477	1	5.926845451	66.873	15.575	20.825	68.433	21.291	20.786	68.303	20.056	24.431
481901	THR	 280 	PRO	 274 	ASP	 279 	6	61.1047930529	1	6.24701240594	66.873	15.575	20.825	68.433	21.291	20.786	66.931	16.529	24.54
601136	ALA	 277 	TRP	 275 	ILE	 276 	9	89.7369056132	1	6.14972430276	71.523	22.003	24.896	70.895	18.556	19.842	73.477	20.087	22.229
508971	TRP	 275 	ASP	 279 	ILE	 276 	4	46.9227427726	1	7.80065388285	70.895	18.556	19.842	66.931	16.529	24.54	73.477	20.087	22.229
601130	ALA	 281 	TRP	 275 	ILE	 276 	3	38.8934532491	1	7.93638192125	69.84	13.182	20.787	70.895	18.556	19.842	73.477	20.087	22.229
601206	ALA	 277 	TRP	 275 	GLY	 278 	7	69.0621014415	1	6.14972430276	71.523	22.003	24.896	70.895	18.556	19.842	68.303	20.056	24.431
509046	TRP	 275 	ASP	 279 	GLY	 278 	7	69.2838835615	1	6.47249789494	70.895	18.556	19.842	66.931	16.529	24.54	68.303	20.056	24.431
513368	TRP	 275 	THR	 280 	GLY	 278 	9	84.3336951607	1	5.926845451	70.895	18.556	19.842	66.873	15.575	20.825	68.303	20.056	24.431
513580	TRP	 275 	THR	 280 	ASP	 279 	5	55.2415166354	1	6.47249789494	70.895	18.556	19.842	66.873	15.575	20.825	66.931	16.529	24.54
601638	ALA	 281 	TRP	 275 	THR	 280 	7	72.9734606606	1	5.55751077372	69.84	13.182	20.787	70.895	18.556	19.842	66.873	15.575	20.825
389452	ASP	 279 	GLY	 278 	ILE	 276 	5	53.7932423977	1	7.80065388285	66.931	16.529	24.54	68.303	20.056	24.431	73.477	20.087	22.229
595442	ALA	 281 	ASP	 279 	GLY	 278 	3	40.4853039949	1	7.93050950444	69.84	13.182	20.787	66.931	16.529	24.54	68.303	20.056	24.431
646924	ASN	 285 	ILE	 286 	GLN	 288 	5	54.520085377	1	7.88723887048	73.072	2.039	19.795	74.655	3.017	16.483	78.029	-1.229	14.603
645482	ASN	 285 	HIS	 287 	GLN	 288 	3	38.8188212163	1	7.88723887048	73.072	2.039	19.795	77.976	1.401	17.366	78.029	-1.229	14.603
443886	SER	 291 	HIS	 287 	GLN	 288 	7	71.5918424056	1	5.51533326282	82.636	1.227	14.421	77.976	1.401	17.366	78.029	-1.229	14.603
239405	HIS	 287 	GLU	 292 	GLN	 288 	6	64.7634620885	1	8.07646803993	77.976	1.401	17.366	82.652	-0.661	11.112	78.029	-1.229	14.603
454184	SER	 289 	SER	 291 	HIS	 287 	9	85.5318290376	1	5.89744639653	77.925	0.913	11.489	82.636	1.227	14.421	77.976	1.401	17.366
443956	SER	 289 	HIS	 287 	GLU	 292 	5	55.4779491826	1	8.07646803993	77.925	0.913	11.489	77.976	1.401	17.366	82.652	-0.661	11.112
443954	SER	 291 	HIS	 287 	GLU	 292 	3	35.8910298957	1	8.07646803993	82.636	1.227	14.421	77.976	1.401	17.366	82.652	-0.661	11.112
569165	VAL	 290 	SER	 289 	GLN	 288 	6	61.570705315	1	5.47463770491	80.021	3.656	13.14	77.925	0.913	11.489	78.029	-1.229	14.603
453966	SER	 291 	SER	 289 	GLN	 288 	7	71.1714668588	1	5.55776402882	82.636	1.227	14.421	77.925	0.913	11.489	78.029	-1.229	14.603
569884	VAL	 290 	SER	 289 	SER	 291 	5	60.2535600975	1	5.55776402882	80.021	3.656	13.14	77.925	0.913	11.489	82.636	1.227	14.421
333008	LYS	 295 	LYS	 296 	GLN	 293 	9	85.1268629923	1	5.48033758084	88.005	0.808	10.97	87.724	1.034	7.18	83.137	2.482	9.09
646781	ASN	 297 	ILE	 294 	PHE	 298 	6	67.8571797546	1	5.39116508744	88.092	4.815	7.012	85.838	3.87	11.369	90.629	5.676	9.681
650240	ASN	 297 	LYS	 295 	LYS	 296 	9	89.8856732003	1	5.63288398602	88.092	4.815	7.012	88.005	0.808	10.97	87.724	1.034	7.18
649659	ASN	 297 	LYS	 296 	PHE	 298 	4	51.6231700464	1	6.02014866926	88.092	4.815	7.012	87.724	1.034	7.18	90.629	5.676	9.681
592058	ALA	 299 	LYS	 300 	PHE	 298 	3	42.2118176195	1	6.52351569324	92.911	2.64	9.723	96.641	3.213	10.269	90.629	5.676	9.681
448634	SER	 301 	LYS	 302 	LYS	 300 	3	40.4921360807	1	6.60040672989	99.599	1.415	11.83	100.09	1.431	15.607	96.641	3.213	10.269
448635	SER	 301 	LYS	 304 	LYS	 300 	4	51.6802573283	1	6.73259125449	99.599	1.415	11.83	102.322	5.703	12.887	96.641	3.213	10.269
333439	LYS	 300 	LYS	 304 	LYS	 302 	8	79.1310587587	1	6.73259125449	96.641	3.213	10.269	102.322	5.703	12.887	100.09	1.431	15.607
512000	TRP	 303 	SER	 301 	LYS	 302 	9	89.6192484353	1	5.18201524506	103.564	2.754	14.886	99.599	1.415	11.83	100.09	1.431	15.607
448206	SER	 301 	LYS	 302 	GLN	 305 	7	75.7112228548	1	7.87355999533	99.599	1.415	11.83	100.09	1.431	15.607	101.004	8.326	15.331
511998	TRP	 303 	SER	 301 	LYS	 304 	7	70.7556670304	1	5.18834482277	103.564	2.754	14.886	99.599	1.415	11.83	102.322	5.703	12.887
511566	TRP	 303 	SER	 301 	GLN	 305 	7	69.1353699696	1	7.87355999533	103.564	2.754	14.886	99.599	1.415	11.83	101.004	8.326	15.331
448202	SER	 301 	LYS	 304 	GLN	 305 	3	35.6149675039	1	7.87355999533	99.599	1.415	11.83	102.322	5.703	12.887	101.004	8.326	15.331
506236	TRP	 303 	LYS	 302 	LYS	 304 	5	60.0286627565	1	5.53445643221	103.564	2.754	14.886	100.09	1.431	15.607	102.322	5.703	12.887
505807	TRP	 303 	LYS	 302 	GLN	 305 	8	77.0205251085	1	6.96078996954	103.564	2.754	14.886	100.09	1.431	15.607	101.004	8.326	15.331
333003	LYS	 302 	LYS	 304 	GLN	 305 	4	51.2528926321	1	6.96078996954	100.09	1.431	15.607	102.322	5.703	12.887	101.004	8.326	15.331
592203	ALA	 306 	LYS	 302 	GLN	 305 	4	51.4096278441	1	6.96078996954	99.981	6.348	18.398	100.09	1.431	15.607	101.004	8.326	15.331
505803	TRP	 303 	LYS	 304 	GLN	 305 	4	49.7505888915	1	6.14807360073	103.564	2.754	14.886	102.322	5.703	12.887	101.004	8.326	15.331
600845	ALA	 306 	TRP	 303 	GLN	 305 	6	62.1312646306	1	6.17161802123	99.981	6.348	18.398	103.564	2.754	14.886	101.004	8.326	15.331
583417	ALA	 306 	GLN	 305 	PHE	 307 	2	31.9519681009	1	6.93723258944	99.981	6.348	18.398	101.004	8.326	15.331	99.218	7.364	21.965
663771	ASN	 308 	ALA	 311 	VAL	 312 	4	47.4831115564	1	7.24553945542	100.74	4.656	24.149	102.743	3.506	29.28	100.721	5.972	31.274
565062	VAL	 312 	MET	 316 	HIS	 315 	7	69.2608734783	1	5.76164447011	100.721	5.972	31.274	99.726	5.351	36.915	103.122	4.073	35.774
