561961	VAL	   2 	GLY	   1 	GLN	   3 	2	31.3359737059	1	6.94240232196	29.67	11.765	36.177	27.056	9.664	37.911	32.911	13.346	37.312
562324	VAL	   2 	GLY	  58 	GLY	   1 	5	58.6453167152	1	6.23702445081	29.67	11.765	36.177	26.341	11.329	31.943	27.056	9.664	37.911
533526	TYR	  80 	GLY	   1 	GLY	  58 	7	72.4983498444	1	6.23702445081	24.697	7.15	33.606	27.056	9.664	37.911	26.341	11.329	31.943
560523	VAL	   2 	ILE	  76 	GLN	   3 	4	45.9098075202	1	6.77871794663	29.67	11.765	36.177	30.672	8.136	33.598	32.911	13.346	37.312
572332	VAL	   2 	TRP	  59 	ILE	  76 	5	58.1284136345	1	8.0175193171	29.67	11.765	36.177	27.008	13.43	28.82	30.672	8.136	33.598
556202	VAL	   4 	GLU	   5 	GLN	   3 	3	41.9919471857	1	6.48661799399	34.303	16.224	35.322	38.038	16.868	35.472	32.911	13.346	37.312
563402	VAL	   4 	LYS	  73 	GLN	   3 	3	41.4602112968	1	7.75302270086	34.303	16.224	35.322	37.593	14.12	31.181	32.911	13.346	37.312
474194	THR	   6 	ILE	   7 	GLU	   5 	3	42.7492059445	1	6.44561137519	39.287	19.845	33.522	42.175	19.277	31.156	38.038	16.868	35.472
481612	THR	   6 	PRO	   9 	ILE	   7 	5	55.7086749971	1	6.86184035081	39.287	19.845	33.522	39.939	25.758	30.87	42.175	19.277	31.156
483412	THR	   6 	SER	   8 	PRO	   9 	5	57.5717761785	1	6.51320021188	39.287	19.845	33.522	42.059	22.751	29.651	39.939	25.758	30.87
599407	ALA	  72 	THR	   6 	GLN	  70 	8	78.1819142919	1	7.33729902621	37.634	17.757	30.19	39.287	19.845	33.522	36.771	23.771	27.857
599835	ALA	  72 	THR	   6 	LYS	  73 	4	48.9285579207	1	6.41291992777	37.634	17.757	30.19	39.287	19.845	33.522	37.593	14.12	31.181
445324	SER	   8 	ILE	   7 	GLN	  70 	5	55.3894386938	1	7.76419042786	42.059	22.751	29.651	42.175	19.277	31.156	36.771	23.771	27.857
416524	PRO	   9 	ILE	   7 	GLN	  70 	5	60.2051061299	1	7.76419042786	39.939	25.758	30.87	42.175	19.277	31.156	36.771	23.771	27.857
618122	ARG	  71 	ILE	   7 	GLN	  70 	3	39.2120528491	1	7.76419042786	38.349	20.334	27.493	42.175	19.277	31.156	36.771	23.771	27.857
452882	SER	   8 	PRO	   9 	GLY	  10 	3	37.6778848989	1	6.76459939686	42.059	22.751	29.651	39.939	25.758	30.87	37.043	27.233	28.936
627412	ARG	  71 	SER	   8 	PRO	   9 	5	53.297309308	1	6.5842239482	38.349	20.334	27.493	42.059	22.751	29.651	39.939	25.758	30.87
418328	PRO	   9 	GLY	  69 	GLY	  10 	9	83.3976771602	1	6.92069281214	39.939	25.758	30.87	36.357	26.159	24.962	37.043	27.233	28.936
625684	ARG	  71 	PRO	   9 	GLY	  10 	5	53.1368528173	1	7.16826938668	38.349	20.334	27.493	39.939	25.758	30.87	37.043	27.233	28.936
422644	PRO	   9 	ASP	  11 	GLY	  12 	5	54.6119099464	1	7.08829549328	39.939	25.758	30.87	35.871	30.823	29.122	34.435	29.907	32.524
422285	PRO	   9 	ASP	  11 	GLN	  70 	6	65.0110770867	1	7.22086760715	39.939	25.758	30.87	35.871	30.823	29.122	36.771	23.771	27.857
417964	PRO	   9 	GLY	  12 	GLN	  70 	5	58.1764310641	1	8.05532625038	39.939	25.758	30.87	34.435	29.907	32.524	36.771	23.771	27.857
624242	ARG	  13 	ASP	  11 	GLY	  10 	3	39.7010093832	1	7.95279227693	30.911	31.249	32.021	35.871	30.823	29.122	37.043	27.233	28.936
389528	ASP	  11 	GLY	  69 	GLY	  10 	9	84.135317795	1	6.26854783822	35.871	30.823	29.122	36.357	26.159	24.962	37.043	27.233	28.936
389160	ASP	  11 	GLY	  10 	GLN	  70 	1	17.4781429502	1	7.22086760715	35.871	30.823	29.122	37.043	27.233	28.936	36.771	23.771	27.857
302761	GLY	  12 	GLY	  10 	GLN	  70 	2	28.7430719748	1	8.05532625038	34.435	29.907	32.524	37.043	27.233	28.936	36.771	23.771	27.857
360725	MET	  66 	GLY	  69 	GLY	  10 	6	61.7518718472	1	7.96741181313	31.986	22.75	30.685	36.357	26.159	24.962	37.043	27.233	28.936
566643	VAL	  68 	ASP	  11 	GLY	  12 	4	46.4502460476	1	7.59028497489	32.73	26.942	25.748	35.871	30.823	29.122	34.435	29.907	32.524
389167	ASP	  11 	GLY	  12 	GLN	  70 	8	76.8797300026	1	8.05532625038	35.871	30.823	29.122	34.435	29.907	32.524	36.771	23.771	27.857
389163	ASP	  11 	GLY	  69 	GLN	  70 	4	51.3404259363	1	7.22086760715	35.871	30.823	29.122	36.357	26.159	24.962	36.771	23.771	27.857
450003	SER	  67 	MET	  66 	GLY	  12 	4	49.2997407441	1	7.78473962313	31.956	26.269	29.392	31.986	22.75	30.685	34.435	29.907	32.524
360366	MET	  66 	GLY	  12 	GLN	  70 	7	68.414291515	1	8.05532625038	31.986	22.75	30.685	34.435	29.907	32.524	36.771	23.771	27.857
483264	THR	  14 	SER	  67 	MET	  66 	1	22.6385524673	1	8.04647214623	29.219	30.074	28.828	31.956	26.269	29.392	31.986	22.75	30.685
419259	PRO	  16 	LYS	  17 	PHE	  15 	4	43.9335035122	1	6.44386941208	25.064	25.134	27.449	21.366	25.601	28.202	27.468	26.876	29.834
569020	VAL	  68 	SER	  67 	PHE	  15 	5	54.4923021765	1	6.66246170721	32.73	26.942	25.748	31.956	26.269	29.392	27.468	26.876	29.834
419407	PRO	  16 	LYS	  17 	GLN	  20 	8	79.6688537647	1	6.42279791057	25.064	25.134	27.449	21.366	25.601	28.202	20.978	24.73	22.51
596955	ALA	  64 	PRO	  16 	LYS	  17 	4	47.835756235	1	7.19102517031	26.217	21.03	30.901	25.064	25.134	27.449	21.366	25.601	28.202
481324	THR	  21 	PRO	  16 	GLN	  20 	5	60.5724714674	1	7.90492713439	23.102	22.611	20.219	25.064	25.134	27.449	20.978	24.73	22.51
481252	THR	  21 	PRO	  16 	CYS	  22 	5	56.612933647	1	7.90492713439	23.102	22.611	20.219	25.064	25.134	27.449	26.476	21.644	21.575
413576	PRO	  16 	LEU	  50 	CYS	  22 	9	89.9947913368	1	7.42759321719	25.064	25.134	27.449	20.958	19.375	25.181	26.476	21.644	21.575
413573	PRO	  16 	LEU	 106 	CYS	  22 	6	68.2077934207	1	6.97694202355	25.064	25.134	27.449	26.983	26.425	20.968	26.476	21.644	21.575
604372	ALA	  64 	VAL	  63 	PRO	  16 	5	55.6065477353	1	7.5624181979	26.217	21.03	30.901	28.767	18.78	29.211	25.064	25.134	27.449
567725	VAL	  63 	PRO	  16 	GLN	  65 	6	64.942016203	1	7.72540600875	28.767	18.78	29.211	25.064	25.134	27.449	29.172	21.931	33.154
568229	VAL	  63 	PRO	  16 	MET	  66 	6	65.1784170697	1	8.00432608031	28.767	18.78	29.211	25.064	25.134	27.449	31.986	22.75	30.685
596522	ALA	  64 	PRO	  16 	GLN	  65 	3	40.937971126	1	7.72540600875	26.217	21.03	30.901	25.064	25.134	27.449	29.172	21.931	33.154
597029	ALA	  64 	PRO	  16 	MET	  66 	6	67.127902112	1	8.00432608031	26.217	21.03	30.901	25.064	25.134	27.449	31.986	22.75	30.685
420843	PRO	  16 	MET	  66 	GLN	  65 	4	52.3686684084	1	8.00432608031	25.064	25.134	27.449	31.986	22.75	30.685	29.172	21.931	33.154
453027	SER	  67 	PRO	  16 	MET	  66 	4	47.2876837756	1	8.00432608031	31.956	26.269	29.392	25.064	25.134	27.449	31.986	22.75	30.685
621008	ARG	  18 	LYS	  17 	GLN	  20 	9	88.4684214432	1	5.771312589	18.46	23.288	27.391	21.366	25.601	28.202	20.978	24.73	22.51
622805	ARG	  18 	MET	  49 	GLY	  19 	6	64.6168254253	1	7.60507797462	18.46	23.288	27.391	20.823	19.199	21.43	17.56	23.608	23.723
619924	ARG	  18 	GLY	  51 	GLY	  19 	5	57.979176686	1	6.22849347756	18.46	23.288	27.391	17.747	18.197	26.802	17.56	23.608	23.723
622448	ARG	  18 	MET	  49 	GLN	  20 	9	89.6305384276	1	7.60507797462	18.46	23.288	27.391	20.823	19.199	21.43	20.978	24.73	22.51
360728	MET	  49 	GLY	  51 	GLY	  19 	9	86.9316626284	1	6.27089818128	20.823	19.199	21.43	17.747	18.197	26.802	17.56	23.608	23.723
468291	THR	  21 	GLN	  20 	CYS	  22 	4	44.027745738	1	6.37382342084	23.102	22.611	20.219	20.978	24.73	22.51	26.476	21.644	21.575
478445	THR	  21 	MET	  49 	GLN	  20 	6	61.4397085385	1	5.63758689512	23.102	22.611	20.219	20.823	19.199	21.43	20.978	24.73	22.51
570536	VAL	  23 	THR	  21 	CYS	  22 	9	89.6166475844	1	6.48387006347	29.313	21.106	19.124	23.102	22.611	20.219	26.476	21.644	21.575
476933	THR	  21 	LYS	  47 	CYS	  22 	6	68.0044121083	1	6.47853231836	23.102	22.611	20.219	26.536	17.82	17.531	26.476	21.644	21.575
466784	THR	  21 	CYS	  22 	PHE	  48 	9	88.9602352767	1	5.47749450023	23.102	22.611	20.219	26.476	21.644	21.575	23.676	17.233	19.93
478372	THR	  21 	MET	  49 	CYS	  22 	5	53.058180175	1	6.16080019153	23.102	22.611	20.219	20.823	19.199	21.43	26.476	21.644	21.575
469731	THR	  21 	GLU	 107 	CYS	  22 	4	50.4511433437	1	6.70386701837	23.102	22.611	20.219	24.322	27.098	18.326	26.476	21.644	21.575
478879	THR	  21 	MET	  49 	LYS	  47 	8	81.8239825085	1	7.05281582065	23.102	22.611	20.219	20.823	19.199	21.43	26.536	17.82	17.531
478587	THR	  21 	MET	  49 	LEU	  50 	4	50.7945649262	1	6.29999015872	23.102	22.611	20.219	20.823	19.199	21.43	20.958	19.375	25.181
574851	VAL	  24 	VAL	  23 	CYS	  22 	4	46.1343121415	1	6.29640452957	32.115	19.034	20.558	29.313	21.106	19.124	26.476	21.644	21.575
553179	VAL	  23 	CYS	  22 	PHE	  46 	4	48.8592386087	1	8.07780793285	29.313	21.106	19.124	26.476	21.644	21.575	29.792	15.925	16.933
557570	VAL	  23 	LEU	 104 	CYS	  22 	3	40.5367741593	1	7.73241094355	29.313	21.106	19.124	33.833	23.851	20.684	26.476	21.644	21.575
322778	LYS	  47 	CYS	  22 	PHE	  46 	3	36.4923048978	1	8.07780793285	26.536	17.82	17.531	26.476	21.644	21.575	29.792	15.925	16.933
119743	CYS	  22 	PHE	  46 	PHE	  48 	8	76.3621736462	1	8.07780793285	26.476	21.644	21.575	29.792	15.925	16.933	23.676	17.233	19.93
322781	LYS	  47 	CYS	  22 	PHE	  48 	6	68.0877087081	1	5.56601401364	26.536	17.82	17.531	26.476	21.644	21.575	23.676	17.233	19.93
361736	MET	  49 	LYS	  47 	CYS	  22 	9	83.9954932967	1	7.05281582065	20.823	19.199	21.43	26.536	17.82	17.531	26.476	21.644	21.575
351582	MET	  49 	CYS	  22 	PHE	  48 	7	68.8746288389	1	6.16080019153	20.823	19.199	21.43	26.476	21.644	21.575	23.676	17.233	19.93
211975	LEU	 104 	LEU	 103 	CYS	  22 	8	76.4800429818	1	7.73241094355	33.833	23.851	20.684	32.948	21.966	23.86	26.476	21.644	21.575
325736	LYS	 105 	GLU	 107 	CYS	  22 	9	85.5070331387	1	6.87273002525	30.753	26.082	20.527	24.322	27.098	18.326	26.476	21.644	21.575
575136	VAL	  23 	VAL	  24 	HIS	  25 	1	22.0317151223	1	7.23386314496	29.313	21.106	19.124	32.115	19.034	20.558	35.089	16.816	19.874
567941	VAL	  23 	PRO	  45 	HIS	  25 	6	68.2589829103	1	7.23386314496	29.313	21.106	19.124	32.734	17.655	15.304	35.089	16.816	19.874
551743	VAL	  23 	PHE	  48 	PHE	  46 	8	77.114256056	1	6.9352958841	29.313	21.106	19.124	23.676	17.233	19.93	29.792	15.925	16.933
567582	VAL	  24 	PRO	  45 	PHE	  46 	7	70.0076710198	1	5.46711240053	32.115	19.034	20.558	32.734	17.655	15.304	29.792	15.925	16.933
542016	TYR	  26 	THR	  27 	HIS	  25 	1	21.4976637071	1	7.24416523831	35.418	13.615	21.875	37.168	10.336	22.357	35.089	16.816	19.874
540578	TYR	  26 	SER	  38 	HIS	  25 	3	41.7472272412	1	7.64646362706	35.418	13.615	21.875	36.126	9.382	18.415	35.089	16.816	19.874
631301	ARG	  40 	TYR	  26 	HIS	  25 	6	64.8430775241	1	6.29959339958	38.412	13.444	16.335	35.418	13.615	21.875	35.089	16.816	19.874
530141	TYR	  26 	HIS	  25 	PHE	  46 	6	62.2667792369	1	7.83653877678	35.418	13.615	21.875	35.089	16.816	19.874	29.792	15.925	16.933
537697	TYR	  26 	ASP	 100 	HIS	  25 	2	33.6462204819	1	8.01085981652	35.418	13.615	21.875	37.866	13.327	26.529	35.089	16.816	19.874
573701	VAL	 101 	TYR	  26 	HIS	  25 	6	60.6777087208	1	5.79681938653	35.47	16.143	25.619	35.418	13.615	21.875	35.089	16.816	19.874
482984	THR	  27 	SER	  38 	HIS	  25 	9	84.2081524615	1	7.64646362706	37.168	10.336	22.357	36.126	9.382	18.415	35.089	16.816	19.874
628423	ARG	  40 	THR	  27 	HIS	  25 	8	76.9103023571	1	7.24416523831	38.412	13.444	16.335	37.168	10.336	22.357	35.089	16.816	19.874
480103	THR	  27 	ASP	 100 	HIS	  25 	8	80.9100208635	1	8.01085981652	37.168	10.336	22.357	37.866	13.327	26.529	35.089	16.816	19.874
454180	SER	  38 	SER	  39 	HIS	  25 	5	57.5955010803	1	7.64646362706	36.126	9.382	18.415	34.798	12.317	16.425	35.089	16.816	19.874
448421	SER	  39 	LYS	  44 	HIS	  25 	6	66.045731163	1	7.80560465307	34.798	12.317	16.425	34.191	16.072	12.156	35.089	16.816	19.874
452744	SER	  39 	PRO	  45 	HIS	  25 	9	84.6049568626	1	5.83189343181	34.798	12.317	16.425	32.734	17.655	15.304	35.089	16.816	19.874
625543	ARG	  40 	PRO	  45 	HIS	  25 	8	82.7032439977	1	7.14389011674	38.412	13.444	16.335	32.734	17.655	15.304	35.089	16.816	19.874
419619	PRO	  45 	LYS	  44 	HIS	  25 	4	45.7290510067	1	7.80560465307	32.734	17.655	15.304	34.191	16.072	12.156	35.089	16.816	19.874
386358	ASP	 100 	HIS	  25 	GLU	 102 	7	73.224142434	1	8.01085981652	37.866	13.327	26.529	35.089	16.816	19.874	35.908	19.626	24.192
542162	TYR	  26 	THR	  27 	GLY	  28 	3	40.6613252481	1	6.51286311848	35.418	13.615	21.875	37.168	10.336	22.357	35.555	7.596	24.359
542525	TYR	  26 	THR	  27 	SER	  38 	6	67.7472374806	1	5.51281715641	35.418	13.615	21.875	37.168	10.336	22.357	36.126	9.382	18.415
541662	TYR	  26 	THR	  27 	PHE	  99 	7	74.8938047283	1	6.48188923077	35.418	13.615	21.875	37.168	10.336	22.357	35.464	10.631	27.629
574274	VAL	 101 	TYR	  26 	THR	  27 	3	43.3887858874	1	6.87350689241	35.47	16.143	25.619	35.418	13.615	21.875	37.168	10.336	22.357
540943	TYR	  26 	SER	  39 	ASP	  37 	8	78.2076039601	1	7.97612249154	35.418	13.615	21.875	34.798	12.317	16.425	34.511	6.09	19.391
540222	TYR	  26 	SER	  39 	PHE	  46 	7	71.6085366311	1	7.83653877678	35.418	13.615	21.875	34.798	12.317	16.425	29.792	15.925	16.933
537340	TYR	  26 	ASP	 100 	PHE	  99 	5	55.0975697678	1	6.48188923077	35.418	13.615	21.875	37.866	13.327	26.529	35.464	10.631	27.629
475420	THR	  27 	GLY	  28 	PHE	  36 	5	56.1139102809	1	7.73821820576	37.168	10.336	22.357	35.555	7.596	24.359	35.532	2.865	21.179
483123	THR	  27 	SER	  38 	GLY	  28 	4	51.0221504269	1	6.23273399079	37.168	10.336	22.357	36.126	9.382	18.415	35.555	7.596	24.359
478876	THR	  27 	MET	  29 	LYS	  35 	5	58.7302577415	1	6.99961756098	37.168	10.336	22.357	37.462	4.836	26.127	39.006	3.585	22.558
480391	THR	  27 	ASP	  37 	MET	  29 	8	81.4483635013	1	7.46020194097	37.168	10.336	22.357	34.511	6.09	19.391	37.462	4.836	26.127
478303	THR	  27 	MET	  29 	PHE	  99 	8	82.0281177492	1	6.67452889723	37.168	10.336	22.357	37.462	4.836	26.127	35.464	10.631	27.629
479738	THR	  27 	ASP	  37 	PHE	  36 	3	43.6173539759	1	7.73821820576	37.168	10.336	22.357	34.511	6.09	19.391	35.532	2.865	21.179
360505	MET	  29 	GLY	  28 	LEU	  30 	2	29.3669251545	1	7.02097884913	37.462	4.836	26.127	35.555	7.596	24.359	36.611	2.004	28.471
361947	MET	  29 	LYS	  35 	LEU	  30 	4	44.2499741282	1	6.57260640842	37.462	4.836	26.127	39.006	3.585	22.558	36.611	2.004	28.471
362240	MET	  29 	LYS	  34 	LYS	  35 	9	85.2159480316	1	5.12382923213	37.462	4.836	26.127	40.546	0.973	24.778	39.006	3.585	22.558
361660	MET	  29 	LYS	  35 	PHE	  36 	5	60.5068445422	1	5.66501941744	37.462	4.836	26.127	39.006	3.585	22.558	35.532	2.865	21.179
586515	ALA	  95 	LEU	  30 	GLU	  31 	4	48.4430978465	1	7.86735266783	30.804	-0.293	31.735	36.611	2.004	28.471	38.311	2.057	31.868
390675	ASP	  32 	LYS	  34 	GLU	  31 	4	46.789131347	1	7.51254823612	41.182	-0.094	30.573	40.546	0.973	24.778	38.311	2.057	31.868
333363	LYS	  35 	LYS	  34 	GLY	  33 	4	47.1150490209	1	6.24612968165	39.006	3.585	22.558	40.546	0.973	24.778	42.032	2.503	27.914
332858	LYS	  34 	LYS	  35 	PHE	  36 	3	43.1387267489	1	6.45543654604	40.546	0.973	24.778	39.006	3.585	22.558	35.532	2.865	21.179
448060	SER	  38 	LYS	  35 	PHE	  36 	5	56.2380130925	1	7.68531443729	36.126	9.382	18.415	39.006	3.585	22.558	35.532	2.865	21.179
450937	SER	  38 	ASP	  37 	PHE	  36 	2	28.6963532098	1	7.10378920014	36.126	9.382	18.415	34.511	6.09	19.391	35.532	2.865	21.179
454537	SER	  39 	SER	  38 	ASP	  37 	2	33.055310186	1	6.9032640106	34.798	12.317	16.425	36.126	9.382	18.415	34.511	6.09	19.391
627486	ARG	  42 	SER	  38 	SER	  39 	7	75.2605551366	1	6.76134993918	36.586	11.38	11.972	36.126	9.382	18.415	34.798	12.317	16.425
664924	ASN	  43 	ARG	  40 	SER	  39 	5	57.3271537426	1	6.14892388959	37.84	14.992	11.799	38.412	13.444	16.335	34.798	12.317	16.425
656144	ASN	  43 	SER	  39 	ASP	  41 	9	89.8626640861	1	6.14892388959	37.84	14.992	11.799	34.798	12.317	16.425	39.447	10.42	14.289
664926	ASN	  43 	ARG	  42 	SER	  39 	7	69.6495829346	1	6.14892388959	37.84	14.992	11.799	36.586	11.38	11.972	34.798	12.317	16.425
656215	ASN	  43 	SER	  39 	PRO	  45 	8	80.3102737982	1	6.7415005748	37.84	14.992	11.799	34.798	12.317	16.425	32.734	17.655	15.304
635984	ARG	  42 	ARG	  40 	ASP	  41 	9	89.8993132699	1	5.16044000062	36.586	11.38	11.972	38.412	13.444	16.335	39.447	10.42	14.289
665358	ASN	  43 	ARG	  40 	ARG	  42 	7	71.1340737202	1	5.16044000062	37.84	14.992	11.799	38.412	13.444	16.335	36.586	11.38	11.972
636055	ARG	  42 	ARG	  40 	PRO	  45 	8	78.9252517227	1	8.0818161944	36.586	11.38	11.972	38.412	13.444	16.335	32.734	17.655	15.304
664636	ASN	  43 	ARG	  40 	LYS	  44 	5	52.9746027659	1	6.49517251503	37.84	14.992	11.799	38.412	13.444	16.335	34.191	16.072	12.156
664856	ASN	  43 	ARG	  40 	PRO	  45 	9	84.8533503878	1	7.14389011674	37.84	14.992	11.799	38.412	13.444	16.335	32.734	17.655	15.304
624314	ARG	  42 	ASP	  41 	LYS	  44 	3	42.7150854049	1	8.00751703089	36.586	11.38	11.972	39.447	10.42	14.289	34.191	16.072	12.156
653114	ASN	  43 	ASP	  41 	LYS	  44 	3	36.4215155751	1	8.00751703089	37.84	14.992	11.799	39.447	10.42	14.289	34.191	16.072	12.156
419258	PRO	  45 	LYS	  44 	PHE	  46 	3	42.4364257215	1	6.4955784192	32.734	17.655	15.304	34.191	16.072	12.156	29.792	15.925	16.933
321337	LYS	  47 	PHE	  46 	PHE	  48 	2	32.3014103517	1	6.9352958841	26.536	17.82	17.531	29.792	15.925	16.933	23.676	17.233	19.93
355899	MET	  49 	LEU	  50 	PHE	  48 	4	45.8090694563	1	6.28877484094	20.823	19.199	21.43	20.958	19.375	25.181	23.676	17.233	19.93
361803	MET	  49 	LYS	  52 	GLN	  53 	4	44.8717304016	1	7.77119688336	20.823	19.199	21.43	16.4	15.934	24.065	18.389	12.956	25.366
354603	MET	  49 	GLU	  54 	GLN	  53 	4	48.4820620944	1	7.77119688336	20.823	19.199	21.43	20.203	12.337	22.123	18.389	12.956	25.366
331635	LYS	  52 	GLY	  51 	GLU	  54 	4	51.3731999126	1	7.8907906448	16.4	15.934	24.065	17.747	18.197	26.802	20.203	12.337	22.123
560593	VAL	  55 	ILE	  56 	GLU	  54 	2	29.6462837325	1	7.04997312052	23.161	11.328	24.294	23.649	9.319	27.482	20.203	12.337	22.123
633391	ARG	  57 	VAL	  55 	TRP	  59 	8	79.5534280272	1	6.52434402833	22.741	10.936	30.793	23.161	11.328	24.294	27.008	13.43	28.82
629933	ARG	  57 	TRP	  59 	ILE	  56 	6	67.8318709432	1	5.47480100095	22.741	10.936	30.793	27.008	13.43	28.82	23.649	9.319	27.482
504656	TRP	  59 	GLY	  58 	ILE	  56 	9	88.1998323091	1	5.58457563294	27.008	13.43	28.82	26.341	11.329	31.943	23.649	9.319	27.482
502996	TRP	  59 	ILE	  56 	GLU	  60 	5	56.2135938938	1	6.48148817788	27.008	13.43	28.82	23.649	9.319	27.482	23.911	15.6	29.06
544975	TYR	  82 	TYR	  80 	ILE	  56 	8	82.2272469029	1	7.39443074212	24.763	2.152	28.921	24.697	7.15	33.606	23.649	9.319	27.482
629718	ARG	  57 	TRP	  59 	GLU	  60 	7	72.2935646965	1	5.32165895187	22.741	10.936	30.793	27.008	13.43	28.82	23.911	15.6	29.06
629719	ARG	  57 	TRP	  59 	GLU	  61 	8	79.7313426467	1	6.10654476771	22.741	10.936	30.793	27.008	13.43	28.82	24.873	16.352	32.64
504436	TRP	  59 	GLY	  58 	GLU	  60 	5	57.7521925482	1	5.69719492382	27.008	13.43	28.82	26.341	11.329	31.943	23.911	15.6	29.06
504440	TRP	  59 	GLY	  58 	GLU	  61 	9	89.6755256307	1	5.27933348066	27.008	13.43	28.82	26.341	11.329	31.943	24.873	16.352	32.64
504725	TRP	  59 	GLY	  62 	GLY	  58 	6	65.7199263758	1	5.52949509449	27.008	13.43	28.82	28.625	16.361	32.137	26.341	11.329	31.943
504651	TRP	  59 	GLY	  58 	ILE	  76 	4	50.2187277451	1	8.0175193171	27.008	13.43	28.82	26.341	11.329	31.943	30.672	8.136	33.598
540724	TYR	  80 	SER	  77 	GLY	  58 	5	54.4843146958	1	7.69217635003	24.697	7.15	33.606	29.284	5.287	35.685	26.341	11.329	31.943
498680	TRP	  59 	GLU	  61 	GLU	  60 	9	89.9444785354	1	5.26200617636	27.008	13.43	28.82	24.873	16.352	32.64	23.911	15.6	29.06
504437	TRP	  59 	GLY	  62 	GLU	  60 	6	63.1382854625	1	5.68056740124	27.008	13.43	28.82	28.625	16.361	32.137	23.911	15.6	29.06
572117	VAL	  63 	TRP	  59 	GLU	  60 	6	64.7109622942	1	5.80654260296	28.767	18.78	29.211	27.008	13.43	28.82	23.911	15.6	29.06
600917	ALA	  64 	TRP	  59 	GLU	  60 	6	62.4971322225	1	7.91935868616	26.217	21.03	30.901	27.008	13.43	28.82	23.911	15.6	29.06
572120	VAL	  63 	TRP	  59 	GLU	  61 	9	84.5221249361	1	5.72856535269	28.767	18.78	29.211	27.008	13.43	28.82	24.873	16.352	32.64
600920	ALA	  64 	TRP	  59 	GLU	  61 	9	88.9151774009	1	7.91935868616	26.217	21.03	30.901	27.008	13.43	28.82	24.873	16.352	32.64
601207	ALA	  64 	TRP	  59 	GLY	  62 	8	82.0978347132	1	7.91935868616	26.217	21.03	30.901	27.008	13.43	28.82	28.625	16.361	32.137
604587	ALA	  64 	VAL	  63 	TRP	  59 	4	52.1128984208	1	7.91935868616	26.217	21.03	30.901	28.767	18.78	29.211	27.008	13.43	28.82
585003	ALA	  64 	GLU	  61 	GLN	  65 	4	47.5234443576	1	7.06192877336	26.217	21.03	30.901	24.873	16.352	32.64	29.172	21.931	33.154
590765	ALA	  64 	GLY	  62 	GLN	  65 	6	65.8493403705	1	5.68844425129	26.217	21.03	30.901	28.625	16.361	32.137	29.172	21.931	33.154
564846	VAL	  63 	MET	  66 	GLN	  65 	7	73.5011950487	1	5.3193549421	28.767	18.78	29.211	31.986	22.75	30.685	29.172	21.931	33.154
593648	ALA	  64 	MET	  66 	GLN	  65 	9	89.8224597917	1	6.02382079747	26.217	21.03	30.901	31.986	22.75	30.685	29.172	21.931	33.154
597965	ALA	  64 	SER	  67 	GLN	  65 	6	61.5266253684	1	7.91582737305	26.217	21.03	30.901	31.956	26.269	29.392	29.172	21.931	33.154
449643	SER	  67 	MET	  66 	GLN	  65 	4	45.1127199556	1	6.38134343222	31.956	26.269	29.392	31.986	22.75	30.685	29.172	21.931	33.154
569666	VAL	  68 	SER	  67 	MET	  66 	3	40.9080481376	1	6.51923070615	32.73	26.942	25.748	31.956	26.269	29.392	31.986	22.75	30.685
449648	SER	  67 	MET	  66 	GLN	  70 	9	89.7306307824	1	5.65121668316	31.956	26.269	29.392	31.986	22.75	30.685	36.771	23.771	27.857
564848	VAL	  68 	MET	  66 	GLN	  70 	9	88.8895086051	1	6.51923070615	32.73	26.942	25.748	31.986	22.75	30.685	36.771	23.771	27.857
622445	ARG	  71 	MET	  66 	GLN	  70 	6	67.189572654	1	7.51755871277	38.349	20.334	27.493	31.986	22.75	30.685	36.771	23.771	27.857
593647	ALA	  72 	MET	  66 	GLN	  70 	8	81.7518225736	1	7.55479834278	37.634	17.757	30.19	31.986	22.75	30.685	36.771	23.771	27.857
561964	VAL	  68 	GLY	  69 	GLN	  70 	5	59.8941770321	1	5.5527293289	32.73	26.942	25.748	36.357	26.159	24.962	36.771	23.771	27.857
298442	GLY	  69 	LEU	 104 	GLN	  70 	3	39.7421311511	1	7.75178514924	36.357	26.159	24.962	33.833	23.851	20.684	36.771	23.771	27.857
633962	ARG	  71 	ALA	  72 	GLN	  70 	3	42.350124124	1	6.5081375216	38.349	20.334	27.493	37.634	17.757	30.19	36.771	23.771	27.857
632522	ARG	  71 	VAL	 101 	GLN	  70 	3	34.958177123	1	8.05528578016	38.349	20.334	27.493	35.47	16.143	25.619	36.771	23.771	27.857
634392	ARG	  71 	ALA	  72 	LYS	  73 	1	21.7621723017	1	7.26544396441	38.349	20.334	27.493	37.634	17.757	30.19	37.593	14.12	31.181
634035	ARG	  71 	ALA	  72 	GLU	 102 	4	49.8319427415	1	6.51523146174	38.349	20.334	27.493	37.634	17.757	30.19	35.908	19.626	24.192
592059	ALA	  72 	LYS	  73 	PHE	  99 	4	48.0585310782	1	7.87702335911	37.634	17.757	30.19	37.593	14.12	31.181	35.464	10.631	27.629
594938	ALA	  72 	ASP	 100 	PHE	  99 	3	40.5386078829	1	7.87702335911	37.634	17.757	30.19	37.866	13.327	26.529	35.464	10.631	27.629
476863	THR	  75 	LYS	  73 	PHE	  99 	8	79.2623915492	1	6.41456553478	34.147	9.59	33.82	37.593	14.12	31.181	35.464	10.631	27.629
471386	THR	  75 	LEU	  97 	LEU	  74 	3	40.2858780106	1	7.87566073419	34.147	9.59	33.82	33.145	5.187	30.33	34.109	12.847	31.886
557786	VAL	  98 	LEU	  74 	LEU	  97 	3	39.2238517643	1	7.87566073419	35.86	7.795	30.153	34.109	12.847	31.886	33.145	5.187	30.33
484494	THR	  96 	THR	  75 	ILE	  76 	7	68.502510486	1	7.00531148487	32.301	2.862	33.187	34.147	9.59	33.82	30.672	8.136	33.598
473981	THR	  75 	ILE	  76 	PHE	  99 	6	63.4441552351	1	8.05091609694	34.147	9.59	33.82	30.672	8.136	33.598	35.464	10.631	27.629
560378	VAL	  98 	ILE	  76 	PHE	  99 	3	42.5537281955	1	8.05091609694	35.86	7.795	30.153	30.672	8.136	33.598	35.464	10.631	27.629
453100	SER	  77 	PRO	  78 	ASP	  79 	5	58.9349471557	1	5.67641224719	29.284	5.287	35.685	27.129	2.542	34.027	23.8	3.865	35.331
452738	SER	  77 	PRO	  78 	HIS	  94 	3	36.7787981712	1	8.08236568091	29.284	5.287	35.685	27.129	2.542	34.027	28.083	-2.36	33.36
451304	SER	  77 	ASP	  79 	HIS	  94 	9	87.0885451701	1	8.08236568091	29.284	5.287	35.685	23.8	3.865	35.331	28.083	-2.36	33.36
605887	ALA	  95 	ALA	  81 	SER	  77 	8	82.9454473748	1	7.63184145538	30.804	-0.293	31.735	25.934	5.437	30.433	29.284	5.287	35.685
598179	ALA	  95 	SER	  77 	HIS	  94 	4	46.0096387221	1	8.08236568091	30.804	-0.293	31.735	29.284	5.287	35.685	28.083	-2.36	33.36
539500	TYR	  82 	PRO	  78 	ASP	  79 	5	54.7450400263	1	6.70446403525	24.763	2.152	28.921	27.129	2.542	34.027	23.8	3.865	35.331
597099	ALA	  84 	PRO	  78 	ASP	  79 	4	48.9853803798	1	7.89609612403	23.418	-3.412	32.29	27.129	2.542	34.027	23.8	3.865	35.331
422498	PRO	  78 	ASP	  79 	HIS	  94 	3	41.9972700207	1	7.80894070921	27.129	2.542	34.027	23.8	3.865	35.331	28.083	-2.36	33.36
539574	TYR	  82 	PRO	  93 	PRO	  78 	7	68.3360196117	1	7.91104582214	24.763	2.152	28.921	27.471	-4.309	30.086	27.129	2.542	34.027
539141	TYR	  82 	PRO	  78 	HIS	  94 	6	65.5780997976	1	7.14739567955	24.763	2.152	28.921	27.129	2.542	34.027	28.083	-2.36	33.36
597172	ALA	  84 	PRO	  78 	PRO	  93 	5	58.7573337243	1	7.91104582214	23.418	-3.412	32.29	27.129	2.542	34.027	27.471	-4.309	30.086
423942	PRO	  78 	PRO	  93 	HIS	  94 	7	71.8035002386	1	7.91104582214	27.129	2.542	34.027	27.471	-4.309	30.086	28.083	-2.36	33.36
597172	ALA	  95 	PRO	  93 	PRO	  78 	5	57.524006085	1	7.91104582214	30.804	-0.293	31.735	27.471	-4.309	30.086	27.129	2.542	34.027
481542	THR	  96 	PRO	  78 	HIS	  94 	7	69.3934714543	1	6.71496366334	32.301	2.862	33.187	27.129	2.542	34.027	28.083	-2.36	33.36
481466	THR	  96 	PRO	  78 	LEU	  97 	3	40.7084247513	1	7.54029773948	32.301	2.862	33.187	27.129	2.542	34.027	33.145	5.187	30.33
602860	ALA	  81 	TYR	  80 	ASP	  79 	5	60.5105814339	1	5.5691600803	25.934	5.437	30.433	24.697	7.15	33.606	23.8	3.865	35.331
545260	TYR	  82 	TYR	  80 	ASP	  79 	5	58.5504623156	1	6.85080907631	24.763	2.152	28.921	24.697	7.15	33.606	23.8	3.865	35.331
595301	ALA	  84 	ASP	  79 	HIS	  94 	6	63.1177744443	1	7.89609612403	23.418	-3.412	32.29	23.8	3.865	35.331	28.083	-2.36	33.36
603218	ALA	  81 	TYR	  80 	TYR	  82 	3	34.9319846805	1	6.85080907631	25.934	5.437	30.433	24.697	7.15	33.606	24.763	2.152	28.921
545044	TYR	  80 	TYR	  82 	GLY	  83 	5	55.1142141901	1	7.02901650304	24.697	7.15	33.606	24.763	2.152	28.921	23.869	0.333	32.106
602640	ALA	  81 	TYR	  82 	GLY	  86 	1	22.8353062969	1	8.09969209291	25.934	5.437	30.433	24.763	2.152	28.921	25.856	-2.075	27.405
605956	ALA	  81 	ALA	  95 	THR	  96 	5	53.6521777293	1	7.63184145538	25.934	5.437	30.433	30.804	-0.293	31.735	32.301	2.862	33.187
542165	TYR	  82 	THR	  85 	GLY	  83 	6	68.1425149677	1	6.32204144245	24.763	2.152	28.921	22.703	-3.816	28.593	23.869	0.333	32.106
533525	TYR	  82 	GLY	  86 	GLY	  83 	6	63.0492938425	1	5.64322904019	24.763	2.152	28.921	25.856	-2.075	27.405	23.869	0.333	32.106
539285	TYR	  82 	PRO	  93 	GLY	  83 	6	62.4764632997	1	7.1017610492	24.763	2.152	28.921	27.471	-4.309	30.086	23.869	0.333	32.106
533380	TYR	  82 	GLY	  83 	HIS	  94 	5	56.9063941249	1	7.14739567955	24.763	2.152	28.921	23.869	0.333	32.106	28.083	-2.36	33.36
602933	ALA	  84 	TYR	  82 	PRO	  93 	6	64.8041739702	1	7.1017610492	23.418	-3.412	32.29	24.763	2.152	28.921	27.471	-4.309	30.086
602501	ALA	  84 	TYR	  82 	HIS	  94 	6	66.6316233288	1	7.14739567955	23.418	-3.412	32.29	24.763	2.152	28.921	28.083	-2.36	33.36
606104	ALA	  95 	ALA	  84 	TYR	  82 	9	86.0310782668	1	8.03673951301	30.804	-0.293	31.735	23.418	-3.412	32.29	24.763	2.152	28.921
542453	TYR	  82 	THR	  85 	PRO	  93 	6	67.8095331628	1	7.1017610492	24.763	2.152	28.921	22.703	-3.816	28.593	27.471	-4.309	30.086
533379	TYR	  82 	GLY	  86 	HIS	  87 	4	51.7570078899	1	6.47300301251	24.763	2.152	28.921	25.856	-2.075	27.405	25.837	-1.444	23.647
533383	TYR	  82 	GLY	  86 	HIS	  94 	8	79.6706323477	1	7.14739567955	24.763	2.152	28.921	25.856	-2.075	27.405	28.083	-2.36	33.36
531942	TYR	  82 	ILE	  91 	HIS	  87 	7	71.6285257438	1	7.5041601129	24.763	2.152	28.921	30.28	-1.199	25.094	25.837	-1.444	23.647
539143	TYR	  82 	PRO	  93 	HIS	  87 	8	82.7635929069	1	7.23456301376	24.763	2.152	28.921	27.471	-4.309	30.086	25.837	-1.444	23.647
539140	TYR	  82 	PRO	  93 	HIS	  94 	5	55.6639684651	1	7.14739567955	24.763	2.152	28.921	27.471	-4.309	30.086	28.083	-2.36	33.36
605524	ALA	  95 	ALA	  84 	GLY	  83 	5	56.8941545691	1	8.03673951301	30.804	-0.293	31.735	23.418	-3.412	32.29	23.869	0.333	32.106
475925	THR	  85 	GLY	  83 	GLY	  86 	6	66.3435134843	1	5.64322904019	22.703	-3.816	28.593	23.869	0.333	32.106	25.856	-2.075	27.405
475781	THR	  85 	GLY	  83 	HIS	  94 	6	64.6009833555	1	7.33407287938	22.703	-3.816	28.593	23.869	0.333	32.106	28.083	-2.36	33.36
302983	GLY	  86 	GLY	  83 	HIS	  94 	8	75.9244263654	1	6.36417936579	25.856	-2.075	27.405	23.869	0.333	32.106	28.083	-2.36	33.36
418182	PRO	  93 	GLY	  83 	HIS	  94 	7	73.5339070439	1	6.21312868046	27.471	-4.309	30.086	23.869	0.333	32.106	28.083	-2.36	33.36
599619	ALA	  84 	THR	  85 	HIS	  94 	4	48.5193669326	1	7.33407287938	23.418	-3.412	32.29	22.703	-3.816	28.593	28.083	-2.36	33.36
605815	ALA	  95 	ALA	  84 	PRO	  93 	8	81.0805749658	1	8.03673951301	30.804	-0.293	31.735	23.418	-3.412	32.29	27.471	-4.309	30.086
475779	THR	  85 	GLY	  86 	HIS	  87 	4	46.4929836576	1	6.31753559547	22.703	-3.816	28.593	25.856	-2.075	27.405	25.837	-1.444	23.647
481684	THR	  85 	PRO	  88 	GLY	  86 	5	60.1167882759	1	7.96601092141	22.703	-3.816	28.593	26.024	-4.583	21.393	25.856	-2.075	27.405
481686	THR	  85 	PRO	  92 	GLY	  86 	7	72.0345461173	1	7.73573422501	22.703	-3.816	28.593	30.379	-4.044	27.661	25.856	-2.075	27.405
481688	THR	  85 	PRO	  93 	GLY	  86 	9	89.1551303523	1	5.02054996987	22.703	-3.816	28.593	27.471	-4.309	30.086	25.856	-2.075	27.405
475782	THR	  85 	GLY	  86 	HIS	  94 	7	74.646097189	1	7.33407287938	22.703	-3.816	28.593	25.856	-2.075	27.405	28.083	-2.36	33.36
481541	THR	  85 	PRO	  88 	HIS	  87 	6	62.6352953334	1	7.96601092141	22.703	-3.816	28.593	26.024	-4.583	21.393	25.837	-1.444	23.647
481544	THR	  85 	PRO	  92 	HIS	  87 	9	87.3809603761	1	7.73573422501	22.703	-3.816	28.593	30.379	-4.044	27.661	25.837	-1.444	23.647
481976	THR	  85 	PRO	  88 	PRO	  92 	9	89.3365499113	1	7.96601092141	22.703	-3.816	28.593	26.024	-4.583	21.393	30.379	-4.044	27.661
481974	THR	  85 	PRO	  92 	PRO	  93 	7	71.5513573819	1	7.73573422501	22.703	-3.816	28.593	30.379	-4.044	27.661	27.471	-4.309	30.086
481538	THR	  85 	PRO	  93 	HIS	  94 	3	43.0048359098	1	7.33407287938	22.703	-3.816	28.593	27.471	-4.309	30.086	28.083	-2.36	33.36
418177	PRO	  93 	GLY	  86 	HIS	  87 	2	25.6177536364	1	7.23456301376	27.471	-4.309	30.086	25.856	-2.075	27.405	25.837	-1.444	23.647
590981	ALA	  95 	GLY	  86 	HIS	  94 	6	61.0321635076	1	6.81227773949	30.804	-0.293	31.735	25.856	-2.075	27.405	28.083	-2.36	33.36
423941	PRO	  92 	PRO	  88 	HIS	  87 	6	60.8222478978	1	7.65142927825	30.379	-4.044	27.661	26.024	-4.583	21.393	25.837	-1.444	23.647
416740	PRO	  92 	ILE	  91 	HIS	  87 	5	58.4848788074	1	6.59560156468	30.379	-4.044	27.661	30.28	-1.199	25.094	25.837	-1.444	23.647
416741	PRO	  93 	ILE	  91 	HIS	  87 	6	63.0492939514	1	7.23456301376	27.471	-4.309	30.086	30.28	-1.199	25.094	25.837	-1.444	23.647
423943	PRO	  93 	PRO	  92 	HIS	  87 	8	79.9701007507	1	7.23456301376	27.471	-4.309	30.086	30.379	-4.044	27.661	25.837	-1.444	23.647
424083	PRO	  92 	PRO	  88 	GLY	  89 	4	51.8050384119	1	7.65142927825	30.379	-4.044	27.661	26.024	-4.583	21.393	29.558	-5.051	20.124
424015	PRO	  92 	PRO	  88 	ILE	  90 	8	80.4323150694	1	7.65142927825	30.379	-4.044	27.661	26.024	-4.583	21.393	30.935	-1.742	21.413
424012	PRO	  88 	PRO	  92 	ILE	  91 	5	60.4945457992	1	7.65142927825	26.024	-4.583	21.393	30.379	-4.044	27.661	30.28	-1.199	25.094
416816	PRO	  92 	ILE	  90 	ILE	  91 	9	89.057866691	1	6.68175455999	30.379	-4.044	27.661	30.935	-1.742	21.413	30.28	-1.199	25.094
424010	PRO	  93 	PRO	  92 	ILE	  91 	3	42.9396766286	1	6.51787120155	27.471	-4.309	30.086	30.379	-4.044	27.661	30.28	-1.199	25.094
423939	PRO	  92 	PRO	  93 	HIS	  94 	4	46.4795861103	1	6.37071997501	30.379	-4.044	27.661	27.471	-4.309	30.086	28.083	-2.36	33.36
599618	ALA	  95 	THR	  96 	HIS	  94 	3	37.183698151	1	6.71496366334	30.804	-0.293	31.735	32.301	2.862	33.187	28.083	-2.36	33.36
557498	VAL	  98 	LEU	  97 	PHE	  99 	3	42.3969255076	1	6.50463665396	35.86	7.795	30.153	33.145	5.187	30.33	35.464	10.631	27.629
566353	VAL	 101 	ASP	 100 	GLU	 102 	2	30.796343784	1	6.99805215756	35.47	16.143	25.619	37.866	13.327	26.529	35.908	19.626	24.192
327386	LYS	 105 	LEU	 103 	LEU	 106 	3	39.3245851415	1	7.98921585639	30.753	26.082	20.527	32.948	21.966	23.86	26.983	26.425	20.968
327384	LYS	 105 	LEU	 106 	LEU	 104 	1	21.3439240981	1	7.32315724261	30.753	26.082	20.527	26.983	26.425	20.968	33.833	23.851	20.684
