327098	LYS	  34 	LEU	  35 	PHE	  36 	3	43.0464437794	1	6.48633964575	29.639	32.647	49.662	30.964	36.031	48.595	28.507	38.41	46.909
633817	ARG	  37 	ALA	  38 	PHE	  36 	2	23.8405023541	1	7.26621758551	29.593	41.62	45.189	29.088	45.419	45.083	28.507	38.41	46.909
664060	ASN	  88 	ARG	  37 	PHE	  36 	5	53.890354364	1	6.61614653707	26.498	40.643	41.014	29.593	41.62	45.189	28.507	38.41	46.909
634681	ARG	  37 	ALA	  38 	SER	  39 	2	24.3646784583	1	7.25431609457	29.593	41.62	45.189	29.088	45.419	45.083	27.091	48.197	43.426
665283	ASN	  88 	ARG	  37 	ALA	  38 	4	52.1949113725	1	6.78785953007	26.498	40.643	41.014	29.593	41.62	45.189	29.088	45.419	45.083
626906	ARG	  37 	SER	  44 	LEU	  43 	3	38.6921412151	1	7.48145019365	29.593	41.62	45.189	32.481	43.555	41.728	33.829	47.075	42.313
630367	ARG	  37 	TRP	  48 	SER	  44 	8	78.3462402819	1	7.85311027555	29.593	41.62	45.189	36.319	38.943	42.145	32.481	43.555	41.728
630440	ARG	  37 	TRP	  48 	THR	 122 	9	85.7074444489	1	7.85311027555	29.593	41.62	45.189	36.319	38.943	42.145	36.213	40.684	49.247
634683	ARG	  37 	ALA	 125 	SER	 124 	4	48.8356803267	1	7.58250941312	29.593	41.62	45.189	32.405	46.063	48.962	32.33	43.708	51.945
598682	ALA	  38 	SER	  44 	SER	  39 	3	43.235161914	1	7.31323922759	29.088	45.419	45.083	32.481	43.555	41.728	27.091	48.197	43.426
663483	ASN	  88 	ALA	  38 	SER	  39 	4	46.5966692489	1	7.95187455887	26.498	40.643	41.014	29.088	45.419	45.083	27.091	48.197	43.426
605881	ALA	 125 	ALA	  38 	SER	  39 	2	33.148383327	1	7.96491355885	32.405	46.063	48.962	29.088	45.419	45.083	27.091	48.197	43.426
605884	ALA	 125 	ALA	  38 	SER	  44 	5	58.2998852944	1	7.65680063734	32.405	46.063	48.962	29.088	45.419	45.083	32.481	43.555	41.728
605882	ALA	  38 	ALA	 125 	SER	 124 	3	36.3121656145	1	7.77978977865	29.088	45.419	45.083	32.405	46.063	48.962	32.33	43.708	51.945
605809	ALA	  38 	ALA	 125 	PRO	 126 	2	32.4074596399	1	8.05902134257	29.088	45.419	45.083	32.405	46.063	48.962	35.032	48.859	49.3
454036	SER	  44 	SER	  39 	GLU	  40 	5	58.6844304356	1	7.31323922759	32.481	43.555	41.728	27.091	48.197	43.426	29.306	49.396	40.571
454615	SER	  39 	SER	  44 	PRO	  41 	8	77.7190567284	1	7.31323922759	27.091	48.197	43.426	32.481	43.555	41.728	30.214	46.479	38.281
656215	ASN	  88 	SER	  39 	PRO	  41 	8	79.6002734015	1	7.95187455887	26.498	40.643	41.014	27.091	48.197	43.426	30.214	46.479	38.281
656288	ASN	  88 	SER	  39 	SER	  44 	9	84.5155749701	1	7.95187455887	26.498	40.643	41.014	27.091	48.197	43.426	32.481	43.555	41.728
598688	ALA	 125 	SER	  39 	SER	  44 	9	87.125126353	1	7.96491355885	32.405	46.063	48.962	27.091	48.197	43.426	32.481	43.555	41.728
452595	SER	  44 	PRO	  41 	GLU	  40 	4	51.0293873967	1	6.74807787448	32.481	43.555	41.728	30.214	46.479	38.281	29.306	49.396	40.571
568376	VAL	  45 	PRO	  90 	PRO	  41 	9	89.1208718713	1	7.61069944223	35.144	42.741	39.163	29.155	41.381	34.668	30.214	46.479	38.281
654776	ASN	  88 	PRO	  41 	PRO	  90 	9	84.6297946326	1	7.43887363786	26.498	40.643	41.014	30.214	46.479	38.281	29.155	41.381	34.668
568375	VAL	 191 	PRO	  41 	PRO	  90 	8	79.7854593266	1	7.53659087386	34.194	46.14	31.89	30.214	46.479	38.281	29.155	41.381	34.668
511712	TRP	  48 	SER	  44 	LEU	  46 	9	89.7852451364	1	6.01453880194	36.319	38.943	42.145	32.481	43.555	41.728	37.741	44.033	41.692
572549	VAL	  45 	TRP	  48 	MET	  47 	6	64.6426648606	1	5.64716380141	35.144	42.741	39.163	36.319	38.943	42.145	36.565	41.854	44.556
564986	VAL	 121 	MET	  47 	LEU	  46 	3	38.6201191287	1	8.07122846907	38.795	43.466	49.674	36.565	41.854	44.556	37.741	44.033	41.692
658949	ASN	  51 	TRP	  48 	MET	  47 	6	61.6957331117	1	5.9382201037	39.874	36.99	45.365	36.319	38.943	42.145	36.565	41.854	44.556
513510	TRP	  48 	THR	 122 	MET	  47 	7	74.549071663	1	7.31305141511	36.319	38.943	42.145	36.213	40.684	49.247	36.565	41.854	44.556
661832	ASN	  51 	VAL	 121 	MET	  47 	9	88.7951537886	1	7.85304386846	39.874	36.99	45.365	38.795	43.466	49.674	36.565	41.854	44.556
657511	ASN	  51 	THR	 122 	MET	  47 	8	77.9903092126	1	6.48987526845	39.874	36.99	45.365	36.213	40.684	49.247	36.565	41.854	44.556
658806	ASN	  51 	TRP	  48 	GLY	  49 	7	71.1297449145	1	5.19835714433	39.874	36.99	45.365	36.319	38.943	42.145	39.84	39.734	40.95
504582	TRP	  48 	GLY	  49 	HIS	  52 	7	74.0761341719	1	5.97999406354	36.319	38.943	42.145	39.84	39.734	40.95	40.821	35.008	42.235
662191	ASN	  51 	VAL	  50 	TRP	  48 	8	78.3332628606	1	5.90086815647	39.874	36.99	45.365	41.686	40.159	44.275	36.319	38.943	42.145
572264	VAL	  50 	TRP	  48 	HIS	  52 	9	85.747363303	1	5.97999406354	41.686	40.159	44.275	36.319	38.943	42.145	40.821	35.008	42.235
572840	VAL	  50 	TRP	  48 	THR	 122 	9	88.9875863879	1	7.41283602948	41.686	40.159	44.275	36.319	38.943	42.145	36.213	40.684	49.247
658661	ASN	  51 	TRP	  48 	HIS	  52 	6	61.602685371	1	5.97999406354	39.874	36.99	45.365	36.319	38.943	42.145	40.821	35.008	42.235
659239	ASN	  51 	TRP	  48 	THR	 122 	8	80.0962451977	1	7.31305141511	39.874	36.99	45.365	36.319	38.943	42.145	36.213	40.684	49.247
657367	ASN	  51 	THR	  53 	GLY	  49 	8	81.9304243623	1	5.87857202048	39.874	36.99	45.365	44.416	36.222	42.083	39.84	39.734	40.95
475782	THR	  53 	GLY	  49 	HIS	  52 	7	74.3161938187	1	5.87857202048	44.416	36.222	42.083	39.84	39.734	40.95	40.821	35.008	42.235
662332	ASN	  51 	VAL	 121 	VAL	  50 	5	57.319607649	1	7.85304386846	39.874	36.99	45.365	38.795	43.466	49.674	41.686	40.159	44.275
665862	ASN	  55 	ASN	  51 	HIS	  52 	7	71.536305581	1	6.07509744778	43.565	32.182	45.773	39.874	36.99	45.365	40.821	35.008	42.235
666440	ASN	  51 	ASN	  55 	THR	  53 	9	88.7115181337	1	6.07509744778	39.874	36.99	45.365	43.565	32.182	45.773	44.416	36.222	42.083
665934	ASN	  51 	ASN	  55 	ILE	  54 	7	70.901044195	1	6.07509744778	39.874	36.99	45.365	43.565	32.182	45.773	45.063	35.709	45.811
646927	ASN	  51 	ILE	  54 	GLN	 118 	8	82.3960872447	1	6.52964700424	39.874	36.99	45.365	45.063	35.709	45.811	41.998	39.206	50.395
665645	ASN	  51 	ASN	 119 	GLN	 118 	6	64.4429830323	1	8.04009832029	39.874	36.99	45.365	39.216	39.466	52.986	41.998	39.206	50.395
666438	ASN	  51 	ASN	 119 	THR	 122 	7	74.6749994046	1	8.04009832029	39.874	36.99	45.365	39.216	39.466	52.986	36.213	40.684	49.247
662117	ASN	  51 	VAL	 121 	THR	 122 	6	60.8645627462	1	7.85304386846	39.874	36.99	45.365	38.795	43.466	49.674	36.213	40.684	49.247
474340	THR	  53 	ILE	  54 	HIS	  52 	5	59.7002540014	1	5.59229300019	44.416	36.222	42.083	45.063	35.709	45.811	40.821	35.008	42.235
657222	ASN	  55 	THR	  53 	HIS	  52 	7	70.5380020686	1	5.53731893609	43.565	32.182	45.773	44.416	36.222	42.083	40.821	35.008	42.235
472758	THR	  53 	HIS	  52 	GLU	  56 	7	74.0859950594	1	5.83109749533	44.416	36.222	42.083	40.821	35.008	42.235	45.472	31.507	42.571
645557	ASN	  55 	HIS	  52 	GLU	  56 	6	63.3226860785	1	5.83109749533	43.565	32.182	45.773	40.821	35.008	42.235	45.472	31.507	42.571
387723	ASP	 114 	ILE	  54 	GLN	 115 	4	50.3653617146	1	7.52877752361	47.539	37.455	51.885	45.063	35.709	45.811	44.26	36.18	53.282
666366	ASN	  55 	ASN	  59 	SER	  58 	7	73.9305563887	1	7.16566493774	43.565	32.182	45.773	48.832	27.374	45.074	47.874	30.275	47.312
655640	ASN	  59 	SER	  58 	GLU	  56 	9	83.1361009222	1	5.88526108172	48.832	27.374	45.074	47.874	30.275	47.312	45.472	31.507	42.571
656214	ASN	  59 	SER	  58 	PRO	  61 	7	71.5963024178	1	7.27432821641	48.832	27.374	45.074	47.874	30.275	47.312	54.787	28.336	46.143
569811	VAL	  60 	SER	  58 	PRO	  61 	4	48.9427266874	1	7.27432821641	52.007	28.855	43.551	47.874	30.275	47.312	54.787	28.336	46.143
568371	VAL	  62 	PRO	  63 	PRO	  61 	4	49.3190633801	1	6.18444185032	56.77	31.138	47.772	60.186	31.35	46.025	54.787	28.336	46.143
568229	VAL	  64 	PRO	  63 	MET	  65 	6	67.8649341402	1	5.07598867217	63.506	31.453	47.818	60.186	31.35	46.025	64.037	34.654	45.887
420988	PRO	  63 	MET	  65 	LEU	  66 	5	53.0831306361	1	6.56259872307	60.186	31.35	46.025	64.037	34.654	45.887	62.497	36.791	43.175
564985	VAL	  64 	MET	  65 	LEU	  66 	2	25.5238706936	1	7.14631191595	63.506	31.453	47.818	64.037	34.654	45.887	62.497	36.791	43.175
420986	PRO	  68 	MET	  67 	LEU	  66 	3	41.2272609526	1	6.56796246944	64.284	38.98	37.246	63.93	36.113	39.726	62.497	36.791	43.175
392188	ASP	  70 	MET	  67 	LEU	  66 	5	58.5384006432	1	6.34692949386	58.99	38.207	38.078	63.93	36.113	39.726	62.497	36.791	43.175
422789	PRO	  68 	ASP	  69 	MET	  67 	6	61.9822903135	1	5.4708452729	64.284	38.98	37.246	61.36	37.681	35.158	63.93	36.113	39.726
422789	PRO	  68 	ASP	  70 	MET	  67 	6	66.5655924602	1	5.61287270477	64.284	38.98	37.246	58.99	38.207	38.078	63.93	36.113	39.726
420700	PRO	  68 	MET	  67 	PHE	  71 	5	57.8855099394	1	7.8538838163	64.284	38.98	37.246	63.93	36.113	39.726	59.205	41.958	37.447
393992	ASP	  70 	ASP	  69 	MET	  67 	9	87.7630994168	1	5.61287270477	58.99	38.207	38.078	61.36	37.681	35.158	63.93	36.113	39.726
391900	ASP	  69 	MET	  67 	PHE	  71 	5	59.9106627009	1	7.8538838163	61.36	37.681	35.158	63.93	36.113	39.726	59.205	41.958	37.447
391898	ASP	  70 	MET	  67 	PHE	  71 	3	40.0826154505	1	7.8538838163	58.99	38.207	38.078	63.93	36.113	39.726	59.205	41.958	37.447
422864	PRO	  68 	ASP	  70 	ASP	  69 	9	89.6960617396	1	5.41444263059	64.284	38.98	37.246	58.99	38.207	38.078	61.36	37.681	35.158
422143	PRO	  68 	ASP	  69 	PHE	  71 	8	80.7134670094	1	5.89110566872	64.284	38.98	37.246	61.36	37.681	35.158	59.205	41.958	37.447
380381	ASP	  70 	CYS	  99 	PHE	  71 	6	67.9356560155	1	5.84229424114	58.99	38.207	38.078	53.869	40.951	38.693	59.205	41.958	37.447
595015	ALA	  73 	ASP	  70 	CYS	  99 	8	79.1342834953	1	5.84229424114	55.342	38.726	34.478	58.99	38.207	38.078	53.869	40.951	38.693
422213	PRO	 100 	ASP	  70 	CYS	  99 	6	65.6237409843	1	7.710381962	51.891	38.69	41.048	58.99	38.207	38.078	53.869	40.951	38.693
391976	ASP	  70 	MET	 101 	CYS	  99 	9	87.1200441537	1	6.20069592868	58.99	38.207	38.078	55.016	37.302	42.751	53.869	40.951	38.693
566216	VAL	 102 	ASP	  70 	CYS	  99 	9	87.4417909372	1	6.32786377856	56.76	40.611	43.49	58.99	38.207	38.078	53.869	40.951	38.693
422789	PRO	 100 	ASP	  70 	MET	 101 	6	62.9985966407	1	7.710381962	51.891	38.69	41.048	58.99	38.207	38.078	55.016	37.302	42.751
328540	LYS	  72 	HIS	 161 	PHE	  71 	5	55.6126606213	1	7.87161343055	57.986	41.426	33.866	57.281	48.839	36.418	59.205	41.958	37.447
602713	ALA	  73 	TYR	  74 	LYS	  72 	2	33.8186813727	1	6.91983533041	55.342	38.726	34.478	51.566	39.037	34.846	57.986	41.426	33.866
602715	ALA	  73 	TYR	  98 	LYS	  72 	4	45.7748053401	1	8.04517116039	55.342	38.726	34.478	50.893	42.923	37.355	57.986	41.426	33.866
534534	TYR	  74 	LYS	  72 	CYS	  99 	7	74.344380866	1	6.91983533041	51.566	39.037	34.846	57.986	41.426	33.866	53.869	40.951	38.693
534533	TYR	  98 	LYS	  72 	CYS	  99 	6	61.3154868586	1	8.04517116039	50.893	42.923	37.355	57.986	41.426	33.866	53.869	40.951	38.693
603001	ALA	  73 	TYR	  74 	SER	  75 	2	24.4914263617	1	7.23717845572	55.342	38.726	34.478	51.566	39.037	34.846	48.33	37.034	35.066
597893	ALA	  73 	SER	  75 	CYS	  99 	6	63.8111299194	1	7.69275886792	55.342	38.726	34.478	48.33	37.034	35.066	53.869	40.951	38.693
596454	ALA	  73 	PRO	 100 	CYS	  99 	7	73.4963532621	1	7.42129348564	55.342	38.726	34.478	51.891	38.69	41.048	53.869	40.951	38.693
540794	TYR	  74 	SER	  75 	LYS	  76 	3	38.7990603789	1	6.69550311776	51.566	39.037	34.846	48.33	37.034	35.066	45.358	37.64	32.763
545403	TYR	  98 	TYR	  74 	SER	  75 	4	46.9443961767	1	6.81827038185	50.893	42.923	37.355	51.566	39.037	34.846	48.33	37.034	35.066
540290	TYR	  74 	SER	  75 	CYS	  99 	3	40.8987427975	1	7.69275886792	51.566	39.037	34.846	48.33	37.034	35.066	53.869	40.951	38.693
544757	TYR	  74 	TYR	  98 	GLU	  97 	6	64.5197625693	1	5.58732467286	51.566	39.037	34.846	50.893	42.923	37.355	47.444	41.39	37.794
544614	TYR	  74 	TYR	  98 	CYS	  99 	7	74.5589684009	1	4.87510143484	51.566	39.037	34.846	50.893	42.923	37.355	53.869	40.951	38.693
448490	SER	  75 	LYS	  76 	ILE	  77 	3	34.4399155687	1	6.89597984336	48.33	37.034	35.066	45.358	37.64	32.763	41.781	36.313	33.03
452599	SER	  75 	PRO	 100 	GLU	  97 	8	80.4605397945	1	7.15593327247	48.33	37.034	35.066	51.891	38.69	41.048	47.444	41.39	37.794
540291	TYR	  98 	SER	  75 	CYS	  99 	4	49.2637932657	1	7.69275886792	50.893	42.923	37.355	48.33	37.034	35.066	53.869	40.951	38.693
452451	SER	  75 	PRO	 100 	CYS	  99 	4	50.5862307365	1	7.69275886792	48.33	37.034	35.066	51.891	38.69	41.048	53.869	40.951	38.693
332861	LYS	  76 	LYS	  94 	PHE	  95 	6	65.92288025	1	7.39526862257	45.358	37.64	32.763	38.713	40.833	32.181	41.144	41.008	35.135
333295	LYS	  96 	LYS	  94 	ILE	  77 	8	81.3708752071	1	6.85597411022	44.932	41.499	34.989	38.713	40.833	32.181	41.781	36.313	33.03
566714	VAL	  79 	ASP	  80 	LYS	  78 	3	37.3304793879	1	6.76760415509	35.4	35.751	31.896	32.307	35.241	29.699	38.852	36.706	30.603
321343	LYS	  78 	PHE	  95 	PHE	  93 	8	80.5821534626	1	6.94975711806	38.852	36.706	30.603	41.144	41.008	35.135	34.926	41.036	32.031
332859	LYS	  78 	LYS	  94 	PHE	  95 	4	47.5075998453	1	6.65578635474	38.852	36.706	30.603	38.713	40.833	32.181	41.144	41.008	35.135
633242	ARG	  92 	VAL	  79 	SER	  91 	3	43.3330844853	1	7.34372078718	31.869	39.293	30.531	35.4	35.751	31.896	28.591	38.476	32.273
652898	ASN	  81 	ASP	  80 	HIS	  82 	3	43.0735041029	1	6.47560421891	29.432	33.583	31.635	32.307	35.241	29.699	26.236	32.988	29.719
451304	SER	  91 	ASP	  80 	HIS	  82 	9	89.8224580454	1	6.49515858159	28.591	38.476	32.273	32.307	35.241	29.699	26.236	32.988	29.719
645627	ASN	  81 	HIS	  82 	LEU	  83 	4	45.2401874967	1	6.36418164417	29.432	33.583	31.635	26.236	32.988	29.719	23.084	33.181	31.845
655780	ASN	  81 	SER	  91 	HIS	  82 	5	53.3613085352	1	6.49515858159	29.432	33.583	31.635	28.591	38.476	32.273	26.236	32.988	29.719
665502	ASN	  81 	ASN	  85 	PHE	  84 	7	69.9598918072	1	6.90767030192	29.432	33.583	31.635	26.49	33.951	37.874	25.249	32.162	34.768
666075	ASN	  81 	ASN	  85 	LYS	  86 	4	47.8543083795	1	7.87268302423	29.432	33.583	31.635	26.49	33.951	37.874	25.18	37.418	37.038
666365	ASN	  85 	ASN	  81 	SER	  91 	6	65.1095026197	1	7.50073509731	26.49	33.951	37.874	29.432	33.583	31.635	28.591	38.476	32.273
664926	ASN	  81 	ARG	  92 	SER	  91 	7	74.4595893875	1	6.30570257783	29.432	33.583	31.635	31.869	39.293	30.531	28.591	38.476	32.273
442299	SER	  91 	LEU	  83 	PHE	  84 	4	52.3522545278	1	7.65161799883	28.591	38.476	32.273	23.084	33.181	31.845	25.249	32.162	34.768
649660	ASN	  85 	LYS	  86 	PHE	  84 	5	57.1427490108	1	5.72566127185	26.49	33.951	37.874	25.18	37.418	37.038	25.249	32.162	34.768
655419	ASN	  85 	SER	  91 	PHE	  84 	4	52.1521838454	1	7.56707241937	26.49	33.951	37.874	28.591	38.476	32.273	25.249	32.162	34.768
666078	ASN	  88 	ASN	  85 	LYS	  86 	7	70.5822083553	1	7.39205844133	26.498	40.643	41.014	26.49	33.951	37.874	25.18	37.418	37.038
665788	ASN	  85 	ASN	  88 	LEU	  89 	5	58.0672560042	1	7.39205844133	26.49	33.951	37.874	26.498	40.643	41.014	29.113	40.224	38.298
626618	ARG	  92 	SER	  91 	PHE	  93 	3	35.657997109	1	6.83698683632	31.869	39.293	30.531	28.591	38.476	32.273	34.926	41.036	32.031
321337	LYS	  94 	PHE	  95 	PHE	  93 	2	32.677772852	1	6.94975711806	38.713	40.833	32.181	41.144	41.008	35.135	34.926	41.036	32.031
571036	VAL	 191 	THR	 190 	LYS	  94 	5	59.2012350172	1	6.97640960667	34.194	46.14	31.89	37.99	45.879	32.13	38.713	40.833	32.181
534459	TYR	 187 	LYS	  96 	PHE	  95 	4	47.2368046218	1	7.31316443135	45.558	45.605	38.722	44.932	41.499	34.989	41.144	41.008	35.135
621075	ARG	 188 	LYS	  96 	GLU	  97 	4	51.6247397506	1	6.65906765246	43.755	46.42	35.463	44.932	41.499	34.989	47.444	41.39	37.794
545119	TYR	  98 	TYR	 187 	LYS	  96 	8	79.3571546548	1	6.56957022947	50.893	42.923	37.355	45.558	45.605	38.722	44.932	41.499	34.989
527330	TYR	  98 	GLU	  97 	CYS	  99 	3	42.7792955729	1	6.50242623949	50.893	42.923	37.355	47.444	41.39	37.794	53.869	40.951	38.693
536116	TYR	  98 	MET	 186 	GLU	  97 	5	60.386754236	1	6.22119369575	50.893	42.923	37.355	48.445	46.615	41.019	47.444	41.39	37.794
544759	TYR	 187 	TYR	  98 	GLU	  97 	8	77.824997812	1	6.12568673701	45.558	45.605	38.722	50.893	42.923	37.355	47.444	41.39	37.794
412132	PRO	 100 	GLU	  97 	CYS	  99 	5	58.7512033376	1	6.50242623949	51.891	38.69	41.048	47.444	41.39	37.794	53.869	40.951	38.693
418038	PRO	 100 	GLY	 185 	GLU	  97 	7	75.1169262035	1	7.81233979036	51.891	38.69	41.048	49.057	45.119	44.464	47.444	41.39	37.794
538856	TYR	  98 	PRO	 100 	CYS	  99 	9	89.8848781252	1	5.70548350274	50.893	42.923	37.355	51.891	38.69	41.048	53.869	40.951	38.693
545047	TYR	  98 	TYR	 187 	GLY	 185 	8	80.492357747	1	7.66362792677	50.893	42.923	37.355	45.558	45.605	38.722	49.057	45.119	44.464
545189	TYR	  98 	TYR	 187 	MET	 186 	6	66.746264683	1	6.12568673701	50.893	42.923	37.355	45.558	45.605	38.722	48.445	46.615	41.019
420772	PRO	 100 	MET	 101 	CYS	  99 	5	60.3435544763	1	5.57657367924	51.891	38.69	41.048	55.016	37.302	42.751	53.869	40.951	38.693
567653	VAL	 102 	PRO	 100 	CYS	  99 	6	67.5731970231	1	5.77587794192	56.76	40.611	43.49	51.891	38.69	41.048	53.869	40.951	38.693
409183	PRO	 100 	CYS	  99 	PHE	 103 	8	76.5883896058	1	6.6001101506	51.891	38.69	41.048	53.869	40.951	38.693	53.756	42.265	45.16
351583	MET	 101 	CYS	  99 	PHE	 103 	8	79.0637708811	1	6.6001101506	55.016	37.302	42.751	53.869	40.951	38.693	53.756	42.265	45.16
553180	VAL	 102 	CYS	  99 	PHE	 103 	5	55.7632860576	1	6.6001101506	56.76	40.611	43.49	53.869	40.951	38.693	53.756	42.265	45.16
420704	PRO	 100 	MET	 101 	PHE	 103 	9	88.4484232536	1	5.75911399436	51.891	38.69	41.048	55.016	37.302	42.751	53.756	42.265	45.16
625830	ARG	 104 	PRO	 100 	MET	 101 	7	73.8600639167	1	6.06671055845	52.908	39.082	47.016	51.891	38.69	41.048	55.016	37.302	42.751
661828	ASN	 105 	VAL	 102 	MET	 101 	5	58.4517654648	1	6.19651950695	56.439	39.357	48.421	56.76	40.611	43.49	55.016	37.302	42.751
622301	ARG	 104 	MET	 101 	PHE	 103 	6	64.6716065285	1	5.65882054849	52.908	39.082	47.016	55.016	37.302	42.751	53.756	42.265	45.16
206139	LEU	 184 	PHE	 103 	PHE	 183 	4	47.9383577757	1	7.15011020894	50.474	45.723	47.933	53.756	42.265	45.16	52.326	48.939	47.29
350144	MET	 186 	PHE	 103 	PHE	 183 	9	85.1037982421	1	8.01730016901	48.445	46.615	41.019	53.756	42.265	45.16	52.326	48.939	47.29
360219	MET	 186 	GLY	 185 	PHE	 103 	4	48.275893893	1	8.01730016901	48.445	46.615	41.019	49.057	45.119	44.464	53.756	42.265	45.16
665358	ASN	 105 	ARG	 107 	ARG	 104 	7	72.9380772079	1	5.1155075017	56.439	39.357	48.421	53.016	42.065	51.089	52.908	39.082	47.016
635475	ARG	 104 	ARG	 107 	GLU	 108 	4	50.4814468217	1	6.77779890525	52.908	39.082	47.016	53.016	42.065	51.089	54.801	39.707	53.494
635984	ARG	 104 	ARG	 107 	ASP	 114 	9	87.3192749108	1	7.42835452843	52.908	39.082	47.016	53.016	42.065	51.089	47.539	37.455	51.885
665360	ASN	 105 	ARG	 109 	ARG	 107 	9	88.9029047637	1	5.98668898474	56.439	39.357	48.421	57.607	42.242	53.535	53.016	42.065	51.089
209020	LEU	 106 	GLN	 182 	PHE	 183 	5	56.0344380833	1	7.78424440778	56.043	43.081	49.032	53.799	50.39	50.494	52.326	48.939	47.29
623955	ARG	 107 	ASP	 114 	GLU	 108 	4	49.8935583295	1	7.77155254759	53.016	42.065	51.089	47.539	37.455	51.885	54.801	39.707	53.494
635262	ARG	 107 	ARG	 109 	PHE	 110 	7	72.4502972571	1	5.2049520651	53.016	42.065	51.089	57.607	42.242	53.535	55.087	44.749	54.912
635767	ARG	 107 	ARG	 109 	GLY	 111 	8	79.4219617165	1	6.19485923972	53.016	42.065	51.089	57.607	42.242	53.535	53.768	42.089	57.238
635693	ARG	 109 	ARG	 107 	ILE	 112 	6	61.7899913062	1	7.5263012164	57.607	42.242	53.535	53.016	42.065	51.089	50.399	41.577	55.596
624460	ARG	 107 	ASP	 114 	ASP	 113 	5	54.7529892292	1	7.20300249896	53.016	42.065	51.089	47.539	37.455	51.885	48.827	38.149	55.357
615098	ARG	 107 	LEU	 184 	PHE	 183 	3	37.5784078898	1	7.88418524643	53.016	42.065	51.089	50.474	45.723	47.933	52.326	48.939	47.29
393558	ASP	 114 	ASP	 113 	GLU	 108 	7	68.7863896476	1	7.77155254759	47.539	37.455	51.885	48.827	38.149	55.357	54.801	39.707	53.494
616539	ARG	 109 	HIS	 175 	PHE	 110 	4	48.977883505	1	7.75487891588	57.607	42.242	53.535	62.57	45.972	56.539	55.087	44.749	54.912
619850	ARG	 109 	GLY	 111 	ILE	 112 	3	41.8666709021	1	7.5263012164	57.607	42.242	53.535	53.768	42.089	57.238	50.399	41.577	55.596
619924	ARG	 109 	GLY	 176 	GLY	 111 	5	59.9115179241	1	8.00532891267	57.607	42.242	53.535	59.341	47.48	55.247	53.768	42.089	57.238
632743	ARG	 109 	VAL	 172 	HIS	 175 	8	79.2717374451	1	7.59013715291	57.607	42.242	53.535	64.38	44.76	51.212	62.57	45.972	56.539
619780	ARG	 109 	GLY	 176 	HIS	 175 	5	52.8651997849	1	6.89697651149	57.607	42.242	53.535	59.341	47.48	55.247	62.57	45.972	56.539
301180	GLY	 111 	ILE	 112 	PHE	 110 	5	57.0355642405	1	5.70147209061	53.768	42.089	57.238	50.399	41.577	55.596	55.087	44.749	54.912
299738	GLY	 176 	HIS	 175 	PHE	 110 	3	43.4467809342	1	7.75487891588	59.341	47.48	55.247	62.57	45.972	56.539	55.087	44.749	54.912
648218	ASN	 177 	GLY	 176 	PHE	 110 	3	38.4631312547	1	7.99874827707	60.006	50.532	57.43	59.341	47.48	55.247	55.087	44.749	54.912
393775	ASP	 116 	ASP	 114 	ILE	 112 	8	82.1201059985	1	6.9218100234	43.885	39.24	55.463	47.539	37.455	51.885	50.399	41.577	55.596
394062	ASP	 114 	ASP	 116 	ASP	 113 	7	72.6370483814	1	5.41664333328	47.539	37.455	51.885	43.885	39.24	55.463	48.827	38.149	55.357
393488	ASP	 114 	ASP	 116 	GLN	 115 	9	89.9090795261	1	5.41664333328	47.539	37.455	51.885	43.885	39.24	55.463	44.26	36.18	53.282
393487	ASP	 114 	ASP	 116 	GLN	 118 	8	82.9320369106	1	5.99906509383	47.539	37.455	51.885	43.885	39.24	55.463	41.998	39.206	50.395
537484	TYR	 117 	ASP	 114 	GLN	 118 	5	59.5828021845	1	5.99906509383	44.515	41.274	52.325	47.539	37.455	51.885	41.998	39.206	50.395
525967	TYR	 117 	GLN	 115 	GLN	 118 	8	76.4978883524	1	5.18938435655	44.515	41.274	52.325	44.26	36.18	53.282	41.998	39.206	50.395
659887	ASN	 119 	TYR	 117 	GLN	 115 	8	80.1793531415	1	6.02721726836	39.216	39.466	52.986	44.515	41.274	52.325	44.26	36.18	53.282
641167	ASN	 119 	GLN	 115 	GLN	 118 	8	77.3634043015	1	6.02721726836	39.216	39.466	52.986	44.26	36.18	53.282	41.998	39.206	50.395
660462	ASN	 119 	TYR	 117 	ASP	 116 	7	70.6678927849	1	5.63783522285	39.216	39.466	52.986	44.515	41.274	52.325	43.885	39.24	55.463
540940	TYR	 117 	SER	 120 	ASP	 116 	5	59.2573553635	1	6.19923592066	44.515	41.274	52.325	39.604	43.211	53.381	43.885	39.24	55.463
451088	SER	 120 	ASP	 116 	GLN	 118 	9	88.569001938	1	6.19923592066	39.604	43.211	53.381	43.885	39.24	55.463	41.998	39.206	50.395
655565	ASN	 119 	SER	 120 	GLN	 118 	6	60.6255482546	1	5.53962607041	39.216	39.466	52.986	39.604	43.211	53.381	41.998	39.206	50.395
657004	ASN	 119 	THR	 122 	GLN	 118 	5	59.1363551469	1	6.08018198741	39.216	39.466	52.986	36.213	40.684	49.247	41.998	39.206	50.395
664201	ASN	 119 	ARG	 123 	GLN	 118 	2	29.4035621431	1	8.08192514194	39.216	39.466	52.986	34.314	40.519	52.528	41.998	39.206	50.395
482768	THR	 122 	SER	 120 	GLN	 118 	9	83.956009479	1	6.08018198741	36.213	40.684	49.247	39.604	43.211	53.381	41.998	39.206	50.395
628204	ARG	 123 	THR	 122 	GLN	 118 	5	57.2257400575	1	8.08192514194	34.314	40.519	52.528	36.213	40.684	49.247	41.998	39.206	50.395
664924	ASN	 119 	ARG	 123 	SER	 120 	5	60.2533384615	1	5.99654675626	39.216	39.466	52.986	34.314	40.519	52.528	39.604	43.211	53.381
571324	VAL	 121 	THR	 122 	SER	 120 	5	54.1331399914	1	5.91392982711	38.795	43.466	49.674	36.213	40.684	49.247	39.604	43.211	53.381
569883	VAL	 121 	SER	 124 	SER	 120 	4	51.722462838	1	7.43102825994	38.795	43.466	49.674	32.33	43.708	51.945	39.604	43.211	53.381
627483	ARG	 123 	SER	 120 	SER	 124 	4	47.9603817888	1	7.43102825994	34.314	40.519	52.528	39.604	43.211	53.381	32.33	43.708	51.945
541086	TYR	 143 	SER	 120 	SER	 124 	7	75.6351395973	1	7.43102825994	35.35	48.289	54.338	39.604	43.211	53.381	32.33	43.708	51.945
604372	ALA	 125 	VAL	 121 	PRO	 126 	5	60.0693269717	1	6.93422331628	32.405	46.063	48.962	38.795	43.466	49.674	35.032	48.859	49.3
598611	ALA	 125 	SER	 124 	PRO	 126 	4	45.9184639472	1	6.38980672634	32.405	46.063	48.962	32.33	43.708	51.945	35.032	48.859	49.3
481611	THR	 142 	PRO	 126 	ILE	 127 	4	51.3791093163	1	6.36020801547	38.387	48.625	52.054	35.032	48.859	49.3	33.506	52.243	50.173
657655	ASN	 128 	THR	 141 	PRO	 126 	8	77.7255237645	1	6.75899112294	34.479	55.553	48.546	39.234	52.14	50.986	35.032	48.859	49.3
484854	THR	 141 	THR	 142 	PRO	 126 	7	69.329430618	1	5.5914542831	39.234	52.14	50.986	38.387	48.625	52.054	35.032	48.859	49.3
655850	ASN	 128 	SER	 129 	ILE	 127 	3	40.4418257302	1	6.61415330938	34.479	55.553	48.546	36.73	58.015	50.365	33.506	52.243	50.173
656137	ASN	 128 	SER	 129 	ASP	 130 	2	33.1313735346	1	6.95139273815	34.479	55.553	48.546	36.73	58.015	50.365	37.649	61.653	49.577
656285	ASN	 128 	SER	 131 	SER	 129 	6	64.1827695154	1	7.86635760692	34.479	55.553	48.546	39.132	61.4	46.088	36.73	58.015	50.365
656863	ASN	 128 	THR	 141 	PHE	 139 	8	82.5862132241	1	6.97565774676	34.479	55.553	48.546	39.234	52.14	50.986	40.027	56.966	46.012
450943	SER	 129 	ASP	 130 	PHE	 139 	8	77.4055309707	1	6.35075412845	36.73	58.015	50.365	37.649	61.653	49.577	40.027	56.966	46.012
451226	SER	 129 	ASP	 130 	LEU	 140 	3	41.6168096808	1	8.00069753209	36.73	58.015	50.365	37.649	61.653	49.577	38.535	53.919	47.73
453823	SER	 129 	SER	 131 	PHE	 139 	8	77.691329538	1	5.95991258325	36.73	58.015	50.365	39.132	61.4	46.088	40.027	56.966	46.012
451082	SER	 131 	ASP	 130 	GLN	 132 	3	43.5101877528	1	6.44714991295	39.132	61.4	46.088	37.649	61.653	49.577	41.642	64.08	45.135
626762	ARG	 138 	SER	 131 	GLN	 132 	3	43.0873450183	1	7.32497447095	39.039	57.779	42.456	39.132	61.4	46.088	41.642	64.08	45.135
439418	SER	 131 	GLN	 132 	PHE	 139 	3	40.3023116992	1	7.34754040479	39.132	61.4	46.088	41.642	64.08	45.135	40.027	56.966	46.012
628207	ARG	 138 	THR	 137 	GLN	 132 	8	80.8725400735	1	7.32497447095	39.039	57.779	42.456	40.658	60.043	39.831	41.642	64.08	45.135
612220	ARG	 138 	GLN	 132 	PHE	 139 	5	53.3955982985	1	7.34754040479	39.039	57.779	42.456	41.642	64.08	45.135	40.027	56.966	46.012
628057	ARG	 138 	THR	 137 	PHE	 139 	2	32.5953758802	1	6.9333145753	39.039	57.779	42.456	40.658	60.043	39.831	40.027	56.966	46.012
484635	THR	 137 	THR	 151 	LYS	 150 	4	46.1490138959	1	7.56149548701	40.658	60.043	39.831	42.704	54.482	40.185	43.459	54.321	43.904
471097	THR	 141 	LEU	 140 	PHE	 139 	2	31.154678405	1	6.97565774676	39.234	52.14	50.986	38.535	53.919	47.73	40.027	56.966	46.012
484345	THR	 142 	THR	 141 	LEU	 140 	2	33.9095263953	1	6.83705462901	38.387	48.625	52.054	39.234	52.14	50.986	38.535	53.919	47.73
542600	TYR	 143 	THR	 141 	THR	 142 	9	89.2956811636	1	6.41494824609	35.35	48.289	54.338	39.234	52.14	50.986	38.387	48.625	52.054
484779	THR	 141 	THR	 142 	ASP	 144 	4	49.2317106738	1	7.58017895567	39.234	52.14	50.986	38.387	48.625	52.054	37.85	47.976	57.167
484492	THR	 142 	THR	 141 	ILE	 149 	5	58.5203563321	1	7.59675364876	38.387	48.625	52.054	39.234	52.14	50.986	42.447	51.54	46.333
628778	ARG	 145 	THR	 141 	ASP	 144 	3	42.3789134375	1	7.58017895567	39.679	51.242	56.261	39.234	52.14	50.986	37.85	47.976	57.167
636198	ARG	 146 	ARG	 145 	THR	 142 	7	71.434499246	1	6.27001387558	42.978	49.352	56.262	39.679	51.242	56.261	38.387	48.625	52.054
636339	ARG	 146 	ARG	 145 	TYR	 143 	4	50.5725192972	1	7.9383958707	42.978	49.352	56.262	39.679	51.242	56.261	35.35	48.289	54.338
635981	ARG	 146 	ARG	 145 	ASP	 144 	6	64.2020463943	1	5.38598041214	42.978	49.352	56.262	39.679	51.242	56.261	37.85	47.976	57.167
665357	ASN	 203 	ARG	 145 	ARG	 146 	6	63.7682350029	1	7.71869276497	46.694	53.655	54.129	39.679	51.242	56.261	42.978	49.352	56.262
636128	ARG	 145 	ARG	 146 	SER	 206 	9	83.9483785265	1	7.25221028377	39.679	51.242	56.261	42.978	49.352	56.262	44.504	54.39	60.666
626983	ARG	 145 	SER	 206 	HIS	 207 	8	80.7801294138	1	7.25221028377	39.679	51.242	56.261	44.504	54.39	60.666	41.484	52.129	60.122
635263	ARG	 202 	ARG	 146 	PHE	 147 	8	82.1223322728	1	6.0927044898	48.052	50.268	53.016	42.978	49.352	56.262	43.791	49.395	52.538
665357	ASN	 203 	ARG	 146 	ARG	 202 	6	62.824917326	1	6.0927044898	46.694	53.655	54.129	42.978	49.352	56.262	48.052	50.268	53.016
560378	VAL	 148 	ILE	 149 	PHE	 147 	3	37.6919582529	1	6.70144656026	43.181	52.14	50.004	42.447	51.54	46.333	43.791	49.395	52.538
477290	THR	 151 	LYS	 150 	ILE	 149 	3	36.1721819692	1	6.82050709258	42.704	54.482	40.185	43.459	54.321	43.904	42.447	51.54	46.333
571035	VAL	 152 	THR	 151 	LYS	 150 	4	51.3689874621	1	6.05738862877	46.023	55.266	38.498	42.704	54.482	40.185	43.459	54.321	43.904
478877	THR	 151 	MET	 198 	LYS	 150 	6	64.9007555312	1	5.46964898325	42.704	54.482	40.185	44.227	50.361	40.21	43.459	54.321	43.904
484927	THR	 196 	THR	 151 	SER	 153 	8	78.7722279846	1	8.09333911312	40.62	50.637	34.564	42.704	54.482	40.185	46.696	55.978	34.805
542595	TYR	 197 	THR	 151 	THR	 196 	4	48.6881239269	1	7.12198862678	43.921	50.619	36.423	42.704	54.482	40.185	40.62	50.637	34.564
484709	THR	 196 	THR	 151 	MET	 198 	6	65.9249690397	1	7.12198862678	40.62	50.637	34.564	42.704	54.482	40.185	44.227	50.361	40.21
542311	TYR	 197 	THR	 151 	MET	 198 	8	81.7466615753	1	5.52779359238	43.921	50.619	36.423	42.704	54.482	40.185	44.227	50.361	40.21
571111	VAL	 199 	THR	 151 	MET	 198 	8	81.5705681668	1	6.49437364185	47.031	50.4	42.791	42.704	54.482	40.185	44.227	50.361	40.21
566354	VAL	 152 	ASP	 156 	GLU	 155 	3	41.0238004295	1	8.0378589811	46.023	55.266	38.498	51.616	55.348	36.311	51.403	56.13	32.589
383476	ASP	 156 	GLU	 159 	GLU	 155 	5	54.2013564442	1	6.35086435062	51.616	55.348	36.311	56.16	54.028	36.234	51.403	56.13	32.589
585076	ALA	 158 	GLU	 155 	GLU	 159 	5	56.7987254234	1	6.35086435062	54.352	51.96	33.601	51.403	56.13	32.589	56.16	54.028	36.234
595591	ALA	 158 	ASP	 156 	MET	 160 	8	79.4645486695	1	6.10095533503	54.352	51.96	33.601	51.616	55.348	36.311	55.45	51.248	38.701
565059	VAL	 157 	MET	 160 	HIS	 161 	4	52.3625186994	1	6.64882591139	51.262	51.589	35.773	55.45	51.248	38.701	57.281	48.839	36.418
593862	ALA	 158 	MET	 160 	HIS	 161 	7	72.0618381539	1	5.26522060317	54.352	51.96	33.601	55.45	51.248	38.701	57.281	48.839	36.418
663272	ASN	 162 	ALA	 158 	MET	 160 	9	86.4791375746	1	6.51145244934	60.334	51.015	35.993	54.352	51.96	33.601	55.45	51.248	38.701
662982	ASN	 162 	ALA	 158 	HIS	 161 	7	72.6590101863	1	6.51145244934	60.334	51.015	35.993	54.352	51.96	33.601	57.281	48.839	36.418
357557	MET	 160 	HIS	 161 	GLU	 159 	6	64.0895964097	1	5.3118940125	55.45	51.248	38.701	57.281	48.839	36.418	56.16	54.028	36.234
645560	ASN	 162 	HIS	 161 	GLU	 159 	9	87.3737732241	1	5.3118940125	60.334	51.015	35.993	57.281	48.839	36.418	56.16	54.028	36.234
651464	ASN	 162 	MET	 160 	HIS	 161 	9	89.6896467202	1	5.58936570641	60.334	51.015	35.993	55.45	51.248	38.701	57.281	48.839	36.418
650019	ASN	 162 	LYS	 165 	HIS	 161 	4	51.6560290477	1	7.52457420722	60.334	51.015	35.993	62.699	46.372	41.02	57.281	48.839	36.418
650236	ASN	 162 	LYS	 166 	LYS	 165 	5	54.9702839	1	8.09105221835	60.334	51.015	35.993	64.543	49.213	42.664	62.699	46.372	41.02
333148	LYS	 166 	LYS	 165 	LEU	 164 	5	60.4290081522	1	5.57203033014	64.543	49.213	42.664	62.699	46.372	41.02	59.328	48.197	40.985
333224	LYS	 166 	LYS	 165 	HIS	 168 	9	86.3759257271	1	5.3316094193	64.543	49.213	42.664	62.699	46.372	41.02	61.512	46.35	45.987
328684	LYS	 165 	HIS	 168 	GLN	 169 	5	58.1940650198	1	6.19567413604	62.699	46.372	41.02	61.512	46.35	45.987	65.24	46.236	46.669
534821	TYR	 167 	LYS	 166 	HIS	 168 	6	63.688719867	1	5.3316094193	61.649	49.996	45.049	64.543	49.213	42.664	61.512	46.35	45.987
534608	TYR	 167 	LYS	 166 	GLN	 169 	9	83.4919361439	1	5.44584988776	61.649	49.996	45.049	64.543	49.213	42.664	65.24	46.236	46.669
324220	LYS	 166 	GLN	 169 	PHE	 170 	5	58.7783436099	1	6.15739466008	64.543	49.213	42.664	65.24	46.236	46.669	64.803	49.366	48.814
530285	TYR	 167 	HIS	 168 	GLN	 169 	6	61.8709936848	1	5.44584988776	61.649	49.996	45.049	61.512	46.35	45.987	65.24	46.236	46.669
531942	TYR	 167 	ILE	 171 	HIS	 168 	7	73.6069147033	1	6.20732406114	61.649	49.996	45.049	62.019	47.702	50.805	61.512	46.35	45.987
271085	ILE	 171 	HIS	 168 	GLN	 169 	6	67.5164445673	1	5.44338984457	62.019	47.702	50.805	61.512	46.35	45.987	65.24	46.236	46.669
559087	VAL	 172 	HIS	 168 	GLN	 169 	8	76.0321419452	1	6.16880450331	64.38	44.76	51.212	61.512	46.35	45.987	65.24	46.236	46.669
265180	ILE	 171 	CYS	 174 	PHE	 170 	5	55.6829982942	1	6.44207862417	62.019	47.702	50.805	64.447	48.986	55.235	64.803	49.366	48.814
646856	ASN	 177 	ILE	 171 	CYS	 174 	9	89.7018869232	1	7.48008649683	60.006	50.532	57.43	62.019	47.702	50.805	64.447	48.986	55.235
474054	THR	 178 	ILE	 171 	CYS	 174 	7	75.0838606549	1	7.72531429781	59.459	53.543	55.165	62.019	47.702	50.805	64.447	48.986	55.235
648651	ASN	 177 	GLY	 176 	ILE	 171 	4	51.8060371251	1	7.48008649683	60.006	50.532	57.43	59.341	47.48	55.247	62.019	47.702	50.805
559013	VAL	 172 	HIS	 175 	CYS	 174 	6	64.5566841562	1	5.83507446396	64.38	44.76	51.212	62.57	45.972	56.539	64.447	48.986	55.235
239336	HIS	 175 	GLU	 173 	CYS	 174 	9	89.2900645147	1	5.63790297895	62.57	45.972	56.539	66.86	46.999	53.028	64.447	48.986	55.235
299813	GLY	 176 	HIS	 175 	CYS	 174 	6	63.9586678214	1	5.3234778106	59.341	47.48	55.247	62.57	45.972	56.539	64.447	48.986	55.235
645414	ASN	 177 	HIS	 175 	CYS	 174 	7	71.2066368763	1	5.30674825105	60.006	50.532	57.43	62.57	45.972	56.539	64.447	48.986	55.235
648296	ASN	 177 	GLY	 176 	CYS	 174 	9	87.7911420614	1	5.3234778106	60.006	50.532	57.43	59.341	47.48	55.247	64.447	48.986	55.235
475494	THR	 178 	GLY	 176 	CYS	 174 	7	74.3320385027	1	6.75657405791	59.459	53.543	55.165	59.341	47.48	55.247	64.447	48.986	55.235
656933	ASN	 177 	THR	 178 	CYS	 174 	6	64.4644125574	1	6.75657405791	60.006	50.532	57.43	59.459	53.543	55.165	64.447	48.986	55.235
648581	ASN	 177 	GLY	 176 	HIS	 175 	6	64.5075923856	1	5.30674825105	60.006	50.532	57.43	59.341	47.48	55.247	62.57	45.972	56.539
657363	ASN	 177 	THR	 178 	GLY	 176 	4	51.412853793	1	6.06470254835	60.006	50.532	57.43	59.459	53.543	55.165	59.341	47.48	55.247
657145	ASN	 177 	THR	 178 	LEU	 179 	2	26.6051746383	1	7.12561506117	60.006	50.532	57.43	59.459	53.543	55.165	57.232	56.565	54.845
593786	ALA	 366 	MET	 365 	LEU	 179 	3	39.5365872509	1	7.22387001544	53.87	59.309	55.003	52.608	60.974	58.216	57.232	56.565	54.845
410620	PRO	 181 	GLN	 182 	PHE	 183 	5	52.9717945564	1	5.98481687272	53.73	54.143	49.891	53.799	50.39	50.494	52.326	48.939	47.29
481183	THR	 201 	PRO	 181 	PHE	 183 	8	76.7850401507	1	6.79567097497	48.166	50.305	49.189	53.73	54.143	49.891	52.326	48.939	47.29
625183	ARG	 202 	PRO	 181 	PHE	 183 	8	78.1911981951	1	7.55122069602	48.052	50.268	53.016	53.73	54.143	49.891	52.326	48.939	47.29
416815	PRO	 181 	ILE	 370 	ILE	 367 	8	82.4738640919	1	7.44362102743	53.73	54.143	49.891	55.271	58.796	44.289	55.127	60.375	51.535
416816	PRO	 181 	ILE	 370 	ILE	 368 	9	84.1574916827	1	7.44362102743	53.73	54.143	49.891	55.271	58.796	44.289	52.339	60.2	48.954
468223	THR	 201 	GLN	 182 	PHE	 183 	8	77.2171339571	1	5.78281410734	48.166	50.305	49.189	53.799	50.39	50.494	52.326	48.939	47.29
612219	ARG	 202 	GLN	 182 	PHE	 183 	4	51.3721844753	1	7.26776396149	48.052	50.268	53.016	53.799	50.39	50.494	52.326	48.939	47.29
628207	ARG	 202 	THR	 201 	GLN	 182 	8	82.2228614229	1	6.27721092524	48.052	50.268	53.016	48.166	50.305	49.189	53.799	50.39	50.494
355899	MET	 186 	LEU	 184 	PHE	 183 	4	49.9636413752	1	7.73230741758	48.445	46.615	41.019	50.474	45.723	47.933	52.326	48.939	47.29
360504	MET	 186 	GLY	 185 	LEU	 184 	1	23.0984895795	1	7.26057167171	48.445	46.615	41.019	49.057	45.119	44.464	50.474	45.723	47.933
570964	VAL	 200 	THR	 201 	GLY	 185 	5	58.1183727278	1	7.07206490355	46.154	48.965	46.222	48.166	50.305	49.189	49.057	45.119	44.464
631585	ARG	 188 	TYR	 187 	MET	 186 	2	23.9001997689	1	7.27346279292	43.755	46.42	35.463	45.558	45.605	38.722	48.445	46.615	41.019
545187	TYR	 197 	TYR	 187 	MET	 186 	4	44.9571168479	1	7.59090297659	43.921	50.619	36.423	45.558	45.605	38.722	48.445	46.615	41.019
622952	ARG	 188 	MET	 186 	MET	 198 	9	85.1760799091	1	7.27346279292	43.755	46.42	35.463	48.445	46.615	41.019	44.227	50.361	40.21
573988	VAL	 199 	TYR	 197 	MET	 186 	5	58.0714055636	1	7.59090297659	47.031	50.4	42.791	43.921	50.619	36.423	48.445	46.615	41.019
565352	VAL	 200 	MET	 198 	MET	 186 	9	85.2566039229	1	6.46577829809	46.154	48.965	46.222	44.227	50.361	40.21	48.445	46.615	41.019
631226	ARG	 188 	TYR	 187 	LEU	 189 	3	43.418506545	1	6.46282020483	43.755	46.42	35.463	45.558	45.605	38.722	40.064	45.545	35.319
632020	ARG	 188 	TYR	 197 	TYR	 187 	5	60.4752125539	1	5.75372627086	43.755	46.42	35.463	43.921	50.619	36.423	45.558	45.605	38.722
545190	TYR	 187 	TYR	 197 	MET	 198 	7	72.5680026741	1	5.75372627086	45.558	45.605	38.722	43.921	50.619	36.423	44.227	50.361	40.21
574423	VAL	 199 	TYR	 197 	TYR	 187 	8	83.0426616424	1	7.09023871248	47.031	50.4	42.791	43.921	50.619	36.423	45.558	45.605	38.722
622586	ARG	 188 	MET	 198 	LEU	 189 	3	42.2021883405	1	8.02784566369	43.755	46.42	35.463	44.227	50.361	40.21	40.064	45.545	35.319
631588	ARG	 188 	TYR	 197 	MET	 198 	5	53.7549291025	1	6.18775193426	43.755	46.42	35.463	43.921	50.619	36.423	44.227	50.361	40.21
571178	VAL	 191 	THR	 190 	ASP	 192 	3	38.3568343824	1	6.73078970107	34.194	46.14	31.89	37.99	45.879	32.13	32.353	47.384	28.774
571399	VAL	 194 	THR	 196 	THR	 190 	8	80.856561542	1	6.51751563097	36.78	49.996	29.337	40.62	50.637	34.564	37.99	45.879	32.13
484280	THR	 190 	THR	 196 	GLU	 195 	9	83.4079211025	1	5.95649393519	37.99	45.879	32.13	40.62	50.637	34.564	40.12	49.391	31.019
541874	TYR	 197 	THR	 196 	GLU	 195 	3	37.4358436703	1	6.72002983624	43.921	50.619	36.423	40.62	50.637	34.564	40.12	49.391	31.019
542306	TYR	 197 	THR	 196 	MET	 198 	3	38.0892638737	1	6.70551571469	43.921	50.619	36.423	40.62	50.637	34.564	44.227	50.361	40.21
575714	VAL	 199 	VAL	 200 	THR	 201 	3	43.554253746	1	6.498588616	47.031	50.4	42.791	46.154	48.965	46.222	48.166	50.305	49.189
664995	ASN	 203 	ARG	 202 	THR	 201 	4	50.3899274842	1	6.14759172359	46.694	53.655	54.129	48.052	50.268	53.016	48.166	50.305	49.189
665210	ASN	 203 	ARG	 202 	VAL	 204 	3	34.4969451865	1	6.83146001964	46.694	53.655	54.129	48.052	50.268	53.016	48.506	56.465	55.855
661180	ASN	 203 	VAL	 204 	PHE	 205 	5	59.9293245532	1	5.54928977438	46.694	53.655	54.129	48.506	56.465	55.855	45.712	57.168	58.311
645343	ASN	 203 	HIS	 207 	PHE	 205 	8	78.0513736751	1	8.08633569672	46.694	53.655	54.129	41.484	52.129	60.122	45.712	57.168	58.311
655779	ASN	 203 	SER	 206 	HIS	 207 	4	46.0841373274	1	8.08633569672	46.694	53.655	54.129	44.504	54.39	60.666	41.484	52.129	60.122
564699	VAL	 204 	MET	 365 	PHE	 205 	4	45.8343330641	1	7.8771490401	48.506	56.465	55.855	52.608	60.974	58.216	45.712	57.168	58.311
443738	SER	 206 	HIS	 207 	PHE	 205 	3	36.4733888647	1	6.82255274806	44.504	54.39	60.666	41.484	52.129	60.122	45.712	57.168	58.311
442298	SER	 206 	LEU	 209 	PHE	 205 	3	39.5024333689	1	7.84929965029	44.504	54.39	60.666	41.244	56.223	64.695	45.712	57.168	58.311
482619	THR	 210 	SER	 206 	PHE	 205 	4	49.6561396683	1	7.82553103629	39.682	59.198	62.867	44.504	54.39	60.666	45.712	57.168	58.311
597819	ALA	 350 	SER	 206 	PHE	 205 	4	44.468562505	1	7.36995332414	48.716	51.398	61.775	44.504	54.39	60.666	45.712	57.168	58.311
292543	GLY	 284 	PHE	 205 	PHE	 364 	8	79.3362093272	1	6.40367035379	46.76	63.367	59.528	45.712	57.168	58.311	49.817	60.081	60.64
436543	SER	 353 	PHE	 205 	PHE	 364 	8	78.2307756242	1	7.61183768876	51.306	56.879	63.465	45.712	57.168	58.311	49.817	60.081	60.64
449504	SER	 353 	MET	 365 	PHE	 205 	9	87.4600780537	1	7.8771490401	51.306	56.879	63.465	52.608	60.974	58.216	45.712	57.168	58.311
350141	MET	 365 	PHE	 205 	PHE	 364 	6	67.0966663099	1	7.8771490401	52.608	60.974	58.216	45.712	57.168	58.311	49.817	60.081	60.64
444031	SER	 206 	HIS	 207 	LEU	 209 	8	79.6462451525	1	6.14253734217	44.504	54.39	60.666	41.484	52.129	60.122	41.244	56.223	64.695
482979	THR	 210 	SER	 206 	HIS	 207 	4	49.6315078196	1	7.79442044029	39.682	59.198	62.867	44.504	54.39	60.666	41.484	52.129	60.122
598178	ALA	 350 	SER	 206 	HIS	 207 	3	42.8846112415	1	7.45443451913	48.716	51.398	61.775	44.504	54.39	60.666	41.484	52.129	60.122
627486	ARG	 208 	SER	 345 	SER	 206 	7	72.3288461483	1	8.00779626364	40.364	52.615	63.713	47.54	53.051	67.24	44.504	54.39	60.666
628419	ARG	 208 	THR	 210 	HIS	 207 	4	47.4204177729	1	7.79442044029	40.364	52.615	63.713	39.682	59.198	62.867	41.484	52.129	60.122
472827	THR	 210 	HIS	 286 	LEU	 209 	4	51.9856310253	1	7.19071755807	39.682	59.198	62.867	43.919	62.836	65.6	41.244	56.223	64.695
570819	VAL	 211 	THR	 210 	HIS	 212 	4	49.8093137342	1	6.12549010284	41.631	61.986	61.143	39.682	59.198	62.867	40.372	65.275	62.527
472903	THR	 210 	HIS	 286 	HIS	 212 	8	80.8443712319	1	6.21743532335	39.682	59.198	62.867	43.919	62.836	65.6	40.372	65.275	62.527
599623	ALA	 291 	THR	 210 	HIS	 286 	8	76.4047813729	1	7.74673957223	37.526	61.73	69.833	39.682	59.198	62.867	43.919	62.836	65.6
562179	VAL	 211 	GLY	 284 	HIS	 212 	4	46.4042731437	1	7.3103357652	41.631	61.986	61.143	46.76	63.367	59.528	40.372	65.275	62.527
560741	VAL	 211 	ILE	 285 	HIS	 212 	6	64.6346481487	1	5.76916683759	41.631	61.986	61.143	46.081	64.622	63.041	40.372	65.275	62.527
621218	ARG	 213 	LYS	 214 	HIS	 212 	3	35.927602059	1	6.86722636878	42.735	67.565	60.539	44.591	66.706	57.301	40.372	65.275	62.527
619779	ARG	 213 	GLY	 284 	HIS	 212 	4	49.4096772802	1	7.3103357652	42.735	67.565	60.539	46.76	63.367	59.528	40.372	65.275	62.527
616902	ARG	 213 	HIS	 286 	HIS	 212 	7	71.74334934	1	7.02702056351	42.735	67.565	60.539	43.919	62.836	65.6	40.372	65.275	62.527
300103	GLY	 284 	HIS	 212 	HIS	 286 	8	75.8719846058	1	7.3103357652	46.76	63.367	59.528	40.372	65.275	62.527	43.919	62.836	65.6
271302	ILE	 285 	HIS	 212 	HIS	 286 	7	70.8227551061	1	5.76916683759	46.081	64.622	63.041	40.372	65.275	62.527	43.919	62.836	65.6
386502	ASP	 287 	HIS	 212 	HIS	 286 	7	71.407769147	1	6.73622780197	42.852	64.672	68.761	40.372	65.275	62.527	43.919	62.836	65.6
631736	ARG	 213 	TYR	 215 	PRO	 236 	9	86.8019206049	1	7.82456733628	42.735	67.565	60.539	47.501	68.165	55.295	39.956	69.738	53.945
537913	TYR	 215 	ASP	 216 	LYS	 214 	2	26.3270149081	1	7.18754631289	47.501	68.165	55.295	49.326	67.707	51.987	44.591	66.706	57.301
534964	TYR	 215 	LYS	 214 	GLY	 284 	5	58.9931096742	1	6.44113142235	47.501	68.165	55.295	44.591	66.706	57.301	46.76	63.367	59.528
542450	TYR	 215 	THR	 237 	PRO	 236 	3	34.8833083167	1	7.82456733628	47.501	68.165	55.295	43.303	68.751	52.457	39.956	69.738	53.945
538783	TYR	 215 	PRO	 236 	PHE	 238 	8	76.9264079071	1	7.82456733628	47.501	68.165	55.295	39.956	69.738	53.945	45.189	71.719	53.881
573843	VAL	 283 	TYR	 215 	GLY	 284 	4	52.4098182652	1	6.44113142235	49.682	64.562	57.452	47.501	68.165	55.295	46.76	63.367	59.528
393343	ASP	 240 	ASP	 216 	PHE	 238 	8	79.3782056193	1	7.16562544374	51.899	74.081	53.019	49.326	67.707	51.987	45.189	71.719	53.881
448561	SER	 280 	LYS	 218 	GLY	 219 	2	32.1199604696	1	7.19892922593	54.078	65.324	49.021	54.634	69.397	49.301	57.485	71.426	50.748
391035	ASP	 240 	LYS	 218 	LYS	 239 	4	48.5833784139	1	7.64636619578	51.899	74.081	53.019	54.634	69.397	49.301	48.422	72.761	52.227
540795	TYR	 279 	SER	 280 	LYS	 218 	4	48.4398998574	1	6.54107047814	55.307	63.982	45.694	54.078	65.324	49.021	54.634	69.397	49.301
292544	GLY	 219 	PHE	 410 	PHE	 407 	9	85.0544985323	1	5.39811791275	57.485	71.426	50.748	60.519	71.511	55.212	61.243	68.155	51.062
648224	ASN	 408 	GLY	 219 	PHE	 410 	9	88.3167758168	1	8.07337104313	63.319	66.868	53.968	57.485	71.426	50.748	60.519	71.511	55.212
651607	ASN	 408 	MET	 411 	GLY	 219 	8	79.5977860017	1	8.07337104313	63.319	66.868	53.968	59.357	68.351	56.969	57.485	71.426	50.748
571323	VAL	 222 	THR	 221 	SER	 220 	4	49.2996219195	1	6.18158515269	55.661	79.218	47.99	58.813	77.103	47.637	57.796	73.435	47.531
634970	ARG	 224 	ALA	 223 	VAL	 222 	3	36.7034447662	1	6.79113790171	49.786	77.141	45.29	53.152	78.914	45.132	55.661	79.218	47.99
635042	ARG	 224 	ALA	 226 	ALA	 223 	3	35.4685295598	1	8.06883393062	49.786	77.141	45.29	47.131	76.772	50.058	53.152	78.914	45.132
634682	ARG	 224 	ALA	 226 	SER	 227 	3	42.1346037827	1	7.59733078127	49.786	77.141	45.29	47.131	76.772	50.058	43.759	75.15	49.465
598033	ALA	 226 	SER	 227 	GLU	 225 	2	27.0483004605	1	7.13565722271	47.131	76.772	50.058	43.759	75.15	49.465	50.747	76.476	48.893
393557	ASP	 242 	ASP	 240 	GLU	 225 	6	61.8175608664	1	7.27745821012	47.773	76.677	55.532	51.899	74.081	53.019	50.747	76.476	48.893
592059	ALA	 226 	LYS	 239 	PHE	 238 	4	49.8252527785	1	6.62717903787	47.131	76.772	50.058	48.422	72.761	52.227	45.189	71.719	53.881
451514	SER	 227 	ASP	 228 	LYS	 229 	3	42.7135135096	1	6.5204397091	43.759	75.15	49.465	40.949	76.776	47.482	37.456	75.263	47.799
483411	THR	 237 	SER	 227 	PRO	 236 	4	47.3032027276	1	7.98892689915	43.303	68.751	52.457	43.759	75.15	49.465	39.956	69.738	53.945
390675	ASP	 234 	LYS	 231 	GLU	 230 	4	50.8932724801	1	7.82892974806	34.233	68.19	54.572	38.203	74.693	53.142	38.909	72.563	50.066
422356	PRO	 236 	ASP	 234 	GLU	 230 	5	57.5254100477	1	7.82892974806	39.956	69.738	53.945	34.233	68.19	54.572	38.909	72.563	50.066
469659	THR	 237 	GLU	 230 	PHE	 238 	4	49.7425153818	1	7.39628021373	43.303	68.751	52.457	38.909	72.563	50.066	45.189	71.719	53.881
592635	ALA	 232 	LYS	 231 	LYS	 233 	4	50.640626577	1	6.1008348609	34.565	73.923	52.181	38.203	74.693	53.142	33.15	71.822	54.998
595515	ALA	 232 	ASP	 234 	LYS	 231 	4	46.1529237461	1	7.75208417137	34.565	73.923	52.181	34.233	68.19	54.572	38.203	74.693	53.142
596958	ALA	 232 	PRO	 236 	LYS	 231 	7	71.3988022516	1	7.04902844369	34.565	73.923	52.181	39.956	69.738	53.945	38.203	74.693	53.142
419839	PRO	 236 	LYS	 233 	LYS	 231 	8	81.9158987179	1	7.19538053198	39.956	69.738	53.945	33.15	71.822	54.998	38.203	74.693	53.142
419546	PRO	 236 	LYS	 231 	LEU	 235 	3	35.4934298976	1	8.01176790727	39.956	69.738	53.945	38.203	74.693	53.142	37.729	67.111	55.687
481755	THR	 237 	PRO	 236 	LYS	 231 	4	46.6837081189	1	7.8604445803	43.303	68.751	52.457	39.956	69.738	53.945	38.203	74.693	53.142
596956	ALA	 232 	PRO	 236 	LYS	 233 	5	54.1858117426	1	7.19538053198	34.565	73.923	52.181	39.956	69.738	53.945	33.15	71.822	54.998
481466	THR	 237 	PRO	 236 	LEU	 235 	3	40.7256266573	1	6.64770456624	43.303	68.751	52.457	39.956	69.738	53.945	37.729	67.111	55.687
481180	THR	 237 	PRO	 236 	PHE	 238 	5	59.3957052568	1	5.5957793023	43.303	68.751	52.457	39.956	69.738	53.945	45.189	71.719	53.881
390457	ASP	 240 	LYS	 239 	PHE	 238 	2	25.566811727	1	7.16562544374	51.899	74.081	53.019	48.422	72.761	52.227	45.189	71.719	53.881
321340	LYS	 239 	PHE	 243 	PHE	 238 	5	54.9663984349	1	6.82049074481	48.422	72.761	52.227	49.887	74.588	57.908	45.189	71.719	53.881
378940	ASP	 242 	PHE	 238 	PHE	 243 	5	54.0722091145	1	6.82049074481	47.773	76.677	55.532	45.189	71.719	53.881	49.887	74.588	57.908
653261	ASN	 241 	ASP	 242 	ASP	 240 	6	61.3413786838	1	5.48436514102	51.014	77.682	53.778	47.773	76.677	55.532	51.899	74.081	53.019
665504	ASN	 245 	ASN	 241 	PHE	 243 	9	85.521615678	1	5.926165455	50.395	80.102	59.152	51.014	77.682	53.778	49.887	74.588	57.908
641024	ASN	 245 	GLN	 248 	PHE	 243 	9	87.3733458659	1	7.4938004377	50.395	80.102	59.152	51.234	74.184	63.672	49.887	74.588	57.908
180223	GLU	 246 	GLN	 248 	PHE	 243 	8	82.4077380838	1	5.93307011588	48.429	78.043	61.695	51.234	74.184	63.672	49.887	74.588	57.908
642603	ASN	 245 	GLU	 246 	GLN	 248 	4	51.0869577501	1	7.4938004377	50.395	80.102	59.152	48.429	78.043	61.695	51.234	74.184	63.672
648362	ASN	 245 	GLY	 247 	GLN	 248 	3	43.3438640189	1	7.4938004377	50.395	80.102	59.152	51.422	77.937	64.063	51.234	74.184	63.672
444026	SER	 356 	HIS	 251 	LEU	 250 	3	43.054103344	1	7.33270427605	52.502	63.4	70.676	55.194	67.435	68.964	53.52	68.842	65.868
562180	VAL	 252 	GLY	 253 	HIS	 251 	5	60.2045499522	1	5.545123353	56.362	63.917	68.148	58.998	63.871	70.855	55.194	67.435	68.964
475784	THR	 416 	GLY	 253 	HIS	 251 	9	83.5663290983	1	6.14632133882	59.691	68.875	67.354	58.998	63.871	70.855	55.194	67.435	68.964
454184	SER	 357 	SER	 356 	HIS	 251 	9	85.2099518927	1	5.44440244655	55.148	64.176	73.325	52.502	63.4	70.676	55.194	67.435	68.964
562034	VAL	 252 	GLY	 253 	GLU	 254 	3	35.4763037969	1	6.79945961088	56.362	63.917	68.148	58.998	63.871	70.855	62.765	63.716	70.427
569887	VAL	 252 	SER	 357 	SER	 356 	8	78.7130117225	1	5.32373985089	56.362	63.917	68.148	55.148	64.176	73.325	52.502	63.4	70.676
454324	SER	 356 	SER	 357 	GLY	 253 	5	58.0937826358	1	6.51551210574	52.502	63.4	70.676	55.148	64.176	73.325	58.998	63.871	70.855
655420	ASN	 259 	SER	 256 	PHE	 260 	5	60.4288207751	1	6.01055413419	63.738	57.852	63.747	60.692	59.47	67.449	61.3	59.681	61.473
650240	ASN	 259 	LYS	 257 	LYS	 258 	9	89.6521646854	1	5.61177912965	63.738	57.852	63.747	61.588	62.69	65.608	65.025	61.141	65.104
569594	VAL	 268 	SER	 404 	LYS	 405 	3	36.2480844019	1	7.96970645633	63.416	61.197	49.681	64.893	66.087	47.962	66.787	68.389	50.335
661179	ASN	 408 	VAL	 268 	PHE	 407 	4	52.4919253623	1	7.41908714061	63.319	66.868	53.968	63.416	61.197	49.681	61.243	68.155	51.062
592204	ALA	 272 	LYS	 275 	GLN	 273 	5	59.1448175796	1	6.2490119219	65.83	61.334	44.209	63.707	60.842	39.172	68.077	58.525	42.991
585002	ALA	 272 	GLU	 401 	GLN	 273 	3	39.3890036665	1	7.74365172254	65.83	61.334	44.209	67.868	66.256	43.381	68.077	58.525	42.991
597029	ALA	 272 	PRO	 400 	MET	 277 	6	66.6769225451	1	7.58891942242	65.83	61.334	44.209	64.554	65.967	41.524	59.226	64.413	42.088
419692	PRO	 400 	LYS	 275 	ILE	 276 	5	57.5620176809	1	6.45168016876	64.554	65.967	41.524	63.707	60.842	39.172	60.504	60.956	41.19
421279	PRO	 400 	MET	 277 	LYS	 275 	8	81.5303302342	1	6.42918797361	64.554	65.967	41.524	59.226	64.413	42.088	63.707	60.842	39.172
392329	ASP	 278 	MET	 277 	ILE	 276 	2	24.0541276502	1	7.24598350812	56.088	66.442	42.895	59.226	64.413	42.088	60.504	60.956	41.19
536330	TYR	 279 	MET	 277 	ILE	 276 	3	42.2810743067	1	7.51342139108	55.307	63.982	45.694	59.226	64.413	42.088	60.504	60.956	41.19
421132	PRO	 400 	MET	 277 	ILE	 276 	5	57.1593061441	1	6.45168016876	64.554	65.967	41.524	59.226	64.413	42.088	60.504	60.956	41.19
388015	ASP	 278 	ILE	 370 	ILE	 276 	8	82.9717451233	1	7.81486026746	56.088	66.442	42.895	55.271	58.796	44.289	60.504	60.956	41.19
359067	MET	 277 	ILE	 370 	LEU	 371 	4	47.733080135	1	8.08697774202	59.226	64.413	42.088	55.271	58.796	44.289	53.979	58.423	40.678
654628	ASN	 399 	PRO	 400 	MET	 277 	5	53.6374635871	1	7.80479673022	64.76	69.449	39.868	64.554	65.967	41.524	59.226	64.413	42.088
660391	ASN	 399 	TYR	 403 	MET	 277 	8	81.0683234638	1	7.80479673022	64.76	69.449	39.868	63.387	68.702	45.638	59.226	64.413	42.088
539430	TYR	 403 	PRO	 400 	MET	 277 	7	72.9660072865	1	6.95067924738	63.387	68.702	45.638	64.554	65.967	41.524	59.226	64.413	42.088
538058	TYR	 279 	ASP	 369 	ASP	 278 	3	39.6348691903	1	6.86500538966	55.307	63.982	45.694	52.361	61.155	45.194	56.088	66.442	42.895
537771	TYR	 279 	ASP	 278 	ILE	 370 	4	48.8109594285	1	7.81486026746	55.307	63.982	45.694	56.088	66.442	42.895	55.271	58.796	44.289
451663	SER	 280 	ASP	 278 	ASP	 369 	8	80.2440956195	1	6.86500538966	54.078	65.324	49.021	56.088	66.442	42.895	52.361	61.155	45.194
480464	THR	 372 	ASP	 278 	ASP	 369 	9	85.1617601754	1	7.75544608646	52.024	61.21	38.863	56.088	66.442	42.895	52.361	61.155	45.194
540940	TYR	 279 	SER	 280 	ASP	 369 	5	59.7080499961	1	5.91393092621	55.307	63.982	45.694	54.078	65.324	49.021	52.361	61.155	45.194
531866	TYR	 279 	ILE	 370 	LEU	 371 	3	42.1917418917	1	7.60436197192	55.307	63.982	45.694	55.271	58.796	44.289	53.979	58.423	40.678
355898	MET	 365 	LEU	 282 	PHE	 364 	3	42.8934881383	1	7.49787769972	52.608	60.974	58.216	50.409	63.376	53.931	49.817	60.081	60.64
301538	GLY	 284 	ILE	 285 	HIS	 286 	3	37.5167030904	1	6.72476215193	46.76	63.367	59.528	46.081	64.622	63.041	43.919	62.836	65.6
536407	TYR	 363 	MET	 365 	GLY	 284 	8	80.7493799199	1	6.45344071019	49.968	62.047	63.907	52.608	60.974	58.216	46.76	63.367	59.528
531940	TYR	 363 	ILE	 285 	HIS	 286 	5	54.43959843	1	6.33081124343	49.968	62.047	63.907	46.081	64.622	63.041	43.919	62.836	65.6
531580	TYR	 363 	ILE	 285 	PHE	 364 	5	54.3592800463	1	6.35162798029	49.968	62.047	63.907	46.081	64.622	63.041	49.817	60.081	60.64
566499	VAL	 288 	ASP	 287 	HIS	 286 	4	49.3988914066	1	6.16080092196	42.041	62.106	71.422	42.852	64.672	68.761	43.919	62.836	65.6
595299	ALA	 291 	ASP	 287 	HIS	 286 	4	45.6258124948	1	7.74673957223	37.526	61.73	69.833	42.852	64.672	68.761	43.919	62.836	65.6
386359	ASP	 287 	HIS	 286 	GLU	 361 	8	77.3578844315	1	5.42455979781	42.852	64.672	68.761	43.919	62.836	65.6	47.237	63.542	69.833
530359	TYR	 363 	HIS	 286 	GLU	 361 	8	76.5403823246	1	6.69409157392	49.968	62.047	63.907	43.919	62.836	65.6	47.237	63.542	69.833
566860	VAL	 288 	ASP	 289 	ASP	 287 	5	56.5442304956	1	5.74752294471	42.041	62.106	71.422	40.012	64.314	73.745	42.852	64.672	68.761
575500	VAL	 362 	VAL	 288 	ASP	 287 	5	58.476742959	1	7.66028726615	48.333	61.035	67.186	42.041	62.106	71.422	42.852	64.672	68.761
383403	ASP	 289 	GLU	 292 	GLN	 293 	4	51.5010976733	1	6.72668997353	40.012	64.314	73.745	36.184	60.958	73.319	33.375	63.509	73.003
181808	GLU	 292 	GLU	 294 	GLN	 293 	9	89.9117103386	1	5.44131950909	36.184	60.958	73.319	32.441	62.188	69.566	33.375	63.509	73.003
181805	GLU	 295 	GLU	 294 	GLN	 293 	6	63.3067306194	1	5.37724408968	32.523	58.64	70.886	32.441	62.188	69.566	33.375	63.509	73.003
354607	MET	 296 	GLU	 295 	GLN	 293 	8	82.8779984179	1	5.37724408968	30.426	59.65	73.908	32.523	58.64	70.886	33.375	63.509	73.003
181807	GLU	 297 	GLU	 295 	GLN	 293 	8	79.2126001612	1	6.31964120817	27.553	61.268	71.993	32.523	58.64	70.886	33.375	63.509	73.003
354605	MET	 296 	GLU	 297 	GLN	 293 	6	67.5340587203	1	6.31964120817	30.426	59.65	73.908	27.553	61.268	71.993	33.375	63.509	73.003
181877	GLU	 295 	GLU	 297 	GLU	 294 	6	67.8404958381	1	5.72998542756	32.523	58.64	70.886	27.553	61.268	71.993	32.441	62.188	69.566
354676	MET	 296 	GLU	 295 	GLU	 297 	5	57.5572682154	1	5.72998542756	30.426	59.65	73.908	32.523	58.64	70.886	27.553	61.268	71.993
354676	MET	 296 	GLU	 299 	GLU	 295 	5	53.2884710224	1	6.51981119359	30.426	59.65	73.908	26.986	56.153	73.266	32.523	58.64	70.886
354679	MET	 296 	GLU	 300 	GLU	 297 	8	80.4668225239	1	5.79701181644	30.426	59.65	73.908	24.715	58.91	74.573	27.553	61.268	71.993
181879	GLU	 297 	GLU	 299 	GLU	 300 	8	80.2403794171	1	5.30143782384	27.553	61.268	71.993	26.986	56.153	73.266	24.715	58.91	74.573
613879	ARG	 301 	GLU	 297 	GLU	 300 	8	80.4228619653	1	6.11536572905	22.126	58.455	71.813	27.553	61.268	71.993	24.715	58.91	74.573
585076	ALA	 302 	GLU	 299 	GLU	 303 	5	52.5450999901	1	6.86681359875	21.641	54.779	72.65	26.986	56.153	73.266	20.734	56.158	76.106
383475	ASP	 304 	GLU	 305 	GLU	 303 	4	47.6719126887	1	6.28111240148	18.592	59.142	75.056	17.088	58.559	71.59	20.734	56.158	76.106
422138	PRO	 344 	ASP	 343 	PHE	 342 	3	43.8188537104	1	6.4557605284	45.968	54.684	70.28	42.905	54.547	72.553	42.11	51.15	74.062
453097	SER	 345 	PRO	 344 	ASP	 343 	2	25.1890474907	1	7.20758003771	47.54	53.051	67.24	45.968	54.684	70.28	42.905	54.547	72.553
569809	VAL	 346 	SER	 345 	PRO	 344 	2	32.4988021438	1	6.93728167224	48.999	49.58	66.69	47.54	53.051	67.24	45.968	54.684	70.28
569812	VAL	 362 	SER	 345 	PRO	 344 	5	53.8496372748	1	8.02346689406	48.333	61.035	67.186	47.54	53.051	67.24	45.968	54.684	70.28
569739	VAL	 346 	SER	 345 	ASP	 347 	4	50.4282953017	1	6.1209399605	48.999	49.58	66.69	47.54	53.051	67.24	52.676	50.054	65.789
574202	VAL	 346 	TYR	 349 	SER	 345 	3	36.9548802514	1	7.83908655393	48.999	49.58	66.69	48.959	47.597	61.791	47.54	53.051	67.24
569670	VAL	 346 	SER	 345 	MET	 351 	7	74.0195536732	1	7.9689782281	48.999	49.58	66.69	47.54	53.051	67.24	52.422	51.82	61.063
454543	SER	 353 	SER	 345 	ASP	 347 	8	77.8354383872	1	7.33883512555	51.306	56.879	63.465	47.54	53.051	67.24	52.676	50.054	65.789
540869	TYR	 349 	SER	 345 	MET	 351 	6	67.8376867236	1	7.9689782281	48.959	47.597	61.791	47.54	53.051	67.24	52.422	51.82	61.063
598466	ALA	 350 	SER	 345 	MET	 351 	3	40.2213303457	1	7.9689782281	48.716	51.398	61.775	47.54	53.051	67.24	52.422	51.82	61.063
454469	SER	 345 	SER	 353 	MET	 351 	6	67.3643357713	1	7.9689782281	47.54	53.051	67.24	51.306	56.879	63.465	52.422	51.82	61.063
566788	VAL	 346 	ASP	 347 	MET	 351 	5	58.735096565	1	6.95684253092	48.999	49.58	66.69	52.676	50.054	65.789	52.422	51.82	61.063
537992	TYR	 349 	ASP	 347 	MET	 351 	9	84.7210239283	1	5.98639641187	48.959	47.597	61.791	52.676	50.054	65.789	52.422	51.82	61.063
595590	ALA	 350 	ASP	 347 	MET	 351 	7	73.5980543822	1	5.79656208455	48.716	51.398	61.775	52.676	50.054	65.789	52.422	51.82	61.063
392474	ASP	 347 	MET	 351 	LYS	 352 	3	35.4503838443	1	7.77788724526	52.676	50.054	65.789	52.422	51.82	61.063	52.841	55.527	60.265
451591	SER	 353 	ASP	 347 	MET	 351 	8	83.0167600524	1	7.33883512555	51.306	56.879	63.465	52.676	50.054	65.789	52.422	51.82	61.063
594075	ALA	 350 	MET	 351 	LYS	 352 	4	52.1556593797	1	6.02862886567	48.716	51.398	61.775	52.422	51.82	61.063	52.841	55.527	60.265
448418	SER	 353 	LYS	 352 	HIS	 354 	3	38.1829778336	1	6.69025776783	51.306	56.879	63.465	52.841	55.527	60.265	53.198	59.005	65.969
540794	TYR	 363 	SER	 353 	LYS	 352 	3	35.149607547	1	8.00179311155	49.968	62.047	63.907	51.306	56.879	63.465	52.841	55.527	60.265
450077	SER	 353 	MET	 365 	LYS	 352 	6	66.1280145412	1	6.78352636908	51.306	56.879	63.465	52.608	60.974	58.216	52.841	55.527	60.265
362022	MET	 365 	LYS	 352 	HIS	 354 	7	75.7036678143	1	8.02085219911	52.608	60.974	58.216	52.841	55.527	60.265	53.198	59.005	65.969
361662	MET	 365 	LYS	 352 	PHE	 364 	7	68.8377363847	1	5.8243024475	52.608	60.974	58.216	52.841	55.527	60.265	49.817	60.081	60.64
443954	SER	 353 	HIS	 354 	GLU	 355 	3	35.2696144863	1	6.80284844753	51.306	56.879	63.465	53.198	59.005	65.969	52.247	59.784	69.544
449859	SER	 353 	MET	 365 	HIS	 354 	4	45.6747012186	1	8.02085219911	51.306	56.879	63.465	52.608	60.974	58.216	53.198	59.005	65.969
530140	TYR	 363 	HIS	 354 	PHE	 364 	5	54.5890727251	1	6.40212292915	49.968	62.047	63.907	53.198	59.005	65.969	49.817	60.081	60.64
536260	TYR	 363 	MET	 365 	HIS	 354 	5	56.9698081513	1	8.02085219911	49.968	62.047	63.907	52.608	60.974	58.216	53.198	59.005	65.969
357341	MET	 365 	HIS	 354 	PHE	 364 	6	60.9530413718	1	8.02085219911	52.608	60.974	58.216	53.198	59.005	65.969	49.817	60.081	60.64
454034	SER	 357 	SER	 356 	GLU	 355 	3	43.3228330049	1	6.48085071576	55.148	64.176	73.325	52.502	63.4	70.676	52.247	59.784	69.544
452593	SER	 356 	PRO	 358 	GLU	 355 	2	32.4294035902	1	8.08021763321	52.502	63.4	70.676	52.201	65.084	75.643	52.247	59.784	69.544
412279	PRO	 358 	GLU	 355 	GLU	 361 	8	76.8134355619	1	8.08021763321	52.201	65.084	75.643	52.247	59.784	69.544	47.237	63.542	69.833
454400	SER	 357 	SER	 356 	LYS	 359 	9	83.42979842	1	6.63065683021	55.148	64.176	73.325	52.502	63.4	70.676	49.232	62.651	75.902
452956	SER	 356 	PRO	 358 	LYS	 359 	5	59.4663640522	1	6.21007061151	52.502	63.4	70.676	52.201	65.084	75.643	49.232	62.651	75.902
452596	SER	 356 	PRO	 358 	GLU	 361 	5	59.8748950676	1	7.79584248173	52.502	63.4	70.676	52.201	65.084	75.643	47.237	63.542	69.833
452954	SER	 357 	PRO	 358 	LYS	 359 	3	41.7628738852	1	6.63065683021	55.148	64.176	73.325	52.201	65.084	75.643	49.232	62.651	75.902
573338	VAL	 362 	TYR	 363 	PHE	 364 	3	36.8780838486	1	6.77956399778	48.333	61.035	67.186	49.968	62.047	63.907	49.817	60.081	60.64
593497	ALA	 366 	MET	 365 	PHE	 364 	2	32.1107483004	1	6.98559675332	53.87	59.309	55.003	52.608	60.974	58.216	49.817	60.081	60.64
593929	ALA	 366 	MET	 365 	ILE	 367 	2	28.1598954452	1	7.16518827387	53.87	59.309	55.003	52.608	60.974	58.216	55.127	60.375	51.535
272813	ILE	 367 	ILE	 370 	ILE	 368 	6	67.1248886348	1	7.41744518011	55.127	60.375	51.535	55.271	58.796	44.289	52.339	60.2	48.954
605236	ALA	 391 	ALA	 393 	GLU	 394 	5	57.8494963242	1	6.40467415252	54.966	83.387	38.271	59.61	82.583	35.314	58.223	79.068	34.842
600124	ALA	 393 	THR	 397 	SER	 396 	5	60.4353908547	1	8.06486720287	59.61	82.583	35.314	62.343	75.608	38.301	63.681	77.546	35.32
483051	THR	 397 	SER	 396 	ILE	 395 	4	47.232837913	1	6.32317871011	62.343	75.608	38.301	63.681	77.546	35.32	61.017	77.925	32.569
571321	VAL	 398 	THR	 397 	SER	 396 	2	25.0506760856	1	7.25536794381	63.283	72.852	40.838	62.343	75.608	38.301	63.681	77.546	35.32
662114	ASN	 399 	VAL	 398 	THR	 397 	3	38.0805514875	1	6.79931312707	64.76	69.449	39.868	63.283	72.852	40.838	62.343	75.608	38.301
661969	ASN	 399 	VAL	 398 	PRO	 400 	2	32.3284288226	1	7.03486048191	64.76	69.449	39.868	63.283	72.852	40.838	64.554	65.967	41.524
661327	ASN	 399 	VAL	 398 	GLN	 402 	8	75.8030826863	1	6.11461503285	64.76	69.449	39.868	63.283	72.852	40.838	66.935	69.725	44.616
662264	ASN	 399 	VAL	 398 	TYR	 403 	9	84.1558175131	1	6.34612606241	64.76	69.449	39.868	63.283	72.852	40.838	63.387	68.702	45.638
654196	ASN	 399 	PRO	 400 	GLU	 401 	5	58.9118000602	1	5.67415914475	64.76	69.449	39.868	64.554	65.967	41.524	67.868	66.256	43.381
654128	ASN	 399 	PRO	 400 	GLN	 402 	9	86.9583301778	1	5.41776605253	64.76	69.449	39.868	64.554	65.967	41.524	66.935	69.725	44.616
659886	ASN	 399 	TYR	 403 	GLN	 402 	7	72.2835683446	1	5.97796269644	64.76	69.449	39.868	63.387	68.702	45.638	66.935	69.725	44.616
412205	PRO	 400 	GLU	 401 	GLN	 402 	6	62.75554152	1	5.41776605253	64.554	65.967	41.524	67.868	66.256	43.381	66.935	69.725	44.616
534605	TYR	 403 	LYS	 405 	GLN	 402 	6	64.8064506939	1	5.87484135956	63.387	68.702	45.638	66.787	68.389	50.335	66.935	69.725	44.616
631084	ARG	 406 	TYR	 403 	GLN	 402 	5	54.4078457081	1	6.53566438857	63.85	70.803	50.276	63.387	68.702	45.638	66.935	69.725	44.616
631517	ARG	 406 	TYR	 403 	LYS	 405 	6	63.2203984683	1	5.80687334114	63.85	70.803	50.276	63.387	68.702	45.638	66.787	68.389	50.335
620860	ARG	 406 	LYS	 405 	PHE	 407 	5	59.5272013462	1	5.59635783345	63.85	70.803	50.276	66.787	68.389	50.335	61.243	68.155	51.062
664638	ASN	 408 	ARG	 406 	LYS	 405 	7	70.9761747035	1	5.42190464689	63.319	66.868	53.968	63.85	70.803	50.276	66.787	68.389	50.335
609342	ARG	 406 	PHE	 410 	PHE	 407 	7	70.0168367866	1	5.99674253241	63.85	70.803	50.276	60.519	71.511	55.212	61.243	68.155	51.062
638142	ASN	 408 	PHE	 410 	PHE	 407 	7	69.3947271484	1	5.56282167609	63.319	66.868	53.968	60.519	71.511	55.212	61.243	68.155	51.062
651100	ASN	 408 	MET	 411 	PHE	 407 	5	58.4307040815	1	6.20387467636	63.319	66.868	53.968	59.357	68.351	56.969	61.243	68.155	51.062
350142	MET	 411 	PHE	 407 	PHE	 410 	7	70.1866767245	1	6.20387467636	59.357	68.351	56.969	61.243	68.155	51.062	60.519	71.511	55.212
642460	ASN	 408 	GLU	 409 	PHE	 410 	5	60.4070073857	1	5.56282167609	63.319	66.868	53.968	64.154	70.388	55.178	60.519	71.511	55.212
655639	ASN	 408 	SER	 412 	GLU	 409 	8	76.8268829836	1	5.59622274396	63.319	66.868	53.968	62.417	68.527	59.236	64.154	70.388	55.178
656070	ASN	 408 	SER	 412 	MET	 411 	7	72.1086231787	1	5.59622274396	63.319	66.868	53.968	62.417	68.527	59.236	59.357	68.351	56.969
358779	MET	 411 	ILE	 414 	PHE	 410 	4	47.7253918558	1	6.99447667807	59.357	68.351	56.969	57.227	70.207	61.244	60.519	71.511	55.212
656069	ASN	 413 	SER	 412 	MET	 411 	6	64.6193691747	1	5.32716782165	60.815	71.519	60.996	62.417	68.527	59.236	59.357	68.351	56.969
359066	MET	 411 	ILE	 414 	LEU	 415 	3	42.3419413099	1	7.3425016173	59.357	68.351	56.969	57.227	70.207	61.244	57.917	67.92	64.156
