181808	GLU	  11 	GLU	  13 	GLN	  12 	9	89.8095828357	1	5.28100009468	101.046	17.902	51.609	99.83	12.797	51.018	100.537	15.633	48.559
592637	ALA	  22 	LYS	  21 	LYS	  23 	6	65.8735403805	1	5.27299355205	85.663	13.177	50.534	87.65	10.499	52.479	84.999	10.463	47.921
595515	ALA	  22 	ASP	  25 	LYS	  21 	4	52.1779699164	1	6.69665356727	85.663	13.177	50.534	81.08	11.286	51.449	87.65	10.499	52.479
499900	TRP	  30 	LEU	  27 	PHE	  26 	5	60.3693013435	1	6.04244900682	75.198	10.207	45.078	79.255	8.317	47.205	80.253	11.976	47.876
505664	TRP	  30 	LYS	  28 	PHE	  26 	9	85.5037310819	1	6.04244900682	75.198	10.207	45.078	76.803	8.086	50.086	80.253	11.976	47.876
505663	TRP	  30 	LYS	  29 	PHE	  26 	8	82.2416988054	1	6.04244900682	75.198	10.207	45.078	74.831	11.104	48.728	80.253	11.976	47.876
600703	ALA	  97 	TRP	  30 	PHE	  26 	8	81.1850526159	1	6.04244900682	76.245	15.245	46.635	75.198	10.207	45.078	80.253	11.976	47.876
505951	TRP	  30 	LYS	  29 	LEU	  27 	8	81.9456246784	1	5.44597778181	75.198	10.207	45.078	74.831	11.104	48.728	79.255	8.317	47.205
600988	ALA	  97 	TRP	  30 	LEU	  27 	5	58.3221776885	1	7.57510290359	76.245	15.245	46.635	75.198	10.207	45.078	79.255	8.317	47.205
506240	TRP	  30 	LYS	  28 	LYS	  29 	9	88.8065465699	1	5.67051408604	75.198	10.207	45.078	76.803	8.086	50.086	74.831	11.104	48.728
650239	ASN	  32 	LYS	  28 	LYS	  29 	8	77.0987410443	1	6.08952584361	71.033	8.166	48.141	76.803	8.086	50.086	74.831	11.104	48.728
510558	TRP	  30 	PRO	  33 	LYS	  29 	7	69.0389921302	1	5.74237320278	75.198	10.207	45.078	69.842	11.542	46.661	74.831	11.104	48.728
505807	TRP	  30 	LYS	  29 	GLN	  96 	8	80.6120537435	1	7.92755788374	75.198	10.207	45.078	74.831	11.104	48.728	73.324	17.824	46.225
601278	ALA	  97 	TRP	  30 	LYS	  29 	7	75.4258258134	1	5.37604892091	76.245	15.245	46.635	75.198	10.207	45.078	74.831	11.104	48.728
663196	ASN	  32 	ALA	  34 	LYS	  29 	5	59.9244912044	1	7.77789000951	71.033	8.166	48.141	67.551	13.842	48.705	74.831	11.104	48.728
596955	ALA	  34 	PRO	  33 	LYS	  29 	4	50.8286909369	1	7.77789000951	67.551	13.842	48.705	69.842	11.542	46.661	74.831	11.104	48.728
592202	ALA	  97 	LYS	  29 	GLN	  96 	3	42.3238100282	1	7.32765023729	76.245	15.245	46.635	74.831	11.104	48.728	73.324	17.824	46.225
658520	ASN	  32 	TRP	  30 	GLU	  31 	9	89.7491569807	1	5.55831584205	71.033	8.166	48.141	75.198	10.207	45.078	73.795	6.661	45.825
510196	TRP	  30 	PRO	  33 	GLU	  31 	5	60.2417923928	1	6.33634484541	75.198	10.207	45.078	69.842	11.542	46.661	73.795	6.661	45.825
659093	ASN	  32 	TRP	  30 	PRO	  33 	6	66.3163826932	1	5.74237320278	71.033	8.166	48.141	75.198	10.207	45.078	69.842	11.542	46.661
630296	ARG	  93 	TRP	  30 	PRO	  33 	9	83.8650973613	1	6.4769959086	72.04	14.683	41.622	75.198	10.207	45.078	69.842	11.542	46.661
510127	TRP	  30 	PRO	  33 	GLN	  96 	8	82.1337892391	1	7.92755788374	75.198	10.207	45.078	69.842	11.542	46.661	73.324	17.824	46.225
601494	ALA	  97 	TRP	  30 	PRO	  33 	7	70.5191521998	1	7.39670832195	76.245	15.245	46.635	75.198	10.207	45.078	69.842	11.542	46.661
629932	ARG	  93 	TRP	  30 	ILE	  94 	5	58.226350318	1	6.6921783449	72.04	14.683	41.622	75.198	10.207	45.078	75.707	15.864	41.539
502925	TRP	  30 	ILE	  94 	GLN	  96 	6	67.0309523869	1	7.92755788374	75.198	10.207	45.078	75.707	15.864	41.539	73.324	17.824	46.225
600842	ALA	  97 	TRP	  30 	GLN	  96 	3	38.4460836697	1	7.92755788374	76.245	15.245	46.635	75.198	10.207	45.078	73.324	17.824	46.225
515331	TRP	  30 	TRP	 222 	TRP	 221 	1	13.8169259292	4	26.9577812514	75.198	10.207	45.078	91.418	23.5	28.139	91.75	22.082	31.624
654195	ASN	  32 	PRO	  33 	GLU	  31 	4	48.9017755138	1	6.33634484541	71.033	8.166	48.141	69.842	11.542	46.661	73.795	6.661	45.825
596523	ALA	  34 	PRO	  33 	GLN	  35 	4	44.64473935	1	6.50846748475	67.551	13.842	48.705	69.842	11.542	46.661	64.188	14.749	46.989
596528	ALA	  34 	PRO	  33 	GLN	  96 	9	86.2805995285	1	7.43869968476	67.551	13.842	48.705	69.842	11.542	46.661	73.324	17.824	46.225
596524	ALA	  97 	PRO	  33 	GLN	  96 	5	56.4221672356	1	7.39670832195	76.245	15.245	46.635	69.842	11.542	46.661	73.324	17.824	46.225
657004	ASN	  36 	THR	  37 	GLN	  35 	5	58.3488157027	1	5.77650672985	61.325	17.415	47.481	62.822	19.256	50.334	64.188	14.749	46.989
655564	ASN	  36 	SER	 109 	GLN	  35 	5	56.8551133341	1	6.67803369264	61.325	17.415	47.481	64.993	21.171	45.344	64.188	14.749	46.989
641019	ASN	  36 	GLN	  35 	PHE	 110 	4	49.2770894277	1	6.71369183088	61.325	17.415	47.481	64.188	14.749	46.989	61.447	20.278	44.345
439420	SER	 109 	GLN	  35 	PHE	 110 	5	57.7001560688	1	6.71369183088	64.993	21.171	45.344	64.188	14.749	46.989	61.447	20.278	44.345
656860	ASN	  36 	THR	  37 	PHE	 110 	5	55.9109360782	1	6.22922386819	61.325	17.415	47.481	62.822	19.256	50.334	61.447	20.278	44.345
662979	ASN	  36 	ALA	  38 	HIS	  39 	4	45.6043022084	1	7.45266100128	61.325	17.415	47.481	60.45	22.328	49.866	57.379	23.717	47.987
660605	ASN	  36 	TYR	 108 	SER	 109 	6	67.6493226828	1	7.22396643126	61.325	17.415	47.481	66.44	22.38	48.652	64.993	21.171	45.344
638141	ASN	  36 	PHE	 350 	PHE	 110 	6	60.6249773606	1	7.95680966217	61.325	17.415	47.481	64.225	14.777	40.557	61.447	20.278	44.345
599616	ALA	  38 	THR	  37 	HIS	  39 	1	22.985063606	1	7.41856987566	60.45	22.328	49.866	62.822	19.256	50.334	57.379	23.717	47.987
472544	THR	  37 	HIS	  39 	PHE	 110 	9	87.823634657	1	7.41856987566	62.822	19.256	50.334	57.379	23.717	47.987	61.447	20.278	44.345
542525	TYR	 108 	THR	  37 	SER	 109 	6	63.6204908387	1	5.76893109683	66.44	22.38	48.652	62.822	19.256	50.334	64.993	21.171	45.344
482620	THR	  37 	SER	 109 	PHE	 110 	5	60.3282477488	1	6.22922386819	62.822	19.256	50.334	64.993	21.171	45.344	61.447	20.278	44.345
588025	ALA	  38 	HIS	  39 	LEU	  40 	2	32.8872425337	1	7.02060909039	60.45	22.328	49.866	57.379	23.717	47.987	56.912	26.91	45.894
587885	ALA	  38 	HIS	  39 	GLN	  42 	6	67.7382967527	1	7.5687154128	60.45	22.328	49.866	57.379	23.717	47.987	57.094	28.989	51.152
386284	ASP	  41 	HIS	  39 	GLN	  42 	5	59.5001978187	1	6.15568306527	54.671	28.665	48.37	57.379	23.717	47.987	57.094	28.989	51.152
386140	ASP	  41 	HIS	  39 	PHE	  43 	5	56.8410117743	1	8.05124611473	54.671	28.665	48.37	57.379	23.717	47.987	58.927	31.555	48.983
237818	HIS	  39 	GLN	  42 	PHE	  43 	3	42.2194005593	1	8.05124611473	57.379	23.717	47.987	57.094	28.989	51.152	58.927	31.555	48.983
383404	ASP	  41 	GLU	  44 	GLN	  42 	5	55.5369896598	1	7.44858362375	54.671	28.665	48.37	58.358	35.13	48.068	57.094	28.989	51.152
328688	LYS	  63 	HIS	  62 	GLN	  42 	9	84.930475576	1	5.69045604499	58.293	33.274	54.172	61.603	32.084	52.724	57.094	28.989	51.152
613659	ARG	  45 	GLU	  44 	PHE	  43 	4	47.7927366835	1	6.19263772556	59.96	35.878	44.671	58.358	35.13	48.068	58.927	31.555	48.983
328542	LYS	  63 	HIS	  62 	PHE	  43 	7	75.7635092806	1	5.50296629101	58.293	33.274	54.172	61.603	32.084	52.724	58.927	31.555	48.983
328757	LYS	  61 	HIS	  62 	GLU	  44 	6	66.2659487512	1	6.44099968949	62.754	34.87	50.414	61.603	32.084	52.724	58.358	35.13	48.068
622732	ARG	  45 	MET	  58 	ILE	  46 	5	55.2969542345	1	7.13525745856	59.96	35.878	44.671	65.602	34.457	41.129	61.919	39.22	44.958
477288	THR	  48 	LYS	  47 	ILE	  46 	1	22.3256290701	1	7.42952818152	65.667	37.837	38.694	63.796	39.592	41.539	61.919	39.22	44.958
478877	THR	  48 	MET	  58 	LYS	  47 	6	64.5359724821	1	5.45875086444	65.667	37.837	38.694	65.602	34.457	41.129	63.796	39.592	41.539
478805	THR	  48 	MET	  58 	GLY	  50 	6	67.3850446861	1	7.14005301101	65.667	37.837	38.694	65.602	34.457	41.129	70.274	36.104	35.987
628996	ARG	  56 	THR	  48 	THR	  51 	5	57.8514313148	1	7.61118919749	66.026	31.708	35.251	65.667	37.837	38.694	69.165	33.991	33.135
571398	VAL	  57 	THR	  51 	THR	  48 	7	71.6118071587	1	7.61118919749	67.588	32.263	38.699	69.165	33.991	33.135	65.667	37.837	38.694
628709	ARG	  56 	THR	  48 	MET	  58 	6	64.9399807923	1	7.03901775818	66.026	31.708	35.251	65.667	37.837	38.694	65.602	34.457	41.129
479959	THR	  48 	ASP	 329 	GLU	 331 	8	82.3605404325	1	7.80349447363	65.667	37.837	38.694	68.528	43.926	35.79	62.793	41.7	32.553
469876	THR	  48 	GLU	 331 	GLU	 332 	5	59.2050738126	1	7.80349447363	65.667	37.837	38.694	62.793	41.7	32.553	60.436	39.9	34.974
475704	THR	  51 	GLY	  50 	LEU	  49 	1	22.0157228416	1	7.20488299697	69.165	33.991	33.135	70.274	36.104	35.987	69.438	37.598	39.366
475921	THR	  51 	GLY	  52 	GLY	  50 	2	27.3808838682	1	7.03697278665	69.165	33.991	33.135	70.618	31.441	30.728	70.274	36.104	35.987
475419	THR	  51 	GLY	  52 	PHE	  54 	4	48.0567810928	1	7.84411562893	69.165	33.991	33.135	70.618	31.441	30.728	67.855	26.886	30.08
482619	THR	  51 	SER	  53 	PHE	  54 	4	49.1017478682	1	7.84411562893	69.165	33.991	33.135	69.761	29.208	27.772	67.855	26.886	30.08
628063	ARG	  56 	THR	  51 	PHE	  54 	8	82.6053494837	1	7.84411562893	66.026	31.708	35.251	69.165	33.991	33.135	67.855	26.886	30.08
619416	ARG	  56 	GLY	  55 	PHE	  54 	1	21.4878830137	1	7.30316137026	66.026	31.708	35.251	66.872	28.513	33.36	67.855	26.886	30.08
632882	ARG	  56 	VAL	  57 	GLY	  55 	3	41.7618572325	1	6.56354149831	66.026	31.708	35.251	67.588	32.263	38.699	66.872	28.513	33.36
621364	ARG	  56 	LYS	  72 	GLY	  55 	5	59.2120237583	1	6.3099551504	66.026	31.708	35.251	66.869	28.263	39.665	66.872	28.513	33.36
622951	ARG	  56 	MET	  71 	MET	  58 	8	77.3456184937	1	8.09104900492	66.026	31.708	35.251	66.269	29.68	43.08	65.602	34.457	41.129
564985	VAL	  57 	MET	  58 	LEU	  59 	2	29.7612781192	1	7.03684744754	67.588	32.263	38.699	65.602	34.457	41.129	66.271	36.065	44.472
565350	VAL	  57 	MET	  71 	MET	  58 	7	71.5250696554	1	5.25402807377	67.588	32.263	38.699	66.269	29.68	43.08	65.602	34.457	41.129
363388	MET	  71 	MET	  58 	LEU	  59 	5	54.0108523391	1	6.53497459827	66.269	29.68	43.08	65.602	34.457	41.129	66.271	36.065	44.472
565351	VAL	  60 	MET	  71 	MET	  58 	8	81.4896452333	1	6.65480352828	63.758	34.563	46.84	66.269	29.68	43.08	65.602	34.457	41.129
363676	MET	  58 	MET	  71 	LYS	  72 	5	54.2447074495	1	6.48954705661	65.602	34.457	41.129	66.269	29.68	43.08	66.869	28.263	39.665
563618	VAL	  60 	LYS	  61 	HIS	  62 	3	36.0390387479	1	6.73876264606	63.758	34.563	46.84	62.754	34.87	50.414	61.603	32.084	52.724
559303	VAL	  60 	HIS	  62 	HIS	  68 	8	81.0121914694	1	6.73876264606	63.758	34.563	46.84	61.603	32.084	52.724	66.971	34.677	51.09
558941	VAL	  60 	HIS	  62 	PHE	  69 	6	66.1017465761	1	7.84195619728	63.758	34.563	46.84	61.603	32.084	52.724	68.273	32.083	48.6
333224	LYS	  63 	LYS	  61 	HIS	  62 	9	89.9505479902	1	6.04733834013	58.293	33.274	54.172	62.754	34.87	50.414	61.603	32.084	52.724
650022	ASN	  67 	LYS	  61 	HIS	  62 	7	72.281670982	1	5.4695621397	66.024	33.837	54.675	62.754	34.87	50.414	61.603	32.084	52.724
328900	LYS	  61 	HIS	  68 	HIS	  62 	5	53.3126251285	1	6.18134524194	62.754	34.87	50.414	66.971	34.677	51.09	61.603	32.084	52.724
333368	LYS	  61 	LYS	  63 	GLY	  66 	9	85.3767588465	1	6.09634603677	62.754	34.87	50.414	58.293	33.274	54.172	63.029	35.377	56.483
650240	ASN	  67 	LYS	  63 	LYS	  61 	9	84.1826469654	1	7.76777567905	66.024	33.837	54.675	58.293	33.274	54.172	62.754	34.87	50.414
328539	LYS	  61 	HIS	  68 	PHE	  69 	4	49.5741325555	1	6.44339398144	62.754	34.87	50.414	66.971	34.677	51.09	68.273	32.083	48.6
328756	LYS	  63 	HIS	  62 	GLU	  64 	5	60.5841512077	1	5.51812694671	58.293	33.274	54.172	61.603	32.084	52.724	58.638	31.154	57.284
477222	THR	  65 	LYS	  63 	HIS	  62 	7	69.8873405994	1	5.7002380652	62.24	31.945	58.064	58.293	33.274	54.172	61.603	32.084	52.724
650022	ASN	  67 	LYS	  63 	HIS	  62 	7	70.6251140336	1	7.76777567905	66.024	33.837	54.675	58.293	33.274	54.172	61.603	32.084	52.724
299959	GLY	  66 	HIS	  62 	GLU	  64 	8	82.316904366	1	6.14460828695	63.029	35.377	56.483	61.603	32.084	52.724	58.638	31.154	57.284
475784	THR	  65 	GLY	  66 	HIS	  62 	9	87.1292519923	1	5.37965519341	62.24	31.945	58.064	63.029	35.377	56.483	61.603	32.084	52.724
648584	ASN	  67 	GLY	  66 	HIS	  62 	9	89.0443892134	1	5.19686501653	66.024	33.837	54.675	63.029	35.377	56.483	61.603	32.084	52.724
300103	GLY	  66 	HIS	  68 	HIS	  62 	8	79.5471400242	1	6.7166816956	63.029	35.377	56.483	66.971	34.677	51.09	61.603	32.084	52.724
645700	ASN	  67 	HIS	  62 	HIS	  68 	5	58.5909237803	1	6.18134524194	66.024	33.837	54.675	61.603	32.084	52.724	66.971	34.677	51.09
645343	ASN	  67 	HIS	  62 	PHE	  69 	8	76.3958721402	1	7.84195619728	66.024	33.837	54.675	61.603	32.084	52.724	68.273	32.083	48.6
242139	HIS	  62 	HIS	  68 	PHE	  69 	4	44.7797501266	1	7.84195619728	61.603	32.084	52.724	66.971	34.677	51.09	68.273	32.083	48.6
475635	THR	  65 	GLY	  66 	GLU	  64 	4	49.6543405584	1	6.14460828695	62.24	31.945	58.064	63.029	35.377	56.483	58.638	31.154	57.284
648578	ASN	  67 	GLY	  66 	HIS	  68 	3	38.2499770266	1	6.7166816956	66.024	33.837	54.675	63.029	35.377	56.483	66.971	34.677	51.09
645338	ASN	  67 	HIS	  68 	PHE	  69 	3	38.648590578	1	6.71119527357	66.024	33.837	54.675	66.971	34.677	51.09	68.273	32.083	48.6
530143	TYR	 122 	HIS	  68 	PHE	  69 	8	79.4238094334	1	6.80627313587	72.478	33.324	47.326	66.971	34.677	51.09	68.273	32.083	48.6
530355	TYR	 122 	HIS	  68 	GLU	 121 	4	47.4889482558	1	7.95676649148	72.478	33.324	47.326	66.971	34.677	51.09	72.77	29.741	48.784
418183	PRO	 321 	GLY	 322 	HIS	  68 	8	80.6857287448	1	7.67474833464	70.44	41.362	52.566	68.849	41.213	49.126	66.971	34.677	51.09
593499	ALA	  70 	MET	  71 	PHE	  69 	4	45.8610656716	1	6.34514184239	68.796	31.941	44.846	66.269	29.68	43.08	68.273	32.083	48.6
535903	TYR	 122 	MET	 120 	PHE	  69 	8	76.2122538332	1	6.18234656098	72.478	33.324	47.326	70.855	27.428	46.418	68.273	32.083	48.6
594074	ALA	  70 	MET	  71 	LYS	  72 	3	38.7740793942	1	6.63956128069	68.796	31.941	44.846	66.269	29.68	43.08	66.869	28.263	39.665
594148	ALA	  70 	MET	 120 	MET	  71 	5	60.1564577225	1	6.10287997588	68.796	31.941	44.846	70.855	27.428	46.418	66.269	29.68	43.08
363674	MET	 120 	MET	  71 	LYS	  72 	3	42.6946766122	1	7.88596411354	70.855	27.428	46.418	66.269	29.68	43.08	66.869	28.263	39.665
363752	MET	 118 	MET	 120 	MET	  71 	9	83.4291444312	1	6.35217718582	66.696	24.203	42.861	70.855	27.428	46.418	66.269	29.68	43.08
565348	VAL	 119 	MET	  71 	MET	 120 	5	55.1615828494	1	6.10287997588	67.22	26.473	45.87	66.269	29.68	43.08	70.855	27.428	46.418
363677	MET	 120 	MET	 118 	LYS	  72 	6	61.6002317549	1	7.88596411354	70.855	27.428	46.418	66.696	24.203	42.861	66.869	28.263	39.665
660174	ASN	 115 	TYR	 117 	ILE	  73 	7	72.139330402	1	6.56567886818	58.71	23.313	36.708	63.303	24.136	41.327	63.619	27.515	37.822
536332	TYR	 117 	MET	 118 	ILE	  73 	5	58.0569672665	1	6.76969674358	63.303	24.136	41.327	66.696	24.203	42.861	63.619	27.515	37.822
333008	LYS	  78 	LYS	  76 	GLN	  77 	9	88.8576591044	1	5.27699099867	61.687	23.375	27.786	59.934	20.924	32.118	58.506	21.435	28.684
448203	SER	 114 	LYS	  76 	GLN	  77 	4	45.6507518937	1	7.62037440025	55.174	22.724	35.415	59.934	20.924	32.118	58.506	21.435	28.684
332932	LYS	  76 	LYS	 342 	CYS	 343 	5	57.8101993473	1	6.85374036567	59.934	20.924	32.118	53.78	17.928	32.473	56.339	15.216	31.775
324292	LYS	 342 	GLN	  77 	CYS	 343 	5	53.4288799305	1	7.27503477655	53.78	17.928	32.473	58.506	21.435	28.684	56.339	15.216	31.775
333002	LYS	  81 	LYS	  83 	GLN	  84 	3	41.3987315954	1	7.76398261204	62.434	20.264	23.777	67.283	17.635	25.002	68.205	18.352	28.606
330194	LYS	  83 	ILE	  85 	GLU	  86 	3	41.4665594961	1	7.98566465612	67.283	17.635	25.002	66.393	15.641	30.51	69.423	13.497	31.488
472687	THR	  88 	HIS	  87 	GLN	  84 	8	76.077229208	1	5.89199295655	69.021	18.302	34.441	71.558	16.705	31.944	68.205	18.352	28.606
657222	ASN	  90 	THR	  88 	HIS	  87 	7	75.0763924084	1	5.44427019903	72.79	14.953	36.495	69.021	18.302	34.441	71.558	16.705	31.944
472758	THR	  88 	HIS	  87 	GLU	  91 	7	71.953736945	1	6.10725674915	69.021	18.302	34.441	71.558	16.705	31.944	72.848	18.611	37.601
475781	THR	  88 	GLY	 186 	HIS	  87 	6	65.699729483	1	5.91283147062	69.021	18.302	34.441	73.799	21.758	34.007	71.558	16.705	31.944
472540	THR	  88 	HIS	  87 	PHE	 187 	5	55.0669186442	1	8.03933759709	69.021	18.302	34.441	71.558	16.705	31.944	76.467	19.914	31.874
648583	ASN	  90 	GLY	 186 	HIS	  87 	8	80.7890483715	1	7.31548016196	72.79	14.953	36.495	73.799	21.758	34.007	71.558	16.705	31.944
662981	ASN	  90 	ALA	 188 	HIS	  87 	6	64.7564698127	1	7.47660892384	72.79	14.953	36.495	78.277	18.221	34.852	71.558	16.705	31.944
650020	ASN	  90 	LYS	 189 	HIS	  87 	5	60.404859842	1	7.72278712642	72.79	14.953	36.495	78.456	14.374	34.518	71.558	16.705	31.944
299958	GLY	 186 	HIS	  87 	GLU	  91 	7	75.6874450389	1	6.10725674915	73.799	21.758	34.007	71.558	16.705	31.944	72.848	18.611	37.601
328759	LYS	 189 	HIS	  87 	GLU	  91 	8	75.9851459965	1	7.72278712642	78.456	14.374	34.518	71.558	16.705	31.944	72.848	18.611	37.601
299741	GLY	 186 	HIS	  87 	PHE	 187 	6	65.7889374302	1	5.90007279616	73.799	21.758	34.007	71.558	16.705	31.944	76.467	19.914	31.874
642457	ASN	  90 	GLU	  91 	PHE	 185 	2	33.5640914595	1	8.01063449422	72.79	14.953	36.495	72.848	18.611	37.601	76.06	22.24	37.109
664494	ASN	  90 	ARG	 190 	ILE	  94 	7	72.0864270204	1	7.94254549877	72.79	14.953	36.495	79.904	11.421	36.498	75.707	15.864	41.539
638142	ASN	  90 	PHE	 185 	PHE	 187 	7	72.5142292725	1	8.01063449422	72.79	14.953	36.495	76.06	22.24	37.109	76.467	19.914	31.874
662619	ASN	  90 	ALA	 188 	PHE	 187 	4	48.9842334781	1	7.71268377415	72.79	14.953	36.495	78.277	18.221	34.852	76.467	19.914	31.874
603724	ALA	  97 	VAL	  98 	GLN	  96 	5	57.5121775426	1	5.86019317088	76.245	15.245	46.635	79.182	17.72	46.347	73.324	17.824	46.225
661178	ASN	  99 	VAL	  98 	PHE	 100 	3	40.1606168421	1	6.65529217991	80.863	19.54	49.13	79.182	17.72	46.347	83.819	21.988	48.486
407741	PRO	 101 	PHE	 100 	PHE	 102 	6	61.6137753665	1	5.56143839308	84.524	25.649	49.701	83.819	21.988	48.486	84.371	26.985	46.108
410622	PRO	 101 	GLN	 181 	PHE	 102 	7	74.8920414689	1	7.78722196935	84.524	25.649	49.701	81.495	30.026	44.017	84.371	26.985	46.108
557498	VAL	 104 	LEU	 103 	PHE	 102 	3	35.405443736	1	6.80131229984	77.609	26.784	45.406	81.135	25.447	44.917	84.371	26.985	46.108
473982	THR	 153 	ILE	 150 	PHE	 102 	7	73.6600123266	1	7.9033969279	87.853	22.778	42.374	89.334	26.718	39.963	84.371	26.985	46.108
525821	TYR	 179 	GLN	 181 	PHE	 102 	6	62.5944804401	1	7.36921332301	86.185	34.08	46.93	81.495	30.026	44.017	84.371	26.985	46.108
540433	TYR	 108 	SER	 109 	GLU	 107 	2	28.1542170843	1	7.14503498942	66.44	22.38	48.652	64.993	21.171	45.344	69.728	23.867	49.966
536115	TYR	 108 	MET	 118 	GLU	 107 	4	45.5135599982	1	7.73220182096	66.44	22.38	48.652	66.696	24.203	42.861	69.728	23.867	49.966
564915	VAL	 119 	MET	 118 	GLU	 107 	4	52.1565961558	1	7.73220182096	67.22	26.473	45.87	66.696	24.203	42.861	69.728	23.867	49.966
354675	MET	 120 	GLU	 107 	GLU	 121 	4	52.0035730334	1	6.71972945884	70.855	27.428	46.418	69.728	23.867	49.966	72.77	29.741	48.784
540217	TYR	 108 	SER	 109 	PHE	 110 	2	32.935328501	1	6.92088881575	66.44	22.38	48.652	64.993	21.171	45.344	61.447	20.278	44.345
540868	TYR	 108 	SER	 109 	MET	 118 	5	59.9857254301	1	6.0765570844	66.44	22.38	48.652	64.993	21.171	45.344	66.696	24.203	42.861
573988	VAL	 119 	TYR	 108 	MET	 118 	5	59.3978733028	1	6.0765570844	67.22	26.473	45.87	66.44	22.38	48.652	66.696	24.203	42.861
536552	TYR	 108 	MET	 120 	MET	 118 	9	87.2368086247	1	7.06861266445	66.44	22.38	48.652	70.855	27.428	46.418	66.696	24.203	42.861
573987	VAL	 119 	TYR	 108 	MET	 120 	4	45.7720969824	1	7.06861266445	67.22	26.473	45.87	66.44	22.38	48.652	70.855	27.428	46.418
540222	TYR	 117 	SER	 109 	PHE	 110 	7	70.6580655883	1	5.27101641052	63.303	24.136	41.327	64.993	21.171	45.344	61.447	20.278	44.345
449499	SER	 109 	MET	 118 	PHE	 110 	4	44.0651784932	1	6.72011026695	64.993	21.171	45.344	66.696	24.203	42.861	61.447	20.278	44.345
436540	SER	 109 	PHE	 350 	PHE	 110 	5	55.2249389944	1	8.02424008863	64.993	21.171	45.344	64.225	14.777	40.557	61.447	20.278	44.345
540871	TYR	 117 	SER	 109 	MET	 118 	8	82.0265394236	1	5.27101641052	63.303	24.136	41.327	64.993	21.171	45.344	66.696	24.203	42.861
390457	ASP	 112 	LYS	 111 	PHE	 110 	2	28.6492584221	1	7.08717623599	55.476	20.777	40.56	59.185	20.301	41.299	61.447	20.278	44.345
321340	LYS	 111 	PHE	 350 	PHE	 110 	5	54.8130911963	1	7.5144354412	59.185	20.301	41.299	64.225	14.777	40.557	61.447	20.278	44.345
653113	ASN	 113 	ASP	 112 	LYS	 111 	2	29.5194008151	1	7.05700035426	53.208	20.383	37.548	55.476	20.777	40.56	59.185	20.301	41.299
451514	SER	 114 	ASP	 112 	LYS	 111 	3	43.8314161821	1	7.52200146238	55.174	22.724	35.415	55.476	20.777	40.56	59.185	20.301	41.299
666078	ASN	 113 	ASN	 115 	LYS	 111 	7	73.716544755	1	7.05700035426	53.208	20.383	37.548	58.71	23.313	36.708	59.185	20.301	41.299
655996	ASN	 115 	SER	 114 	LYS	 111 	5	56.9342249667	1	7.52200146238	58.71	23.313	36.708	55.174	22.724	35.415	59.185	20.301	41.299
661899	ASN	 113 	VAL	 337 	ASP	 112 	4	48.6221120386	1	7.47933212259	53.208	20.383	37.548	52.043	26.511	37.202	55.476	20.777	40.56
652753	ASN	 113 	ASP	 112 	GLU	 341 	2	25.9046024671	1	7.23801796074	53.208	20.383	37.548	55.476	20.777	40.56	51.404	17.683	35.438
656144	ASN	 115 	SER	 114 	ASP	 112 	9	88.0700126806	1	5.63275740646	58.71	23.313	36.708	55.174	22.724	35.415	55.476	20.777	40.56
451159	SER	 114 	ASP	 112 	GLU	 341 	8	79.1777687314	1	7.23801796074	55.174	22.724	35.415	55.476	20.777	40.56	51.404	17.683	35.438
666368	ASN	 115 	ASN	 113 	SER	 114 	9	88.6706616832	1	6.28987313068	58.71	23.313	36.708	53.208	20.383	37.548	55.174	22.724	35.415
656285	ASN	 113 	SER	 338 	SER	 114 	6	65.1181889539	1	5.94258647392	53.208	20.383	37.548	49.699	24.365	34.875	55.174	22.724	35.415
666362	ASN	 340 	ASN	 113 	SER	 114 	3	41.384108307	1	7.9293931672	48.032	19.37	34.629	53.208	20.383	37.548	55.174	22.724	35.415
666655	ASN	 115 	ASN	 113 	VAL	 337 	8	78.0675518353	1	7.41081162896	58.71	23.313	36.708	53.208	20.383	37.548	52.043	26.511	37.202
666367	ASN	 113 	ASN	 340 	SER	 338 	8	82.4752072374	1	6.02807647596	53.208	20.383	37.548	48.032	19.37	34.629	49.699	24.365	34.875
665720	ASN	 113 	ASN	 340 	GLU	 341 	9	89.7985574119	1	6.02807647596	53.208	20.383	37.548	48.032	19.37	34.629	51.404	17.683	35.438
666079	ASN	 340 	ASN	 113 	LYS	 342 	8	83.0019326608	1	6.30612432481	48.032	19.37	34.629	53.208	20.383	37.548	53.78	17.928	32.473
648437	ASN	 113 	GLY	 344 	GLU	 341 	6	63.8790721393	1	7.74717987399	53.208	20.383	37.548	55.986	13.549	35.182	51.404	17.683	35.438
655704	ASN	 115 	SER	 114 	LEU	 116 	1	20.3607465456	1	7.36377138428	58.71	23.313	36.708	55.174	22.724	35.415	61.793	22.032	38.567
656288	ASN	 340 	SER	 114 	SER	 338 	9	85.0662552025	1	7.9293931672	48.032	19.37	34.629	55.174	22.724	35.415	49.699	24.365	34.875
454397	SER	 338 	SER	 114 	LYS	 342 	6	65.5674748002	1	7.99119102512	49.699	24.365	34.875	55.174	22.724	35.415	53.78	17.928	32.473
536185	TYR	 117 	MET	 118 	LEU	 116 	2	32.2898450213	1	6.86957684286	63.303	24.136	41.327	66.696	24.203	42.861	61.793	22.032	38.567
565347	VAL	 119 	MET	 118 	MET	 120 	4	45.6100671534	1	6.35217718582	67.22	26.473	45.87	66.696	24.203	42.861	70.855	27.428	46.418
568083	VAL	 123 	PRO	 124 	GLY	 125 	4	51.1352539219	1	6.13138263363	75.996	34.494	46.317	75.749	38.344	46.431	78.889	39.642	44.667
568303	VAL	 123 	PRO	 124 	ASP	 175 	8	80.7284174524	1	5.96515196789	75.996	34.494	46.317	75.749	38.344	46.431	81.074	35.862	47.464
566282	VAL	 123 	ASP	 175 	GLN	 176 	3	40.997816441	1	7.63881633501	75.996	34.494	46.317	81.074	35.862	47.464	81.233	38.239	50.428
418328	PRO	 124 	GLY	 126 	GLY	 125 	9	89.9724492393	1	5.79170553464	75.749	38.344	46.431	77.729	39.181	41.053	78.889	39.642	44.667
422646	PRO	 124 	ASP	 175 	GLY	 125 	7	72.6397933361	1	5.96515196789	75.749	38.344	46.431	81.074	35.862	47.464	78.889	39.642	44.667
654486	ASN	 326 	PRO	 124 	GLY	 125 	7	69.1323093224	1	6.85903506333	75.988	43.515	41.931	75.749	38.344	46.431	78.889	39.642	44.667
654487	ASN	 326 	PRO	 124 	GLY	 126 	8	78.5378257735	1	6.85903506333	75.988	43.515	41.931	75.749	38.344	46.431	77.729	39.181	41.053
422284	PRO	 124 	ASP	 175 	GLN	 176 	5	55.0649862849	1	6.78684683782	75.749	38.344	46.431	81.074	35.862	47.464	81.233	38.239	50.428
422143	PRO	 124 	ASP	 323 	PHE	 318 	8	76.1719004244	1	7.68128745719	75.749	38.344	46.431	70.773	43.607	48.066	76.496	45.286	49.633
422642	PRO	 124 	ASP	 323 	GLY	 322 	3	42.5392084	1	7.94381432311	75.749	38.344	46.431	70.773	43.607	48.066	68.849	41.213	49.126
481685	THR	 324 	PRO	 124 	GLY	 322 	6	66.1069184486	1	7.94381432311	71.177	42.796	44.352	75.749	38.344	46.431	68.849	41.213	49.126
481899	THR	 324 	PRO	 124 	ASP	 323 	4	51.5318861835	1	7.42515791078	71.177	42.796	44.352	75.749	38.344	46.431	70.773	43.607	48.066
657656	ASN	 326 	THR	 324 	PRO	 124 	9	88.348197884	1	6.85903506333	75.988	43.515	41.931	71.177	42.796	44.352	75.749	38.344	46.431
302833	GLY	 125 	GLY	 126 	GLU	 127 	2	33.5236159354	1	6.88051393429	78.889	39.642	44.667	77.729	39.181	41.053	79.209	37.126	38.271
648727	ASN	 326 	GLY	 125 	GLY	 126 	8	77.4908677516	1	5.55892309715	75.988	43.515	41.931	78.889	39.642	44.667	77.729	39.181	41.053
303055	GLY	 178 	GLY	 125 	ILE	 174 	8	78.0626217982	1	7.65991351126	85.824	37.897	47.412	78.889	39.642	44.667	81.856	36.36	43.874
389164	ASP	 175 	GLY	 125 	GLN	 176 	5	56.3429638007	1	6.3758815861	81.074	35.862	47.464	78.889	39.642	44.667	81.233	38.239	50.428
389524	ASP	 175 	GLY	 125 	GLY	 178 	5	59.0084235167	1	7.65991351126	81.074	35.862	47.464	78.889	39.642	44.667	85.824	37.897	47.412
418249	PRO	 316 	GLY	 125 	ILE	 315 	2	33.9193718969	1	8.07744563584	82.209	43.39	46.744	78.889	39.642	44.667	85.667	42.554	47.957
419764	PRO	 316 	LYS	 317 	GLY	 125 	5	54.8110013503	1	7.52373883119	82.209	43.39	46.744	80.16	45.833	48.749	78.889	39.642	44.667
654488	ASN	 326 	PRO	 316 	GLY	 125 	9	88.6017364067	1	7.86647538609	75.988	43.515	41.931	82.209	43.39	46.744	78.889	39.642	44.667
331419	LYS	 317 	GLY	 125 	PHE	 318 	4	49.799245842	1	7.8893815347	80.16	45.833	48.749	78.889	39.642	44.667	76.496	45.286	49.633
648224	ASN	 326 	GLY	 125 	PHE	 318 	9	89.7160769888	1	7.91929977965	75.988	43.515	41.931	78.889	39.642	44.667	76.496	45.286	49.633
648218	ASN	 326 	GLY	 125 	PHE	 327 	3	40.5947731685	1	7.86565451822	75.988	43.515	41.931	78.889	39.642	44.667	73.679	41.931	39.237
296858	GLY	 126 	GLU	 127 	PHE	 129 	3	35.5050113203	1	7.95543204358	77.729	39.181	41.053	79.209	37.126	38.271	81.762	38.402	34.24
360219	MET	 128 	GLY	 126 	PHE	 129 	4	44.9147237087	1	7.95543204358	82.905	37.449	37.8	77.729	39.181	41.053	81.762	38.402	34.24
360581	MET	 128 	GLY	 126 	HIS	 131 	6	65.3413386535	1	7.82792858935	82.905	37.449	37.8	77.729	39.181	41.053	83.525	42.846	37.278
299742	GLY	 126 	HIS	 131 	PHE	 129 	7	69.529343406	1	7.95543204358	77.729	39.181	41.053	83.525	42.846	37.278	81.762	38.402	34.24
446979	SER	 130 	GLY	 126 	HIS	 131 	4	46.666900894	1	7.82792858935	80.387	41.783	35.507	77.729	39.181	41.053	83.525	42.846	37.278
357555	MET	 128 	HIS	 131 	GLU	 127 	4	46.0793345966	1	7.23410706307	82.905	37.449	37.8	83.525	42.846	37.278	79.209	37.126	38.271
651316	ASN	 171 	MET	 128 	GLU	 127 	5	57.4017182855	1	7.97932039713	79.052	30.726	35.896	82.905	37.449	37.8	79.209	37.126	38.271
642678	ASN	 171 	GLU	 127 	GLU	 170 	7	70.4573736589	1	6.82827020555	79.052	30.726	35.896	79.209	37.126	38.271	79.139	33.976	33.766
642460	ASN	 326 	GLU	 127 	PHE	 327 	5	55.3051508404	1	8.03677559722	75.988	43.515	41.931	79.209	37.126	38.271	73.679	41.931	39.237
449504	SER	 130 	MET	 128 	PHE	 129 	9	89.9710038016	1	5.51196235473	80.387	41.783	35.507	82.905	37.449	37.8	81.762	38.402	34.24
357341	MET	 128 	HIS	 131 	PHE	 129 	6	66.7758110672	1	5.66451666076	82.905	37.449	37.8	83.525	42.846	37.278	81.762	38.402	34.24
420703	PRO	 169 	MET	 128 	PHE	 129 	8	79.9338912986	1	5.11251513445	83.028	34.01	34.019	82.905	37.449	37.8	81.762	38.402	34.24
355898	MET	 128 	LEU	 172 	PHE	 129 	3	43.1543979783	1	7.71416910626	82.905	37.449	37.8	81.504	32.006	38.545	81.762	38.402	34.24
449861	SER	 130 	MET	 128 	HIS	 131 	6	67.9054733419	1	5.51196235473	80.387	41.783	35.507	82.905	37.449	37.8	83.525	42.846	37.278
654628	ASN	 171 	PRO	 169 	MET	 128 	5	56.0179310722	1	7.97932039713	79.052	30.726	35.896	83.028	34.01	34.019	82.905	37.449	37.8
616544	ARG	 133 	HIS	 131 	PHE	 129 	9	84.3442676237	1	6.15401397463	83.978	43.578	31.756	83.525	42.846	37.278	81.762	38.402	34.24
655420	ASN	 326 	SER	 130 	PHE	 327 	5	53.2052168275	1	7.97613947972	75.988	43.515	41.931	80.387	41.783	35.507	73.679	41.931	39.237
635624	ARG	 133 	ARG	 134 	HIS	 131 	9	83.8990028284	1	5.58869546495	83.978	43.578	31.756	83.662	46.824	33.936	83.525	42.846	37.278
635692	ARG	 133 	ARG	 134 	ILE	 135 	5	60.362214768	1	5.63308139476	83.978	43.578	31.756	83.662	46.824	33.936	87.377	46.827	34.858
635767	ARG	 134 	ARG	 133 	GLY	 136 	8	80.7661569919	1	5.63578610311	83.662	46.824	33.936	83.978	43.578	31.756	88.622	45.546	31.585
635764	ARG	 133 	ARG	 137 	GLY	 234 	5	57.20535755	1	7.27167731682	83.978	43.578	31.756	91.167	42.821	32.545	90.206	41.1	29.041
622302	ARG	 137 	MET	 231 	PHE	 138 	7	68.3566350805	1	5.58864500572	91.167	42.821	32.545	90.849	37.251	32.872	92.6	41.556	35.879
633818	ARG	 137 	ALA	 233 	PHE	 138 	3	43.6098564005	1	7.62819061115	91.167	42.821	32.545	93.81	39.93	28.525	92.6	41.556	35.879
622514	ARG	 137 	MET	 231 	GLU	 230 	3	43.7835109352	1	7.61481575614	91.167	42.821	32.545	90.849	37.251	32.872	90.236	36.004	29.282
440858	SER	 139 	GLU	 140 	PHE	 138 	3	43.4674385905	1	6.46282090112	96.243	41.844	36.886	98.277	38.606	36.794	92.6	41.556	35.879
452378	SER	 139 	PRO	 141 	PHE	 138 	3	35.8053777223	1	8.07402588552	96.243	41.844	36.886	98.266	38.293	40.616	92.6	41.556	35.879
605019	ALA	 233 	ALA	 232 	PHE	 138 	4	46.8991375483	1	7.62819061115	93.81	39.93	28.525	94.333	38.646	32.102	92.6	41.556	35.879
415157	PRO	 141 	HIS	 142 	GLU	 140 	6	62.9647320448	1	5.46427991596	98.266	38.293	40.616	94.42	38.815	40.659	98.277	38.606	36.794
587959	ALA	 143 	HIS	 142 	GLU	 140 	8	81.8753562579	1	5.46427991596	93.957	36.355	37.733	94.42	38.815	40.659	98.277	38.606	36.794
625542	ARG	 144 	PRO	 141 	HIS	 142 	7	69.1775402166	1	5.42127162205	96.187	33.804	39.583	98.266	38.293	40.616	94.42	38.815	40.659
414942	PRO	 141 	HIS	 142 	PHE	 145 	7	71.9371785423	1	6.29452651118	98.266	38.293	40.616	94.42	38.815	40.659	94.072	34.151	42.824
616542	ARG	 144 	HIS	 142 	PHE	 145 	7	73.2108574725	1	5.42127162205	96.187	33.804	39.583	94.42	38.815	40.659	94.072	34.151	42.824
530142	TYR	 146 	HIS	 142 	PHE	 145 	7	72.4815536898	1	6.77795345219	90.95	33.003	41.006	94.42	38.815	40.659	94.072	34.151	42.824
635044	ARG	 144 	ALA	 147 	ALA	 143 	5	58.9994229504	1	6.11271936212	96.187	33.804	39.583	92.781	30.444	38.754	93.957	36.355	37.733
525819	TYR	 146 	GLN	 149 	PHE	 145 	4	50.0672140671	1	6.83982931074	90.95	33.003	41.006	90.468	28.351	43.217	94.072	34.151	42.824
596384	ALA	 312 	PRO	 313 	PHE	 145 	9	85.2972621031	1	8.05211257994	91.04	38.703	48.313	92.162	41.39	45.788	94.072	34.151	42.824
606101	ALA	 148 	ALA	 147 	TYR	 146 	6	64.7853359299	1	5.37656070365	94.049	28.703	41.908	92.781	30.444	38.754	90.95	33.003	41.006
544685	TYR	 179 	TYR	 146 	GLN	 149 	6	63.5574217526	1	8.05927409883	86.185	34.08	46.93	90.95	33.003	41.006	90.468	28.351	43.217
544972	TYR	 146 	TYR	 179 	ILE	 180 	5	57.3173097581	1	7.67847185317	90.95	33.003	41.006	86.185	34.08	46.93	84.538	32.257	43.923
601638	ALA	 148 	TRP	 302 	THR	 300 	7	72.7747724251	1	7.59603014739	94.049	28.703	41.908	97.518	26.011	47.883	100.572	30.24	45.484
473980	THR	 153 	ILE	 150 	PHE	 154 	5	58.7222785987	1	6.07292384276	87.853	22.778	42.374	89.334	26.718	39.963	88.702	20.716	39.287
543392	TYR	 306 	TRP	 302 	LEU	 152 	9	85.0676820696	1	8.00544171174	91.837	26.158	50.311	97.518	26.011	47.883	91.518	23.142	43.427
541662	TYR	 156 	THR	 153 	PHE	 154 	7	70.2927594142	1	5.25563821053	88.252	17.888	43.694	87.853	22.778	42.374	88.702	20.716	39.287
540436	TYR	 156 	SER	 159 	GLU	 155 	5	59.8874697435	1	6.26230261166	88.252	17.888	43.694	88.727	12.775	41.546	91.151	18.542	41.259
530430	TYR	 156 	HIS	 158 	LEU	 160 	7	71.1092559704	1	6.93648116843	88.252	17.888	43.694	87.715	15.092	38.726	84.959	12.019	42.013
540507	TYR	 156 	SER	 159 	LEU	 160 	4	52.4441204384	1	6.93648116843	88.252	17.888	43.694	88.727	12.775	41.546	84.959	12.019	42.013
386427	ASP	 161 	HIS	 158 	LEU	 157 	4	49.1357614961	1	6.81150189019	84.862	11.07	38.257	87.715	15.092	38.726	85.592	17.253	41.02
624026	ARG	 190 	ASP	 161 	LEU	 160 	3	43.0560263068	1	7.50505522964	79.904	11.421	36.498	84.862	11.07	38.257	84.959	12.019	42.013
631659	ARG	 165 	TYR	 164 	ASP	 166 	4	51.3544761896	1	6.09616609026	81.97	21.293	31.228	82.209	20.129	34.87	80.708	24.901	31.386
522943	TYR	 164 	PHE	 185 	PHE	 187 	8	82.6101409301	1	6.87601941533	82.209	20.129	34.87	76.06	22.24	37.109	76.467	19.914	31.874
602139	ALA	 188 	TYR	 164 	PHE	 187 	4	50.6096135171	1	6.48018556833	78.277	18.221	34.852	82.209	20.129	34.87	76.467	19.914	31.874
602714	ALA	 188 	TYR	 164 	LYS	 189 	3	43.7415251242	1	6.87960304087	78.277	18.221	34.852	82.209	20.129	34.87	78.456	14.374	34.518
623743	ARG	 165 	ASP	 166 	PHE	 187 	8	76.3834971955	1	6.56463205366	81.97	21.293	31.228	80.708	24.901	31.386	76.467	19.914	31.874
610783	ARG	 165 	CYS	 199 	PHE	 187 	8	77.5958250592	1	7.48814002273	81.97	21.293	31.228	77.774	20.833	25.043	76.467	19.914	31.874
619491	ARG	 165 	GLY	 200 	CYS	 199 	4	48.0422104003	1	7.48814002273	81.97	21.293	31.228	79.423	23.977	26.64	77.774	20.833	25.043
393343	ASP	 184 	ASP	 166 	PHE	 187 	8	78.0452073966	1	7.91854557353	75.549	25.982	36.878	80.708	24.901	31.386	76.467	19.914	31.874
389019	ASP	 166 	GLY	 186 	PHE	 185 	4	52.0190076309	1	8.0300915935	80.708	24.901	31.386	73.799	21.758	34.007	76.06	22.24	37.109
380384	ASP	 166 	CYS	 199 	PHE	 187 	9	85.977277995	1	8.08644724215	80.708	24.901	31.386	77.774	20.833	25.043	76.467	19.914	31.874
389089	ASP	 166 	GLY	 200 	CYS	 199 	2	30.6038382162	1	8.08644724215	80.708	24.901	31.386	79.423	23.977	26.64	77.774	20.833	25.043
479815	THR	 201 	ASP	 166 	CYS	 199 	8	80.6841705057	1	8.08644724215	79.663	27.692	25.569	80.708	24.901	31.386	77.774	20.833	25.043
387866	ASP	 175 	ILE	 174 	LEU	 173 	3	41.4610247051	1	6.47343293779	81.074	35.862	47.464	81.856	36.36	43.874	80.121	34.236	41.271
387721	ASP	 175 	ILE	 174 	GLN	 176 	2	33.0354633721	1	6.84643600715	81.074	35.862	47.464	81.856	36.36	43.874	81.233	38.239	50.428
387723	ASP	 175 	ILE	 174 	GLN	 177 	4	48.5404500687	1	7.97905088341	81.074	35.862	47.464	81.856	36.36	43.874	84.959	37.448	51.144
266764	ILE	 174 	GLN	 177 	GLN	 176 	5	59.04399841	1	7.97905088341	81.856	36.36	43.874	84.959	37.448	51.144	81.233	38.239	50.428
301322	GLY	 178 	ILE	 174 	GLN	 177 	3	38.3035010142	1	7.97905088341	85.824	37.897	47.412	81.856	36.36	43.874	84.959	37.448	51.144
381968	ASP	 175 	GLN	 177 	GLN	 176 	9	88.8622986171	1	5.58130997168	81.074	35.862	47.464	84.959	37.448	51.144	81.233	38.239	50.428
537483	TYR	 179 	ASP	 175 	GLN	 176 	4	45.4121199665	1	7.35225060781	86.185	34.08	46.93	81.074	35.862	47.464	81.233	38.239	50.428
422285	PRO	 316 	ASP	 175 	GLN	 176 	6	61.3624271448	1	7.64705230792	82.209	43.39	46.744	81.074	35.862	47.464	81.233	38.239	50.428
295568	GLY	 178 	GLN	 176 	GLN	 177 	9	89.6786922485	1	5.50368067751	85.824	37.897	47.412	81.233	38.239	50.428	84.959	37.448	51.144
525966	TYR	 179 	GLN	 176 	GLN	 177 	7	69.699604163	1	7.35225060781	86.185	34.08	46.93	81.233	38.239	50.428	84.959	37.448	51.144
410765	PRO	 316 	GLN	 177 	GLN	 176 	6	62.1858420001	1	7.88859074867	82.209	43.39	46.744	84.959	37.448	51.144	81.233	38.239	50.428
533164	TYR	 179 	GLY	 178 	GLN	 176 	5	60.2967340997	1	7.35225060781	86.185	34.08	46.93	85.824	37.897	47.412	81.233	38.239	50.428
417967	PRO	 316 	GLY	 178 	GLN	 176 	8	80.6186751003	1	6.60965188191	82.209	43.39	46.744	85.824	37.897	47.412	81.233	38.239	50.428
533165	TYR	 179 	GLY	 178 	GLN	 177 	6	62.2084635577	1	5.53211496627	86.185	34.08	46.93	85.824	37.897	47.412	84.959	37.448	51.144
417963	PRO	 316 	GLY	 178 	GLN	 177 	4	47.0677303866	1	7.88859074867	82.209	43.39	46.744	85.824	37.897	47.412	84.959	37.448	51.144
602287	ALA	 312 	TYR	 179 	GLN	 177 	8	77.039492607	1	6.84513279637	91.04	38.703	48.313	86.185	34.08	46.93	84.959	37.448	51.144
416524	PRO	 316 	ILE	 315 	GLN	 177 	5	60.0018826064	1	7.88859074867	82.209	43.39	46.744	85.667	42.554	47.957	84.959	37.448	51.144
533450	TYR	 179 	GLY	 178 	ILE	 180 	3	39.9055222848	1	6.75548051585	86.185	34.08	46.93	85.824	37.897	47.412	84.538	32.257	43.923
417821	PRO	 313 	GLY	 178 	PHE	 314 	6	66.2924075678	1	7.41678292793	92.162	41.39	45.788	85.824	37.897	47.412	88.58	42.549	45.488
531722	TYR	 179 	ILE	 180 	GLN	 181 	3	35.6830397758	1	6.84956823457	86.185	34.08	46.93	84.538	32.257	43.923	81.495	30.026	44.017
571177	VAL	 182 	THR	 183 	ASP	 184 	2	32.1195901385	1	7.03760072752	80.993	27.854	40.926	77.361	27.626	39.911	75.549	25.982	36.878
389018	ASP	 184 	GLY	 186 	PHE	 187 	3	38.3168357599	1	7.91854557353	75.549	25.982	36.878	73.799	21.758	34.007	76.467	19.914	31.874
292540	GLY	 186 	PHE	 187 	PHE	 185 	5	58.8618614422	1	5.74292173027	73.799	21.758	34.007	76.467	19.914	31.874	76.06	22.24	37.109
592059	ALA	 188 	LYS	 189 	PHE	 187 	4	45.9393401592	1	6.45278676232	78.277	18.221	34.852	78.456	14.374	34.518	76.467	19.914	31.874
632953	ARG	 190 	VAL	 191 	LYS	 192 	2	32.491934704	1	6.93858688783	79.904	11.421	36.498	81.67	9.401	33.774	84.636	7.063	33.898
628562	ARG	 194 	THR	 195 	GLY	 193 	3	36.7595919904	1	6.79954998511	84.832	8.977	27.228	81.725	11.134	26.568	85.329	6.664	30.21
664563	ASN	 216 	ARG	 194 	GLY	 193 	4	49.381915795	1	6.95483162988	87.428	13.183	28.999	84.832	8.977	27.228	85.329	6.664	30.21
630440	ARG	 194 	TRP	 196 	THR	 195 	9	88.4359507734	1	6.91005889989	84.832	8.977	27.228	80.356	12.56	23.371	81.725	11.134	26.568
664996	ASN	 216 	ARG	 194 	THR	 195 	5	55.3525053392	1	6.52934690455	87.428	13.183	28.999	84.832	8.977	27.228	81.725	11.134	26.568
631952	ARG	 194 	TYR	 215 	TRP	 196 	9	85.3246272766	1	6.91005889989	84.832	8.977	27.228	86.505	13.42	25.367	80.356	12.56	23.371
664565	ASN	 216 	ARG	 194 	GLY	 214 	6	66.116402644	1	7.08649723065	87.428	13.183	28.999	84.832	8.977	27.228	84.999	11.252	22.628
513368	TRP	 196 	THR	 195 	GLY	 214 	9	85.945167251	1	5.12411943655	80.356	12.56	23.371	81.725	11.134	26.568	84.999	11.252	22.628
511711	TRP	 196 	SER	 212 	LEU	 198 	8	80.2373328206	1	7.40597799079	80.356	12.56	23.371	83.044	15.071	17.43	78.329	18.464	22.024
504656	TRP	 196 	GLY	 214 	ILE	 209 	9	89.3300271906	1	7.48015842078	80.356	12.56	23.371	84.999	11.252	22.628	84.391	18.552	21.43
543536	TYR	 215 	TRP	 196 	ILE	 209 	9	83.2772823837	1	7.48015842078	86.505	13.42	25.367	80.356	12.56	23.371	84.391	18.552	21.43
511996	TRP	 196 	SER	 212 	LYS	 213 	5	58.8043096757	1	6.9875565114	80.356	12.56	23.371	83.044	15.071	17.43	85.526	12.947	19.276
511926	TRP	 196 	SER	 212 	GLY	 214 	7	70.8862637872	1	6.9875565114	80.356	12.56	23.371	83.044	15.071	17.43	84.999	11.252	22.628
506166	TRP	 196 	LYS	 213 	GLY	 214 	7	75.5932155151	1	6.60664014458	80.356	12.56	23.371	85.526	12.947	19.276	84.999	11.252	22.628
543680	TYR	 215 	TRP	 196 	LYS	 213 	9	85.6689456609	1	6.60664014458	86.505	13.42	25.367	80.356	12.56	23.371	85.526	12.947	19.276
543606	TYR	 215 	TRP	 196 	GLY	 214 	7	75.7241084597	1	6.52179553497	86.505	13.42	25.367	80.356	12.56	23.371	84.999	11.252	22.628
515346	TRP	 196 	TRP	 302 	TRP	 222 	7	73.2535049548	5	32.8070387112	80.356	12.56	23.371	97.518	26.011	47.883	91.418	23.5	28.139
269571	ILE	 209 	LEU	 198 	CYS	 199 	4	44.5213112585	1	7.87663754403	84.391	18.552	21.43	78.329	18.464	22.024	77.774	20.833	25.043
475489	THR	 201 	GLY	 200 	CYS	 199 	2	31.5232499045	1	7.13378426924	79.663	27.692	25.569	79.423	23.977	26.64	77.774	20.833	25.043
236515	HIS	 260 	CYS	 343 	CYS	 199 	5	58.9721843068	8	53.2145500122	101.959	42.438	28.682	56.339	15.216	31.775	77.774	20.833	25.043
481682	THR	 201 	PRO	 202 	GLY	 200 	3	40.9648278945	1	6.70471848775	79.663	27.692	25.569	81.3	28.617	22.179	79.423	23.977	26.64
481395	THR	 201 	PRO	 202 	GLU	 203 	4	51.933697772	1	6.03725806969	79.663	27.692	25.569	81.3	28.617	22.179	84.489	30.387	23.141
542454	TYR	 204 	THR	 201 	PRO	 202 	7	69.8566553378	1	5.67426911593	85.332	27.812	25.782	79.663	27.692	25.569	81.3	28.617	22.179
423794	PRO	 243 	PRO	 202 	GLU	 203 	3	42.4259057744	1	7.89031330176	80.005	30.625	16.653	81.3	28.617	22.179	84.489	30.387	23.141
424014	PRO	 202 	PRO	 243 	ILE	 246 	7	68.8884992206	1	6.95765434611	81.3	28.617	22.179	80.005	30.625	16.653	85.048	30.808	16.742
423798	PRO	 237 	PRO	 236 	GLU	 203 	7	75.0278688511	1	8.0139125276	91.652	33.971	22.878	88.913	35.511	25.102	84.489	30.387	23.141
177341	GLU	 203 	PHE	 239 	PHE	 238 	6	62.8727971664	1	6.71305601049	84.489	30.387	23.141	86.477	35.491	19.26	89.187	33.041	20.202
543387	TYR	 204 	TRP	 222 	LEU	 205 	4	49.9437513578	1	8.01245542889	85.332	27.812	25.782	91.418	23.5	28.139	84.847	24.624	23.694
606103	ALA	 206 	ALA	 223 	TYR	 204 	8	79.4881034389	1	7.02304670353	87.91	22.334	23.478	88.538	25.685	29.618	85.332	27.812	25.782
603146	ALA	 223 	TYR	 204 	TRP	 222 	3	40.3635041285	1	7.82228796453	88.538	25.685	29.618	85.332	27.812	25.782	91.418	23.5	28.139
574351	VAL	 226 	TYR	 204 	TRP	 222 	8	76.5215768393	1	7.82228796453	90.543	29.978	28.037	85.332	27.812	25.782	91.418	23.5	28.139
596667	ALA	 206 	PRO	 207 	LEU	 205 	4	45.4934945995	1	6.44888540757	87.91	22.334	23.478	88.794	21.299	19.827	84.847	24.624	23.694
600986	ALA	 206 	TRP	 222 	LEU	 205 	3	41.110016657	1	8.01245542889	87.91	22.334	23.478	91.418	23.5	28.139	84.847	24.624	23.694
606029	ALA	 206 	ALA	 223 	TRP	 222 	6	66.6002808605	1	7.02304670353	87.91	22.334	23.478	88.538	25.685	29.618	91.418	23.5	28.139
574133	VAL	 251 	TYR	 247 	PRO	 207 	6	63.0761442887	1	7.67466917854	90.623	23.922	15.815	85.113	26.968	16.192	88.794	21.299	19.827
445613	SER	 212 	ILE	 210 	ILE	 209 	6	68.0659306862	1	5.54842229828	83.044	15.071	17.43	84.145	20.456	18.188	84.391	18.552	21.43
448562	SER	 212 	LYS	 213 	GLY	 214 	3	36.3896547656	1	6.73988056274	83.044	15.071	17.43	85.526	12.947	19.276	84.999	11.252	22.628
534968	TYR	 215 	LYS	 213 	GLY	 214 	9	89.8696812368	1	6.18728139008	86.505	13.42	25.367	85.526	12.947	19.276	84.999	11.252	22.628
660241	ASN	 216 	TYR	 215 	GLY	 214 	2	27.5524757869	1	7.08649723065	87.428	13.183	28.999	86.505	13.42	25.367	84.999	11.252	22.628
660313	ASN	 216 	TYR	 215 	LYS	 217 	2	28.1764093196	1	7.02710146504	87.428	13.183	28.999	86.505	13.42	25.367	88.216	15.517	31.852
663699	ASN	 216 	ALA	 218 	TYR	 215 	4	45.240679225	1	7.32560168177	87.428	13.183	28.999	90.869	17.382	29.717	86.505	13.42	25.367
601274	ALA	 218 	TRP	 221 	LYS	 217 	3	42.6215147859	1	7.45924694591	90.869	17.382	29.717	91.75	22.082	31.624	88.216	15.517	31.852
663194	ASN	 283 	ALA	 218 	LYS	 217 	3	43.570870846	1	7.7194418192	95.901	15.211	31.191	90.869	17.382	29.717	88.216	15.517	31.852
601422	ALA	 218 	TRP	 221 	ASP	 220 	7	70.1140604162	1	5.30059600422	90.869	17.382	29.717	91.75	22.082	31.624	87.995	21.361	31.718
634829	ARG	 280 	ALA	 218 	TRP	 221 	6	63.958064386	1	7.91954708301	97.719	19.034	27.405	90.869	17.382	29.717	91.75	22.082	31.624
663628	ASN	 283 	ALA	 218 	TRP	 221 	5	56.7694767667	1	8.03921208826	95.901	15.211	31.191	90.869	17.382	29.717	91.75	22.082	31.624
572910	VAL	 219 	TRP	 221 	TRP	 222 	7	71.9250519846	1	5.53224158908	88.095	19.566	28.32	91.75	22.082	31.624	91.418	23.5	28.139
515021	TRP	 222 	TRP	 221 	ASP	 220 	6	63.4245081854	1	5.39457977974	91.418	23.5	28.139	91.75	22.082	31.624	87.995	21.361	31.718
601712	ALA	 223 	TRP	 221 	TRP	 222 	9	88.1178024487	1	5.22710139561	88.538	25.685	29.618	91.75	22.082	31.624	91.418	23.5	28.139
514591	TRP	 222 	TRP	 221 	LEU	 224 	8	81.498942483	1	5.48052050448	91.418	23.5	28.139	91.75	22.082	31.624	90.848	26.893	32.405
514591	TRP	 221 	TRP	 222 	LEU	 272 	8	76.2021601984	1	6.22665728943	91.75	22.082	31.624	91.418	23.5	28.139	96.706	24.319	28.59
630507	ARG	 280 	TRP	 221 	TRP	 222 	4	51.3748943775	1	7.91954708301	97.719	19.034	27.405	91.75	22.082	31.624	91.418	23.5	28.139
515322	TRP	 222 	TRP	 302 	TRP	 221 	1	15.1557099894	3	20.8168359027	91.418	23.5	28.139	97.518	26.011	47.883	91.75	22.082	31.624
601207	ALA	 223 	TRP	 221 	GLY	 225 	8	76.6516961959	1	6.49255373486	88.538	25.685	29.618	91.75	22.082	31.624	93.397	28.056	29.687
629500	ARG	 280 	TRP	 221 	PHE	 281 	5	54.8897636719	1	7.91954708301	97.719	19.034	27.405	91.75	22.082	31.624	98.609	19.896	30.96
665072	ASN	 283 	ARG	 280 	TRP	 221 	9	88.7531092367	1	8.03921208826	95.901	15.211	31.191	97.719	19.034	27.405	91.75	22.082	31.624
504219	TRP	 221 	GLY	 282 	PHE	 281 	4	51.2673930267	1	7.22947944184	91.75	22.082	31.624	96.195	18.352	33.508	98.609	19.896	30.96
658302	ASN	 283 	TRP	 221 	PHE	 281 	7	73.2508567425	1	8.03921208826	95.901	15.211	31.191	91.75	22.082	31.624	98.609	19.896	30.96
658805	ASN	 283 	TRP	 221 	GLY	 282 	6	64.5819921365	1	8.03921208826	95.901	15.211	31.191	91.75	22.082	31.624	96.195	18.352	33.508
515320	TRP	 221 	TRP	 302 	TRP	 296 	8	80.1454139563	2	17.6935566238	91.75	22.082	31.624	97.518	26.011	47.883	103.293	30.742	37.167
604588	ALA	 223 	VAL	 226 	TRP	 222 	5	54.7194218925	1	6.53762288603	88.538	25.685	29.618	90.543	29.978	28.037	91.418	23.5	28.139
500043	TRP	 222 	LEU	 273 	GLN	 274 	4	45.5452307058	1	7.42249068709	91.418	23.5	28.139	95.745	25.645	25.184	97.344	22.544	23.773
515329	TRP	 222 	TRP	 302 	TRP	 296 	8	76.4815102964	3	20.8168359027	91.418	23.5	28.139	97.518	26.011	47.883	103.293	30.742	37.167
545190	TYR	 235 	TYR	 229 	MET	 231 	7	72.9119505436	1	7.55837793445	89.082	39.273	25.882	93.6	34.12	29.07	90.849	37.251	32.872
606104	ALA	 233 	ALA	 232 	TYR	 229 	9	84.6019945278	1	5.8392829183	93.81	39.93	28.525	94.333	38.646	32.102	93.6	34.12	29.07
602642	ALA	 233 	TYR	 229 	GLY	 234 	3	43.3385534645	1	7.76147389353	93.81	39.93	28.525	93.6	34.12	29.07	90.206	41.1	29.041
603221	ALA	 233 	TYR	 229 	TYR	 235 	6	66.589867101	1	7.55837793445	93.81	39.93	28.525	93.6	34.12	29.07	89.082	39.273	25.882
545043	TYR	 229 	TYR	 235 	GLY	 234 	4	51.11839039	1	7.76147389353	93.6	34.12	29.07	89.082	39.273	25.882	90.206	41.1	29.041
545333	TYR	 229 	TYR	 235 	PRO	 236 	6	62.8253985547	1	7.55837793445	93.6	34.12	29.07	89.082	39.273	25.882	88.913	35.511	25.102
423795	PRO	 237 	PRO	 236 	GLU	 230 	4	48.65971418	1	6.86653923021	91.652	33.971	22.878	88.913	35.511	25.102	90.236	36.004	29.282
605668	ALA	 233 	ALA	 232 	MET	 231 	5	55.1103675408	1	5.90262407748	93.81	39.93	28.525	94.333	38.646	32.102	90.849	37.251	32.872
605524	ALA	 232 	ALA	 233 	GLY	 234 	5	58.6449769173	1	5.69420459766	94.333	38.646	32.102	93.81	39.93	28.525	90.206	41.1	29.041
602931	ALA	 233 	TYR	 235 	PRO	 236 	4	45.13154807	1	7.43135916236	93.81	39.93	28.525	89.082	39.273	25.882	88.913	35.511	25.102
596382	ALA	 233 	PRO	 258 	PHE	 261 	7	69.7434789412	1	7.88736546636	93.81	39.93	28.525	99.103	40.245	24.516	101.529	38.723	29.607
539281	TYR	 235 	PRO	 236 	GLY	 234 	2	33.3651840103	1	6.95877079663	89.082	39.273	25.882	88.913	35.511	25.102	90.206	41.1	29.041
538782	TYR	 235 	PRO	 237 	PHE	 239 	7	74.7573091975	1	8.05856271304	89.082	39.273	25.882	91.652	33.971	22.878	86.477	35.491	19.26
423581	PRO	 236 	PRO	 237 	PHE	 238 	6	60.921131133	1	5.49417655341	88.913	35.511	25.102	91.652	33.971	22.878	89.187	33.041	20.202
423584	PRO	 237 	PRO	 236 	PHE	 239 	9	87.4674170342	1	6.49468621259	91.652	33.971	22.878	88.913	35.511	25.102	86.477	35.491	19.26
407742	PRO	 236 	PHE	 239 	PHE	 238 	7	68.8820251087	1	6.32957028557	88.913	35.511	25.102	86.477	35.491	19.26	89.187	33.041	20.202
567579	VAL	 255 	PRO	 237 	PHE	 238 	4	44.7232848746	1	7.95169937812	97.01	31.636	19.965	91.652	33.971	22.878	89.187	33.041	20.202
580544	ALA	 240 	PHE	 238 	PHE	 239 	9	88.9362755367	1	7.09779296683	84.271	36.494	16.422	89.187	33.041	20.202	86.477	35.491	19.26
263741	ILE	 246 	PHE	 238 	PHE	 239 	6	68.2375223877	1	5.83859657795	85.048	30.808	16.742	89.187	33.041	20.202	86.477	35.491	19.26
594937	ALA	 240 	ASP	 241 	PHE	 239 	2	26.6352784903	1	7.07362354101	84.271	36.494	16.422	80.663	37.446	15.737	86.477	35.491	19.26
583418	ALA	 240 	GLN	 245 	PHE	 239 	3	43.6657250694	1	7.71524108502	84.271	36.494	16.422	83.907	31.453	13.209	86.477	35.491	19.26
266620	ILE	 246 	GLN	 245 	PHE	 239 	5	52.8769821905	1	7.71524108502	85.048	30.808	16.742	83.907	31.453	13.209	86.477	35.491	19.26
595084	ALA	 240 	ASP	 241 	GLN	 242 	5	56.5235168054	1	5.75142251969	84.271	36.494	16.422	80.663	37.446	15.737	79.325	34.026	14.833
597100	ALA	 240 	PRO	 243 	ASP	 241 	5	57.0153244244	1	7.25928908365	84.271	36.494	16.422	80.005	30.625	16.653	80.663	37.446	15.737
596526	ALA	 240 	PRO	 243 	GLN	 242 	7	68.4574890655	1	7.25928908365	84.271	36.494	16.422	80.005	30.625	16.653	79.325	34.026	14.833
583568	ALA	 240 	GLN	 245 	GLN	 242 	9	87.2052641196	1	5.98895199513	84.271	36.494	16.422	83.907	31.453	13.209	79.325	34.026	14.833
410766	PRO	 243 	GLN	 245 	GLN	 242 	7	69.1318663552	1	5.50022081375	80.005	30.625	16.653	83.907	31.453	13.209	79.325	34.026	14.833
416523	PRO	 243 	ILE	 246 	GLN	 242 	4	51.1501663782	1	6.83758246751	80.005	30.625	16.653	85.048	30.808	16.742	79.325	34.026	14.833
416526	PRO	 243 	ILE	 246 	GLN	 245 	7	69.445457633	1	5.26994535076	80.005	30.625	16.653	85.048	30.808	16.742	83.907	31.453	13.209
527407	TYR	 247 	GLU	 248 	GLN	 245 	8	82.3686384849	1	5.51977807525	85.113	26.968	16.192	87.092	27.545	13.0	83.907	31.453	13.209
532012	TYR	 247 	ILE	 250 	ILE	 246 	5	58.4182714413	1	6.1968038536	85.113	26.968	16.192	89.667	26.879	18.018	85.048	30.808	16.742
448563	SER	 252 	LYS	 249 	GLY	 253 	4	51.8436013003	1	6.8411859352	93.329	25.92	13.937	89.557	29.421	15.158	95.131	26.114	17.348
632378	ARG	 256 	VAL	 255 	PHE	 257 	3	43.6058601	1	6.47363174733	98.467	35.22	20.073	97.01	31.636	19.965	99.31	36.538	23.513
452379	SER	 259 	PRO	 258 	PHE	 257 	4	46.6764146082	1	6.39576633407	102.617	41.815	24.97	99.103	40.245	24.516	99.31	36.538	23.513
407740	PRO	 258 	PHE	 261 	PHE	 257 	5	54.4103470495	1	6.84361176573	99.103	40.245	24.516	101.529	38.723	29.607	99.31	36.538	23.513
436543	SER	 259 	PHE	 257 	PHE	 261 	8	77.7875951109	1	6.84361176573	102.617	41.815	24.97	99.31	36.538	23.513	101.529	38.723	29.607
452741	SER	 259 	PRO	 258 	HIS	 260 	6	61.9723460042	1	5.5064998865	102.617	41.815	24.97	99.103	40.245	24.516	101.959	42.438	28.682
414941	PRO	 258 	HIS	 260 	PHE	 261 	6	64.8308997895	1	5.84125337577	99.103	40.245	24.516	101.959	42.438	28.682	101.529	38.723	29.607
453818	SER	 263 	SER	 262 	PHE	 261 	3	42.0459228754	1	6.52397647145	106.609	34.638	29.869	104.515	37.378	31.504	101.529	38.723	29.607
448060	SER	 262 	LYS	 266 	PHE	 261 	5	59.16535323	1	6.44595330421	104.515	37.378	31.504	102.456	32.496	28.223	101.529	38.723	29.607
454398	SER	 262 	SER	 263 	LYS	 266 	7	69.3293531183	1	6.23204348509	104.515	37.378	31.504	106.609	34.638	29.869	102.456	32.496	28.223
508829	TRP	 296 	ASP	 264 	LEU	 265 	6	61.7995884075	1	5.98359139648	103.293	30.742	37.167	105.516	32.435	32.851	101.868	33.172	31.888
509116	TRP	 296 	ASP	 264 	LYS	 295 	5	57.802548233	1	6.34201072216	103.293	30.742	37.167	105.516	32.435	32.851	106.406	28.481	37.729
500192	TRP	 296 	LEU	 268 	LEU	 265 	9	83.7008783127	1	6.89950766359	103.293	30.742	37.167	101.367	27.863	31.2	101.868	33.172	31.888
501632	TRP	 296 	HIS	 294 	LEU	 268 	9	88.7809899274	1	7.00000071429	103.293	30.742	37.167	104.028	25.48	37.22	101.367	27.863	31.2
212042	LEU	 269 	LEU	 273 	GLN	 274 	3	35.8243277688	1	8.06739945707	98.731	28.862	28.594	95.745	25.645	25.184	97.344	22.544	23.773
664208	ASN	 271 	ARG	 280 	GLN	 274 	9	85.0206144908	1	5.80369373761	100.503	24.093	27.987	97.719	19.034	27.405	97.344	22.544	23.773
209020	LEU	 272 	GLN	 274 	PHE	 281 	5	60.3122055195	1	7.76305983488	96.706	24.319	28.59	97.344	22.544	23.773	98.609	19.896	30.96
612218	ARG	 280 	GLN	 274 	PHE	 281 	3	34.8603649286	1	7.76305983488	97.719	19.034	27.405	97.344	22.544	23.773	98.609	19.896	30.96
566715	VAL	 275 	ASP	 276 	LYS	 279 	4	49.4149563993	1	7.97502639494	95.207	21.204	20.913	96.788	17.698	21.211	100.373	17.075	25.37
657435	ASN	 283 	THR	 278 	LYS	 279 	4	50.8029832165	1	7.57346162597	95.901	15.211	31.191	98.092	14.098	24.713	100.373	17.075	25.37
620858	ARG	 280 	LYS	 279 	PHE	 281 	3	42.7355372399	1	6.50521613784	97.719	19.034	27.405	100.373	17.075	25.37	98.609	19.896	30.96
664564	ASN	 283 	ARG	 280 	GLY	 282 	5	60.5147736713	1	6.32726710358	95.901	15.211	31.191	97.719	19.034	27.405	96.195	18.352	33.508
302618	GLY	 287 	GLY	 282 	PHE	 281 	3	42.3501930494	1	6.87756592117	97.867	15.314	36.035	96.195	18.352	33.508	98.609	19.896	30.96
561818	VAL	 288 	GLY	 282 	PHE	 281 	3	36.5421573895	1	7.50042052154	97.097	18.388	38.15	96.195	18.352	33.508	98.609	19.896	30.96
301180	GLY	 282 	ILE	 291 	PHE	 281 	5	59.3907710866	1	6.55488054811	96.195	18.352	33.508	99.536	22.947	36.687	98.609	19.896	30.96
653044	ASN	 283 	ASP	 286 	GLY	 282 	5	54.3005799731	1	7.77547664134	95.901	15.211	31.191	101.27	13.731	36.617	96.195	18.352	33.508
648728	ASN	 283 	GLY	 287 	GLY	 282 	9	84.5984861934	1	5.22877624306	95.901	15.211	31.191	97.867	15.314	36.035	96.195	18.352	33.508
389527	ASP	 286 	GLY	 282 	GLY	 287 	8	79.7339483956	1	7.53492846681	101.27	13.731	36.617	96.195	18.352	33.508	97.867	15.314	36.035
653048	ASN	 289 	ASP	 286 	GLY	 282 	9	89.826134074	1	7.55544379901	100.522	18.593	39.697	101.27	13.731	36.617	96.195	18.352	33.508
661682	ASN	 289 	VAL	 288 	GLY	 282 	3	39.9500008117	1	7.55544379901	100.522	18.593	39.697	97.097	18.388	38.15	96.195	18.352	33.508
389452	ASP	 290 	GLY	 282 	ILE	 291 	5	59.6770556292	1	6.51017257836	101.8	19.877	36.292	96.195	18.352	33.508	99.536	22.947	36.687
566863	VAL	 288 	ASP	 286 	ASP	 290 	8	80.1963515214	1	6.43829690213	97.097	18.388	38.15	101.27	13.731	36.617	101.8	19.877	36.292
653261	ASN	 289 	ASP	 286 	ASP	 290 	6	61.8065126772	1	6.17736521504	100.522	18.593	39.697	101.27	13.731	36.617	101.8	19.877	36.292
653047	ASN	 289 	ASP	 290 	GLY	 287 	8	82.9646956937	1	6.02955280265	100.522	18.593	39.697	101.8	19.877	36.292	97.867	15.314	36.035
389450	ASP	 290 	GLY	 287 	ILE	 291 	3	43.8652623692	1	7.84049449971	101.8	19.877	36.292	97.867	15.314	36.035	99.536	22.947	36.687
665936	ASN	 293 	ASN	 289 	ILE	 291 	9	87.1303109002	1	5.65476586606	103.939	23.071	40.195	100.522	18.593	39.697	99.536	22.947	36.687
666079	ASN	 289 	ASN	 293 	LYS	 292 	8	77.2026693799	1	5.65476586606	100.522	18.593	39.697	103.939	23.071	40.195	100.162	23.261	40.443
653117	ASN	 293 	ASP	 290 	LYS	 292 	6	66.6188084567	1	5.60047328357	103.939	23.071	40.195	101.8	19.877	36.292	100.162	23.261	40.443
390823	ASP	 290 	LYS	 292 	HIS	 294 	8	83.0273861485	1	6.10071938381	101.8	19.877	36.292	100.162	23.261	40.443	104.028	25.48	37.22
652901	ASN	 293 	ASP	 290 	HIS	 294 	6	61.2890403851	1	6.10071938381	103.939	23.071	40.195	101.8	19.877	36.292	104.028	25.48	37.22
646783	ASN	 293 	ILE	 291 	PHE	 297 	8	76.497212742	1	7.84338938215	103.939	23.071	40.195	99.536	22.947	36.687	101.914	29.379	40.494
645342	ASN	 293 	HIS	 294 	PHE	 297 	7	72.1868126934	1	6.63180895382	103.939	23.071	40.195	104.028	25.48	37.22	101.914	29.379	40.494
662980	ASN	 293 	ALA	 298 	HIS	 294 	5	58.769397997	1	6.88832403419	103.939	23.071	40.195	105.255	29.435	42.479	104.028	25.48	37.22
506021	TRP	 296 	LYS	 295 	HIS	 294 	6	66.0939204747	1	5.31334903804	103.293	30.742	37.167	106.406	28.481	37.729	104.028	25.48	37.22
592419	ALA	 298 	LYS	 295 	HIS	 294 	4	51.9397336649	1	6.69362644611	105.255	29.435	42.479	106.406	28.481	37.729	104.028	25.48	37.22
601062	ALA	 298 	TRP	 296 	HIS	 294 	7	74.426895668	1	6.69362644611	105.255	29.435	42.479	103.293	30.742	37.167	104.028	25.48	37.22
505661	TRP	 296 	LYS	 295 	PHE	 297 	6	65.1766620515	1	5.35067220076	103.293	30.742	37.167	106.406	28.481	37.729	101.914	29.379	40.494
601279	ALA	 298 	TRP	 296 	LYS	 295 	8	75.8331468508	1	5.81162946169	105.255	29.435	42.479	103.293	30.742	37.167	106.406	28.481	37.729
600704	ALA	 298 	TRP	 296 	PHE	 297 	9	89.5101678437	1	5.81162946169	105.255	29.435	42.479	103.293	30.742	37.167	101.914	29.379	40.494
512861	TRP	 296 	THR	 299 	PHE	 297 	6	68.1855644477	1	7.85619691708	103.293	30.742	37.167	103.948	32.031	44.889	101.914	29.379	40.494
601634	ALA	 298 	TRP	 296 	THR	 299 	3	41.2278465099	1	7.85619691708	105.255	29.435	42.479	103.293	30.742	37.167	103.948	32.031	44.889
484778	THR	 299 	THR	 300 	ASP	 301 	3	42.9466527491	1	6.53552851727	103.948	32.031	44.889	100.572	30.24	45.484	100.068	28.613	48.886
513584	TRP	 302 	THR	 300 	ASP	 301 	9	89.5596590253	1	5.74165115624	97.518	26.011	47.883	100.572	30.24	45.484	100.068	28.613	48.886
480173	THR	 300 	ASP	 301 	ILE	 305 	6	66.2912399876	1	7.93517586447	100.572	30.24	45.484	100.068	28.613	48.886	93.686	29.424	49.342
513292	TRP	 302 	THR	 300 	ILE	 305 	5	60.5417622037	1	7.93517586447	97.518	26.011	47.883	100.572	30.24	45.484	93.686	29.424	49.342
508973	TRP	 302 	ASP	 301 	ILE	 303 	6	62.2769575913	1	5.44341675788	97.518	26.011	47.883	100.068	28.613	48.886	96.621	25.329	51.525
508974	TRP	 302 	ASP	 301 	ILE	 305 	7	71.8949867452	1	6.44946362111	97.518	26.011	47.883	100.068	28.613	48.886	93.686	29.424	49.342
601136	ALA	 304 	TRP	 302 	ILE	 303 	9	89.2462511621	1	5.71832335567	95.899	29.005	52.478	97.518	26.011	47.883	96.621	25.329	51.525
503213	TRP	 302 	ILE	 305 	ILE	 303 	6	67.9159061583	1	5.4907867378	97.518	26.011	47.883	93.686	29.424	49.342	96.621	25.329	51.525
603152	ALA	 304 	TYR	 306 	TRP	 302 	9	84.4626330073	1	6.17985064544	95.899	29.005	52.478	91.837	26.158	50.311	97.518	26.011	47.883
534605	TYR	 306 	LYS	 309 	GLN	 307 	6	67.9985039131	1	7.78623670331	91.837	26.158	50.311	93.332	32.474	54.612	91.437	27.425	53.865
632594	ARG	 308 	VAL	 310 	GLU	 311 	3	40.0412471191	1	7.93795105805	90.4	30.916	52.68	94.438	34.633	51.611	93.093	38.279	51.437
563474	VAL	 310 	LYS	 309 	GLU	 311 	3	42.8126227529	1	6.62085878116	94.438	34.633	51.611	93.332	32.474	54.612	93.093	38.279	51.437
596594	ALA	 312 	PRO	 313 	GLU	 311 	3	42.1639782995	1	6.51584860168	91.04	38.703	48.313	92.162	41.39	45.788	93.093	38.279	51.437
416378	PRO	 316 	ILE	 315 	PHE	 314 	3	41.4486296933	1	6.54785903941	82.209	43.39	46.744	85.667	42.554	47.957	88.58	42.549	45.488
419690	PRO	 316 	LYS	 317 	ILE	 315 	3	42.0631769291	1	6.45803019504	82.209	43.39	46.744	80.16	45.833	48.749	85.667	42.554	47.957
419258	PRO	 316 	LYS	 317 	PHE	 318 	3	38.4824001773	1	6.67678859932	82.209	43.39	46.744	80.16	45.833	48.749	76.496	45.286	49.633
653983	ASN	 326 	PRO	 316 	PHE	 318 	8	79.2879254231	1	7.91929977965	75.988	43.515	41.931	82.209	43.39	46.744	76.496	45.286	49.633
419259	PRO	 321 	LYS	 319 	PHE	 318 	4	49.0477375531	1	7.78944163596	70.44	41.362	52.566	74.098	47.308	51.772	76.496	45.286	49.633
450943	SER	 325 	ASP	 323 	PHE	 318 	8	78.1226204729	1	7.27177323629	73.265	45.803	43.139	70.773	43.607	48.066	76.496	45.286	49.633
652542	ASN	 326 	ASP	 323 	PHE	 318 	7	74.8326200841	1	8.05250979509	75.988	43.515	41.931	70.773	43.607	48.066	76.496	45.286	49.633
422719	PRO	 321 	ASP	 323 	LYS	 319 	8	79.8999513066	1	7.0261167084	70.44	41.362	52.566	70.773	43.607	48.066	74.098	47.308	51.772
418322	PRO	 321 	GLY	 320 	GLY	 322 	3	42.5783296795	1	6.51434401916	70.44	41.362	52.566	72.107	44.658	53.593	68.849	41.213	49.126
389523	ASP	 323 	GLY	 320 	GLY	 322 	4	49.595503267	1	6.51434401916	70.773	43.607	48.066	72.107	44.658	53.593	68.849	41.213	49.126
657578	ASN	 326 	THR	 324 	ASP	 323 	3	35.6616446992	1	8.05250979509	75.988	43.515	41.931	71.177	42.796	44.352	70.773	43.607	48.066
482624	THR	 324 	SER	 325 	PHE	 327 	9	86.139443697	1	5.75946646835	71.177	42.796	44.352	73.265	45.803	43.139	73.679	41.931	39.237
656143	ASN	 326 	SER	 325 	ASP	 328 	8	80.4532806514	1	7.62802739901	75.988	43.515	41.931	73.265	45.803	43.139	72.194	43.284	36.019
393338	ASP	 329 	ASP	 328 	PHE	 327 	3	41.235732919	1	6.51111626374	68.528	43.926	35.79	72.194	43.284	36.019	73.679	41.931	39.237
537553	TYR	 330 	ASP	 329 	GLU	 331 	2	30.5082639476	1	6.95150846939	66.354	41.599	33.787	68.528	43.926	35.79	62.793	41.7	32.553
632810	ARG	 336 	VAL	 337 	ILE	 335 	3	39.8492107093	1	6.67562266759	52.618	29.985	35.589	52.043	26.511	37.202	55.726	32.018	36.382
569450	VAL	 337 	SER	 338 	ILE	 339 	3	39.7483559305	1	6.7389330016	52.043	26.511	37.202	49.699	24.365	34.875	46.626	22.611	36.275
646994	ASN	 340 	ILE	 339 	GLU	 341 	3	36.2906437276	1	6.91484179139	48.032	19.37	34.629	46.626	22.611	36.275	51.404	17.683	35.438
325730	LYS	 342 	GLU	 341 	CYS	 343 	3	39.9051796127	1	6.62252844464	53.78	17.928	32.473	51.404	17.683	35.438	56.339	15.216	31.775
296932	GLY	 344 	GLU	 341 	CYS	 343 	5	57.5287688411	1	6.62252844464	55.986	13.549	35.182	51.404	17.683	35.438	56.339	15.216	31.775
331496	LYS	 342 	GLY	 344 	CYS	 343 	9	89.7144259954	1	5.60185308626	53.78	17.928	32.473	55.986	13.549	35.182	56.339	15.216	31.775
331492	LYS	 345 	GLY	 344 	CYS	 343 	5	59.7480556949	1	5.62984475807	57.583	10.212	34.035	55.986	13.549	35.182	56.339	15.216	31.775
325736	LYS	 345 	GLU	 346 	CYS	 343 	9	87.6238335876	1	5.77702501293	57.583	10.212	34.035	60.872	11.789	32.815	56.339	15.216	31.775
178780	GLU	 346 	CYS	 343 	PHE	 347 	5	53.7852560898	1	6.79918686315	60.872	11.789	32.815	56.339	15.216	31.775	61.385	13.665	36.06
436542	SER	 348 	PHE	 350 	PHE	 347 	7	68.4558302038	1	5.65148307969	60.403	11.093	38.618	64.225	14.777	40.557	61.385	13.665	36.06
