606032	ALA	   4 	ALA	   2 	TRP	   6 	9	83.5915572898	1	6.26337560745	11.477	102.059	13.034	7.309	98.292	15.803	10.604	96.805	12.669
605236	ALA	   2 	ALA	   4 	GLU	   7 	5	60.5146696244	1	7.84477775338	7.309	98.292	15.803	11.477	102.059	13.034	12.166	98.359	9.643
600913	ALA	   2 	TRP	   6 	GLU	   7 	2	28.6914156773	1	7.84477775338	7.309	98.292	15.803	10.604	96.805	12.669	12.166	98.359	9.643
601206	ALA	   4 	TRP	   6 	GLY	   3 	7	69.9612647277	1	5.34938631994	11.477	102.059	13.034	10.604	96.805	12.669	7.754	101.258	13.484
590695	ALA	   4 	GLY	   3 	CYS	 322 	8	82.1160164415	1	7.09892822897	11.477	102.059	13.034	7.754	101.258	13.484	9.028	103.568	19.524
504436	TRP	   6 	GLY	   3 	GLU	   7 	5	54.392542731	1	6.52864656725	10.604	96.805	12.669	7.754	101.258	13.484	12.166	98.359	9.643
601135	ALA	   4 	TRP	   6 	ILE	   8 	8	79.6779666626	1	6.22471316608	11.477	102.059	13.034	10.604	96.805	12.669	15.624	97.85	11.076
500192	TRP	 315 	LEU	   5 	LEU	 319 	9	83.9104475497	1	6.82097859548	18.696	99.887	17.888	12.577	99.025	15.0	13.795	100.925	21.234
498678	TRP	   6 	GLU	   9 	GLU	   7 	7	68.6035592024	1	5.27419510447	10.604	96.805	12.669	14.699	94.238	11.745	12.166	98.359	9.643
502998	TRP	   6 	ILE	   8 	GLU	   9 	7	74.7116746907	1	5.36936439441	10.604	96.805	12.669	15.624	97.85	11.076	14.699	94.238	11.745
659313	ASN	  65 	TRP	   6 	TRP	  66 	1	21.6914265547	2	17.9350470866	-5.513	92.93	11.257	10.604	96.805	12.669	-6.783	92.977	14.838
515362	TRP	  66 	TRP	 210 	TRP	   6 	5	54.6657927326	7	43.2003558897	-6.783	92.977	14.838	29.654	79.303	33.59	10.604	96.805	12.669
615098	ARG	 115 	LEU	  12 	PHE	  13 	3	40.6887488237	1	8.07727460224	23.236	90.717	12.722	18.799	92.619	9.076	16.479	89.687	8.418
622300	ARG	 115 	MET	 114 	PHE	  13 	5	58.8483348625	1	8.07727460224	23.236	90.717	12.722	20.328	88.317	13.042	16.479	89.687	8.418
596667	ALA	  18 	PRO	  17 	LEU	  16 	4	50.8108896125	1	6.10457508759	18.004	81.687	3.259	21.249	83.483	4.057	20.348	86.388	6.369
597171	ALA	  18 	PRO	  19 	PRO	  17 	4	50.2831109296	1	6.11689504569	18.004	81.687	3.259	18.224	78.231	4.883	21.249	83.483	4.057
454610	SER	  21 	SER	  20 	PRO	  19 	3	40.0426369465	1	6.60155534704	14.86	74.04	1.049	17.901	74.888	3.082	18.224	78.231	4.883
452884	SER	  20 	PRO	  19 	GLY	 225 	5	59.8848706199	1	6.44071999081	17.901	74.888	3.082	18.224	78.231	4.883	17.613	72.099	6.756
483412	THR	 227 	SER	  20 	PRO	  19 	5	59.6238950199	1	7.81481145006	18.802	75.314	10.833	17.901	74.888	3.082	18.224	78.231	4.883
452888	SER	  21 	PRO	  19 	GLY	 225 	9	88.1718419709	1	6.62694039508	14.86	74.04	1.049	18.224	78.231	4.883	17.613	72.099	6.756
625684	ARG	 224 	PRO	  19 	GLY	 225 	5	58.6335322671	1	6.44071999081	14.409	74.04	7.148	18.224	78.231	4.883	17.613	72.099	6.756
598688	ALA	  22 	SER	  20 	SER	  21 	9	89.6954723897	1	5.11029245738	15.236	70.568	2.49	17.901	74.888	3.082	14.86	74.04	1.049
627486	ARG	 224 	SER	  21 	SER	  20 	7	69.1823489669	1	6.11565221379	14.409	74.04	7.148	14.86	74.04	1.049	17.901	74.888	3.082
454324	SER	  21 	SER	  20 	GLY	 225 	5	56.2031916681	1	6.62694039508	14.86	74.04	1.049	17.901	74.888	3.082	17.613	72.099	6.756
598250	ALA	  22 	SER	  20 	ILE	  23 	3	36.1019972781	1	7.73210152546	15.236	70.568	2.49	17.901	74.888	3.082	12.484	69.684	4.915
589395	ALA	  22 	ILE	  23 	GLU	 223 	4	47.3166887874	1	7.76948009844	15.236	70.568	2.49	12.484	69.684	4.915	12.699	71.832	9.724
664494	ASN	  24 	ARG	 224 	ILE	  23 	7	71.063915385	1	6.74153313424	13.726	67.348	7.594	14.409	74.04	7.148	12.484	69.684	4.915
655564	ASN	  24 	SER	  25 	GLN	  28 	5	58.350589447	1	7.2366231075	13.726	67.348	7.594	10.752	65.276	8.724	8.413	68.296	12.415
664565	ASN	  24 	ARG	 224 	GLY	 225 	6	62.3504004273	1	6.74153313424	13.726	67.348	7.594	14.409	74.04	7.148	17.613	72.099	6.756
665287	ASN	  24 	ARG	 224 	ALA	 226 	8	76.7706495406	1	6.74153313424	13.726	67.348	7.594	14.409	74.04	7.148	17.764	71.673	10.525
239408	HIS	  26 	GLU	 223 	GLN	  28 	9	84.4268056686	1	7.67611242752	12.533	64.507	12.013	12.699	71.832	9.724	8.413	68.296	12.415
559155	VAL	 181 	HIS	  26 	GLU	 180 	4	48.385260447	1	8.07370553092	19.878	66.183	12.258	12.533	64.507	12.013	20.269	62.908	10.345
596522	ALA	  30 	PRO	  29 	GLN	  28 	3	42.1310357901	1	6.60068375246	4.556	67.18	17.654	6.573	69.63	15.541	8.413	68.296	12.415
452524	SER	  53 	PRO	  29 	GLN	  28 	5	56.3835743064	1	6.26111315981	2.35	69.484	13.43	6.573	69.63	15.541	8.413	68.296	12.415
625324	ARG	 166 	PRO	  29 	GLN	  28 	5	57.7115782072	1	6.72352541454	8.406	75.009	12.791	6.573	69.63	15.541	8.413	68.296	12.415
416524	PRO	  29 	ILE	 168 	GLN	  28 	5	53.1593554444	1	6.96018835952	6.573	69.63	15.541	11.654	71.25	17.82	8.413	68.296	12.415
301325	GLY	 167 	ILE	 168 	GLN	  28 	6	63.4457972912	1	6.96018835952	10.826	72.627	14.411	11.654	71.25	17.82	8.413	68.296	12.415
596954	ALA	  30 	PRO	  29 	LYS	  31 	3	41.5983484657	1	6.55391684415	4.556	67.18	17.654	6.573	69.63	15.541	0.95	66.466	16.692
481759	THR	  54 	PRO	  29 	LYS	  31 	8	80.5377931205	1	8.04967229147	0.435	70.934	10.499	6.573	69.63	15.541	0.95	66.466	16.692
483409	THR	  54 	SER	  53 	PRO	  29 	2	27.5480309178	1	8.04967229147	0.435	70.934	10.499	2.35	69.484	13.43	6.573	69.63	15.541
625686	ARG	 166 	PRO	  29 	GLY	 167 	7	70.3980513225	1	6.31316323248	8.406	75.009	12.791	6.573	69.63	15.541	10.826	72.627	14.411
483194	THR	  54 	SER	  53 	LYS	  31 	3	36.4407010882	1	7.65385510707	0.435	70.934	10.499	2.35	69.484	13.43	0.95	66.466	16.692
422426	PRO	  32 	ASP	  51 	LEU	  52 	3	43.5539511518	1	7.83069837243	-1.209	66.919	19.827	-1.804	71.457	15.813	1.739	72.677	15.414
563257	VAL	  50 	LYS	  49 	PHE	  48 	2	28.7641011493	1	7.05245552981	-3.283	74.393	17.728	-5.75	73.572	20.477	-9.081	74.883	21.713
325660	LYS	  49 	GLU	  76 	PHE	  48 	5	57.7981217067	1	6.4681289412	-5.75	73.572	20.477	-3.893	78.565	22.881	-9.081	74.883	21.713
566714	VAL	  50 	ASP	  51 	LYS	  49 	3	42.9989753384	1	6.46506279939	-3.283	74.393	17.728	-1.804	71.457	15.813	-5.75	73.572	20.477
331639	LYS	  49 	GLY	  74 	GLU	  76 	8	80.6803529144	1	8.01047064785	-5.75	73.572	20.477	-8.54	80.776	18.359	-3.893	78.565	22.881
604514	ALA	  55 	VAL	  56 	THR	  54 	3	41.0973200236	1	6.59915585511	0.177	74.666	11.264	1.771	77.193	8.89	0.435	70.934	10.499
604442	ALA	  55 	VAL	  56 	SER	  57 	3	39.8561513455	1	6.65436766342	0.177	74.666	11.264	1.771	77.193	8.89	3.679	80.223	10.198
569306	VAL	  56 	SER	  57 	LEU	 164 	3	38.1081336442	1	7.88536910994	1.771	77.193	8.89	3.679	80.223	10.198	6.074	80.699	14.491
575647	VAL	  56 	VAL	  94 	SER	  92 	8	81.7773946491	1	8.03103337062	1.771	77.193	8.89	-0.187	81.063	13.287	-3.538	82.973	7.186
660604	ASN	  59 	TYR	  58 	SER	  57 	5	55.5352968324	1	5.83371014021	3.726	85.109	7.011	1.683	83.434	9.726	3.679	80.223	10.198
655639	ASN	  59 	SER	  57 	GLU	 163 	8	75.8326872677	1	8.01557396572	3.726	85.109	7.011	3.679	80.223	10.198	7.102	84.32	14.238
569020	VAL	  94 	SER	  57 	PHE	  95 	5	56.5054002864	1	6.27016475063	-0.187	81.063	13.287	3.679	80.223	10.198	1.874	83.628	15.144
660459	ASN	  59 	TYR	  58 	ASP	  60 	4	50.4554613397	1	6.12012369156	3.726	85.109	7.011	1.683	83.434	9.726	4.096	88.786	7.997
660605	ASN	  59 	TYR	  58 	SER	  92 	6	61.5418141392	1	7.57356039126	3.726	85.109	7.011	1.683	83.434	9.726	-3.538	82.973	7.186
660241	ASN	  59 	TYR	  58 	GLY	  93 	2	31.5141074092	1	7.05587322732	3.726	85.109	7.011	1.683	83.434	9.726	-1.405	81.078	9.696
652970	ASN	  59 	ASP	  60 	ILE	  61 	3	41.3381253503	1	6.5823798128	3.726	85.109	7.011	4.096	88.786	7.997	3.644	89.791	11.637
655924	ASN	  59 	SER	  92 	GLY	  93 	5	56.4220577902	1	7.57356039126	3.726	85.109	7.011	-3.538	82.973	7.186	-1.405	81.078	9.696
389451	ASP	  63 	GLY	  62 	ILE	  64 	4	44.0832999041	1	6.41017698664	0.742	93.347	9.24	4.263	93.333	10.578	-1.889	91.789	11.505
658731	ASN	  65 	TRP	  66 	ILE	  64 	4	51.7468554225	1	6.03916128283	-5.513	92.93	11.257	-6.783	92.977	14.838	-1.889	91.789	11.505
658877	ASN	  65 	TRP	  66 	LYS	  67 	6	61.6416366621	1	5.50063314538	-5.513	92.93	11.257	-6.783	92.977	14.838	-10.168	94.402	13.791
666509	ASN	  68 	ASN	  65 	TRP	  66 	6	67.5167908878	1	5.73686159847	-11.055	91.479	11.561	-5.513	92.93	11.257	-6.783	92.977	14.838
658876	ASN	 135 	TRP	  66 	LYS	  67 	5	54.1595196944	1	6.90479898332	-6.911	96.992	19.301	-6.783	92.977	14.838	-10.168	94.402	13.791
507674	TRP	  66 	MET	 136 	LYS	  67 	3	36.1603948628	1	7.8622307903	-6.783	92.977	14.838	-5.013	93.764	19.693	-10.168	94.402	13.791
505734	TRP	  66 	LYS	  67 	CYS	 139 	7	73.8301333446	1	6.75324077758	-6.783	92.977	14.838	-10.168	94.402	13.791	-9.302	91.238	19.694
658588	ASN	  68 	TRP	  66 	LEU	  69 	5	54.5592158405	1	6.6721842001	-11.055	91.479	11.561	-6.783	92.977	14.838	-12.192	89.108	14.298
501479	TRP	  66 	HIS	 261 	CYS	 113 	9	83.6457331941	8	54.1891184833	-6.783	92.977	14.838	41.614	68.965	19.035	21.617	87.416	16.45
658516	ASN	 135 	TRP	  66 	GLU	 132 	5	57.5673505764	1	7.73236399816	-6.911	96.992	19.301	-6.783	92.977	14.838	-2.689	98.798	17.862
507317	TRP	  66 	MET	 136 	GLU	 132 	6	67.1993339619	1	7.73236399816	-6.783	92.977	14.838	-5.013	93.764	19.693	-2.689	98.798	17.862
658950	ASN	 135 	TRP	  66 	MET	 136 	7	71.3080950479	1	6.00457975216	-6.911	96.992	19.301	-6.783	92.977	14.838	-5.013	93.764	19.693
658376	ASN	 135 	TRP	  66 	CYS	 139 	9	84.4928705391	1	6.24338417847	-6.911	96.992	19.301	-6.783	92.977	14.838	-9.302	91.238	19.694
507175	TRP	  66 	MET	 136 	CYS	 139 	8	80.4520753275	1	5.74022804425	-6.783	92.977	14.838	-5.013	93.764	19.693	-9.302	91.238	19.694
601771	ALA	 257 	TRP	  66 	TRP	 210 	5	52.6794803165	8	55.7481095823	46.588	77.418	18.998	-6.783	92.977	14.838	29.654	79.303	33.59
515366	TRP	  66 	TRP	 210 	TRP	 315 	9	86.6279857419	7	43.2003558897	-6.783	92.977	14.838	29.654	79.303	33.59	18.696	99.887	17.888
651678	ASN	 135 	MET	 136 	LYS	  67 	7	74.7345334277	1	7.8622307903	-6.911	96.992	19.301	-5.013	93.764	19.693	-10.168	94.402	13.791
649736	ASN	 135 	LYS	  67 	CYS	 139 	9	84.957000983	1	6.90479898332	-6.911	96.992	19.301	-10.168	94.402	13.791	-9.302	91.238	19.694
361734	MET	 136 	LYS	  67 	CYS	 139 	7	72.5976600614	1	7.8622307903	-5.013	93.764	19.693	-10.168	94.402	13.791	-9.302	91.238	19.694
641166	ASN	  68 	GLN	  71 	GLN	  70 	7	69.9243386037	1	5.81281386249	-11.055	91.479	11.561	-9.854	85.889	10.513	-13.418	86.608	11.699
641019	ASN	  68 	GLN	  71 	PHE	  72 	4	44.0435775217	1	7.67634222791	-11.055	91.479	11.561	-9.854	85.889	10.513	-9.116	84.449	13.958
151421	GLN	  70 	GLN	  71 	PHE	  72 	6	64.6844552539	1	5.31710127795	-13.418	86.608	11.699	-9.854	85.889	10.513	-9.116	84.449	13.958
324364	LYS	  73 	GLN	  70 	GLN	  71 	5	59.8558044531	1	7.48457173123	-9.84	80.805	14.788	-13.418	86.608	11.699	-9.854	85.889	10.513
180220	GLU	  91 	GLN	  71 	PHE	  72 	5	59.0132195868	1	6.27525529361	-6.76	81.686	8.84	-9.854	85.889	10.513	-9.116	84.449	13.958
331848	LYS	  73 	GLY	  74 	ILE	  75 	1	19.8699459918	1	7.34397909855	-9.84	80.805	14.788	-8.54	80.776	18.359	-5.69	81.17	20.836
477075	THR	  90 	LYS	  73 	GLU	  91 	4	52.2560702059	1	6.75583192509	-5.574	83.003	12.133	-9.84	80.805	14.788	-6.76	81.686	8.84
301393	GLY	  74 	ILE	  75 	GLU	  76 	2	33.8898533093	1	6.85066522317	-8.54	80.776	18.359	-5.69	81.17	20.836	-3.893	78.565	22.881
448562	SER	  78 	LYS	  80 	GLY	  81 	3	37.1372485827	1	7.80436736706	1.568	77.09	25.737	5.466	75.194	28.725	8.323	77.52	29.622
331633	LYS	  80 	GLY	  81 	GLU	  79 	2	27.9495461863	1	7.0924535952	5.466	75.194	28.725	8.323	77.52	29.622	1.68	75.12	28.979
298298	GLY	  84 	LEU	  85 	PHE	  86 	3	41.9241972171	1	6.49566524692	3.033	83.653	28.922	3.355	82.183	25.467	0.272	81.988	23.283
469874	THR	  90 	GLU	  91 	GLU	  89 	3	38.6026172438	1	6.54756305812	-5.574	83.003	12.133	-6.76	81.686	8.84	-4.301	80.812	14.845
482833	THR	  90 	SER	  92 	GLU	  89 	2	33.5783366598	1	7.9945213115	-5.574	83.003	12.133	-3.538	82.973	7.186	-4.301	80.812	14.845
297079	GLY	  93 	GLU	  89 	GLU	  91 	8	77.7803389711	1	6.54756305812	-1.405	81.078	9.696	-4.301	80.812	14.845	-6.76	81.686	8.84
556059	VAL	  94 	GLU	  89 	PHE	  95 	4	44.0208101143	1	6.79337044478	-0.187	81.063	13.287	-4.301	80.812	14.845	1.874	83.628	15.144
570674	VAL	  94 	THR	  90 	GLU	  91 	3	39.6728420812	1	7.96041877039	-0.187	81.063	13.287	-5.574	83.003	12.133	-6.76	81.686	8.84
570458	VAL	  94 	THR	  90 	PHE	  95 	3	38.8612042465	1	8.05788123516	-0.187	81.063	13.287	-5.574	83.003	12.133	1.874	83.628	15.144
561817	VAL	  94 	GLY	  93 	PHE	  95 	2	33.9696453871	1	6.85091563223	-0.187	81.063	13.287	-1.405	81.078	9.696	1.874	83.628	15.144
560377	VAL	  97 	ILE	  96 	PHE	  95 	2	32.2493844187	1	6.88033153271	1.845	86.588	21.355	2.821	84.056	18.77	1.874	83.628	15.144
627195	ARG	  99 	SER	 100 	LYS	  98 	4	49.504143989	1	6.13839759221	4.613	88.062	27.754	8.312	88.673	28.203	4.081	86.433	24.361
621295	ARG	  99 	LYS	  98 	ILE	 159 	8	81.7935993375	1	6.24277982953	4.613	88.062	27.754	4.081	86.433	24.361	3.695	92.663	24.463
627050	ARG	  99 	SER	 100 	ILE	 103 	3	34.6352763858	1	8.08088441942	4.613	88.062	27.754	8.312	88.673	28.203	11.411	92.27	26.579
664496	ASN	 158 	ARG	  99 	ILE	 103 	9	86.8589333649	1	8.08088441942	4.657	95.941	26.033	4.613	88.062	27.754	11.411	92.27	26.579
445613	SER	 100 	ILE	 159 	ILE	 103 	6	61.0909917642	1	8.0105281349	8.312	88.673	28.203	3.695	92.663	24.463	11.411	92.27	26.579
642680	ASN	 102 	GLU	 106 	GLU	 104 	9	88.6218025048	1	6.20940037363	12.842	91.089	29.853	14.989	89.627	24.213	14.2	94.807	25.862
647211	ASN	 158 	ILE	 103 	ILE	 159 	4	48.7515712395	1	8.0105281349	4.657	95.941	26.033	11.411	92.27	26.579	3.695	92.663	24.463
445394	SER	 105 	ILE	 235 	GLU	 106 	3	41.6514817855	1	7.67742775935	16.931	92.16	26.152	21.724	89.731	27.897	14.989	89.627	24.213
482696	THR	 107 	SER	 105 	CYS	 109 	9	85.0489104548	1	5.61949988878	14.231	91.868	21.328	16.931	92.16	26.152	19.19	90.263	21.369
453896	SER	 233 	SER	 105 	CYS	 109 	9	87.3901947026	1	7.38440959048	17.981	85.163	24.038	16.931	92.16	26.152	19.19	90.263	21.369
454398	SER	 105 	SER	 233 	LYS	 234 	7	70.7725779438	1	7.38440959048	16.931	92.16	26.152	17.981	85.163	24.038	18.917	87.38	26.959
454255	SER	 233 	SER	 105 	ILE	 235 	8	76.6413347227	1	7.38440959048	17.981	85.163	24.038	16.931	92.16	26.152	21.724	89.731	27.897
451159	SER	 233 	ASP	 232 	GLU	 106 	8	76.3349710036	1	6.22142339019	17.981	85.163	24.038	14.695	83.439	24.786	14.989	89.627	24.213
466784	THR	 107 	CYS	 109 	PHE	 108 	9	89.7403201322	1	5.21242621051	14.231	91.868	21.328	19.19	90.263	21.369	17.565	93.658	21.331
482694	THR	 107 	SER	 110 	CYS	 109 	7	69.6658931274	1	5.21242621051	14.231	91.868	21.328	17.041	89.012	18.547	19.19	90.263	21.369
437981	SER	 110 	CYS	 109 	PHE	 108 	6	61.3986600609	1	5.44155749763	17.041	89.012	18.547	19.19	90.263	21.369	17.565	93.658	21.331
207580	LEU	 112 	CYS	 109 	PHE	 108 	5	52.9769244832	1	6.47041536534	22.046	91.041	17.466	19.19	90.263	21.369	17.565	93.658	21.331
497023	TRP	 315 	GLN	 316 	PHE	 108 	8	80.1878295188	1	7.8215792523	18.696	99.887	17.888	18.712	101.395	21.313	17.565	93.658	21.331
438052	SER	 110 	CYS	 113 	CYS	 109 	5	58.631532317	1	6.17999182847	17.041	89.012	18.547	21.617	87.416	16.45	19.19	90.263	21.369
453893	SER	 233 	SER	 110 	CYS	 109 	6	65.1819197463	1	6.7712245569	17.981	85.163	24.038	17.041	89.012	18.547	19.19	90.263	21.369
207655	LEU	 111 	CYS	 113 	CYS	 109 	8	78.5345236215	1	6.17999182847	18.477	91.755	16.397	21.617	87.416	16.45	19.19	90.263	21.369
207652	LEU	 112 	CYS	 109 	CYS	 113 	5	57.233334443	1	6.17999182847	22.046	91.041	17.466	19.19	90.263	21.369	21.617	87.416	16.45
445255	SER	 233 	ILE	 235 	CYS	 109 	8	78.8743618797	1	7.05468312541	17.981	85.163	24.038	21.724	89.731	27.897	19.19	90.263	21.369
330055	LYS	 234 	ILE	 235 	CYS	 109 	8	78.3933273104	1	7.0227461865	18.917	87.38	26.959	21.724	89.731	27.897	19.19	90.263	21.369
598611	ALA	 120 	SER	 110 	PRO	 121 	4	47.6457427631	1	7.45937892857	16.308	84.107	15.347	17.041	89.012	18.547	12.48	84.254	15.054
452955	SER	 110 	PRO	 121 	LYS	 122 	4	50.2411333991	1	7.80701024721	17.041	89.012	18.547	12.48	84.254	15.054	11.085	87.524	13.724
360292	MET	 114 	GLY	 117 	CYS	 113 	5	56.2262665522	1	6.29343960009	20.328	88.317	13.042	24.136	85.646	10.961	21.617	87.416	16.45
357411	MET	 114 	HIS	 119 	CYS	 113 	4	51.6846981235	1	7.01716445582	20.328	88.317	13.042	18.253	82.79	12.385	21.617	87.416	16.45
593572	ALA	 120 	MET	 114 	CYS	 113 	5	59.8621919868	1	6.35228864269	16.308	84.107	15.347	20.328	88.317	13.042	21.617	87.416	16.45
299815	GLY	 117 	HIS	 119 	CYS	 113 	8	82.778512246	1	7.01716445582	24.136	85.646	10.961	18.253	82.79	12.385	21.617	87.416	16.45
240772	HIS	 119 	LEU	 118 	CYS	 113 	5	54.281312338	1	7.01716445582	18.253	82.79	12.385	21.807	83.715	13.262	21.617	87.416	16.45
587815	ALA	 120 	HIS	 119 	CYS	 113 	8	79.3977961101	1	7.01716445582	16.308	84.107	15.347	18.253	82.79	12.385	21.617	87.416	16.45
622587	ARG	 115 	MET	 114 	LEU	 118 	4	50.5978360249	1	7.16670391463	23.236	90.717	12.722	20.328	88.317	13.042	21.807	83.715	13.262
360583	MET	 114 	GLY	 117 	HIS	 119 	8	80.6792410274	1	6.69284700258	20.328	88.317	13.042	24.136	85.646	10.961	18.253	82.79	12.385
593861	ALA	 120 	MET	 114 	HIS	 119 	6	64.2789011955	1	6.26079268144	16.308	84.107	15.347	20.328	88.317	13.042	18.253	82.79	12.385
415227	PRO	 230 	HIS	 119 	LEU	 118 	4	48.8203182851	1	7.86780331478	17.86	80.371	19.19	18.253	82.79	12.385	21.807	83.715	13.262
596738	ALA	 120 	PRO	 121 	HIS	 119 	3	42.1682040553	1	6.52643746618	16.308	84.107	15.347	12.48	84.254	15.054	18.253	82.79	12.385
596739	ALA	 120 	PRO	 230 	HIS	 119 	4	47.5197976966	1	7.23284418469	16.308	84.107	15.347	17.86	80.371	19.19	18.253	82.79	12.385
423944	PRO	 230 	PRO	 121 	HIS	 119 	9	83.7509509446	1	7.81847715351	17.86	80.371	19.19	12.48	84.254	15.054	18.253	82.79	12.385
567940	VAL	 229 	PRO	 230 	HIS	 119 	5	53.7049779255	1	7.23284418469	17.156	79.093	15.602	17.86	80.371	19.19	18.253	82.79	12.385
596955	ALA	 120 	PRO	 121 	LYS	 122 	4	44.1752337777	1	6.44901131957	16.308	84.107	15.347	12.48	84.254	15.054	11.085	87.524	13.724
604371	ALA	 120 	VAL	 229 	PRO	 121 	4	48.283115037	1	6.98578563943	16.308	84.107	15.347	17.156	79.093	15.602	12.48	84.254	15.054
597170	ALA	 120 	PRO	 230 	PRO	 121 	3	40.768663774	1	7.81847715351	16.308	84.107	15.347	17.86	80.371	19.19	12.48	84.254	15.054
421277	PRO	 121 	MET	 162 	LYS	 122 	6	65.7163142995	1	6.65889465302	12.48	84.254	15.054	6.611	86.415	17.34	11.085	87.524	13.724
568229	VAL	 123 	PRO	 121 	MET	 162 	6	65.3724748486	1	6.65889465302	9.848	89.46	16.729	12.48	84.254	15.054	6.611	86.415	17.34
420918	PRO	 121 	MET	 162 	GLU	 163 	7	69.5540799491	1	6.65889465302	12.48	84.254	15.054	6.611	86.415	17.34	7.102	84.32	14.238
568371	VAL	 229 	PRO	 121 	PRO	 230 	4	49.4567190021	1	7.81847715351	17.156	79.093	15.602	12.48	84.254	15.054	17.86	80.371	19.19
632953	ARG	 124 	VAL	 123 	LYS	 122 	2	32.7182111453	1	6.91633262647	7.895	92.71	17.005	9.848	89.46	16.729	11.085	87.524	13.724
633529	ARG	 124 	VAL	 123 	VAL	 125 	2	33.8583874003	1	6.83770261126	7.895	92.71	17.005	9.848	89.46	16.729	7.06	94.752	20.042
633028	ARG	 124 	VAL	 123 	MET	 162 	5	57.5624164855	1	6.43334329878	7.895	92.71	17.005	9.848	89.46	16.729	6.611	86.415	17.34
564915	VAL	 123 	MET	 162 	GLU	 163 	4	52.19830913	1	6.3376018335	9.848	89.46	16.729	6.611	86.415	17.34	7.102	84.32	14.238
656288	ASN	 129 	SER	 127 	SER	 128 	9	89.5191369895	1	5.44302011755	-1.091	101.765	25.246	2.989	98.763	23.254	-0.086	98.105	25.318
454685	SER	 128 	SER	 130 	SER	 127 	6	65.1733021079	1	5.83928916907	-0.086	98.105	25.318	-1.099	102.445	21.545	2.989	98.763	23.254
656287	ASN	 158 	SER	 128 	SER	 127 	8	82.3418679809	1	5.2621449999	4.657	95.941	26.033	-0.086	98.105	25.318	2.989	98.763	23.254
656285	ASN	 129 	SER	 127 	SER	 130 	6	64.2575140568	1	5.76103714621	-1.091	101.765	25.246	2.989	98.763	23.254	-1.099	102.445	21.545
655928	ASN	 129 	SER	 127 	GLY	 133 	9	87.7243531896	1	5.64052089793	-1.091	101.765	25.246	2.989	98.763	23.254	-2.035	97.737	21.412
454327	SER	 127 	SER	 130 	GLY	 133 	8	82.2665061952	1	5.76103714621	2.989	98.763	23.254	-1.099	102.445	21.545	-2.035	97.737	21.412
663485	ASN	 158 	ALA	 157 	SER	 127 	6	61.5201673999	1	6.00051872758	4.657	95.941	26.033	3.299	97.633	29.139	2.989	98.763	23.254
656284	ASN	 129 	SER	 128 	SER	 130 	5	54.5124866259	1	5.83928916907	-1.091	101.765	25.246	-0.086	98.105	25.318	-1.099	102.445	21.545
446832	SER	 128 	GLY	 133 	GLU	 132 	1	16.8170366673	1	7.9276600583	-0.086	98.105	25.318	-2.035	97.737	21.412	-2.689	98.798	17.862
597963	ALA	 157 	SER	 128 	GLN	 156 	4	50.3430948183	1	6.78747567215	3.299	97.633	29.139	-0.086	98.105	25.318	2.03	94.372	30.577
655566	ASN	 158 	SER	 128 	GLN	 156 	7	74.0712524998	1	6.78747567215	4.657	95.941	26.033	-0.086	98.105	25.318	2.03	94.372	30.577
655633	ASN	 129 	SER	 130 	GLU	 131 	2	32.3711661635	1	6.89419879319	-1.091	101.765	25.246	-1.099	102.445	21.545	-3.825	102.254	18.936
655927	ASN	 129 	SER	 130 	GLY	 133 	8	76.2696181907	1	5.64052089793	-1.091	101.765	25.246	-1.099	102.445	21.545	-2.035	97.737	21.412
642679	ASN	 135 	GLU	 131 	GLU	 132 	8	76.5309140263	1	6.11107723728	-6.911	96.992	19.301	-3.825	102.254	18.936	-2.689	98.798	17.862
478520	THR	 134 	MET	 136 	GLU	 132 	9	85.9164213235	1	5.83906610684	-5.525	98.418	22.56	-5.013	93.764	19.693	-2.689	98.798	17.862
478806	THR	 134 	MET	 136 	GLY	 133 	7	69.9800674337	1	5.49013196563	-5.525	98.418	22.56	-5.013	93.764	19.693	-2.035	97.737	21.412
478519	THR	 134 	MET	 136 	GLU	 138 	8	80.88934186	1	6.14639748145	-5.525	98.418	22.56	-5.013	93.764	19.693	-9.645	93.859	22.421
651174	ASN	 135 	MET	 136 	CYS	 139 	7	69.2812197383	1	6.24338417847	-6.911	96.992	19.301	-5.013	93.764	19.693	-9.302	91.238	19.694
642532	ASN	 135 	GLU	 138 	CYS	 139 	5	58.102473588	1	6.24338417847	-6.911	96.992	19.301	-9.645	93.859	22.421	-9.302	91.238	19.694
236515	HIS	 261 	CYS	 139 	CYS	 300 	5	53.4588105777	8	55.5784118701	41.614	68.965	19.035	-9.302	91.238	19.694	33.457	89.646	14.618
390891	ASP	 144 	LYS	 145 	ILE	 143 	4	45.3492731304	1	6.34593933157	-9.995	83.865	24.261	-12.121	81.107	25.75	-11.329	85.218	20.981
448060	SER	 146 	LYS	 145 	PHE	 147 	5	59.0181976739	1	5.5993794299	-9.64	80.192	28.474	-12.121	81.107	25.75	-10.156	83.34	30.494
627193	ARG	 148 	SER	 146 	LYS	 145 	2	32.7684355946	1	8.06507588309	-6.439	83.565	30.919	-9.64	80.192	28.474	-12.121	81.107	25.75
628058	ARG	 148 	THR	 151 	PHE	 147 	3	43.2687471691	1	7.4464269284	-6.439	83.565	30.919	-5.379	88.536	32.867	-10.156	83.34	30.494
571398	VAL	 149 	THR	 151 	THR	 152 	7	69.3297747731	1	5.50575862166	-5.232	85.773	28.107	-5.379	88.536	32.867	-1.841	87.676	31.825
657797	ASN	 155 	THR	 151 	THR	 152 	6	61.4620610394	1	6.82767112565	-1.173	93.912	32.708	-5.379	88.536	32.867	-1.841	87.676	31.825
657003	ASN	 155 	THR	 152 	GLN	 156 	4	46.3258878542	1	7.83444707685	-1.173	93.912	32.708	-1.841	87.676	31.825	2.03	94.372	30.577
663843	ASN	 155 	ALA	 157 	ALA	 154 	4	46.6484188278	1	7.91669640696	-1.173	93.912	32.708	3.299	97.633	29.139	-3.296	93.284	29.655
663049	ASN	 158 	ALA	 157 	ILE	 159 	2	33.8172140491	1	6.83539991515	4.657	95.941	26.033	3.299	97.633	29.139	3.695	92.663	24.463
647066	ASN	 158 	ILE	 159 	LEU	 160 	3	35.5101972702	1	6.76654520416	4.657	95.941	26.033	3.695	92.663	24.463	5.747	90.538	22.108
356113	MET	 162 	LEU	 161 	GLU	 163 	2	25.14653273	1	7.12290916691	6.611	86.415	17.34	4.647	89.299	18.701	7.102	84.32	14.238
619849	ARG	 166 	GLY	 167 	ILE	 168 	2	27.1845302603	1	7.06897630495	8.406	75.009	12.791	10.826	72.627	14.411	11.654	71.25	17.82
447050	SER	 222 	GLY	 167 	ILE	 168 	3	41.0105745697	1	6.77974439046	13.871	74.432	12.259	10.826	72.627	14.411	11.654	71.25	17.82
598322	ALA	 226 	SER	 222 	GLY	 167 	3	37.725179808	1	8.00917948357	17.764	71.673	10.525	13.871	74.432	12.259	10.826	72.627	14.411
474266	THR	 169 	ILE	 168 	LEU	 170 	3	41.3014197194	1	6.54660140836	13.975	72.169	20.713	11.654	71.25	17.82	17.309	70.427	21.014
480387	THR	 169 	ASP	 217 	MET	 220 	4	48.7077520731	1	7.5783238912	13.975	72.169	20.713	15.17	74.522	25.821	15.296	75.176	18.272
478587	THR	 169 	MET	 220 	LEU	 221 	4	51.7581563293	1	6.10391702106	13.975	72.169	20.713	15.296	75.176	18.272	16.102	73.374	15.12
660026	ASN	 171 	TYR	 276 	LEU	 170 	3	35.8127310133	1	8.07005631951	16.205	68.506	24.156	19.781	65.327	26.759	17.309	70.427	21.014
657147	ASN	 171 	THR	 277 	LEU	 170 	4	46.7918917256	1	7.68109178438	16.205	68.506	24.156	19.908	63.608	23.411	17.309	70.427	21.014
660314	ASN	 171 	TYR	 276 	LYS	 172 	3	36.3480740305	1	7.9332396283	16.205	68.506	24.156	19.781	65.327	26.759	13.432	66.848	22.252
657435	ASN	 171 	THR	 277 	LYS	 172 	4	49.3529963431	1	7.33344782486	16.205	68.506	24.156	19.908	63.608	23.411	13.432	66.848	22.252
657800	ASN	 171 	THR	 174 	THR	 277 	9	84.7329586012	1	8.0727647061	16.205	68.506	24.156	15.694	61.378	20.401	19.908	63.608	23.411
660173	ASN	 171 	TYR	 276 	ILE	 273 	6	61.3116502676	1	8.01741791352	16.205	68.506	24.156	19.781	65.327	26.759	24.186	67.776	24.379
660676	ASN	 171 	TYR	 276 	THR	 277 	5	59.3851435145	1	6.1852759033	16.205	68.506	24.156	19.781	65.327	26.759	19.908	63.608	23.411
484639	THR	 277 	THR	 174 	LYS	 172 	8	77.3405686441	1	7.33344782486	19.908	63.608	23.411	15.694	61.378	20.401	13.432	66.848	22.252
484347	THR	 175 	THR	 174 	LEU	 173 	4	46.5417126923	1	6.33935114976	18.912	59.592	19.363	15.694	61.378	20.401	15.922	65.155	19.911
484351	THR	 175 	THR	 277 	LEU	 173 	8	80.8011233829	1	6.33935114976	18.912	59.592	19.363	19.908	63.608	23.411	15.922	65.155	19.911
485000	THR	 174 	THR	 176 	THR	 175 	9	89.1704082094	1	5.63411634598	15.694	61.378	20.401	17.381	57.671	16.508	18.912	59.592	19.363
484927	THR	 174 	THR	 175 	SER	 177 	8	82.2262684177	1	5.64263147831	15.694	61.378	20.401	18.912	59.592	19.363	16.858	61.115	14.886
484997	THR	 175 	THR	 277 	THR	 174 	6	67.294047953	1	5.7884865034	18.912	59.592	19.363	19.908	63.608	23.411	15.694	61.378	20.401
484563	THR	 174 	THR	 277 	GLY	 278 	4	46.4670760076	1	7.39816260973	15.694	61.378	20.401	19.908	63.608	23.411	21.699	60.462	24.624
600198	ALA	 178 	THR	 176 	THR	 175 	7	75.7699838853	1	5.86916399498	19.959	62.92	16.009	17.381	57.671	16.508	18.912	59.592	19.363
600051	ALA	 178 	THR	 175 	PRO	 179 	4	44.0227241837	1	7.1762414257	19.959	62.92	16.009	18.912	59.592	19.363	22.188	61.371	13.231
542165	TYR	 279 	THR	 175 	GLY	 278 	6	61.9502819245	1	6.01684219504	23.754	60.857	21.427	18.912	59.592	19.363	21.699	60.462	24.624
477146	THR	 183 	LYS	 184 	LEU	 182 	3	40.736530111	1	6.55955745458	25.057	67.198	10.56	28.339	69.111	10.4	23.24	66.844	13.848
482906	THR	 183 	SER	 185 	LEU	 182 	3	40.2347018887	1	7.55961778134	25.057	67.198	10.56	26.296	72.162	9.429	23.24	66.844	13.848
484637	THR	 186 	THR	 183 	LYS	 184 	6	65.2609568839	1	5.73637681817	23.982	72.2	12.493	25.057	67.198	10.56	28.339	69.111	10.4
484926	THR	 183 	THR	 186 	SER	 185 	7	71.683712926	1	5.46919719886	25.057	67.198	10.56	23.982	72.2	12.493	26.296	72.162	9.429
483271	THR	 183 	SER	 185 	MET	 187 	8	76.2670286716	1	6.46187418633	25.057	67.198	10.56	26.296	72.162	9.429	27.006	71.757	14.704
484708	THR	 183 	THR	 186 	MET	 187 	5	56.2761510206	1	6.46187418633	25.057	67.198	10.56	23.982	72.2	12.493	27.006	71.757	14.704
483196	THR	 186 	SER	 185 	LYS	 184 	5	57.4559647908	1	5.73637681817	23.982	72.2	12.493	26.296	72.162	9.429	28.339	69.111	10.4
450078	SER	 185 	MET	 187 	LYS	 184 	7	70.9548211488	1	5.33795372779	26.296	72.162	9.429	27.006	71.757	14.704	28.339	69.111	10.4
448206	SER	 185 	LYS	 184 	GLN	 188 	7	72.8779049231	1	6.34041552266	26.296	72.162	9.429	28.339	69.111	10.4	28.851	74.745	13.263
454397	SER	 288 	SER	 185 	LYS	 184 	6	63.1197166852	1	7.95246112848	32.702	71.291	14.06	26.296	72.162	9.429	28.339	69.111	10.4
478879	THR	 186 	MET	 187 	LYS	 184 	8	81.7532546582	1	5.73637681817	23.982	72.2	12.493	27.006	71.757	14.704	28.339	69.111	10.4
361804	MET	 187 	LYS	 184 	GLN	 188 	5	56.8867922191	1	6.34041552266	27.006	71.757	14.704	28.339	69.111	10.4	28.851	74.745	13.263
450079	SER	 288 	MET	 187 	LYS	 184 	8	79.9358139627	1	6.09784953898	32.702	71.291	14.06	27.006	71.757	14.704	28.339	69.111	10.4
482768	THR	 186 	SER	 185 	GLN	 188 	9	85.8007212456	1	5.547709978	23.982	72.2	12.493	26.296	72.162	9.429	28.851	74.745	13.263
449646	SER	 185 	MET	 187 	GLN	 188 	7	70.3194661669	1	5.33795372779	26.296	72.162	9.429	27.006	71.757	14.704	28.851	74.745	13.263
478444	THR	 186 	MET	 187 	GLN	 188 	5	60.2102227499	1	5.547709978	23.982	72.2	12.493	27.006	71.757	14.704	28.851	74.745	13.263
478448	THR	 186 	MET	 187 	GLN	 189 	9	86.7494083604	1	5.31156794177	23.982	72.2	12.493	27.006	71.757	14.704	25.701	76.83	13.824
468366	THR	 186 	GLN	 188 	GLN	 189 	7	72.9951148285	1	5.547709978	23.982	72.2	12.493	28.851	74.745	13.263	25.701	76.83	13.824
484205	THR	 227 	THR	 186 	GLN	 189 	6	62.9032948598	1	7.67075863263	18.802	75.314	10.833	23.982	72.2	12.493	25.701	76.83	13.824
353168	MET	 187 	GLN	 189 	GLN	 188 	9	89.6066406181	1	5.31156794177	27.006	71.757	14.704	25.701	76.83	13.824	28.851	74.745	13.263
449646	SER	 288 	MET	 187 	GLN	 188 	7	71.5147749232	1	5.75120057032	32.702	71.291	14.06	27.006	71.757	14.704	28.851	74.745	13.263
363247	MET	 289 	MET	 187 	GLN	 188 	8	79.8155891185	1	4.99860040411	31.217	73.383	16.851	27.006	71.757	14.704	28.851	74.745	13.263
363245	MET	 289 	MET	 187 	GLN	 189 	6	66.3691756766	1	7.17431488018	31.217	73.383	16.851	27.006	71.757	14.704	25.701	76.83	13.824
363605	MET	 187 	MET	 289 	GLY	 191 	6	60.9508866437	1	6.16882363178	27.006	71.757	14.704	31.217	73.383	16.851	29.21	76.757	17.567
454469	SER	 286 	SER	 288 	MET	 187 	6	65.0909410435	1	7.85349686445	33.064	69.025	18.889	32.702	71.291	14.06	27.006	71.757	14.704
450150	SER	 288 	MET	 187 	MET	 289 	7	74.0915162376	1	5.75120057032	32.702	71.291	14.06	27.006	71.757	14.704	31.217	73.383	16.851
363604	MET	 187 	MET	 289 	GLY	 292 	5	60.4695440921	1	7.39329838435	27.006	71.757	14.704	31.217	73.383	16.851	31.634	77.456	13.83
295567	GLY	 191 	GLN	 189 	GLN	 188 	8	76.8741581354	1	5.13112648451	29.21	76.757	17.567	25.701	76.83	13.824	28.851	74.745	13.263
353167	MET	 289 	GLN	 189 	GLN	 188 	8	79.2717943835	1	7.17431488018	31.217	73.383	16.851	25.701	76.83	13.824	28.851	74.745	13.263
295568	GLY	 292 	GLN	 189 	GLN	 188 	9	88.427972391	1	5.96593672444	31.634	77.456	13.83	25.701	76.83	13.824	28.851	74.745	13.263
295565	GLY	 191 	GLN	 290 	GLN	 188 	6	62.127173953	1	7.19939372447	29.21	76.757	17.567	34.673	74.764	17.498	28.851	74.745	13.263
295419	GLY	 191 	GLN	 188 	PHE	 293 	4	51.8507015371	1	6.90983284892	29.21	76.757	17.567	28.851	74.745	13.263	32.496	79.248	17.029
449646	SER	 192 	MET	 289 	GLN	 188 	7	70.7929539501	1	7.45847531336	28.315	80.238	16.386	31.217	73.383	16.851	28.851	74.745	13.263
446764	SER	 192 	GLY	 292 	GLN	 188 	5	57.900440106	1	6.34140946478	28.315	80.238	16.386	31.634	77.456	13.83	28.851	74.745	13.263
439565	SER	 288 	GLN	 290 	GLN	 188 	6	66.010481005	1	7.19939372447	32.702	71.291	14.06	34.673	74.764	17.498	28.851	74.745	13.263
353162	MET	 289 	GLN	 188 	GLN	 290 	3	37.9599409906	1	7.19939372447	31.217	73.383	16.851	28.851	74.745	13.263	34.673	74.764	17.498
180363	GLU	 291 	GLN	 188 	GLN	 290 	4	51.1993581649	1	7.19939372447	34.973	75.692	13.857	28.851	74.745	13.263	34.673	74.764	17.498
295563	GLY	 292 	GLN	 290 	GLN	 188 	4	49.3256323726	1	7.19939372447	31.634	77.456	13.83	34.673	74.764	17.498	28.851	74.745	13.263
297003	GLY	 292 	GLU	 291 	GLN	 188 	4	50.3942053389	1	6.22322496781	31.634	77.456	13.83	34.973	75.692	13.857	28.851	74.745	13.263
356043	MET	 289 	LEU	 190 	GLN	 189 	4	51.0653765171	1	7.17431488018	31.217	73.383	16.851	25.583	75.66	17.409	25.701	76.83	13.824
449646	SER	 192 	MET	 289 	GLN	 189 	7	68.8692260565	1	7.45847531336	28.315	80.238	16.386	31.217	73.383	16.851	25.701	76.83	13.824
439418	SER	 192 	GLN	 189 	PHE	 293 	3	42.1275563024	1	7.8924504433	28.315	80.238	16.386	25.701	76.83	13.824	32.496	79.248	17.029
360366	MET	 289 	GLY	 292 	GLN	 189 	7	75.186896801	1	7.17431488018	31.217	73.383	16.851	31.634	77.456	13.83	25.701	76.83	13.824
360507	MET	 289 	GLY	 191 	LEU	 190 	4	52.2274179732	1	6.10229866526	31.217	73.383	16.851	29.21	76.757	17.567	25.583	75.66	17.409
298296	GLY	 191 	LEU	 190 	PHE	 293 	1	15.4467167187	1	7.79793004585	29.21	76.757	17.567	25.583	75.66	17.409	32.496	79.248	17.029
442299	SER	 192 	LEU	 190 	PHE	 293 	4	47.2628393256	1	7.79793004585	28.315	80.238	16.386	25.583	75.66	17.409	32.496	79.248	17.029
450001	SER	 288 	MET	 289 	GLY	 191 	2	25.4993453967	1	7.37361980305	32.702	71.291	14.06	31.217	73.383	16.851	29.21	76.757	17.567
360727	MET	 289 	GLY	 292 	GLY	 191 	8	82.6662701784	1	5.08818818441	31.217	73.383	16.851	31.634	77.456	13.83	29.21	76.757	17.567
302834	GLY	 191 	GLY	 292 	GLU	 291 	3	42.7406214336	1	6.93617286405	29.21	76.757	17.567	31.634	77.456	13.83	34.973	75.692	13.857
442298	SER	 192 	LEU	 193 	PHE	 293 	3	34.6226621291	1	7.392580402	28.315	80.238	16.386	25.438	80.532	18.814	32.496	79.248	17.029
571323	VAL	 297 	THR	 296 	SER	 192 	4	47.4393037165	1	8.08895592768	34.721	85.174	16.212	31.94	83.743	14.03	28.315	80.238	16.386
392188	ASP	 197 	MET	 194 	LEU	 193 	5	55.8925703616	1	6.37151944202	26.1	84.012	24.11	27.918	79.93	21.608	25.438	80.532	18.814
595590	ALA	 195 	ASP	 197 	MET	 194 	7	72.3591026961	1	5.57415688692	30.098	82.787	20.424	26.1	84.012	24.11	27.918	79.93	21.608
664780	ASN	 202 	ARG	 205 	ASP	 197 	5	57.1570615257	1	7.74892534485	24.082	84.47	28.153	21.762	78.228	26.898	26.1	84.012	24.11
661611	ASN	 202 	VAL	 198 	ILE	 199 	4	44.105716303	1	7.98967615113	24.082	84.47	28.153	29.661	84.702	25.114	29.512	88.225	23.653
662042	ASN	 202 	VAL	 198 	SER	 203 	3	43.6388282585	1	8.00505802602	24.082	84.47	28.153	29.661	84.702	25.114	24.71	81.635	30.606
661610	ASN	 202 	VAL	 200 	ILE	 199 	3	38.0654292796	1	7.98967615113	24.082	84.47	28.153	26.358	88.95	25.623	29.512	88.225	23.653
272378	ILE	 199 	ILE	 335 	PHE	 334 	3	35.4450611607	1	8.06176754812	29.512	88.225	23.653	29.05	93.651	24.121	29.916	95.349	27.405
359216	MET	 338 	ILE	 199 	ILE	 335 	9	87.271201382	1	5.46570617578	33.784	91.398	24.361	29.512	88.225	23.653	29.05	93.651	24.121
567582	VAL	 200 	PRO	 237 	PHE	 334 	7	74.6956263845	1	7.53538910741	26.358	88.95	25.623	26.252	92.663	31.281	29.916	95.349	27.405
666364	ASN	 201 	ASN	 202 	SER	 203 	5	52.9013851121	1	6.00341252955	27.102	86.802	28.703	24.082	84.47	28.153	24.71	81.635	30.606
665936	ASN	 201 	ASN	 202 	ILE	 235 	9	83.6620572331	1	6.17669499004	27.102	86.802	28.703	24.082	84.47	28.153	21.724	89.731	27.897
665935	ASN	 202 	ASN	 201 	ILE	 236 	8	76.4072933296	1	6.61741988996	24.082	84.47	28.153	27.102	86.802	28.703	23.288	90.239	31.296
654413	ASN	 201 	PRO	 237 	ILE	 236 	6	67.1446947654	1	6.45909475081	27.102	86.802	28.703	26.252	92.663	31.281	23.288	90.239	31.296
453099	SER	 203 	PRO	 207 	ASP	 204 	4	49.8213096928	1	7.10876086249	24.71	81.635	30.606	27.61	76.893	29.387	21.293	80.047	30.213
627415	ARG	 205 	SER	 203 	PRO	 207 	8	81.0390084346	1	6.49433984328	21.762	78.228	26.898	24.71	81.635	30.606	27.61	76.893	29.387
659167	ASN	 212 	TRP	 210 	SER	 203 	8	80.79654217	1	7.01404576546	25.564	76.114	34.847	29.654	79.303	33.59	24.71	81.635	30.606
664778	ASN	 218 	ARG	 205 	ASP	 204 	3	42.9844618545	1	7.82470069715	16.342	77.853	24.565	21.762	78.228	26.898	21.293	80.047	30.213
653048	ASN	 212 	ASP	 204 	GLY	 214 	9	87.0877380996	1	7.4285857335	25.564	76.114	34.847	21.293	80.047	30.213	22.971	75.018	30.643
666799	ASN	 218 	ASN	 215 	ARG	 205 	8	76.2834406008	1	6.38328050457	16.342	77.853	24.565	19.548	74.75	29.13	21.762	78.228	26.898
664779	ASN	 218 	ARG	 205 	ASP	 217 	4	44.2919306109	1	7.63864052041	16.342	77.853	24.565	21.762	78.228	26.898	15.17	74.522	25.821
416666	PRO	 207 	ILE	 208 	LEU	 206 	3	42.5248321771	1	6.45962088671	27.61	76.893	29.387	31.258	77.355	28.566	25.175	76.668	26.504
298513	GLY	 214 	LEU	 206 	GLU	 213 	2	27.5619695584	1	8.0874488561	22.971	75.018	30.643	25.175	76.668	26.504	24.057	72.855	33.548
510413	TRP	 210 	PRO	 207 	ILE	 208 	6	65.5727509971	1	5.62210778979	29.654	79.303	33.59	27.61	76.893	29.387	31.258	77.355	28.566
481611	THR	 211 	PRO	 207 	ILE	 208 	4	49.3865762408	1	7.54346564916	29.258	76.162	35.741	27.61	76.893	29.387	31.258	77.355	28.566
416812	PRO	 207 	ILE	 269 	ILE	 208 	5	57.2858563783	1	6.72257896941	27.61	76.893	29.387	29.472	71.261	26.36	31.258	77.355	28.566
601495	ALA	 209 	TRP	 210 	PRO	 207 	8	80.9170864339	1	5.82836254878	32.154	80.236	30.852	29.654	79.303	33.59	27.61	76.893	29.387
513653	TRP	 210 	THR	 211 	PRO	 207 	6	68.2896628846	1	6.60481498605	29.654	79.303	33.59	29.258	76.162	35.741	27.61	76.893	29.387
659095	ASN	 212 	TRP	 210 	PRO	 207 	8	82.4010113312	1	5.88256381181	25.564	76.114	34.847	29.654	79.303	33.59	27.61	76.893	29.387
657655	ASN	 212 	THR	 211 	PRO	 207 	8	78.4631530186	1	6.60481498605	25.564	76.114	34.847	29.258	76.162	35.741	27.61	76.893	29.387
654196	ASN	 212 	PRO	 207 	GLU	 213 	5	54.7006858176	1	6.80023337835	25.564	76.114	34.847	27.61	76.893	29.387	24.057	72.855	33.548
654488	ASN	 212 	PRO	 207 	GLY	 214 	9	88.7705309202	1	5.88256381181	25.564	76.114	34.847	27.61	76.893	29.387	22.971	75.018	30.643
601132	ALA	 209 	TRP	 210 	ILE	 208 	5	58.9949955818	1	5.62210778979	32.154	80.236	30.852	29.654	79.303	33.59	31.258	77.355	28.566
599691	ALA	 209 	THR	 211 	ILE	 208 	4	50.9238305376	1	7.54346564916	32.154	80.236	30.852	29.258	76.162	35.741	31.258	77.355	28.566
513292	TRP	 210 	THR	 211 	ILE	 208 	5	58.6964883877	1	7.54346564916	29.654	79.303	33.59	29.258	76.162	35.741	31.258	77.355	28.566
266619	ILE	 208 	GLN	 265 	PHE	 266 	4	47.4273976255	1	7.38213905315	31.258	77.355	28.566	35.417	73.382	27.262	33.823	72.031	24.142
601633	ALA	 209 	TRP	 210 	THR	 211 	2	32.4028375297	1	6.99189623779	32.154	80.236	30.852	29.654	79.303	33.59	29.258	76.162	35.741
659240	ASN	 212 	TRP	 210 	THR	 211 	9	89.5556524189	1	5.33646605911	25.564	76.114	34.847	29.654	79.303	33.59	29.258	76.162	35.741
657074	ASN	 212 	THR	 211 	GLU	 213 	3	42.0940516344	1	6.54185745794	25.564	76.114	34.847	29.258	76.162	35.741	24.057	72.855	33.548
648434	ASN	 215 	GLY	 214 	GLU	 213 	3	39.5428671771	1	6.59096578659	19.548	74.75	29.13	22.971	75.018	30.643	24.057	72.855	33.548
301395	GLY	 214 	ILE	 272 	GLU	 213 	4	52.2741769518	1	7.96209488765	22.971	75.018	30.643	25.74	68.113	27.806	24.057	72.855	33.548
653191	ASN	 218 	ASP	 217 	MET	 220 	8	79.4561748999	1	7.5783238912	16.342	77.853	24.565	15.17	74.522	25.821	15.296	75.176	18.272
654631	ASN	 218 	PRO	 230 	MET	 220 	8	78.8002549097	1	6.91825801774	16.342	77.853	24.565	17.86	80.371	19.19	15.296	75.176	18.272
654703	ASN	 218 	PRO	 230 	ASP	 232 	8	76.1495694488	1	7.12355704687	16.342	77.853	24.565	17.86	80.371	19.19	14.695	83.439	24.786
359065	MET	 220 	ILE	 219 	LEU	 221 	2	30.0277004038	1	6.94986719298	15.296	75.176	18.272	17.316	76.481	21.217	16.102	73.374	15.12
421135	PRO	 230 	MET	 220 	ILE	 219 	8	81.4455503483	1	5.86556433773	17.86	80.371	19.19	15.296	75.176	18.272	17.316	76.481	21.217
421131	PRO	 230 	MET	 220 	ILE	 231 	4	50.3820795364	1	7.10831660803	17.86	80.371	19.19	15.296	75.176	18.272	15.17	81.468	21.577
482835	THR	 227 	SER	 222 	GLU	 223 	4	47.0865586792	1	7.1134249135	18.802	75.314	10.833	13.871	74.432	12.259	12.699	71.832	9.724
628275	ARG	 224 	THR	 227 	GLU	 223 	4	50.8974475502	1	7.1134249135	14.409	74.04	7.148	18.802	75.314	10.833	12.699	71.832	9.724
575715	VAL	 229 	VAL	 228 	THR	 227 	4	46.3382026358	1	6.30345286331	17.156	79.093	15.602	19.578	76.462	14.366	18.802	75.314	10.833
568010	VAL	 229 	PRO	 230 	ILE	 231 	3	37.9129289803	1	6.72944618821	17.156	79.093	15.602	17.86	80.371	19.19	15.17	81.468	21.577
422576	PRO	 230 	ASP	 232 	ILE	 231 	9	89.0890260514	1	7.12355704687	17.86	80.371	19.19	14.695	83.439	24.786	15.17	81.468	21.577
453100	SER	 233 	PRO	 230 	ASP	 232 	5	54.2079494594	1	7.12355704687	17.981	85.163	24.038	17.86	80.371	19.19	14.695	83.439	24.786
448489	SER	 233 	LYS	 234 	ILE	 235 	2	28.5036632341	1	7.05468312541	17.981	85.163	24.038	18.917	87.38	26.959	21.724	89.731	27.897
416816	PRO	 237 	ILE	 235 	ILE	 236 	9	89.171029559	1	6.36795603	26.252	92.663	31.281	21.724	89.731	27.897	23.288	90.239	31.296
589612	ALA	 331 	ILE	 235 	ILE	 236 	5	53.2258968549	1	7.43861976445	24.766	96.515	27.659	21.724	89.731	27.897	23.288	90.239	31.296
422287	PRO	 237 	ASP	 239 	GLN	 330 	8	80.8190604042	1	7.03597619382	26.252	92.663	31.281	30.879	94.67	33.354	26.073	98.835	30.344
596524	ALA	 331 	PRO	 237 	GLN	 330 	5	58.9778090328	1	6.24528574206	24.766	96.515	27.659	26.252	92.663	31.281	26.073	98.835	30.344
595225	ALA	 240 	ASP	 239 	LEU	 238 	2	26.6439562598	1	7.19097496867	33.976	96.429	34.769	30.879	94.67	33.354	28.787	91.529	33.889
598539	ALA	 240 	SER	 241 	ASP	 239 	4	49.9284314691	1	6.18860194228	33.976	96.429	34.769	36.475	93.697	35.811	30.879	94.67	33.354
598178	ALA	 240 	SER	 241 	HIS	 242 	3	42.2725815508	1	6.55338919949	33.976	96.429	34.769	36.475	93.697	35.811	35.206	90.118	36.036
452744	SER	 241 	PRO	 243 	HIS	 242 	9	87.6643691348	1	7.22852363903	36.475	93.697	35.811	36.474	86.48	35.403	35.206	90.118	36.036
415301	PRO	 243 	HIS	 242 	HIS	 244 	6	61.9487187808	1	5.4918420407	36.474	86.48	35.403	35.206	90.118	36.036	34.467	86.27	32.188
415156	PRO	 243 	HIS	 242 	GLU	 246 	5	53.7487586272	1	8.08044769799	36.474	86.48	35.403	35.206	90.118	36.036	40.187	86.361	30.901
300102	GLY	 245 	HIS	 242 	HIS	 244 	7	68.9640987709	1	5.93953003191	37.101	88.542	30.632	35.206	90.118	36.036	34.467	86.27	32.188
242357	HIS	 242 	HIS	 244 	GLU	 246 	6	64.3929138052	1	8.08044769799	35.206	90.118	36.036	34.467	86.27	32.188	40.187	86.361	30.901
299954	GLY	 245 	HIS	 242 	GLU	 246 	3	39.5606146776	1	8.08044769799	37.101	88.542	30.632	35.206	90.118	36.036	40.187	86.361	30.901
415160	PRO	 243 	HIS	 244 	GLU	 246 	9	89.5251866233	1	5.8637061659	36.474	86.48	35.403	34.467	86.27	32.188	40.187	86.361	30.901
625542	ARG	 247 	PRO	 243 	HIS	 244 	7	74.4136403403	1	5.90826184254	38.131	83.177	30.793	36.474	86.48	35.403	34.467	86.27	32.188
635767	ARG	 249 	ARG	 247 	GLY	 245 	8	77.4987298199	1	6.52977266067	40.318	85.071	26.133	38.131	83.177	30.793	37.101	88.542	30.632
599619	ALA	 257 	THR	 254 	HIS	 258 	4	52.4522004695	1	6.67564993091	46.588	77.418	18.998	43.746	77.479	23.283	45.483	73.932	17.901
481540	THR	 254 	PRO	 259 	HIS	 258 	5	59.6182478554	1	7.64920969774	43.746	77.479	23.283	41.814	73.851	16.832	45.483	73.932	17.901
416741	PRO	 259 	ILE	 256 	HIS	 258 	6	67.9234311663	1	5.53017187798	41.814	73.851	16.832	43.278	79.002	18.027	45.483	73.932	17.901
415300	PRO	 259 	HIS	 261 	HIS	 258 	5	57.1988002549	1	6.39735929896	41.814	73.851	16.832	41.614	68.965	19.035	45.483	73.932	17.901
300100	GLY	 260 	HIS	 258 	HIS	 261 	5	55.6067957441	1	6.39735929896	42.526	70.327	15.638	45.483	73.932	17.901	41.614	68.965	19.035
415155	PRO	 259 	HIS	 261 	GLU	 262 	4	47.2673940405	1	7.16255715509	41.814	73.851	16.832	41.614	68.965	19.035	38.524	69.246	21.222
452743	SER	 263 	PRO	 259 	HIS	 261 	8	82.8794552248	1	7.80446718233	39.316	71.753	23.922	41.814	73.851	16.832	41.614	68.965	19.035
452596	SER	 263 	PRO	 259 	GLU	 262 	5	55.3419250037	1	7.80446718233	39.316	71.753	23.922	41.814	73.851	16.832	38.524	69.246	21.222
412208	PRO	 259 	GLU	 262 	GLN	 290 	9	85.7489546942	1	7.69068924089	41.814	73.851	16.832	38.524	69.246	21.222	34.673	74.764	17.498
412204	PRO	 259 	GLU	 291 	GLN	 290 	5	54.8458598441	1	7.68369618088	41.814	73.851	16.832	34.973	75.692	13.857	34.673	74.764	17.498
299953	GLY	 260 	HIS	 261 	GLU	 262 	2	31.450870614	1	6.95453959655	42.526	70.327	15.638	41.614	68.965	19.035	38.524	69.246	21.222
301540	GLY	 260 	ILE	 287 	HIS	 261 	5	57.7766516805	1	7.01247032079	42.526	70.327	15.638	35.55	70.185	16.338	41.614	68.965	19.035
454034	SER	 264 	SER	 263 	GLU	 262 	3	41.2129226156	1	6.48886292042	38.418	71.005	27.467	39.316	71.753	23.922	38.524	69.246	21.222
441003	SER	 263 	GLU	 262 	GLN	 265 	4	45.8240698535	1	7.95245528123	39.316	71.753	23.922	38.524	69.246	21.222	35.417	73.382	27.262
441003	SER	 264 	GLU	 262 	GLN	 265 	4	45.3956870827	1	7.95245528123	38.418	71.005	27.467	38.524	69.246	21.222	35.417	73.382	27.262
239405	HIS	 267 	GLU	 262 	GLN	 265 	6	60.9588025603	1	7.95245528123	34.283	68.542	25.5	38.524	69.246	21.222	35.417	73.382	27.262
180223	GLU	 262 	GLN	 290 	PHE	 266 	8	80.5070398371	1	7.69068924089	38.524	69.246	21.222	34.673	74.764	17.498	33.823	72.031	24.142
472760	THR	 283 	HIS	 267 	GLU	 262 	9	89.6013021092	1	7.82828173995	35.226	64.753	18.715	34.283	68.542	25.5	38.524	69.246	21.222
453965	SER	 263 	SER	 264 	GLN	 265 	6	63.4605211287	1	5.3862270654	39.316	71.753	23.922	38.418	71.005	27.467	35.417	73.382	27.262
439420	SER	 264 	GLN	 265 	PHE	 266 	5	56.1229977547	1	5.76388115769	38.418	71.005	27.467	35.417	73.382	27.262	33.823	72.031	24.142
443886	SER	 264 	HIS	 267 	GLN	 265 	7	70.5968522169	1	5.27410655941	38.418	71.005	27.467	34.283	68.542	25.5	35.417	73.382	27.262
453966	SER	 268 	SER	 264 	GLN	 265 	7	74.08774573	1	6.45924678271	32.183	69.655	28.479	38.418	71.005	27.467	35.417	73.382	27.262
271087	ILE	 269 	HIS	 267 	GLN	 265 	8	77.1344028611	1	6.37614852399	29.472	71.261	26.36	34.283	68.542	25.5	35.417	73.382	27.262
616541	ARG	 270 	HIS	 267 	PHE	 266 	6	63.9389905815	1	5.66702302801	29.601	68.252	24.047	34.283	68.542	25.5	33.823	72.031	24.142
439423	SER	 286 	GLN	 290 	PHE	 266 	8	77.9604235981	1	7.23426050125	33.064	69.025	18.889	34.673	74.764	17.498	33.823	72.031	24.142
445540	SER	 268 	ILE	 269 	HIS	 267 	5	59.7903799785	1	5.59269899065	32.183	69.655	28.479	29.472	71.261	26.36	34.283	68.542	25.5
482983	THR	 283 	SER	 286 	HIS	 267 	8	76.1622718602	1	7.82828173995	35.226	64.753	18.715	33.064	69.025	18.889	34.283	68.542	25.5
451371	SER	 268 	ASP	 271 	ILE	 272 	4	52.3630799755	1	6.65904963189	32.183	69.655	28.479	28.793	66.029	27.023	25.74	68.113	27.806
624460	ARG	 270 	ASP	 280 	ASP	 271 	5	54.1470922557	1	7.56394936525	29.601	68.252	24.047	27.506	61.48	21.408	28.793	66.029	27.023
627122	ARG	 270 	SER	 286 	GLY	 285 	3	42.1972926964	1	8.05547931535	29.601	68.252	24.047	33.064	69.025	18.889	31.258	66.999	16.264
480173	THR	 274 	ASP	 271 	ILE	 273 	6	64.6207467933	1	5.59170761038	25.243	64.129	24.526	28.793	66.029	27.023	24.186	67.776	24.379
480460	THR	 274 	ASP	 271 	ASP	 280 	5	53.4285414842	1	7.34016314533	25.243	64.129	24.526	28.793	66.029	27.023	27.506	61.48	21.408
474416	THR	 274 	ILE	 272 	ILE	 273 	9	89.7122389217	1	5.18436736738	25.243	64.129	24.526	25.74	68.113	27.806	24.186	67.776	24.379
475850	THR	 274 	GLY	 278 	ILE	 273 	3	36.5143413231	1	7.72915195866	25.243	64.129	24.526	21.699	60.462	24.624	24.186	67.776	24.379
542090	TYR	 279 	THR	 274 	ILE	 273 	3	35.4726431187	1	7.53481844506	23.754	60.857	21.427	25.243	64.129	24.526	24.186	67.776	24.379
480169	THR	 274 	ASP	 280 	ILE	 273 	2	30.7886673793	1	7.71290198304	25.243	64.129	24.526	27.506	61.48	21.408	24.186	67.776	24.379
480025	THR	 274 	ASP	 280 	LEU	 275 	2	24.6226719925	1	7.98626408279	25.243	64.129	24.526	27.506	61.48	21.408	23.155	63.798	27.691
545479	TYR	 276 	TYR	 279 	THR	 274 	8	76.4743220926	1	8.01223146196	19.781	65.327	26.759	23.754	60.857	21.427	25.243	64.129	24.526
484566	THR	 274 	THR	 277 	GLY	 278 	7	73.0600967227	1	5.47511561522	25.243	64.129	24.526	19.908	63.608	23.411	21.699	60.462	24.624
542383	TYR	 279 	THR	 274 	ASP	 280 	8	77.2360873314	1	4.7462517843	23.754	60.857	21.427	25.243	64.129	24.526	27.506	61.48	21.408
544828	TYR	 279 	TYR	 276 	LEU	 275 	5	57.6355536925	1	8.01223146196	23.754	60.857	21.427	19.781	65.327	26.759	23.155	63.798	27.691
545045	TYR	 276 	TYR	 279 	GLY	 278 	6	66.3073637194	1	8.01223146196	19.781	65.327	26.759	23.754	60.857	21.427	21.699	60.462	24.624
537842	TYR	 279 	ASP	 280 	GLY	 278 	3	38.4069629123	1	6.71567040585	23.754	60.857	21.427	27.506	61.48	21.408	21.699	60.462	24.624
475925	THR	 283 	GLY	 285 	GLY	 282 	6	66.6833890759	1	5.51115831745	35.226	64.753	18.715	31.258	66.999	16.264	32.193	62.67	19.544
475855	THR	 283 	GLY	 285 	ILE	 287 	8	82.6553708395	1	5.93815872135	35.226	64.753	18.715	31.258	66.999	16.264	35.55	70.185	16.338
453967	SER	 286 	SER	 288 	GLN	 290 	8	79.6918778884	1	6.12044794112	33.064	69.025	18.889	32.702	71.291	14.06	34.673	74.764	17.498
449644	SER	 286 	MET	 289 	GLN	 290 	5	59.1560471213	1	6.12044794112	33.064	69.025	18.889	31.217	73.383	16.851	34.673	74.764	17.498
449645	SER	 288 	MET	 289 	GLN	 290 	6	64.7908936515	1	5.26938459405	32.702	71.291	14.06	31.217	73.383	16.851	34.673	74.764	17.498
628135	ARG	 298 	THR	 296 	CYS	 300 	8	80.4066820679	1	6.12310721774	36.786	85.775	13.063	31.94	83.743	14.03	33.457	89.646	14.618
610783	ARG	 298 	CYS	 300 	PHE	 342 	8	82.3802540725	1	7.47329017234	36.786	85.775	13.063	33.457	89.646	14.618	37.862	88.908	19.762
634683	ARG	 298 	ALA	 301 	SER	 302 	4	50.9347300742	1	6.81291905133	36.786	85.775	13.063	37.075	90.729	14.56	36.57	92.302	11.122
597893	ALA	 301 	SER	 302 	CYS	 300 	6	62.909566757	1	5.38211120286	37.075	90.729	14.56	36.57	92.302	11.122	33.457	89.646	14.618
594938	ALA	 307 	ASP	 304 	PHE	 303 	3	36.6431483408	1	7.94796175129	30.27	101.706	12.946	34.489	98.346	12.209	33.858	94.63	12.47
378940	ASP	 304 	PHE	 308 	PHE	 303 	5	55.0822006437	1	6.79573542746	34.489	98.346	12.209	29.034	98.742	14.92	33.858	94.63	12.47
580540	ALA	 307 	PHE	 303 	PHE	 308 	5	57.934176246	1	7.94796175129	30.27	101.706	12.946	33.858	94.63	12.47	29.034	98.742	14.92
393343	ASP	 304 	ASP	 306 	PHE	 308 	8	82.8413551246	1	6.10437236741	34.489	98.346	12.209	32.908	102.588	15.495	29.034	98.742	14.92
181663	GLU	 311 	GLU	 309 	PHE	 308 	8	76.1490907323	1	5.45771316579	24.428	100.269	14.676	28.653	100.871	18.078	29.034	98.742	14.92
500116	TRP	 315 	LEU	 312 	GLU	 311 	5	53.9652528251	1	6.58169370299	18.696	99.887	17.888	23.964	99.262	18.273	24.428	100.269	14.676
500119	TRP	 315 	LEU	 313 	GLU	 311 	8	76.349164258	1	6.58169370299	18.696	99.887	17.888	22.97	102.734	19.307	24.428	100.269	14.676
511712	TRP	 315 	SER	 314 	LEU	 312 	9	89.0733088445	1	5.37377213882	18.696	99.887	17.888	20.495	102.933	16.438	23.964	99.262	18.273
500044	TRP	 315 	LEU	 312 	GLN	 316 	5	55.420711061	1	6.43232407455	18.696	99.887	17.888	23.964	99.262	18.273	18.712	101.395	21.313
512284	TRP	 315 	SER	 318 	SER	 314 	5	59.3815562896	1	6.1174567428	18.696	99.887	17.888	14.619	102.883	18.139	20.495	102.933	16.438
498608	TRP	 315 	GLU	 317 	GLN	 316 	9	89.483729392	1	5.39640871321	18.696	99.887	17.888	17.387	104.676	20.003	18.712	101.395	21.313
511708	TRP	 315 	SER	 318 	LEU	 319 	5	59.6522149697	1	6.02436394983	18.696	99.887	17.888	14.619	102.883	18.139	13.795	100.925	21.234
180364	GLU	 317 	GLN	 320 	GLN	 316 	5	58.3839239306	1	6.19922640335	17.387	104.676	20.003	13.49	103.977	23.433	18.712	101.395	21.313
209164	LEU	 319 	GLN	 316 	GLN	 320 	5	56.9673383748	1	6.19922640335	13.795	100.925	21.234	18.712	101.395	21.313	13.49	103.977	23.433
441008	SER	 318 	GLU	 317 	GLN	 320 	9	85.4485055153	1	5.52249155726	14.619	102.883	18.139	17.387	104.676	20.003	13.49	103.977	23.433
439496	SER	 318 	GLN	 320 	CYS	 322 	9	88.2419129426	1	5.94617574581	14.619	102.883	18.139	13.49	103.977	23.433	9.028	103.568	19.524
448420	SER	 318 	LYS	 321 	HIS	 323 	5	57.9918341675	1	8.07557898853	14.619	102.883	18.139	11.724	105.981	20.728	8.235	102.307	23.051
443813	SER	 318 	HIS	 323 	CYS	 322 	6	65.2216272485	1	8.07557898853	14.619	102.883	18.139	8.235	102.307	23.051	9.028	103.568	19.524
324292	LYS	 321 	GLN	 320 	CYS	 322 	5	53.5846556084	1	5.94617574581	11.724	105.981	20.728	13.49	103.977	23.433	9.028	103.568	19.524
328685	LYS	 321 	HIS	 323 	GLN	 320 	6	67.8440490087	1	5.57384301896	11.724	105.981	20.728	8.235	102.307	23.051	13.49	103.977	23.433
237893	HIS	 323 	GLN	 320 	CYS	 322 	6	63.2447428418	1	5.94617574581	8.235	102.307	23.051	13.49	103.977	23.433	9.028	103.568	19.524
641095	ASN	 324 	GLN	 320 	CYS	 322 	8	79.4529252625	1	6.76596970138	9.611	103.724	26.263	13.49	103.977	23.433	9.028	103.568	19.524
209093	LEU	 325 	GLN	 320 	CYS	 322 	6	62.1211345459	1	7.97029008255	12.07	100.852	26.372	13.49	103.977	23.433	9.028	103.568	19.524
645487	ASN	 324 	HIS	 323 	GLN	 320 	8	78.1655580126	1	5.52719178245	9.611	103.724	26.263	8.235	102.307	23.051	13.49	103.977	23.433
655568	ASN	 324 	SER	 326 	GLN	 320 	9	83.6280873776	1	6.41342131783	9.611	103.724	26.263	15.433	101.491	27.763	13.49	103.977	23.433
328616	LYS	 321 	HIS	 323 	CYS	 322 	9	89.7220207985	1	5.57384301896	11.724	105.981	20.728	8.235	102.307	23.051	9.028	103.568	19.524
649732	ASN	 324 	LYS	 321 	CYS	 322 	5	56.7062664929	1	6.76596970138	9.611	103.724	26.263	11.724	105.981	20.728	9.028	103.568	19.524
645410	ASN	 324 	HIS	 323 	CYS	 322 	3	36.9712224303	1	6.76596970138	9.611	103.724	26.263	8.235	102.307	23.051	9.028	103.568	19.524
240770	HIS	 323 	LEU	 325 	CYS	 322 	3	35.1640237446	1	7.97029008255	8.235	102.307	23.051	12.07	100.852	26.372	9.028	103.568	19.524
445466	SER	 326 	ILE	 327 	LEU	 325 	3	41.9469227351	1	6.39421121015	15.433	101.491	27.763	17.932	98.679	27.714	12.07	100.852	26.372
452811	SER	 328 	PRO	 329 	ILE	 327 	4	46.4826581356	1	6.34425417208	20.701	98.602	30.337	23.28	101.388	29.79	17.932	98.679	27.714
598249	ALA	 331 	SER	 328 	ILE	 332 	2	32.8768546771	1	8.05957498879	24.766	96.515	27.659	20.701	98.602	30.337	26.419	98.127	24.677
596528	ALA	 331 	PRO	 329 	GLN	 330 	9	89.3079074111	1	5.52227181511	24.766	96.515	27.659	23.28	101.388	29.79	26.073	98.835	30.344
423725	PRO	 333 	PRO	 329 	GLN	 330 	6	67.7136634365	1	7.81905365118	29.8	98.948	26.23	23.28	101.388	29.79	26.073	98.835	30.344
597173	ALA	 331 	PRO	 333 	PRO	 329 	6	64.2452610897	1	7.81905365118	24.766	96.515	27.659	29.8	98.948	26.23	23.28	101.388	29.79
424012	PRO	 329 	PRO	 333 	ILE	 332 	5	58.3493265906	1	7.81905365118	23.28	101.388	29.79	29.8	98.948	26.23	26.419	98.127	24.677
596382	ALA	 331 	PRO	 333 	PHE	 334 	7	70.8231433123	1	5.77084794463	24.766	96.515	27.659	29.8	98.948	26.23	29.916	95.349	27.405
625183	ARG	 337 	PRO	 333 	PHE	 334 	8	76.1836601282	1	6.00455377193	34.279	95.048	25.345	29.8	98.948	26.23	29.916	95.349	27.405
622301	ARG	 337 	MET	 338 	PHE	 334 	6	65.8404278785	1	6.31171616916	34.279	95.048	25.345	33.784	91.398	24.361	29.916	95.349	27.405
635910	ARG	 340 	ARG	 337 	MET	 338 	7	70.5180115573	1	5.25053806767	37.183	93.941	21.271	34.279	95.048	25.345	33.784	91.398	24.361
635692	ARG	 337 	ARG	 340 	ILE	 341 	5	54.994868495	1	6.45175511005	34.279	95.048	25.345	37.183	93.941	21.271	38.579	90.858	22.983
622302	ARG	 340 	MET	 338 	PHE	 342 	7	73.6421904869	1	6.63181611627	37.183	93.941	21.271	33.784	91.398	24.361	37.862	88.908	19.762
616542	ARG	 340 	HIS	 343 	PHE	 342 	7	69.8847297471	1	5.29803841058	37.183	93.941	21.271	40.516	91.225	18.342	37.862	88.908	19.762
