661682	ASN	   6 	VAL	  14 	GLY	  15 	3	41.5446318026	1	7.48654392894	-43.346	50.69	55.223	-38.832	52.053	53.087	-38.628	51.01	49.419
575281	VAL	   7 	VAL	   8 	GLY	   9 	2	30.1321907358	1	7.03839108035	-42.429	53.636	57.491	-39.489	53.877	59.892	-37.847	56.668	61.89
562180	VAL	  10 	GLY	   9 	HIS	  11 	5	59.9341138779	1	5.57450275809	-41.231	58.406	61.997	-37.847	56.668	61.89	-40.886	59.914	58.528
533381	TYR	  12 	GLY	   9 	HIS	  11 	6	68.1183588218	1	5.81325287597	-38.867	57.598	56.243	-37.847	56.668	61.89	-40.886	59.914	58.528
533019	TYR	  73 	GLY	   9 	PHE	  74 	4	48.7220535436	1	7.80787019615	-31.257	59.154	61.485	-37.847	56.668	61.89	-30.283	56.322	63.795
534818	TYR	  12 	LYS	  13 	HIS	  11 	3	40.802952196	1	6.60137932557	-38.867	57.598	56.243	-40.634	55.346	53.769	-40.886	59.914	58.528
660315	ASN	  31 	TYR	  12 	LYS	  13 	4	50.4652337308	1	6.52671533009	-37.807	61.226	53.591	-38.867	57.598	56.243	-40.634	55.346	53.769
660677	ASN	  31 	TYR	  12 	THR	  30 	6	62.9925795426	1	5.64689162283	-37.807	61.226	53.591	-38.867	57.598	56.243	-37.521	58.636	50.858
570963	VAL	  14 	THR	  30 	GLY	  15 	4	48.9394538716	1	7.83913553908	-38.832	52.053	53.087	-37.521	58.636	50.858	-38.628	51.01	49.419
635761	ARG	  17 	ARG	  16 	GLY	  15 	2	33.3175877681	1	6.93789370054	-33.518	46.372	48.704	-36.835	48.027	47.838	-38.628	51.01	49.419
635690	ARG	  16 	ARG	  17 	ILE	  18 	3	43.7025242989	1	6.46377265999	-36.835	48.027	47.838	-33.518	46.372	48.704	-30.434	47.787	46.972
635262	ARG	  16 	ARG	  17 	PHE	  27 	7	70.862548107	1	5.37280680836	-36.835	48.027	47.838	-33.518	46.372	48.704	-33.014	49.721	51.214
618413	ARG	  17 	ILE	  26 	ILE	  18 	6	65.3571435912	1	5.7959811939	-33.518	46.372	48.704	-29.807	48.312	52.71	-30.434	47.787	46.972
301392	GLY	  19 	ILE	  18 	GLU	  20 	1	23.0736044761	1	7.21567661415	-27.688	46.067	48.923	-30.434	47.787	46.972	-26.867	43.307	51.362
301179	GLY	  19 	ILE	  26 	PHE	  27 	4	48.1561111979	1	6.85322354808	-27.688	46.067	48.923	-29.807	48.312	52.71	-33.014	49.721	51.214
446833	SER	  22 	GLY	  21 	GLU	  20 	2	28.2105686806	1	7.08061897012	-22.805	40.267	56.301	-23.907	42.758	53.665	-26.867	43.307	51.362
296858	GLY	  24 	GLU	  20 	PHE	  23 	3	43.7495150198	1	7.76789224951	-27.382	44.15	57.24	-26.867	43.307	51.362	-25.646	41.11	58.712
561817	VAL	  25 	GLY	  24 	PHE	  23 	2	28.6286234006	1	7.06999080622	-29.746	44.907	54.381	-27.382	44.15	57.24	-25.646	41.11	58.712
596384	ALA	  49 	PRO	  44 	PHE	  23 	9	86.7489416206	1	7.04956317796	-23.279	41.91	64.647	-30.145	42.946	63.43	-25.646	41.11	58.712
560378	VAL	  25 	ILE	  26 	PHE	  27 	3	40.0875839873	1	6.6245233036	-29.746	44.907	54.381	-29.807	48.312	52.71	-33.014	49.721	51.214
263738	ILE	  26 	PHE	  42 	PHE	  27 	3	42.2047921916	1	8.06544102948	-29.807	48.312	52.71	-31.081	47.67	58.771	-33.014	49.721	51.214
321339	LYS	  41 	PHE	  27 	PHE	  42 	4	44.0145596389	1	8.06544102948	-29.387	50.305	56.626	-33.014	49.721	51.214	-31.081	47.67	58.771
475633	THR	  30 	GLY	  29 	GLU	  28 	2	23.5221327798	1	7.24222265606	-37.521	58.636	50.858	-36.302	55.063	50.563	-33.619	52.793	49.102
657361	ASN	  31 	THR	  30 	GLY	  29 	2	29.2202261043	1	7.02967837102	-37.807	61.226	53.591	-37.521	58.636	50.858	-36.302	55.063	50.563
666437	ASN	  35 	ASN	  31 	THR	  30 	6	64.4895080944	1	5.71595993688	-39.308	63.838	49.303	-37.807	61.226	53.591	-37.521	58.636	50.858
657004	ASN	  31 	THR	  30 	GLN	  37 	5	55.2503977928	1	6.43243041159	-37.807	61.226	53.591	-37.521	58.636	50.858	-34.093	59.968	48.492
657005	ASN	  35 	THR	  30 	GLN	  37 	6	64.2967470353	1	6.54452794325	-39.308	63.838	49.303	-37.521	58.636	50.858	-34.093	59.968	48.492
468367	THR	  30 	GLN	  36 	GLN	  37 	8	82.2270479256	1	5.33052436445	-37.521	58.636	50.858	-35.518	63.376	49.467	-34.093	59.968	48.492
665646	ASN	  31 	ASN	  35 	GLN	  36 	7	71.7237752652	1	5.24046648687	-37.807	61.226	53.591	-39.308	63.838	49.303	-35.518	63.376	49.467
641166	ASN	  31 	GLN	  37 	GLN	  36 	7	72.8193493476	1	6.43243041159	-37.807	61.226	53.591	-34.093	59.968	48.492	-35.518	63.376	49.467
661327	ASN	  31 	VAL	  38 	GLN	  36 	8	76.526847607	1	6.91446093344	-37.807	61.226	53.591	-32.147	58.093	51.15	-35.518	63.376	49.467
644042	ASN	  35 	LEU	  32 	GLN	  36 	3	42.3017490944	1	7.47988061402	-39.308	63.838	49.303	-41.54	61.967	53.674	-35.518	63.376	49.467
665787	ASN	  35 	ASN	  34 	LEU	  33 	4	51.4404552193	1	6.07852391622	-39.308	63.838	49.303	-39.013	66.664	51.836	-41.077	65.562	54.857
644042	ASN	  34 	LEU	  33 	GLN	  36 	3	43.8790191479	1	8.04569307145	-39.013	66.664	51.836	-41.077	65.562	54.857	-35.518	63.376	49.467
644042	ASN	  35 	LEU	  33 	GLN	  36 	3	41.5578547362	1	8.04569307145	-39.308	63.838	49.303	-41.077	65.562	54.857	-35.518	63.376	49.467
665645	ASN	  34 	ASN	  35 	GLN	  36 	6	64.2788740823	1	5.3514605483	-39.013	66.664	51.836	-39.308	63.838	49.303	-35.518	63.376	49.467
641168	ASN	  35 	GLN	  37 	GLN	  36 	9	89.9737212876	1	6.54452794325	-39.308	63.838	49.303	-34.093	59.968	48.492	-35.518	63.376	49.467
554768	VAL	  38 	GLN	  36 	GLN	  37 	9	89.4474744742	1	6.48893049739	-32.147	58.093	51.15	-35.518	63.376	49.467	-34.093	59.968	48.492
603721	ALA	  39 	VAL	  38 	GLN	  37 	2	25.3391474148	1	7.18069174941	-30.66	54.691	51.946	-32.147	58.093	51.15	-34.093	59.968	48.492
566282	VAL	  38 	ASP	  86 	GLN	  37 	3	42.5835162128	1	7.05779136841	-32.147	58.093	51.15	-27.754	59.615	51.575	-34.093	59.968	48.492
589612	ALA	  39 	ILE	  85 	ILE	  40 	5	55.1927504872	1	6.54813019113	-30.66	54.691	51.946	-27.914	58.173	55.072	-31.729	52.851	55.082
560811	VAL	  84 	ILE	  40 	ILE	  85 	4	49.5769599832	1	6.54813019113	-30.549	56.613	57.317	-31.729	52.851	55.082	-27.914	58.173	55.072
661755	ASN	  81 	VAL	  82 	LYS	  41 	4	46.1108588608	1	8.01349923566	-31.18	49.23	64.362	-31.626	51.585	61.407	-29.387	50.305	56.626
412058	PRO	  44 	GLU	  43 	PHE	  42 	3	38.3304938302	1	6.70063825318	-30.145	42.946	63.43	-28.9	45.847	61.267	-31.081	47.67	58.771
653983	ASN	  81 	PRO	  44 	PHE	  42 	8	80.6463653333	1	6.70063825318	-31.18	49.23	64.362	-30.145	42.946	63.43	-31.081	47.67	58.771
596595	ALA	  49 	PRO	  44 	GLU	  43 	4	50.7435871903	1	7.64983725317	-23.279	41.91	64.647	-30.145	42.946	63.43	-28.9	45.847	61.267
415158	PRO	  44 	HIS	  80 	GLU	  43 	7	69.0063954042	1	5.24141402677	-30.145	42.946	63.43	-33.261	46.083	64.165	-28.9	45.847	61.267
645560	ASN	  81 	HIS	  80 	GLU	  43 	9	87.9879364391	1	5.24141402677	-31.18	49.23	64.362	-33.261	46.083	64.165	-28.9	45.847	61.267
636052	ARG	  46 	ARG	  45 	PRO	  44 	5	56.6285809441	1	5.77706967242	-27.342	40.336	67.755	-29.397	43.483	67.121	-30.145	42.946	63.43
634612	ARG	  45 	ALA	  49 	PRO	  44 	5	55.0255977305	1	7.04956317796	-29.397	43.483	67.121	-23.279	41.91	64.647	-30.145	42.946	63.43
625542	ARG	  45 	PRO	  44 	HIS	  80 	7	73.0543237986	1	5.51619724085	-29.397	43.483	67.121	-30.145	42.946	63.43	-33.261	46.083	64.165
664852	ASN	  81 	ARG	  45 	PRO	  44 	5	60.4326052954	1	6.61960565291	-31.18	49.23	64.362	-29.397	43.483	67.121	-30.145	42.946	63.43
654343	ASN	  81 	PRO	  44 	HIS	  80 	8	79.9876954942	1	6.43649788317	-31.18	49.23	64.362	-30.145	42.946	63.43	-33.261	46.083	64.165
636121	ARG	  45 	ARG	  46 	SER	  47 	2	28.7833922238	1	7.0998549281	-29.397	43.483	67.121	-27.342	40.336	67.755	-24.149	39.403	69.615
597098	ALA	  49 	PRO	  50 	ASP	  48 	3	35.7713299391	1	6.84185011528	-23.279	41.91	64.647	-21.468	45.273	64.327	-22.055	38.811	66.497
596523	ALA	  49 	PRO	  50 	GLN	  51 	4	45.4688055822	1	6.39167716644	-23.279	41.91	64.647	-21.468	45.273	64.327	-22.943	48.01	66.526
417963	PRO	  50 	GLY	 156 	GLN	  51 	4	48.5540203359	1	7.57496376229	-21.468	45.273	64.327	-18.213	49.5	60.8	-22.943	48.01	66.526
542383	TYR	  56 	THR	  58 	ASP	  54 	8	77.9476588359	1	6.19684516508	-23.536	56.548	63.366	-18.359	57.95	63.034	-20.767	53.301	66.349
632022	ARG	  57 	TYR	  59 	TYR	  56 	7	72.7819332668	1	5.51184633313	-21.052	58.229	65.719	-20.617	59.49	60.371	-23.536	56.548	63.366
545116	TYR	  56 	TYR	  59 	LYS	  60 	5	55.7458295885	1	6.37294194231	-23.536	56.548	63.366	-20.617	59.49	60.371	-21.233	62.446	62.642
574423	VAL	  71 	TYR	  56 	TYR	  59 	8	78.3445430177	1	7.29448051612	-26.307	60.777	58.108	-23.536	56.548	63.366	-20.617	59.49	60.371
539211	TYR	  59 	PRO	  69 	ILE	  68 	4	51.2458290827	1	7.8494873718	-20.617	59.49	60.371	-22.441	60.786	52.872	-18.629	61.228	52.979
660531	ASN	  70 	TYR	  59 	PRO	  69 	4	49.3996954287	1	7.82570079929	-24.662	62.687	55.304	-20.617	59.49	60.371	-22.441	60.786	52.872
590692	ALA	  63 	GLY	  64 	CYS	  65 	5	57.1814520267	1	5.74142795827	-19.822	65.179	58.744	-18.804	67.748	56.156	-15.807	65.896	54.703
663123	ASN	  70 	ALA	  63 	GLY	  64 	4	46.3506157734	1	7.78818265066	-24.662	62.687	55.304	-19.822	65.179	58.744	-18.804	67.748	56.156
663411	ASN	  70 	ALA	  63 	PRO	  69 	4	46.4855248559	1	7.78704013088	-24.662	62.687	55.304	-19.822	65.179	58.744	-22.441	60.786	52.872
663771	ASN	  70 	ALA	  63 	VAL	  71 	4	45.2602427376	1	7.86367121642	-24.662	62.687	55.304	-19.822	65.179	58.744	-26.307	60.777	58.108
475496	THR	  66 	GLY	  64 	CYS	  65 	9	89.9623791648	1	6.38846413467	-15.889	65.58	50.901	-18.804	67.748	56.156	-15.807	65.896	54.703
301253	GLY	  64 	ILE	  68 	CYS	  65 	6	67.1262682642	1	7.25495375588	-18.804	67.748	56.156	-18.629	61.228	52.979	-15.807	65.896	54.703
475491	THR	  66 	GLY	  67 	CYS	  65 	4	45.0848469787	1	6.38716674277	-15.889	65.58	50.901	-17.036	62.193	49.646	-15.807	65.896	54.703
474053	THR	  66 	ILE	  68 	CYS	  65 	6	65.7397708876	1	5.72067163889	-15.889	65.58	50.901	-18.629	61.228	52.979	-15.807	65.896	54.703
482692	THR	  66 	SER	 121 	CYS	  65 	5	58.1331373535	1	8.09402545091	-15.889	65.58	50.901	-9.793	62.696	55.377	-15.807	65.896	54.703
539285	TYR	 151 	PRO	  69 	GLY	  67 	6	67.4678797426	1	7.16609489192	-17.729	58.19	48.138	-22.441	60.786	52.872	-17.036	62.193	49.646
654410	ASN	  70 	PRO	  69 	ILE	  68 	3	40.8321374582	1	6.62807626691	-24.662	62.687	55.304	-22.441	60.786	52.872	-18.629	61.228	52.979
661970	ASN	  70 	VAL	  71 	PRO	  69 	3	42.0202362553	1	6.50858917124	-24.662	62.687	55.304	-26.307	60.777	58.108	-22.441	60.786	52.872
568303	VAL	  71 	PRO	  69 	ASP	  86 	8	77.6206361322	1	6.79147568648	-26.307	60.777	58.108	-22.441	60.786	52.872	-27.754	59.615	51.575
422572	PRO	  69 	ASP	  86 	ILE	  85 	5	57.1174703802	1	6.45147254509	-22.441	60.786	52.872	-27.754	59.615	51.575	-27.914	58.173	55.072
662258	ASN	  70 	VAL	  71 	TYR	  72 	3	42.3896438222	1	6.50702904558	-24.662	62.687	55.304	-26.307	60.777	58.108	-29.925	61.614	58.977
660461	ASN	  70 	TYR	  72 	ASP	  86 	6	67.4032748394	1	7.96861631653	-24.662	62.687	55.304	-29.925	61.614	58.977	-27.754	59.615	51.575
574424	VAL	  71 	TYR	  73 	TYR	  72 	9	89.1299380176	1	6.20812032744	-26.307	60.777	58.108	-31.257	59.154	61.485	-29.925	61.614	58.977
544537	TYR	  72 	TYR	  73 	PHE	  74 	2	24.4043988024	1	7.16565084274	-29.925	61.614	58.977	-31.257	59.154	61.485	-30.283	56.322	63.795
544828	TYR	  72 	TYR	  73 	LEU	  83 	5	57.7428380238	1	7.53522521229	-29.925	61.614	58.977	-31.257	59.154	61.485	-29.262	54.169	59.932
574422	VAL	  84 	TYR	  72 	TYR	  73 	7	74.0313961286	1	5.30612636487	-30.549	56.613	57.317	-29.925	61.614	58.977	-31.257	59.154	61.485
295416	GLY	  75 	GLN	  76 	PHE	  74 	1	20.8649288544	1	7.29211306824	-32.7	54.327	65.923	-34.266	50.99	66.775	-30.283	56.322	63.795
641024	ASN	  81 	GLN	  76 	PHE	  74 	9	88.2605165992	1	7.29211306824	-31.18	49.23	64.362	-34.266	50.99	66.775	-30.283	56.322	63.795
648367	ASN	  81 	GLY	  75 	GLN	  76 	8	82.7853633126	1	5.54315163062	-31.18	49.23	64.362	-32.7	54.327	65.923	-34.266	50.99	66.775
297003	GLY	  78 	GLU	  77 	GLN	  76 	4	51.4832253502	1	6.01644188869	-38.172	46.414	66.744	-37.12	49.488	64.809	-34.266	50.99	66.775
239405	HIS	  80 	GLU	  77 	GLN	  76 	6	65.1785235785	1	5.64807701789	-33.261	46.083	64.165	-37.12	49.488	64.809	-34.266	50.99	66.775
299888	GLY	  78 	HIS	  80 	GLN	  76 	9	85.7223154934	1	6.01644188869	-38.172	46.414	66.744	-33.261	46.083	64.165	-34.266	50.99	66.775
648366	ASN	  81 	GLY	  78 	GLN	  76 	7	70.777383805	1	7.90517830286	-31.18	49.23	64.362	-38.172	46.414	66.744	-34.266	50.99	66.775
645485	ASN	  81 	HIS	  80 	GLN	  76 	6	67.4122045689	1	5.64807701789	-31.18	49.23	64.362	-33.261	46.083	64.165	-34.266	50.99	66.775
559088	VAL	  82 	HIS	  80 	GLN	  76 	9	86.13905637	1	6.36802897292	-31.626	51.585	61.407	-33.261	46.083	64.165	-34.266	50.99	66.775
299958	GLY	  78 	HIS	  80 	GLU	  77 	7	71.5299749588	1	5.556862694	-38.172	46.414	66.744	-33.261	46.083	64.165	-37.12	49.488	64.809
648437	ASN	  81 	GLY	  78 	GLU	  77 	6	63.8856548929	1	7.90517830286	-31.18	49.23	64.362	-38.172	46.414	66.744	-37.12	49.488	64.809
645559	ASN	  81 	HIS	  80 	GLU	  77 	8	77.4672431442	1	5.96237981011	-31.18	49.23	64.362	-33.261	46.083	64.165	-37.12	49.488	64.809
648581	ASN	  81 	GLY	  78 	HIS	  80 	6	66.4691414771	1	7.90517830286	-31.18	49.23	64.362	-38.172	46.414	66.744	-33.261	46.083	64.165
645625	ASN	  81 	HIS	  80 	LEU	  79 	2	27.6703404888	1	7.08884652112	-31.18	49.23	64.362	-33.261	46.083	64.165	-35.352	43.89	66.443
661539	ASN	  81 	VAL	  82 	HIS	  80 	4	44.8620036886	1	6.36802897292	-31.18	49.23	64.362	-31.626	51.585	61.407	-33.261	46.083	64.165
661465	ASN	  81 	VAL	  82 	LEU	  83 	2	33.4919494077	1	6.90632644754	-31.18	49.23	64.362	-31.626	51.585	61.407	-29.262	54.169	59.932
560666	VAL	  84 	ILE	  85 	LEU	  83 	3	43.8480668644	1	6.43962110687	-30.549	56.613	57.317	-27.914	58.173	55.072	-29.262	54.169	59.932
387866	ASP	  86 	ILE	  85 	LEU	  87 	3	41.6227627709	1	6.50631347231	-27.754	59.615	51.575	-27.914	58.173	55.072	-28.693	57.416	48.657
418105	PRO	  90 	GLY	  89 	LEU	  88 	2	31.7958002273	1	6.98640579984	-23.226	51.698	42.377	-24.919	55.041	43.203	-25.647	56.817	46.469
452882	SER	  91 	PRO	  90 	GLY	  89 	3	38.6189684477	1	6.73068941491	-19.939	50.573	43.937	-23.226	51.698	42.377	-24.919	55.041	43.203
625683	ARG	 141 	PRO	 142 	GLY	  89 	4	47.2176325757	1	7.15287005334	-26.463	59.083	41.594	-26.774	59.286	37.753	-24.919	55.041	43.203
634323	ARG	 141 	ALA	 147 	GLY	  89 	4	46.8181895242	1	7.94680728343	-26.463	59.083	41.594	-22.548	61.697	39.566	-24.919	55.041	43.203
452594	SER	  91 	PRO	  90 	GLU	  93 	3	41.5033082548	1	8.02959531982	-19.939	50.573	43.937	-23.226	51.698	42.377	-17.102	46.506	42.258
422354	PRO	  90 	ASP	  94 	GLU	  93 	3	41.2434030994	1	8.02959531982	-23.226	51.698	42.377	-20.461	46.808	40.408	-17.102	46.506	42.258
655707	ASN	 136 	SER	  91 	LEU	  92 	4	45.3891390362	1	7.96625991291	-17.255	50.246	49.939	-19.939	50.573	43.937	-16.689	50.291	41.993
445467	SER	  91 	ILE	 139 	LEU	  92 	4	49.3555427028	1	7.45731459709	-19.939	50.573	43.937	-20.175	56.819	42.912	-16.689	50.291	41.993
451660	SER	  91 	ASP	 135 	ASP	  94 	5	60.0336599186	1	7.65286567241	-19.939	50.573	43.937	-17.514	47.398	47.446	-20.461	46.808	40.408
453102	SER	  91 	PRO	 134 	ASP	 135 	7	71.3478903867	1	6.68305678563	-19.939	50.573	43.937	-14.063	48.149	46.001	-17.514	47.398	47.446
656215	ASN	 136 	SER	  91 	PRO	 134 	8	77.5454325933	1	6.68305678563	-17.255	50.246	49.939	-19.939	50.573	43.937	-14.063	48.149	46.001
393555	ASP	  97 	ASP	  94 	GLU	  93 	4	51.2517766023	1	6.92883843079	-18.903	44.051	36.034	-20.461	46.808	40.408	-17.102	46.506	42.258
393558	ASP	 135 	ASP	  94 	GLU	  93 	7	70.7470028511	1	7.65286567241	-17.514	47.398	47.446	-20.461	46.808	40.408	-17.102	46.506	42.258
393627	ASP	  94 	ASP	  97 	LEU	  98 	4	49.8303676984	1	6.98267069251	-20.461	46.808	40.408	-18.903	44.051	36.034	-20.014	46.592	33.443
384772	ASP	  97 	LEU	  98 	CYS	  99 	5	59.2881910031	1	5.61794295094	-18.903	44.051	36.034	-20.014	46.592	33.443	-16.522	47.282	32.103
389093	ASP	  97 	GLY	 100 	CYS	  99 	6	67.5516013828	1	6.02902056722	-18.903	44.051	36.034	-15.143	43.836	31.326	-16.522	47.282	32.103
499972	TRP	 295 	LEU	  98 	CYS	  99 	5	60.4539516645	1	7.20297993889	-18.224	53.536	32.765	-20.014	46.592	33.443	-16.522	47.282	32.103
619492	ARG	 101 	GLY	 100 	CYS	  99 	5	59.7588530029	1	5.58725871962	-13.878	43.212	34.871	-15.143	43.836	31.326	-16.522	47.282	32.103
331492	LYS	 102 	GLY	 100 	CYS	  99 	5	58.6130456631	1	6.3361214477	-10.919	45.631	34.558	-15.143	43.836	31.326	-16.522	47.282	32.103
620935	ARG	 101 	LYS	 102 	CYS	  99 	8	78.0726220946	1	6.3361214477	-13.878	43.212	34.871	-10.919	45.631	34.558	-16.522	47.282	32.103
610784	ARG	 101 	CYS	  99 	PHE	 103 	9	88.0806776172	1	7.14265328852	-13.878	43.212	34.871	-16.522	47.282	32.103	-10.322	49.394	34.477
322780	LYS	 102 	CYS	  99 	PHE	 103 	5	54.5593319138	1	6.96680845151	-10.919	45.631	34.558	-16.522	47.282	32.103	-10.322	49.394	34.477
380384	ASP	 294 	CYS	  99 	PHE	 103 	9	88.0389107724	1	6.96680845151	-14.625	53.744	31.579	-16.522	47.282	32.103	-10.322	49.394	34.477
508616	TRP	 295 	ASP	 294 	CYS	  99 	9	86.1711868776	1	6.75504470748	-18.224	53.536	32.765	-14.625	53.744	31.579	-16.522	47.282	32.103
621364	ARG	 101 	LYS	 102 	GLY	 100 	5	59.7784372181	1	5.6133791071	-13.878	43.212	34.871	-10.919	45.631	34.558	-15.143	43.836	31.326
331418	LYS	 102 	GLY	 100 	PHE	 103 	3	37.9968830382	1	8.00388693074	-10.919	45.631	34.558	-15.143	43.836	31.326	-10.322	49.394	34.477
620857	ARG	 101 	LYS	 102 	PHE	 103 	2	28.1075243831	1	7.14265328852	-13.878	43.212	34.871	-10.919	45.631	34.558	-10.322	49.394	34.477
620859	ARG	 101 	LYS	 102 	PHE	 211 	4	48.0660064792	1	7.75534970198	-13.878	43.212	34.871	-10.919	45.631	34.558	-8.606	47.065	39.055
609342	ARG	 101 	PHE	 211 	PHE	 103 	7	73.8412242577	1	7.75534970198	-13.878	43.212	34.871	-8.606	47.065	39.055	-10.322	49.394	34.477
321342	LYS	 102 	PHE	 211 	PHE	 103 	7	68.6358235986	1	5.4154391327	-10.919	45.631	34.558	-8.606	47.065	39.055	-10.322	49.394	34.477
331417	LYS	 102 	GLY	 214 	PHE	 103 	2	29.72368985	1	7.78374806889	-10.919	45.631	34.558	-8.659	42.117	36.683	-10.322	49.394	34.477
569018	VAL	 105 	SER	 104 	PHE	 103 	3	39.4997440786	1	6.65892401218	-4.878	53.107	33.519	-7.889	51.209	32.176	-10.322	49.394	34.477
448058	SER	 104 	LYS	 106 	PHE	 103 	3	35.3803643358	1	8.08598596338	-7.889	51.209	32.176	-6.634	56.462	33.126	-10.322	49.394	34.477
479743	THR	 107 	ASP	 294 	PHE	 103 	8	82.4553928519	1	6.77028160419	-9.682	55.377	35.133	-14.625	53.744	31.579	-10.322	49.394	34.477
551743	VAL	 108 	PHE	 211 	PHE	 103 	8	81.3951380715	1	6.96987991288	-7.517	53.846	37.867	-8.606	47.065	39.055	-10.322	49.394	34.477
292544	GLY	 214 	PHE	 103 	PHE	 211 	9	89.2884868687	1	7.78374806889	-8.659	42.117	36.683	-10.322	49.394	34.477	-8.606	47.065	39.055
442298	SER	 104 	LEU	 212 	PHE	 211 	3	43.2342276827	1	8.06272075667	-7.889	51.209	32.176	-5.747	47.087	36.55	-8.606	47.065	39.055
478876	THR	 107 	MET	 110 	LYS	 106 	5	59.0015440848	1	6.17734862218	-9.682	55.377	35.133	-8.392	59.266	38.342	-6.634	56.462	33.126
478300	THR	 107 	MET	 110 	PHE	 293 	5	55.1192124011	1	7.93977650819	-9.682	55.377	35.133	-8.392	59.266	38.342	-14.227	57.067	33.427
593500	ALA	 109 	MET	 110 	PHE	 278 	5	53.4895350691	1	7.44540348134	-5.341	56.947	38.197	-8.392	59.266	38.342	-1.143	59.49	40.026
605599	ALA	 109 	ALA	 111 	LYS	 113 	8	79.2502533154	1	6.4066295351	-5.341	56.947	38.197	-10.193	56.936	40.788	-6.786	60.321	43.448
361803	MET	 110 	LYS	 113 	GLN	 114 	4	51.2892897951	1	6.92280333391	-8.392	59.266	38.342	-6.786	60.321	43.448	-10.327	60.507	44.872
361808	MET	 115 	LYS	 113 	GLN	 114 	9	89.8139848037	1	5.64477191745	-10.061	57.298	46.912	-6.786	60.321	43.448	-10.327	60.507	44.872
448060	SER	 279 	LYS	 113 	PHE	 278 	5	58.9111250073	1	8.06469379456	-0.952	62.96	38.545	-6.786	60.321	43.448	-1.143	59.49	40.026
622444	ARG	 118 	MET	 115 	GLN	 114 	5	56.2726641807	1	6.39153823426	-11.127	59.988	51.192	-10.061	57.298	46.912	-10.327	60.507	44.872
358926	MET	 149 	ILE	 150 	GLN	 114 	7	68.3590942254	1	7.7509579408	-17.659	61.725	42.673	-16.445	58.674	44.579	-10.327	60.507	44.872
536332	TYR	 151 	MET	 115 	ILE	 150 	5	57.5512079079	1	7.81645469506	-17.729	58.19	48.138	-10.061	57.298	46.912	-16.445	58.674	44.579
633459	ARG	 118 	VAL	 152 	TYR	 151 	4	51.6182877729	1	7.49307173327	-11.127	59.988	51.192	-16.846	55.917	51.04	-17.729	58.19	48.138
559086	VAL	 119 	HIS	 123 	GLN	 120 	7	74.9097398402	1	6.21291574062	-8.706	57.841	53.193	-6.881	59.562	58.877	-6.652	60.931	54.095
560740	VAL	 119 	ILE	 122 	HIS	 123 	5	58.4255425548	1	6.21291574062	-8.706	57.841	53.193	-10.484	59.705	57.637	-6.881	59.562	58.877
443886	SER	 121 	HIS	 123 	GLN	 120 	7	74.5931608997	1	5.5273592248	-9.793	62.696	55.377	-6.881	59.562	58.877	-6.652	60.931	54.095
560741	VAL	 128 	ILE	 122 	HIS	 123 	6	66.2762181704	1	6.74571197132	-8.059	54.051	60.404	-10.484	59.705	57.637	-6.881	59.562	58.877
531939	TYR	 129 	ILE	 122 	HIS	 123 	4	47.7927921383	1	7.9897140124	-10.726	52.601	58.105	-10.484	59.705	57.637	-6.881	59.562	58.877
240914	HIS	 123 	LEU	 127 	GLU	 124 	3	43.1361523019	1	7.19064955341	-6.881	59.562	58.877	-9.174	57.063	62.424	-6.916	63.292	59.63
530430	TYR	 129 	HIS	 123 	LEU	 127 	7	74.9895963015	1	7.9897140124	-10.726	52.601	58.105	-6.881	59.562	58.877	-9.174	57.063	62.424
632743	ARG	 197 	VAL	 128 	HIS	 123 	8	77.643121059	1	6.98751858674	-2.361	54.252	58.431	-8.059	54.051	60.404	-6.881	59.562	58.877
452955	SER	 126 	PRO	 164 	LYS	 125 	4	48.5778750645	1	7.21634665187	-7.588	60.212	63.846	-7.472	63.023	68.73	-9.855	62.61	61.931
627339	ARG	 162 	SER	 126 	ASP	 163 	4	50.6604685089	1	7.06783658555	-4.165	58.055	67.943	-7.588	60.212	63.846	-5.7	60.205	70.657
453099	SER	 126 	PRO	 164 	ASP	 163 	4	50.9010833348	1	7.06783658555	-7.588	60.212	63.846	-7.472	63.023	68.73	-5.7	60.205	70.657
569163	VAL	 128 	SER	 196 	GLN	 195 	4	45.8292116094	1	7.7436313187	-8.059	54.051	60.404	-2.335	51.722	61.291	-3.318	48.104	61.86
537771	TYR	 129 	ASP	 131 	ILE	 132 	4	51.194070085	1	7.03162925644	-10.726	52.601	58.105	-12.081	47.638	55.562	-10.667	48.753	52.22
537992	TYR	 129 	ASP	 131 	MET	 157 	9	89.4649883968	1	6.44566466705	-10.726	52.601	58.105	-12.081	47.638	55.562	-14.553	48.685	61.422
535903	TYR	 129 	MET	 157 	PHE	 155 	8	76.9775489232	1	6.8499618977	-10.726	52.601	58.105	-14.553	48.685	61.422	-17.542	52.62	58.786
573987	VAL	 158 	TYR	 129 	MET	 157 	4	51.7685676574	1	6.40183364357	-12.986	52.089	62.002	-10.726	52.601	58.105	-14.553	48.685	61.422
624391	ARG	 130 	ASP	 131 	MET	 157 	8	81.2415138848	1	6.44566466705	-9.627	48.926	58.193	-12.081	47.638	55.562	-14.553	48.685	61.422
633098	ARG	 130 	VAL	 158 	ASP	 131 	3	42.8711783985	1	7.88061076313	-9.627	48.926	58.193	-12.986	52.089	62.002	-12.081	47.638	55.562
480171	THR	 181 	ASP	 131 	ILE	 132 	4	48.823465053	1	7.78334491077	-11.404	41.086	53.34	-12.081	47.638	55.562	-10.667	48.753	52.22
392332	ASP	 131 	MET	 185 	ILE	 132 	5	53.2429278441	1	8.05976035624	-12.081	47.638	55.562	-5.658	43.256	53.44	-10.667	48.753	52.22
480390	THR	 181 	ASP	 131 	MET	 185 	7	71.735891475	1	8.05976035624	-11.404	41.086	53.34	-12.081	47.638	55.562	-5.658	43.256	53.44
419689	PRO	 134 	LYS	 133 	ILE	 132 	2	29.9609589438	1	7.11151130211	-14.063	48.149	46.001	-12.498	47.02	49.343	-10.667	48.753	52.22
477291	THR	 181 	LYS	 133 	ILE	 132 	4	50.1486377515	1	7.78334491077	-11.404	41.086	53.34	-12.498	47.02	49.343	-10.667	48.753	52.22
536335	TYR	 184 	MET	 185 	ILE	 132 	8	80.8941345934	1	7.53627825919	-7.153	43.189	49.955	-5.658	43.256	53.44	-10.667	48.753	52.22
649659	ASN	 136 	LYS	 133 	PHE	 137 	4	47.1547187072	1	7.40989514096	-17.255	50.246	49.939	-12.498	47.02	49.343	-16.481	52.941	47.347
652540	ASN	 136 	ASP	 135 	PHE	 137 	5	59.0915904975	1	5.63930305978	-17.255	50.246	49.939	-17.514	47.398	47.446	-16.481	52.941	47.347
661180	ASN	 136 	VAL	 153 	PHE	 137 	5	55.3981437786	1	6.58747910813	-17.255	50.246	49.939	-19.561	54.132	53.047	-16.481	52.941	47.347
661900	ASN	 136 	VAL	 153 	ASP	 154 	5	58.3142278973	1	6.34786082078	-17.255	50.246	49.939	-19.561	54.132	53.047	-19.521	51.436	55.748
269497	ILE	 139 	LEU	 138 	PHE	 137 	2	32.0244966993	1	6.95368571335	-20.175	56.819	42.912	-19.604	54.157	45.529	-16.481	52.941	47.347
301466	GLY	 140 	ILE	 139 	LEU	 138 	3	37.6508556706	1	6.69957326999	-22.977	59.374	43.021	-20.175	56.819	42.912	-19.604	54.157	45.529
619850	ARG	 141 	GLY	 140 	ILE	 139 	3	35.1411277724	1	6.8118840272	-26.463	59.083	41.594	-22.977	59.374	43.021	-20.175	56.819	42.912
648650	ASN	 146 	GLY	 140 	ILE	 139 	3	36.7209631576	1	7.90687005078	-21.78	64.507	41.997	-22.977	59.374	43.021	-20.175	56.819	42.912
591051	ALA	 147 	GLY	 140 	ILE	 139 	4	49.3624096364	1	6.37351778847	-22.548	61.697	39.566	-22.977	59.374	43.021	-20.175	56.819	42.912
664495	ASN	 146 	ARG	 141 	ILE	 139 	8	80.0133174266	1	7.90687005078	-21.78	64.507	41.997	-26.463	59.083	41.594	-20.175	56.819	42.912
625682	ARG	 141 	PRO	 142 	GLY	 140 	3	43.0103916881	1	6.494365019	-26.463	59.083	41.594	-26.774	59.286	37.753	-22.977	59.374	43.021
452888	SER	 144 	PRO	 142 	GLY	 140 	9	85.0877872155	1	6.94260858756	-26.626	64.512	40.108	-26.774	59.286	37.753	-22.977	59.374	43.021
664856	ASN	 143 	ARG	 141 	PRO	 142 	9	88.7575236988	1	5.77264523421	-28.601	62.588	37.536	-26.463	59.083	41.594	-26.774	59.286	37.753
656212	ASN	 143 	SER	 144 	PRO	 142 	5	56.5129718906	1	5.73402171255	-28.601	62.588	37.536	-26.626	64.512	40.108	-26.774	59.286	37.753
663414	ASN	 143 	ALA	 147 	PRO	 142 	7	72.0547682196	1	6.44620741211	-28.601	62.588	37.536	-22.548	61.697	39.566	-26.774	59.286	37.753
655993	ASN	 143 	SER	 144 	LYS	 145 	2	29.1475433186	1	7.01319456453	-28.601	62.588	37.536	-26.626	64.512	40.108	-23.854	67.071	40.096
663196	ASN	 146 	ALA	 147 	LYS	 145 	5	60.3291443865	1	5.5557548542	-21.78	64.507	41.997	-22.548	61.697	39.566	-23.854	67.071	40.096
666074	ASN	 148 	ASN	 146 	LYS	 145 	3	37.4277976619	1	7.85695768093	-18.82	61.119	39.114	-21.78	64.507	41.997	-23.854	67.071	40.096
666728	ASN	 148 	ASN	 146 	ALA	 147 	9	89.9647502318	1	5.34339152599	-18.82	61.119	39.114	-21.78	64.507	41.997	-22.548	61.697	39.566
663271	ASN	 146 	ALA	 147 	MET	 149 	8	77.3870247656	1	5.79280191272	-21.78	64.507	41.997	-22.548	61.697	39.566	-17.659	61.725	42.673
666150	ASN	 146 	ASN	 148 	MET	 149 	7	73.5287060725	1	5.34339152599	-21.78	64.507	41.997	-18.82	61.119	39.114	-17.659	61.725	42.673
663268	ASN	 148 	ALA	 147 	MET	 149 	5	55.9349799388	1	5.79280191272	-18.82	61.119	39.114	-22.548	61.697	39.566	-17.659	61.725	42.673
651530	ASN	 148 	MET	 149 	ILE	 150 	3	43.7029759015	1	6.44087532871	-18.82	61.119	39.114	-17.659	61.725	42.673	-16.445	58.674	44.579
573769	VAL	 152 	TYR	 151 	ILE	 150 	2	30.1647209527	1	7.03607639242	-16.846	55.917	51.04	-17.729	58.19	48.138	-16.445	58.674	44.579
575858	VAL	 153 	VAL	 152 	TYR	 151 	3	40.0021478768	1	6.62735761824	-19.561	54.132	53.047	-16.846	55.917	51.04	-17.729	58.19	48.138
575497	VAL	 152 	VAL	 153 	ASP	 154 	2	31.0629741055	1	7.028531141	-16.846	55.917	51.04	-19.561	54.132	53.047	-19.521	51.436	55.748
565274	VAL	 158 	MET	 157 	LYS	 159 	3	41.9621122238	1	6.50840218487	-12.986	52.089	62.002	-14.553	48.685	61.422	-10.728	52.542	65.007
563257	VAL	 158 	LYS	 159 	PHE	 160 	2	30.5283376295	1	7.01401375818	-12.986	52.089	62.002	-10.728	52.542	65.007	-8.768	55.457	66.481
537340	TYR	 161 	ASP	 163 	PHE	 160 	5	55.9397683742	1	7.12151219896	-5.056	55.089	65.745	-5.7	60.205	70.657	-8.768	55.457	66.481
531578	TYR	 161 	ILE	 170 	PHE	 160 	3	34.763260268	1	8.08023137045	-5.056	55.089	65.745	-1.539	53.754	69.664	-8.768	55.457	66.481
631657	ARG	 162 	TYR	 161 	ASP	 163 	2	27.0003056743	1	7.12151219896	-4.165	58.055	67.943	-5.056	55.089	65.745	-5.7	60.205	70.657
537703	TYR	 161 	ASP	 163 	HIS	 169 	8	83.0372946182	1	7.12151219896	-5.056	55.089	65.745	-5.7	60.205	70.657	-0.319	57.171	68.472
628781	ARG	 162 	THR	 166 	ASP	 163 	6	66.3428829278	1	7.96590271093	-4.165	58.055	67.943	-2.812	64.761	72.024	-5.7	60.205	70.657
624099	ARG	 162 	ASP	 163 	HIS	 169 	4	45.2020304582	1	6.55244549767	-4.165	58.055	67.943	-5.7	60.205	70.657	-0.319	57.171	68.472
621221	ARG	 162 	LYS	 167 	HIS	 169 	6	63.5987832542	1	6.04102011253	-4.165	58.055	67.943	-2.157	62.919	68.748	-0.319	57.171	68.472
481902	THR	 166 	PRO	 164 	ASP	 163 	7	68.7826718034	1	5.9654572331	-2.812	64.761	72.024	-7.472	63.023	68.73	-5.7	60.205	70.657
422719	PRO	 164 	ASP	 163 	LYS	 167 	8	82.5975851228	1	5.31604787413	-7.472	63.023	68.73	-5.7	60.205	70.657	-2.157	62.919	68.748
419402	PRO	 164 	LYS	 167 	GLN	 168 	3	36.9101447617	1	7.86751333014	-7.472	63.023	68.73	-2.157	62.919	68.748	-0.413	60.225	70.789
571036	VAL	 165 	THR	 166 	LYS	 167 	5	58.6414075075	1	5.67954399578	-6.433	65.707	71.238	-2.812	64.761	72.024	-2.157	62.919	68.748
328688	LYS	 167 	HIS	 169 	GLN	 168 	9	89.4683113259	1	6.04102011253	-2.157	62.919	68.748	-0.319	57.171	68.472	-0.413	60.225	70.789
271082	ILE	 170 	HIS	 169 	GLN	 168 	3	40.2033029478	1	6.66388340234	-1.539	53.754	69.664	-0.319	57.171	68.472	-0.413	60.225	70.789
539210	TYR	 172 	PRO	 171 	ILE	 170 	3	39.0008185254	1	6.65048065932	2.187	48.383	68.44	1.14	51.229	70.656	-1.539	53.754	69.664
631731	ARG	 173 	TYR	 172 	PRO	 171 	4	47.2857324629	1	6.22098545248	0.368	45.189	69.382	2.187	48.383	68.44	1.14	51.229	70.656
631153	ARG	 173 	TYR	 172 	GLU	 174 	2	30.0861135296	1	7.01256037407	0.368	45.189	69.382	2.187	48.383	68.44	0.148	41.692	67.941
636339	ARG	 193 	ARG	 173 	TYR	 172 	4	46.9220030857	1	7.52662068926	-0.398	43.02	63.835	0.368	45.189	69.382	2.187	48.383	68.44
621436	ARG	 173 	LYS	 176 	LYS	 175 	5	55.7665607858	1	7.44731219971	0.368	45.189	69.382	-4.813	40.596	66.639	-2.042	38.568	68.282
635840	ARG	 173 	ARG	 193 	LYS	 175 	9	83.3665076272	1	7.13132112585	0.368	45.189	69.382	-0.398	43.02	63.835	-2.042	38.568	68.282
650240	ASN	 177 	LYS	 175 	LYS	 176 	9	89.9767745356	1	6.42292129798	-7.66	38.533	65.169	-2.042	38.568	68.282	-4.813	40.596	66.639
446906	SER	 179 	GLY	 180 	LEU	 178 	3	37.4785164345	1	6.75085624199	-11.028	41.006	60.455	-11.793	42.219	56.928	-8.067	38.797	61.398
478803	THR	 181 	MET	 185 	GLY	 180 	4	51.7262746756	1	7.13300343474	-11.404	41.086	53.34	-5.658	43.256	53.44	-11.793	42.219	56.928
599911	ALA	 182 	THR	 181 	MET	 185 	8	76.7711474691	1	6.14291591998	-8.441	38.745	52.941	-11.404	41.086	53.34	-5.658	43.256	53.44
542309	TYR	 184 	THR	 181 	MET	 185 	6	61.3851584211	1	6.14291591998	-7.153	43.189	49.955	-11.404	41.086	53.34	-5.658	43.256	53.44
593863	ALA	 182 	MET	 185 	HIS	 190 	8	82.1914580536	1	7.90060314153	-8.441	38.745	52.941	-5.658	43.256	53.44	-2.356	38.717	57.98
602503	ALA	 182 	TYR	 230 	HIS	 190 	8	77.9549965609	1	7.90060314153	-8.441	38.745	52.941	-6.219	33.889	55.194	-2.356	38.717	57.98
631587	ARG	 183 	TYR	 184 	MET	 185 	4	51.0551974481	1	6.07245666926	-7.993	39.539	49.244	-7.153	43.189	49.955	-5.658	43.256	53.44
631299	ARG	 183 	TYR	 184 	HIS	 206 	4	45.785345045	1	8.06877140586	-7.993	39.539	49.244	-7.153	43.189	49.955	-4.085	46.007	46.416
629789	ARG	 183 	TRP	 218 	LEU	 216 	6	67.1432268051	1	7.82030165659	-7.993	39.539	49.244	-3.818	35.162	45.509	-4.79	39.292	42.114
629644	ARG	 183 	TRP	 218 	GLN	 219 	5	59.1444707992	1	7.10907722563	-7.993	39.539	49.244	-3.818	35.162	45.509	-7.472	34.943	44.418
629934	ARG	 183 	TRP	 218 	ILE	 233 	7	72.6306336124	1	7.35330816708	-7.993	39.539	49.244	-3.818	35.162	45.509	-3.327	34.115	50.941
536260	TYR	 184 	MET	 185 	HIS	 206 	5	52.5525903254	1	7.70577095429	-7.153	43.189	49.955	-5.658	43.256	53.44	-4.085	46.007	46.416
602426	ALA	 203 	TYR	 184 	LEU	 204 	3	38.6001093308	1	7.59578415965	-4.932	47.617	51.022	-7.153	43.189	49.955	-5.735	50.547	48.712
449930	SER	 186 	MET	 185 	ILE	 187 	3	39.8516484078	1	6.60477917875	-2.066	44.227	54.068	-5.658	43.256	53.44	0.582	41.624	54.862
483268	THR	 189 	SER	 186 	MET	 185 	5	57.5214344525	1	6.2752683608	-2.738	42.399	58.928	-2.066	44.227	54.068	-5.658	43.256	53.44
449863	SER	 186 	MET	 185 	HIS	 190 	8	82.7531434466	1	7.2192329925	-2.066	44.227	54.068	-5.658	43.256	53.44	-2.356	38.717	57.98
451586	SER	 186 	ASP	 199 	MET	 185 	3	43.8077913093	1	7.45723185907	-2.066	44.227	54.068	-2.227	49.261	56.229	-5.658	43.256	53.44
449716	SER	 186 	MET	 185 	GLU	 202 	5	58.8400574593	1	7.52726896025	-2.066	44.227	54.068	-5.658	43.256	53.44	-1.419	49.095	51.296
478735	THR	 189 	MET	 185 	ILE	 187 	8	75.9725324214	1	6.60477917875	-2.738	42.399	58.928	-5.658	43.256	53.44	0.582	41.624	54.862
359142	MET	 185 	ILE	 187 	HIS	 190 	7	69.0206642784	1	7.2192329925	-5.658	43.256	53.44	0.582	41.624	54.862	-2.356	38.717	57.98
478659	THR	 189 	MET	 185 	HIS	 190 	4	51.8796682747	1	7.2192329925	-2.738	42.399	58.928	-5.658	43.256	53.44	-2.356	38.717	57.98
480391	THR	 189 	ASP	 199 	MET	 185 	8	79.068539151	1	7.45723185907	-2.738	42.399	58.928	-2.227	49.261	56.229	-5.658	43.256	53.44
593714	ALA	 203 	MET	 185 	GLU	 202 	3	39.4652392778	1	7.52726896025	-4.932	47.617	51.022	-5.658	43.256	53.44	-1.419	49.095	51.296
357559	MET	 185 	HIS	 206 	GLU	 202 	8	79.6089259997	1	7.70577095429	-5.658	43.256	53.44	-4.085	46.007	46.416	-1.419	49.095	51.296
593860	ALA	 203 	MET	 185 	HIS	 206 	5	54.5140994601	1	7.70577095429	-4.932	47.617	51.022	-5.658	43.256	53.44	-4.085	46.007	46.416
482979	THR	 189 	SER	 186 	HIS	 190 	4	51.9168333102	1	6.76372264363	-2.738	42.399	58.928	-2.066	44.227	54.068	-2.356	38.717	57.98
451159	SER	 186 	ASP	 199 	GLU	 202 	8	82.25949603	1	5.63915037927	-2.066	44.227	54.068	-2.227	49.261	56.229	-1.419	49.095	51.296
657221	ASN	 188 	THR	 189 	HIS	 190 	6	61.5849556715	1	5.50485631057	0.953	43.098	58.381	-2.738	42.399	58.928	-2.356	38.717	57.98
648584	ASN	 188 	GLY	 192 	HIS	 190 	9	88.8016987623	1	6.68920391377	0.953	43.098	58.381	-1.953	39.595	63.283	-2.356	38.717	57.98
664421	ASN	 188 	ARG	 193 	HIS	 190 	6	66.8162620441	1	7.52533042464	0.953	43.098	58.381	-0.398	43.02	63.835	-2.356	38.717	57.98
664564	ASN	 188 	ARG	 193 	GLY	 192 	5	54.6800514318	1	6.68920391377	0.953	43.098	58.381	-0.398	43.02	63.835	-1.953	39.595	63.283
664274	ASN	 188 	ARG	 193 	GLU	 194 	3	39.2451097372	1	7.91660369098	0.953	43.098	58.381	-0.398	43.02	63.835	-2.22	46.164	64.954
642604	ASN	 188 	GLU	 194 	GLN	 195 	5	54.0558761101	1	7.91660369098	0.953	43.098	58.381	-2.22	46.164	64.954	-3.318	48.104	61.86
475782	THR	 189 	GLY	 192 	HIS	 190 	7	69.0543813134	1	5.39027847147	-2.738	42.399	58.928	-1.953	39.595	63.283	-2.356	38.717	57.98
628418	ARG	 193 	THR	 189 	HIS	 190 	3	43.6281329394	1	7.52533042464	-0.398	43.02	63.835	-2.738	42.399	58.928	-2.356	38.717	57.98
628275	ARG	 193 	THR	 189 	GLU	 194 	4	48.4962324445	1	7.12434032034	-0.398	43.02	63.835	-2.738	42.399	58.928	-2.22	46.164	64.954
619780	ARG	 193 	GLY	 192 	HIS	 190 	5	54.6452151989	1	7.52533042464	-0.398	43.02	63.835	-1.953	39.595	63.283	-2.356	38.717	57.98
533383	TYR	 230 	GLY	 234 	HIS	 190 	8	77.5141877882	1	6.78189862797	-6.219	33.889	55.194	-0.937	35.863	53.322	-2.356	38.717	57.98
613803	ARG	 193 	GLU	 194 	GLN	 195 	4	49.2055784214	1	6.18660496557	-0.398	43.02	63.835	-2.22	46.164	64.954	-3.318	48.104	61.86
441008	SER	 196 	GLU	 194 	GLN	 195 	9	89.5748530217	1	6.65748886593	-2.335	51.722	61.291	-2.22	46.164	64.954	-3.318	48.104	61.86
626761	ARG	 197 	SER	 196 	GLN	 195 	2	28.2617195843	1	7.10435035735	-2.361	54.252	58.431	-2.335	51.722	61.291	-3.318	48.104	61.86
626762	ARG	 198 	SER	 196 	GLN	 195 	3	41.1904167127	1	7.72323332549	0.124	52.267	56.34	-2.335	51.722	61.291	-3.318	48.104	61.86
451083	SER	 196 	ASP	 200 	GLN	 195 	4	47.4103668214	1	7.98994374198	-2.335	51.722	61.291	-5.105	51.29	54.754	-3.318	48.104	61.86
623884	ARG	 198 	ASP	 199 	GLN	 195 	5	59.6483629867	1	7.72323332549	0.124	52.267	56.34	-2.227	49.261	56.229	-3.318	48.104	61.86
393484	ASP	 200 	ASP	 199 	GLN	 195 	5	54.8990111835	1	7.98994374198	-5.105	51.29	54.754	-2.227	49.261	56.229	-3.318	48.104	61.86
635981	ARG	 197 	ARG	 198 	ASP	 199 	6	62.413040316	1	5.45681601302	-2.361	54.252	58.431	0.124	52.267	56.34	-2.227	49.261	56.229
635984	ARG	 198 	ARG	 197 	ASP	 200 	9	88.6040072181	1	5.55088875767	0.124	52.267	56.34	-2.361	54.252	58.431	-5.105	51.29	54.754
635263	ARG	 197 	ARG	 198 	PHE	 265 	8	76.966633898	1	7.76542407084	-2.361	54.252	58.431	0.124	52.267	56.34	3.904	51.497	62.1
636488	ARG	 197 	ARG	 198 	ALA	 267 	9	87.8952039092	1	7.76171514551	-2.361	54.252	58.431	0.124	52.267	56.34	4.689	56.871	60.35
636056	ARG	 197 	ARG	 198 	PRO	 269 	9	88.2089549596	1	7.35986120793	-2.361	54.252	58.431	0.124	52.267	56.34	2.11	59.142	55.227
623739	ARG	 197 	ASP	 266 	PHE	 265 	4	51.2061597987	1	7.76542407084	-2.361	54.252	58.431	3.368	55.048	63.392	3.904	51.497	62.1
635979	ARG	 261 	ARG	 198 	ASP	 199 	4	47.7104190399	1	8.08338116137	4.67	48.42	52.098	0.124	52.267	56.34	-2.227	49.261	56.229
633820	ARG	 198 	ALA	 264 	PHE	 265 	5	57.3927183645	1	7.43141372822	0.124	52.267	56.34	6.749	52.34	59.706	3.904	51.497	62.1
635045	ARG	 198 	ALA	 267 	ALA	 264 	6	67.1553277417	1	7.62339432274	0.124	52.267	56.34	4.689	56.871	60.35	6.749	52.34	59.706
393559	ASP	 200 	ASP	 199 	GLU	 202 	8	81.8302401477	1	5.51020734637	-5.105	51.29	54.754	-2.227	49.261	56.229	-1.419	49.095	51.296
357560	MET	 257 	HIS	 206 	GLU	 202 	9	87.8743628159	1	8.01667225225	3.023	49.714	46.455	-4.085	46.007	46.416	-1.419	49.095	51.296
562184	VAL	 207 	GLY	 205 	HIS	 206 	9	89.8549262992	1	5.35351370597	-7.419	47.356	45.126	-2.761	49.575	46.554	-4.085	46.007	46.416
360582	MET	 209 	GLY	 205 	HIS	 206 	7	71.7026229596	1	6.29282941132	-3.754	46.462	41.176	-2.761	49.575	46.554	-4.085	46.007	46.416
360578	MET	 257 	GLY	 205 	HIS	 206 	3	39.474001279	1	8.01667225225	3.023	49.714	46.455	-2.761	49.575	46.554	-4.085	46.007	46.416
558941	VAL	 207 	HIS	 206 	PHE	 208 	6	62.0637605009	1	5.46806190528	-7.419	47.356	45.126	-4.085	46.007	46.416	-5.662	49.471	42.49
565062	VAL	 207 	MET	 209 	HIS	 206 	7	70.9490106445	1	5.46204732678	-7.419	47.356	45.126	-3.754	46.462	41.176	-4.085	46.007	46.416
357341	MET	 209 	HIS	 206 	PHE	 208 	6	67.8286453195	1	5.46806190528	-3.754	46.462	41.176	-4.085	46.007	46.416	-5.662	49.471	42.49
536263	TYR	 210 	MET	 209 	HIS	 206 	8	77.2061173096	1	6.06682132587	-6.952	44.421	41.31	-3.754	46.462	41.176	-4.085	46.007	46.416
350142	MET	 209 	PHE	 211 	PHE	 208 	7	72.1780491032	1	5.32955476564	-3.754	46.462	41.176	-8.606	47.065	39.055	-5.662	49.471	42.49
522942	TYR	 210 	PHE	 208 	PHE	 211 	7	72.9343464038	1	5.34406212539	-6.952	44.421	41.31	-5.662	49.471	42.49	-8.606	47.065	39.055
536403	TYR	 210 	MET	 209 	GLY	 214 	4	47.5164357964	1	7.94513052127	-6.952	44.421	41.31	-3.754	46.462	41.176	-8.659	42.117	36.683
540865	TYR	 210 	SER	 215 	MET	 209 	2	33.9709404108	1	7.74912098241	-6.952	44.421	41.31	-7.448	39.864	39.482	-3.754	46.462	41.176
622802	ARG	 213 	MET	 209 	GLY	 214 	3	41.4618009625	1	7.94513052127	-5.114	43.354	36.252	-3.754	46.462	41.176	-8.659	42.117	36.683
450003	SER	 215 	MET	 209 	GLY	 214 	4	49.7251762563	1	7.94513052127	-7.448	39.864	39.482	-3.754	46.462	41.176	-8.659	42.117	36.683
351583	MET	 209 	CYS	 246 	PHE	 253 	8	77.7858238841	1	7.91200562437	-3.754	46.462	41.176	2.964	45.591	38.886	1.998	51.867	40.628
533022	TYR	 210 	GLY	 214 	PHE	 211 	7	68.7069178475	1	5.48743081961	-6.952	44.421	41.31	-8.659	42.117	36.683	-8.606	47.065	39.055
540218	TYR	 210 	SER	 215 	PHE	 211 	3	42.3385169032	1	7.30600396934	-6.952	44.421	41.31	-7.448	39.864	39.482	-8.606	47.065	39.055
626906	ARG	 213 	SER	 215 	LEU	 212 	3	34.7215392579	1	7.97883161873	-5.114	43.354	36.252	-7.448	39.864	39.482	-5.747	47.087	36.55
446904	SER	 215 	GLY	 214 	LEU	 216 	1	22.8241392034	1	7.24192978425	-7.448	39.864	39.482	-8.659	42.117	36.683	-4.79	39.292	42.114
510269	TRP	 218 	PRO	 217 	LEU	 216 	6	63.5257427983	1	5.4339404671	-3.818	35.162	45.509	-2.308	36.347	42.204	-4.79	39.292	42.114
510124	TRP	 218 	PRO	 217 	GLN	 219 	5	56.6593419626	1	5.79136495137	-3.818	35.162	45.509	-2.308	36.347	42.204	-7.472	34.943	44.418
510558	TRP	 218 	PRO	 217 	LYS	 237 	7	71.7990635829	1	7.98314355376	-3.818	35.162	45.509	-2.308	36.347	42.204	1.246	37.903	49.181
419836	PRO	 217 	LYS	 237 	LYS	 236 	5	52.9091415773	1	7.98314355376	-2.308	36.347	42.204	1.246	37.903	49.181	1.14	34.134	48.62
504368	TRP	 218 	GLY	 220 	GLN	 219 	9	89.8254693599	1	6.52951782293	-3.818	35.162	45.509	-9.181	31.547	44.612	-7.472	34.943	44.418
502922	TRP	 218 	ILE	 233 	GLN	 219 	3	40.8277744621	1	7.77278187009	-3.818	35.162	45.509	-3.327	34.115	50.941	-7.472	34.943	44.418
503071	TRP	 218 	ILE	 233 	LEU	 221 	8	77.8502714131	1	7.57632054496	-3.818	35.162	45.509	-3.327	34.115	50.941	-6.507	29.267	46.064
506237	TRP	 218 	LYS	 237 	LYS	 236 	6	65.3346444492	1	6.82940414678	-3.818	35.162	45.509	1.246	37.903	49.181	1.14	34.134	48.62
592345	ALA	 223 	LYS	 222 	LEU	 221 	2	25.2567267903	1	7.2431006482	-9.218	23.372	49.283	-6.98	25.624	47.178	-6.507	29.267	46.064
605953	ALA	 223 	ALA	 224 	THR	 225 	2	30.069549822	1	7.04529140632	-9.218	23.372	49.283	-8.421	25.04	52.605	-10.453	26.263	55.588
599407	ALA	 224 	THR	 225 	GLN	 228 	8	81.4956383146	1	5.40629068771	-8.421	25.04	52.605	-10.453	26.263	55.588	-6.08	28.343	56.188
657436	ASN	 226 	THR	 225 	LYS	 227 	5	56.5780546481	1	5.78163134418	-11.017	29.852	56.795	-10.453	26.263	55.588	-7.912	30.211	58.962
649805	ASN	 226 	LYS	 227 	GLN	 228 	6	66.707132317	1	5.19802837622	-11.017	29.852	56.795	-7.912	30.211	58.962	-6.08	28.343	56.188
650237	ASN	 226 	LYS	 229 	LYS	 227 	6	67.0646927874	1	5.447315761	-11.017	29.852	56.795	-7.488	30.708	53.554	-7.912	30.211	58.962
660319	ASN	 226 	TYR	 230 	LYS	 229 	8	75.8862675197	1	6.47158203224	-11.017	29.852	56.795	-6.219	33.889	55.194	-7.488	30.708	53.554
333008	LYS	 227 	LYS	 229 	GLN	 228 	9	89.9922097753	1	5.447315761	-7.912	30.211	58.962	-7.488	30.708	53.554	-6.08	28.343	56.188
534605	TYR	 230 	LYS	 227 	GLN	 228 	6	66.7403033019	1	5.63608667428	-6.219	33.889	55.194	-7.912	30.211	58.962	-6.08	28.343	56.188
535038	TYR	 230 	LYS	 227 	LYS	 229 	7	68.6328571244	1	5.53098155846	-6.219	33.889	55.194	-7.912	30.211	58.962	-7.488	30.708	53.554
534604	TYR	 230 	LYS	 229 	GLN	 228 	5	59.1014384408	1	5.63608667428	-6.219	33.889	55.194	-7.488	30.708	53.554	-6.08	28.343	56.188
527407	TYR	 230 	GLU	 231 	GLN	 228 	8	79.8115021448	1	5.63608667428	-6.219	33.889	55.194	-2.87	32.158	55.782	-6.08	28.343	56.188
297076	GLY	 234 	GLU	 231 	GLU	 235 	5	58.6185486731	1	6.05708386932	-0.937	35.863	53.322	-2.87	32.158	55.782	1.887	33.554	52.302
333368	LYS	 236 	LYS	 237 	GLY	 234 	9	84.9286576385	1	5.42329918039	1.14	34.134	48.62	1.246	37.903	49.181	-0.937	35.863	53.322
331564	LYS	 237 	GLY	 234 	GLN	 238 	5	55.3487663506	1	6.42055176757	1.246	37.903	49.181	-0.937	35.863	53.322	4.69	37.597	50.762
333005	LYS	 236 	LYS	 237 	GLN	 238 	6	63.0945308619	1	5.40213226421	1.14	34.134	48.62	1.246	37.903	49.181	4.69	37.597	50.762
448638	SER	 239 	LYS	 237 	LYS	 236 	7	74.3436291595	1	5.50020817788	5.953	35.307	48.016	1.246	37.903	49.181	1.14	34.134	48.62
452523	SER	 239 	PRO	 241 	GLN	 238 	4	48.3052817101	1	7.56342091913	5.953	35.307	48.016	7.248	40.171	44.126	4.69	37.597	50.762
481324	THR	 240 	PRO	 241 	GLN	 238 	5	56.4931410605	1	7.56342091913	4.633	37.585	45.252	7.248	40.171	44.126	4.69	37.597	50.762
483411	THR	 240 	SER	 239 	PRO	 241 	4	46.5686612277	1	6.36141658752	4.633	37.585	45.252	5.953	35.307	48.016	7.248	40.171	44.126
481466	THR	 240 	PRO	 241 	LEU	 242 	3	43.0682440008	1	6.5340910615	4.633	37.585	45.252	7.248	40.171	44.126	6.018	43.75	43.588
631016	ARG	 243 	TYR	 254 	CYS	 246 	9	88.0627533458	1	6.59647542253	7.926	44.101	40.325	5.062	49.877	41.721	2.964	45.591	38.886
590691	ALA	 247 	GLY	 248 	CYS	 246 	4	45.0972152967	1	6.36825187944	4.703	44.439	35.714	3.334	46.005	32.542	2.964	45.591	38.886
293981	GLY	 248 	CYS	 246 	PHE	 249 	6	64.2666630982	1	6.36825187944	3.334	46.005	32.542	2.964	45.591	38.886	1.756	49.062	34.161
417894	PRO	 250 	GLY	 248 	CYS	 246 	7	74.0302426393	1	8.06831549953	3.129	52.584	34.865	3.334	46.005	32.542	2.964	45.591	38.886
409181	PRO	 250 	CYS	 246 	PHE	 249 	6	64.2231434794	1	8.06831549953	3.129	52.584	34.865	2.964	45.591	38.886	1.756	49.062	34.161
119743	CYS	 246 	PHE	 253 	PHE	 249 	8	79.1743927588	1	7.05327427512	2.964	45.591	38.886	1.998	51.867	40.628	1.756	49.062	34.161
409184	PRO	 250 	CYS	 246 	PHE	 253 	9	83.7440256153	1	8.06831549953	3.129	52.584	34.865	2.964	45.591	38.886	1.998	51.867	40.628
538853	TYR	 254 	PRO	 250 	CYS	 246 	6	67.0450195513	1	8.06831549953	5.062	49.877	41.721	3.129	52.584	34.865	2.964	45.591	38.886
178783	GLU	 251 	CYS	 246 	PHE	 253 	8	78.8124476017	1	7.9259830936	6.134	52.659	37.208	2.964	45.591	38.886	1.998	51.867	40.628
527333	TYR	 254 	GLU	 251 	CYS	 246 	6	61.8507700568	1	7.9259830936	5.062	49.877	41.721	6.134	52.659	37.208	2.964	45.591	38.886
524380	TYR	 254 	CYS	 246 	PHE	 253 	5	55.6677205796	1	6.58451942058	5.062	49.877	41.721	2.964	45.591	38.886	1.998	51.867	40.628
590620	ALA	 247 	GLY	 248 	PHE	 249 	5	57.8410239891	1	5.69813539678	4.703	44.439	35.714	3.334	46.005	32.542	1.756	49.062	34.161
412059	PRO	 250 	GLU	 251 	PHE	 249 	4	45.0394554333	1	6.43346733885	3.129	52.584	34.865	6.134	52.659	37.208	1.756	49.062	34.161
407739	PRO	 250 	PHE	 253 	PHE	 249 	4	52.3956509146	1	7.05327427512	3.129	52.584	34.865	1.998	51.867	40.628	1.756	49.062	34.161
544760	TYR	 256 	TYR	 254 	GLU	 252 	9	83.1024786505	1	6.01601753654	2.988	53.371	45.379	5.062	49.877	41.721	4.153	54.822	39.658
210459	LEU	 277 	GLU	 252 	PHE	 278 	4	49.3945392001	1	7.06917703838	2.38	59.68	41.471	4.153	54.822	39.658	-1.143	59.49	40.026
544542	TYR	 256 	TYR	 254 	PHE	 253 	7	73.2280062425	1	5.4672183055	2.988	53.371	45.379	5.062	49.877	41.721	1.998	51.867	40.628
535900	TYR	 254 	MET	 257 	PHE	 253 	5	57.3781317651	1	6.29602755712	5.062	49.877	41.721	3.023	49.714	46.455	1.998	51.867	40.628
545190	TYR	 254 	TYR	 256 	MET	 257 	7	72.2851737373	1	5.4672183055	5.062	49.877	41.721	2.988	53.371	45.379	3.023	49.714	46.455
544903	TYR	 254 	TYR	 256 	HIS	 258 	8	83.095599052	1	5.99149981223	5.062	49.877	41.721	2.988	53.371	45.379	6.643	49.992	47.499
536261	TYR	 254 	MET	 257 	HIS	 258 	6	60.799343043	1	5.99149981223	5.062	49.877	41.721	3.023	49.714	46.455	6.643	49.992	47.499
534823	TYR	 256 	LYS	 255 	HIS	 258 	8	82.740326797	1	5.41027411505	2.988	53.371	45.379	6.319	52.98	43.555	6.643	49.992	47.499
545117	TYR	 259 	TYR	 256 	LYS	 255 	6	60.6840454487	1	6.07255819239	6.052	53.123	49.62	2.988	53.371	45.379	6.319	52.98	43.555
362022	MET	 257 	LYS	 255 	HIS	 258 	7	74.1174321577	1	5.47177960082	3.023	49.714	46.455	6.319	52.98	43.555	6.643	49.992	47.499
536261	TYR	 256 	MET	 257 	HIS	 258 	6	62.5199923811	1	5.41027411505	2.988	53.371	45.379	3.023	49.714	46.455	6.643	49.992	47.499
545189	TYR	 259 	TYR	 256 	MET	 257 	6	67.0292107229	1	5.55097712119	6.052	53.123	49.62	2.988	53.371	45.379	3.023	49.714	46.455
544902	TYR	 256 	TYR	 259 	HIS	 258 	7	68.9888145524	1	5.41027411505	2.988	53.371	45.379	6.052	53.123	49.62	6.643	49.992	47.499
603222	ALA	 260 	TYR	 256 	TYR	 259 	7	72.1312395572	1	6.22464143546	2.958	51.736	51.385	2.988	53.371	45.379	6.052	53.123	49.62
536264	TYR	 259 	MET	 257 	HIS	 258 	9	89.2919192991	1	5.55097712119	6.052	53.123	49.62	3.023	49.714	46.455	6.643	49.992	47.499
593861	ALA	 260 	MET	 257 	HIS	 258 	6	65.7879972549	1	5.63220711622	2.958	51.736	51.385	3.023	49.714	46.455	6.643	49.992	47.499
622662	ARG	 261 	MET	 257 	HIS	 258 	7	71.3875965975	1	6.01917718629	4.67	48.42	52.098	3.023	49.714	46.455	6.643	49.992	47.499
662983	ASN	 262 	ALA	 260 	HIS	 258 	8	82.9091933963	1	6.23619707835	7.678	50.137	53.647	2.958	51.736	51.385	6.643	49.992	47.499
663702	ASN	 262 	ALA	 260 	TYR	 259 	7	71.0779927955	1	5.47282787962	7.678	50.137	53.647	2.958	51.736	51.385	6.052	53.123	49.62
660028	ASN	 262 	TYR	 259 	LEU	 263 	5	56.9507607244	1	6.37981574969	7.678	50.137	53.647	6.052	53.123	49.62	6.089	52.705	55.986
586298	ALA	 264 	LEU	 263 	PHE	 265 	3	40.5581420091	1	6.6041263616	6.749	52.34	59.706	6.089	52.705	55.986	3.904	51.497	62.1
599978	ALA	 267 	THR	 268 	ASP	 266 	3	41.7574812555	1	6.52550603402	4.689	56.871	60.35	2.657	59.76	58.934	3.368	55.048	63.392
600051	ALA	 267 	THR	 268 	PRO	 269 	4	49.2664086321	1	6.16877710734	4.689	56.871	60.35	2.657	59.76	58.934	2.11	59.142	55.227
481898	THR	 268 	PRO	 269 	ASP	 270 	3	40.5701938358	1	6.57281530244	2.657	59.76	58.934	2.11	59.142	55.227	3.214	61.704	52.68
545264	TYR	 271 	TYR	 273 	ASP	 272 	9	89.9304553131	1	5.43695539801	-0.163	61.946	50.967	3.809	62.422	47.285	1.067	64.678	48.625
537487	TYR	 273 	ASP	 272 	GLN	 275 	8	82.3376675802	1	5.57393021126	3.809	62.422	47.285	1.067	64.678	48.625	-1.223	62.029	44.92
533165	TYR	 273 	GLY	 276 	GLN	 275 	6	66.0040067975	1	5.57393021126	3.809	62.422	47.285	1.672	63.179	42.753	-1.223	62.029	44.92
446764	SER	 279 	GLY	 276 	GLN	 275 	5	54.1545315581	1	6.44831970361	-0.952	62.96	38.545	1.672	63.179	42.753	-1.223	62.029	44.92
484351	THR	 288 	THR	 287 	LEU	 282 	8	81.1181852519	1	5.88202031618	-6.214	65.286	32.602	-4.751	63.351	29.713	-2.211	61.163	33.857
664994	ASN	 286 	ARG	 284 	THR	 287 	3	40.2153335498	1	7.49431144269	-1.401	63.258	27.99	2.217	60.763	30.669	-4.751	63.351	29.713
657800	ASN	 286 	THR	 288 	THR	 287 	9	89.8657883036	1	6.96766079829	-1.401	63.258	27.99	-6.214	65.286	32.602	-4.751	63.351	29.713
484273	THR	 287 	THR	 288 	GLU	 289 	2	30.44863732	1	6.96342731706	-4.751	63.351	29.713	-6.214	65.286	32.602	-8.351	64.409	35.579
383473	ASP	 290 	GLU	 289 	GLU	 291 	2	29.9452623684	1	7.02456980889	-11.766	64.638	33.933	-8.351	64.409	35.579	-14.991	62.65	34.109
383259	ASP	 290 	GLU	 291 	PHE	 293 	4	51.5619357014	1	7.97700432493	-11.766	64.638	33.933	-14.991	62.65	34.109	-14.227	57.067	33.427
652538	ASN	 292 	ASP	 290 	PHE	 293 	3	39.1241152226	1	7.97700432493	-14.262	60.208	31.303	-11.766	64.638	33.933	-14.227	57.067	33.427
642460	ASN	 292 	GLU	 291 	PHE	 293 	5	57.9256407572	1	5.67615265827	-14.262	60.208	31.303	-14.991	62.65	34.109	-14.227	57.067	33.427
665501	ASN	 296 	ASN	 292 	PHE	 293 	6	68.1316235979	1	6.03310798843	-19.164	56.716	30.885	-14.262	60.208	31.303	-14.227	57.067	33.427
659020	ASN	 292 	TRP	 295 	ASP	 294 	5	60.5609429598	1	7.89623150623	-14.262	60.208	31.303	-18.224	53.536	32.765	-14.625	53.744	31.579
666223	ASN	 292 	ASN	 296 	ASP	 294 	8	78.9062469091	1	6.48006489165	-14.262	60.208	31.303	-19.164	56.716	30.885	-14.625	53.744	31.579
666506	ASN	 292 	ASN	 296 	TRP	 295 	3	42.9969704985	1	7.89623150623	-14.262	60.208	31.303	-19.164	56.716	30.885	-18.224	53.536	32.765
658591	ASN	 292 	TRP	 295 	LEU	 297 	8	77.1161739787	1	7.89623150623	-14.262	60.208	31.303	-18.224	53.536	32.765	-17.498	55.44	27.755
665788	ASN	 292 	ASN	 296 	LEU	 297 	5	55.0848997146	1	6.76711341711	-14.262	60.208	31.303	-19.164	56.716	30.885	-17.498	55.44	27.755
508541	TRP	 295 	ASP	 294 	PHE	 293 	6	63.8513715296	1	5.37421752444	-18.224	53.536	32.765	-14.625	53.744	31.579	-14.227	57.067	33.427
658304	ASN	 296 	TRP	 295 	PHE	 293 	9	86.9986104849	1	5.56407530503	-19.164	56.716	30.885	-18.224	53.536	32.765	-14.227	57.067	33.427
659021	ASN	 296 	TRP	 295 	ASP	 294 	6	61.8165161255	1	5.46963810503	-19.164	56.716	30.885	-18.224	53.536	32.765	-14.625	53.744	31.579
658589	ASN	 296 	TRP	 295 	LEU	 297 	6	62.2855192391	1	5.40854804915	-19.164	56.716	30.885	-18.224	53.536	32.765	-17.498	55.44	27.755
658590	ASN	 296 	TRP	 295 	LEU	 298 	7	75.2595519465	1	7.83448051883	-19.164	56.716	30.885	-18.224	53.536	32.765	-18.699	53.228	24.951
