478663	THR	 726 	MET	 728 	HIS	 730 	8	78.2044370339	1	6.15093602633	19.698	28.754	14.078	20.077	33.519	16.818	18.536	34.417	11.977
515301	TRP	1080 	TRP	 910 	THR	 726 	7	69.3392454045	8	56.2319155374	28.278	80.617	34.044	10.933	74.098	32.582	19.698	28.754	14.078
515303	TRP	1086 	TRP	 910 	THR	 726 	9	85.8803277756	8	51.3444521638	32.142	77.178	25.762	10.933	74.098	32.582	19.698	28.754	14.078
595591	ALA	 727 	ASP	 731 	MET	 728 	8	76.7904097443	1	6.34451077704	17.304	31.113	15.774	18.216	37.241	14.407	20.077	33.519	16.818
601774	ALA	 727 	TRP	1080 	TRP	 855 	8	79.1231024119	8	53.8968235799	17.304	31.113	15.774	28.278	80.617	34.044	27.179	51.911	44.326
392262	ASP	 731 	MET	 728 	HIS	 730 	7	69.7781294777	1	5.15910515497	18.216	37.241	14.407	20.077	33.519	16.818	18.536	34.417	11.977
357343	MET	 728 	HIS	 730 	PHE	 732 	8	82.3101903927	1	5.96778853513	20.077	33.519	16.818	18.536	34.417	11.977	21.789	38.303	13.688
391900	ASP	 731 	MET	 728 	PHE	 732 	5	59.761172514	1	5.96778853513	18.216	37.241	14.407	20.077	33.519	16.818	21.789	38.303	13.688
507238	TRP	1080 	MET	 728 	CYS	 801 	8	78.0361060657	8	50.8154807219	28.278	80.617	34.044	20.077	33.519	16.818	11.858	60.159	11.094
515012	TRP	1080 	TRP	1086 	MET	 728 	6	61.5009849971	8	50.8154807219	28.278	80.617	34.044	32.142	77.178	25.762	20.077	33.519	16.818
472541	THR	 733 	HIS	 730 	PHE	 732 	6	68.2817462955	1	5.34888081752	21.064	38.276	9.99	18.536	34.417	11.977	21.789	38.303	13.688
472684	THR	 733 	HIS	 730 	GLN	 734 	5	56.1509818012	1	6.3341293798	21.064	38.276	9.99	18.536	34.417	11.977	17.997	40.51	10.332
236515	HIS	 730 	CYS	1075 	CYS	 863 	5	56.7294597423	8	51.7201439093	18.536	34.417	11.977	31.965	75.374	40.563	20.049	57.409	38.983
514725	TRP	1080 	TRP	 910 	HIS	 730 	7	68.3306029112	8	52.1181259544	28.278	80.617	34.044	10.933	74.098	32.582	18.536	34.417	11.977
381822	ASP	 731 	GLN	 735 	PHE	 732 	7	72.8266738084	1	6.21985739386	18.216	37.241	14.407	19.883	42.937	12.546	21.789	38.303	13.688
479886	THR	 733 	ASP	 731 	GLN	 734 	7	71.1114709059	1	5.35651173806	21.064	38.276	9.99	18.216	37.241	14.407	17.997	40.51	10.332
479887	THR	 733 	ASP	 731 	GLN	 735 	8	80.6095126565	1	6.21985739386	21.064	38.276	9.99	18.216	37.241	14.407	19.883	42.937	12.546
151424	GLN	 734 	GLN	 735 	PHE	 732 	9	83.8102678901	1	5.5238436799	17.997	40.51	10.332	19.883	42.937	12.546	21.789	38.303	13.688
468366	THR	 733 	GLN	 737 	GLN	 734 	7	73.6573122997	1	6.01005582337	21.064	38.276	9.99	20.583	43.605	7.253	17.997	40.51	10.332
570604	VAL	 736 	THR	 733 	GLN	 737 	5	60.1158152511	1	6.01005582337	22.888	42.988	10.187	21.064	38.276	9.99	20.583	43.605	7.253
554768	VAL	 736 	GLN	 734 	GLN	 735 	9	89.5533689875	1	5.48483272306	22.888	42.988	10.187	17.997	40.51	10.332	19.883	42.937	12.546
151566	GLN	 735 	GLN	 737 	GLN	 734 	7	72.7331281621	1	5.38071305684	19.883	42.937	12.546	20.583	43.605	7.253	17.997	40.51	10.332
151424	GLN	 734 	GLN	 735 	PHE	 783 	9	87.9119700637	1	5.70951644187	17.997	40.51	10.332	19.883	42.937	12.546	14.562	42.902	14.215
612364	ARG	 784 	GLN	 734 	GLN	 735 	5	59.9480546051	1	8.05030247879	15.942	42.858	17.753	17.997	40.51	10.332	19.883	42.937	12.546
410767	PRO	 780 	GLN	 737 	GLN	 734 	8	79.1974178707	1	7.09598372321	13.491	43.41	7.389	20.583	43.605	7.253	17.997	40.51	10.332
452526	SER	 782 	PRO	 780 	GLN	 734 	7	72.9627160332	1	7.56132620643	11.292	43.445	12.23	13.491	43.41	7.389	17.997	40.51	10.332
410623	PRO	 780 	GLN	 734 	PHE	 783 	8	76.9544649663	1	6.92815855765	13.491	43.41	7.389	17.997	40.51	10.332	14.562	42.902	14.215
564844	VAL	 738 	MET	 741 	GLN	 737 	5	57.5193123796	1	6.28324796582	18.897	46.537	8.936	20.783	49.462	4.987	20.583	43.605	7.253
392188	ASP	 740 	MET	 741 	LEU	 742 	5	58.1374699383	1	5.67331948686	23.738	47.802	6.694	20.783	49.462	4.987	20.27	52.209	7.553
392048	ASP	 740 	MET	 741 	GLN	 743 	9	89.5287196833	1	5.59261387904	23.738	47.802	6.694	20.783	49.462	4.987	23.92	53.293	7.587
361805	MET	 741 	LYS	 744 	GLN	 743 	6	66.2359642668	1	5.59261387904	20.783	49.462	4.987	23.959	53.497	3.806	23.92	53.293	7.587
564848	VAL	 745 	MET	 741 	GLN	 743 	9	85.1026135634	1	6.57150515483	21.089	55.982	4.225	20.783	49.462	4.987	23.92	53.293	7.587
477004	THR	 746 	LYS	 833 	GLN	 743 	5	55.1930367865	1	8.0083997153	22.823	57.724	7.142	25.369	58.652	13.359	23.92	53.293	7.587
324220	LYS	 833 	GLN	 743 	PHE	 832 	5	56.252438091	1	8.0083997153	25.369	58.652	13.359	23.92	53.293	7.587	22.252	56.552	13.595
477223	THR	 746 	LYS	 750 	HIS	 834 	8	80.8416112466	1	7.95223496886	22.823	57.724	7.142	25.127	63.18	5.214	28.445	59.094	11.175
481183	THR	 746 	PRO	 810 	PHE	 832 	8	82.0678069945	1	7.07158072852	22.823	57.724	7.142	22.5	62.233	12.58	22.252	56.552	13.595
481544	THR	 746 	PRO	 810 	HIS	 834 	9	88.3025017398	1	7.07158072852	22.823	57.724	7.142	22.5	62.233	12.58	28.445	59.094	11.175
472544	THR	 746 	HIS	 834 	PHE	 832 	9	84.8811299173	1	7.11838556135	22.823	57.724	7.142	28.445	59.094	11.175	22.252	56.552	13.595
477220	THR	 746 	LYS	 833 	HIS	 834 	5	55.0048857328	1	7.05328809847	22.823	57.724	7.142	25.369	58.652	13.359	28.445	59.094	11.175
333290	LYS	 809 	LYS	 750 	ILE	 749 	3	41.9163947788	1	8.00735199676	23.482	65.395	10.607	25.127	63.18	5.214	21.971	61.677	3.678
454397	SER	 753 	SER	 751 	LYS	 750 	6	66.346431699	1	5.63057403823	24.365	68.448	3.378	26.61	63.977	1.774	25.127	63.18	5.214
419838	PRO	 810 	LYS	 750 	LYS	 808 	7	72.5972082615	1	7.87755634699	22.5	62.233	12.58	25.127	63.18	5.214	27.04	65.209	12.006
333222	LYS	 750 	LYS	 808 	HIS	 834 	7	75.2347613078	1	7.95223496886	25.127	63.18	5.214	27.04	65.209	12.006	28.445	59.094	11.175
333224	LYS	 809 	LYS	 750 	HIS	 834 	9	89.13870793	1	8.04093240862	23.482	65.395	10.607	25.127	63.18	5.214	28.445	59.094	11.175
419623	PRO	 810 	LYS	 750 	HIS	 834 	8	80.6336689965	1	7.95223496886	22.5	62.233	12.58	25.127	63.18	5.214	28.445	59.094	11.175
603003	ALA	 754 	TYR	 757 	SER	 753 	4	51.7246448092	1	7.65369061303	27.489	68.079	5.526	23.409	73.118	9.366	24.365	68.448	3.378
566715	VAL	 759 	ASP	 758 	LYS	 756 	4	44.323898893	1	7.99095369778	18.293	71.064	7.488	20.337	74.297	7.486	25.545	74.253	6.442
602859	ALA	 805 	TYR	 757 	ASP	 758 	4	50.0379612973	1	7.2066782917	20.245	69.865	13.168	23.409	73.118	9.366	20.337	74.297	7.486
535039	TYR	 757 	LYS	 809 	LYS	 807 	8	79.0622419139	1	7.82241260737	23.409	73.118	9.366	23.482	65.395	10.607	27.122	68.851	12.894
575647	VAL	 759 	VAL	 763 	SER	 761 	8	76.5531952143	1	6.85938087585	18.293	71.064	7.488	16.616	66.599	2.596	12.552	70.115	3.856
575211	VAL	 759 	VAL	 763 	ILE	 764 	4	49.9957600249	1	7.58935267332	18.293	71.064	7.488	16.616	66.599	2.596	13.805	65.525	4.885
453965	SER	 760 	SER	 761 	GLN	 762 	6	63.555441653	1	5.35959214866	16.013	71.561	4.473	12.552	70.115	3.856	13.847	68.375	0.747
453967	SER	 765 	SER	 761 	GLN	 762 	8	75.8290573942	1	6.10271824681	11.468	64.36	2.139	12.552	70.115	3.856	13.847	68.375	0.747
454255	SER	 761 	SER	 765 	ILE	 764 	8	75.8317805017	1	6.10271824681	12.552	70.115	3.856	11.468	64.36	2.139	13.805	65.525	4.885
266767	ILE	 764 	GLN	 766 	GLN	 762 	8	81.5602892442	1	5.67914122029	13.805	65.525	4.885	14.591	62.745	0.7	13.847	68.375	0.747
439565	SER	 765 	GLN	 762 	GLN	 766 	6	63.9361162404	1	5.67914122029	11.468	64.36	2.139	13.847	68.375	0.747	14.591	62.745	0.7
448204	SER	 765 	LYS	 768 	GLN	 769 	5	59.7803340448	1	6.02908193675	11.468	64.36	2.139	11.532	59.677	4.027	11.52	58.582	0.418
324366	LYS	 768 	GLN	 766 	GLN	 769 	7	71.3175103444	1	5.46251169335	11.532	59.677	4.027	14.591	62.745	0.7	11.52	58.582	0.418
333007	LYS	 770 	LYS	 768 	GLN	 766 	8	81.4181791317	1	6.18359798176	14.715	56.567	0.932	11.532	59.677	4.027	14.591	62.745	0.7
324366	LYS	 770 	GLN	 766 	GLN	 769 	7	72.5864276752	1	6.18359798176	14.715	56.567	0.932	14.591	62.745	0.7	11.52	58.582	0.418
333148	LYS	 802 	LYS	 768 	LEU	 767 	5	55.9113398384	1	7.84864325855	14.15	63.088	10.593	11.532	59.677	4.027	15.19	60.727	3.907
333008	LYS	 770 	LYS	 768 	GLN	 769 	9	89.4307175471	1	5.42057321692	14.715	56.567	0.932	11.532	59.677	4.027	11.52	58.582	0.418
332932	LYS	 768 	LYS	 802 	CYS	 801 	5	55.7711793403	1	7.84864325855	11.532	59.677	4.027	14.15	63.088	10.593	11.858	60.159	11.094
649804	ASN	 773 	LYS	 770 	GLN	 769 	5	60.0107519425	1	5.97221993902	12.281	52.769	-0.721	14.715	56.567	0.932	11.52	58.582	0.418
665716	ASN	 776 	ASN	 773 	GLU	 772 	5	59.2458407936	1	6.31941342215	9.213	48.128	0.629	12.281	52.769	-0.721	10.048	54.247	1.969
665645	ASN	 773 	ASN	 776 	GLN	 775 	6	65.3445465249	1	5.75958479406	12.281	52.769	-0.721	9.213	48.128	0.629	10.459	49.732	3.821
665644	ASN	 778 	ASN	 776 	GLN	 775 	5	56.9911149853	1	6.6064351204	14.29	44.95	1.351	9.213	48.128	0.629	10.459	49.732	3.821
413647	PRO	 780 	LEU	 777 	GLN	 775 	8	76.0277344315	1	7.86710442285	13.491	43.41	7.389	10.64	44.616	0.194	10.459	49.732	3.821
654127	ASN	 778 	PRO	 780 	GLN	 775 	8	77.1381860574	1	7.86710442285	14.29	44.95	1.351	13.491	43.41	7.389	10.459	49.732	3.821
209165	LEU	 779 	GLN	 781 	GLN	 775 	6	65.6436554931	1	7.59476523666	14.32	46.263	4.942	9.972	43.949	8.72	10.459	49.732	3.821
410764	PRO	 780 	GLN	 775 	GLN	 781 	5	52.66588404	1	7.86710442285	13.491	43.41	7.389	10.459	49.732	3.821	9.972	43.949	8.72
665788	ASN	 776 	ASN	 778 	LEU	 779 	5	53.9572727196	1	6.93985900433	9.213	48.128	0.629	14.29	44.95	1.351	14.32	46.263	4.942
452379	SER	 782 	PRO	 780 	PHE	 783 	4	50.9115168979	1	6.92815855765	11.292	43.445	12.23	13.491	43.41	7.389	14.562	42.902	14.215
439417	SER	 782 	GLN	 781 	PHE	 783 	2	25.4847746593	1	7.23597498614	11.292	43.445	12.23	9.972	43.949	8.72	14.562	42.902	14.215
446764	SER	 782 	GLY	 794 	GLN	 781 	5	57.9585542009	1	5.85593971964	11.292	43.445	12.23	8.951	46.582	13.85	9.972	43.949	8.72
597965	ALA	 795 	SER	 782 	GLN	 781 	6	65.6253757306	1	6.48587156826	7.989	48.91	11.094	11.292	43.445	12.23	9.972	43.949	8.72
590768	ALA	 795 	GLY	 794 	GLN	 781 	9	89.7988273866	1	5.85593971964	7.989	48.91	11.094	8.951	46.582	13.85	9.972	43.949	8.72
598395	ALA	 793 	SER	 782 	LYS	 792 	4	48.7327230829	1	7.01567516352	11.502	46.518	16.621	11.292	43.445	12.23	11.747	43.798	19.222
605887	ALA	 795 	ALA	 793 	SER	 782 	8	78.6362527237	1	6.97212750887	7.989	48.91	11.094	11.502	46.518	16.621	11.292	43.445	12.23
331423	LYS	 792 	GLY	 794 	PHE	 783 	8	80.7419831436	1	6.72004062488	11.747	43.798	19.222	8.951	46.582	13.85	14.562	42.902	14.215
633171	ARG	 784 	VAL	 785 	PRO	 786 	4	51.7490301644	1	6.05992780485	15.942	42.858	17.753	17.376	46.13	18.991	21.166	45.588	19.16
625976	ARG	 784 	PRO	 786 	PRO	 789 	9	86.239969249	1	6.05992780485	15.942	42.858	17.753	21.166	45.588	19.16	18.011	42.259	22.916
625899	ARG	 784 	PRO	 789 	ASP	 788 	4	46.1972939404	1	7.50376265616	15.942	42.858	17.753	18.011	42.259	22.916	18.493	45.961	24.091
625683	ARG	 784 	PRO	 789 	GLY	 790 	4	49.3101232172	1	7.13837593574	15.942	42.858	17.753	18.011	42.259	22.916	14.673	41.803	24.698
625756	ARG	 784 	PRO	 789 	LYS	 792 	5	55.6278499584	1	7.43315901888	15.942	42.858	17.753	18.011	42.259	22.916	11.747	43.798	19.222
539500	TYR	 787 	PRO	 786 	ASP	 788 	5	59.5899128548	1	5.6212826828	21.609	47.45	22.45	21.166	45.588	19.16	18.493	45.961	24.091
531653	TYR	 787 	ILE	 870 	CYS	 869 	6	61.2678311873	1	6.47900956937	21.609	47.45	22.45	26.769	50.296	19.757	25.102	52.666	22.177
422644	PRO	 789 	ASP	 788 	GLY	 790 	5	59.1414988228	1	5.67889188134	18.011	42.259	22.916	18.493	45.961	24.091	14.673	41.803	24.698
419764	PRO	 789 	LYS	 792 	GLY	 790 	5	60.5297111888	1	7.43315901888	18.011	42.259	22.916	11.747	43.798	19.222	14.673	41.803	24.698
592562	ALA	 793 	LYS	 792 	GLY	 794 	3	37.7491875672	1	6.66533239981	11.502	46.518	16.621	11.747	43.798	19.222	8.951	46.582	13.85
331495	LYS	 792 	GLY	 794 	CYS	 817 	8	82.878630682	1	6.66533239981	11.747	43.798	19.222	8.951	46.582	13.85	7.244	47.656	18.729
605737	ALA	 793 	ALA	 818 	ASP	 819 	2	33.3249825687	1	8.07348772217	11.502	46.518	16.621	6.677	44.42	16.915	5.182	42.868	20.073
590691	ALA	 795 	GLY	 794 	CYS	 817 	4	46.9015669083	1	7.7730795699	7.989	48.91	11.094	8.951	46.582	13.85	7.244	47.656	18.729
581983	ALA	 795 	CYS	 817 	PHE	 815 	8	79.77025093	1	7.7730795699	7.989	48.91	11.094	7.244	47.656	18.729	10.033	52.244	14.963
592130	ALA	 795 	LYS	 816 	CYS	 817 	3	39.8977363673	1	7.7730795699	7.989	48.91	11.094	6.926	50.504	16.293	7.244	47.656	18.729
605091	ALA	 795 	ALA	 818 	CYS	 817 	4	50.0399773	1	7.7730795699	7.989	48.91	11.094	6.677	44.42	16.915	7.244	47.656	18.729
332936	LYS	 800 	LYS	 802 	CYS	 801 	9	89.5422842763	1	6.48102653906	8.52	60.734	12.776	14.15	63.088	10.593	11.858	60.159	11.094
563328	VAL	 803 	LYS	 802 	CYS	 801 	1	20.7138366904	1	7.27962643272	17.684	64.425	10.171	14.15	63.088	10.593	11.858	60.159	11.094
505733	TRP	 812 	LYS	 802 	CYS	 801 	6	64.7802365523	1	5.65948628411	16.596	60.205	14.189	14.15	63.088	10.593	11.858	60.159	11.094
499972	TRP	 812 	LEU	 811 	CYS	 801 	5	58.9173000822	1	7.56676258383	16.596	60.205	14.189	19.406	60.325	11.6	11.858	60.159	11.094
498536	TRP	 812 	GLU	 814 	CYS	 801 	9	85.9953288861	1	6.92785291414	16.596	60.205	14.189	11.387	55.752	15.205	11.858	60.159	11.094
572478	VAL	 803 	TRP	 812 	LYS	 802 	7	71.8709164526	1	5.92760221337	17.684	64.425	10.171	16.596	60.205	14.189	14.15	63.088	10.593
507679	TRP	 812 	MET	 804 	LYS	 802 	8	78.5671511379	1	6.61592820396	16.596	60.205	14.189	18.827	66.361	13.242	14.15	63.088	10.593
505948	TRP	 812 	LYS	 802 	LEU	 813 	5	52.6515540807	1	6.69209937165	16.596	60.205	14.189	14.15	63.088	10.593	14.533	57.071	13.497
568229	VAL	 803 	PRO	 810 	MET	 804 	6	67.9076609139	1	5.81394883018	17.684	64.425	10.171	22.5	62.233	12.58	18.827	66.361	13.242
572548	VAL	 803 	TRP	 812 	MET	 804 	5	56.7303144716	1	6.61592820396	17.684	64.425	10.171	16.596	60.205	14.189	18.827	66.361	13.242
572695	VAL	 803 	TRP	 812 	PRO	 810 	8	82.9595099385	1	6.4466177954	17.684	64.425	10.171	16.596	60.205	14.189	22.5	62.233	12.58
597029	ALA	 805 	PRO	 810 	MET	 804 	6	66.158564348	1	7.97986171559	20.245	69.865	13.168	22.5	62.233	12.58	18.827	66.361	13.242
453032	SER	 806 	PRO	 810 	MET	 804 	9	87.8813800607	1	6.6618682815	23.605	68.563	14.338	22.5	62.233	12.58	18.827	66.361	13.242
421278	PRO	 810 	MET	 804 	LYS	 809 	7	69.6330624882	1	5.56502982921	22.5	62.233	12.58	18.827	66.361	13.242	23.482	65.395	10.607
420988	PRO	 810 	MET	 804 	LEU	 811 	5	58.5891423608	1	6.28209367966	22.5	62.233	12.58	18.827	66.361	13.242	19.406	60.325	11.6
510631	TRP	 812 	PRO	 810 	MET	 804 	8	79.0206059899	1	6.61592820396	16.596	60.205	14.189	22.5	62.233	12.58	18.827	66.361	13.242
598393	ALA	 805 	SER	 806 	LYS	 807 	2	32.2040353264	1	6.95675218762	20.245	69.865	13.168	23.605	68.563	14.338	27.122	68.851	12.894
596959	ALA	 805 	PRO	 810 	LYS	 807 	8	80.4408181049	1	8.07832928272	20.245	69.865	13.168	22.5	62.233	12.58	27.122	68.851	12.894
452955	SER	 806 	PRO	 810 	LYS	 807 	4	44.7508135526	1	8.07832928272	23.605	68.563	14.338	22.5	62.233	12.58	27.122	68.851	12.894
448638	SER	 806 	LYS	 808 	LYS	 809 	7	75.5555861397	1	5.33729941075	23.605	68.563	14.338	27.04	65.209	12.006	23.482	65.395	10.607
333436	LYS	 809 	LYS	 833 	LYS	 808 	5	57.8228543204	1	7.52345146857	23.482	65.395	10.607	25.369	58.652	13.359	27.04	65.209	12.006
419624	PRO	 810 	LYS	 808 	HIS	 834 	9	83.8232389213	1	6.86806894258	22.5	62.233	12.58	27.04	65.209	12.006	28.445	59.094	11.175
331780	LYS	 808 	GLY	 835 	HIS	 834 	5	59.610363992	1	6.32912403102	27.04	65.209	12.006	31.353	61.229	12.349	28.445	59.094	11.175
419546	PRO	 810 	LYS	 809 	LEU	 811 	3	40.8664386748	1	6.58063256838	22.5	62.233	12.58	23.482	65.395	10.607	19.406	60.325	11.6
419834	PRO	 810 	LYS	 833 	LYS	 809 	3	35.3809338542	1	7.52345146857	22.5	62.233	12.58	25.369	58.652	13.359	23.482	65.395	10.607
419622	PRO	 810 	LYS	 809 	HIS	 834 	7	71.6462776544	1	8.04093240862	22.5	62.233	12.58	23.482	65.395	10.607	28.445	59.094	11.175
333219	LYS	 809 	LYS	 833 	HIS	 834 	4	48.5355430825	1	8.04093240862	23.482	65.395	10.607	25.369	58.652	13.359	28.445	59.094	11.175
510272	TRP	 812 	PRO	 810 	LEU	 811 	9	89.0685452761	1	6.4466177954	16.596	60.205	14.189	22.5	62.233	12.58	19.406	60.325	11.6
509983	TRP	 812 	PRO	 810 	PHE	 832 	8	79.8423680495	1	6.75925890908	16.596	60.205	14.189	22.5	62.233	12.58	22.252	56.552	13.595
419619	PRO	 810 	LYS	 833 	HIS	 834 	4	45.7410996228	1	6.86806894258	22.5	62.233	12.58	25.369	58.652	13.359	28.445	59.094	11.175
500187	TRP	 812 	LEU	 811 	LEU	 813 	4	49.897348218	1	6.15899780809	16.596	60.205	14.189	19.406	60.325	11.6	14.533	57.071	13.497
503069	TRP	 812 	ILE	 831 	LEU	 811 	6	66.3779780874	1	5.46520146015	16.596	60.205	14.189	19.823	57.642	16.343	19.406	60.325	11.6
499901	TRP	 812 	LEU	 811 	PHE	 832 	6	63.5766618131	1	6.75925890908	16.596	60.205	14.189	19.406	60.325	11.6	22.252	56.552	13.595
500113	TRP	 812 	LEU	 813 	GLU	 814 	2	33.5422429972	1	6.92785291414	16.596	60.205	14.189	14.533	57.071	13.497	11.387	55.752	15.205
503068	TRP	 812 	ILE	 831 	LEU	 813 	5	58.3094787637	1	6.03405808722	16.596	60.205	14.189	19.823	57.642	16.343	14.533	57.071	13.497
504437	TRP	 812 	GLY	 829 	GLU	 814 	6	66.01581063	1	7.22963602127	16.596	60.205	14.189	13.86	55.59	19.035	11.387	55.752	15.205
503215	TRP	 812 	ILE	 830 	ILE	 831 	8	78.5539886694	1	6.20669106691	16.596	60.205	14.189	17.313	55.103	17.65	19.823	57.642	16.343
502784	TRP	 812 	ILE	 830 	PHE	 832 	9	87.8877274556	1	6.75925890908	16.596	60.205	14.189	17.313	55.103	17.65	22.252	56.552	13.595
502779	TRP	 812 	ILE	 831 	PHE	 832 	4	47.8833447978	1	6.75925890908	16.596	60.205	14.189	19.823	57.642	16.343	22.252	56.552	13.595
515339	TRP	 812 	TRP	1086 	TRP	 910 	9	86.7081398185	4	25.762282003	16.596	60.205	14.189	32.142	77.178	25.762	10.933	74.098	32.582
322778	LYS	 816 	CYS	 817 	PHE	 815 	3	40.7779927123	1	6.55827881384	6.926	50.504	16.293	7.244	47.656	18.729	10.033	52.244	14.963
649731	ASN	 825 	LYS	 816 	CYS	 817 	4	50.2457728544	1	7.87652042465	2.197	52.583	22.235	6.926	50.504	16.293	7.244	47.656	18.729
325731	LYS	 816 	GLU	 826 	CYS	 817 	4	48.6662304817	1	8.01803754045	6.926	50.504	16.293	5.527	54.342	22.808	7.244	47.656	18.729
476932	THR	 827 	LYS	 816 	CYS	 817 	5	54.1174301675	1	6.46805024718	7.907	53.988	19.87	6.926	50.504	16.293	7.244	47.656	18.729
477074	THR	 827 	LYS	 816 	GLU	 826 	3	36.9834894549	1	7.68977697986	7.907	53.988	19.87	6.926	50.504	16.293	5.527	54.342	22.808
595013	ALA	 818 	ASP	 819 	CYS	 817 	6	62.4999720046	1	5.38359768185	6.677	44.42	16.915	5.182	42.868	20.073	7.244	47.656	18.729
596451	ALA	 818 	PRO	 820 	CYS	 817 	4	47.1915934403	1	7.74395803191	6.677	44.42	16.915	1.35	42.985	20.576	7.244	47.656	18.729
422211	PRO	 820 	ASP	 819 	CYS	 817 	4	51.1405290019	1	7.74395803191	1.35	42.985	20.576	5.182	42.868	20.073	7.244	47.656	18.729
595014	ALA	 822 	ASP	 819 	CYS	 817 	7	69.1154222568	1	7.19796290627	3.443	45.766	24.542	5.182	42.868	20.073	7.244	47.656	18.729
656934	ASN	 825 	THR	 827 	CYS	 817 	7	75.7830112233	1	7.87652042465	2.197	52.583	22.235	7.907	53.988	19.87	7.244	47.656	18.729
469733	THR	 827 	GLU	 826 	CYS	 817 	6	65.0839196128	1	8.01803754045	7.907	53.988	19.87	5.527	54.342	22.808	7.244	47.656	18.729
474056	THR	 827 	ILE	 828 	CYS	 817 	9	85.9225139231	1	6.72161810876	7.907	53.988	19.87	11.467	52.766	19.84	7.244	47.656	18.729
481900	THR	 821 	PRO	 820 	ASP	 819 	5	60.2899708403	1	5.64277112774	1.547	42.497	24.373	1.35	42.985	20.576	5.182	42.868	20.073
600053	ALA	 822 	THR	 821 	PRO	 820 	6	65.625829737	1	5.2767192459	3.443	45.766	24.542	1.547	42.497	24.373	1.35	42.985	20.576
655704	ASN	 825 	SER	 824 	LEU	 823 	1	22.8239448	1	7.30751236742	2.197	52.583	22.235	2.101	50.844	25.644	1.849	47.515	27.488
474194	THR	 827 	ILE	 828 	GLU	 826 	3	34.572600825	1	6.82469046917	7.907	53.988	19.87	11.467	52.766	19.84	5.527	54.342	22.808
301610	GLY	 829 	ILE	 828 	ILE	 830 	3	37.6655505203	1	6.66583715673	13.86	55.59	19.035	11.467	52.766	19.84	17.313	55.103	17.65
301609	GLY	 829 	ILE	 881 	ILE	 828 	2	33.5410546334	1	7.75514061768	13.86	55.59	19.035	17.06	57.595	22.194	11.467	52.766	19.84
272378	ILE	 830 	ILE	 831 	PHE	 832 	3	42.1461112825	1	6.55258323106	17.313	55.103	17.65	19.823	57.642	16.343	22.252	56.552	13.595
272816	ILE	 879 	ILE	 881 	ILE	 830 	9	85.3042783011	1	6.24641665277	22.443	55.409	19.9	17.06	57.595	22.194	17.313	55.103	17.65
328537	LYS	 833 	HIS	 834 	PHE	 832 	2	26.4431241308	1	7.11838556135	25.369	58.652	13.359	28.445	59.094	11.175	22.252	56.552	13.595
329978	LYS	 833 	ILE	 876 	PHE	 832 	3	43.4903254938	1	7.58295147024	25.369	58.652	13.359	29.604	54.952	12.652	22.252	56.552	13.595
301180	GLY	 877 	ILE	 876 	PHE	 832 	5	60.5149863787	1	7.58295147024	26.926	53.401	14.855	29.604	54.952	12.652	22.252	56.552	13.595
331779	LYS	 833 	GLY	 877 	HIS	 834 	4	51.8040161094	1	6.94694249292	25.369	58.652	13.359	26.926	53.401	14.855	28.445	59.094	11.175
301539	GLY	 877 	ILE	 876 	HIS	 834 	4	49.2252377596	1	6.94694249292	26.926	53.401	14.855	29.604	54.952	12.652	28.445	59.094	11.175
393842	ASP	 837 	ASP	 836 	GLY	 835 	3	36.1618550829	1	6.78593560241	34.05	57.346	17.217	31.944	60.266	15.96	31.353	61.229	12.349
393776	ASP	 837 	ASP	 836 	ILE	 876 	9	88.093236049	1	6.80715630789	34.05	57.346	17.217	31.944	60.266	15.96	29.604	54.952	12.652
390891	ASP	 836 	LYS	 875 	ILE	 876 	4	50.7468731646	1	6.6825938078	31.944	60.266	15.96	33.07	56.446	13.043	29.604	54.952	12.652
623884	ARG	 839 	ASP	 837 	GLN	 840 	5	59.6457039501	1	6.23601555482	33.778	53.038	20.678	34.05	57.346	17.217	34.757	55.725	23.197
389167	ASP	 837 	GLY	 966 	GLN	 840 	8	81.9506674194	1	7.17703469408	34.05	57.346	17.217	33.735	62.637	22.056	34.757	55.725	23.197
451664	SER	 871 	ASP	 874 	ASP	 837 	9	84.1805294873	1	7.90455267552	29.705	51.095	17.514	34.529	53.251	11.635	34.05	57.346	17.217
390890	ASP	 837 	LYS	 875 	ILE	 876 	3	43.8946423322	1	6.80715630789	34.05	57.346	17.217	33.07	56.446	13.043	29.604	54.952	12.652
269571	ILE	 870 	LEU	 838 	CYS	 869 	4	51.4183987826	1	7.48765958094	26.769	50.296	19.757	31.323	55.628	19.246	25.102	52.666	22.177
622445	ARG	 839 	MET	 842 	GLN	 840 	6	67.7481495494	1	5.42760573365	33.778	53.038	20.678	30.679	52.393	24.511	34.757	55.725	23.197
627050	ARG	 839 	SER	 871 	ILE	 870 	3	42.5615670353	1	7.58240634627	33.778	53.038	20.678	29.705	51.095	17.514	26.769	50.296	19.757
392045	ASP	 841 	MET	 842 	GLN	 840 	6	62.1024159591	1	5.42760573365	31.149	56.233	24.076	30.679	52.393	24.511	34.757	55.725	23.197
389164	ASP	 841 	GLY	 966 	GLN	 840 	5	54.9812469487	1	7.19576347582	31.149	56.233	24.076	33.735	62.637	22.056	34.757	55.725	23.197
386284	ASP	 841 	HIS	 967 	GLN	 840 	5	58.6644442228	1	8.08657807728	31.149	56.233	24.076	36.889	61.929	24.103	34.757	55.725	23.197
299887	GLY	 966 	HIS	 967 	GLN	 840 	8	82.89579531	1	7.07969695679	33.735	62.637	22.056	36.889	61.929	24.103	34.757	55.725	23.197
357488	MET	1039 	HIS	 967 	GLN	 840 	9	84.6502502317	1	7.82225479002	41.948	56.159	22.586	36.889	61.929	24.103	34.757	55.725	23.197
360366	MET	1039 	GLY	1038 	GLN	 840 	7	69.2681549813	1	7.22994868585	41.948	56.159	22.586	39.942	52.892	22.821	34.757	55.725	23.197
391974	ASP	 841 	MET	 842 	CYS	 869 	7	70.9809397503	1	7.272956689	31.149	56.233	24.076	30.679	52.393	24.511	25.102	52.666	22.177
360293	MET	 842 	GLY	 868 	CYS	 869 	6	61.5955984897	1	8.09312943181	30.679	52.393	24.511	22.601	52.021	24.837	25.102	52.666	22.177
449576	SER	 871 	MET	 842 	CYS	 869 	9	83.427545441	1	7.18272155941	29.705	51.095	17.514	30.679	52.393	24.511	25.102	52.666	22.177
449932	SER	 871 	MET	 842 	ILE	 870 	5	60.1518818203	1	7.18272155941	29.705	51.095	17.514	30.679	52.393	24.511	26.769	50.296	19.757
272525	ILE	 844 	ILE	 847 	GLN	 846 	6	67.2757475755	1	5.52005081498	32.422	55.331	28.953	32.333	52.107	32.981	29.961	50.605	30.395
413642	PRO	 866 	LEU	 845 	GLN	 846 	3	42.7176262345	1	7.56244464443	23.761	54.93	30.607	28.846	54.107	29.193	29.961	50.605	30.395
627272	ARG	 849 	SER	 853 	MET	 851 	9	89.6400048136	1	6.6812897707	27.216	50.82	34.427	26.834	48.23	40.574	29.9	52.347	38.901
507318	TRP	 855 	MET	 851 	GLU	 852 	7	73.3970211041	1	6.0847811793	27.179	51.911	44.326	29.9	52.347	38.901	26.171	51.799	39.339
507535	TRP	 855 	MET	 851 	ILE	 854 	8	76.7391924095	1	6.0847811793	27.179	51.911	44.326	29.9	52.347	38.901	29.647	49.449	42.752
498676	TRP	 855 	GLU	 852 	GLU	 856 	5	58.6714295849	1	6.10995981984	27.179	51.911	44.326	26.171	51.799	39.339	24.641	49.152	44.629
508757	TRP	 855 	ASP	 861 	GLU	 852 	6	67.7021497232	1	7.25799827776	27.179	51.911	44.326	21.184	54.752	43.708	26.171	51.799	39.339
511856	TRP	 855 	SER	 853 	ILE	 854 	9	89.0740554507	1	5.26747472704	27.179	51.911	44.326	26.834	48.23	40.574	29.647	49.449	42.752
513727	TRP	 855 	THR	 857 	SER	 853 	8	77.7517498123	1	6.29994476166	27.179	51.911	44.326	26.932	46.932	46.738	26.834	48.23	40.574
513294	TRP	 855 	THR	 857 	ILE	 854 	7	69.1202017892	1	5.53797742863	27.179	51.911	44.326	26.932	46.932	46.738	29.647	49.449	42.752
601131	ALA	1019 	TRP	 855 	ILE	 854 	4	49.0481362507	1	7.6640564977	32.122	54.645	47.813	27.179	51.911	44.326	29.647	49.449	42.752
513080	TRP	 855 	THR	 857 	GLU	 856 	9	88.9965585279	1	5.53797742863	27.179	51.911	44.326	26.932	46.932	46.738	24.641	49.152	44.629
498678	TRP	 855 	GLU	 858 	GLU	 856 	7	72.7975725718	1	5.15224795599	27.179	51.911	44.326	26.832	49.924	49.067	24.641	49.152	44.629
508756	TRP	 855 	ASP	 861 	GLU	 856 	5	57.9268422645	1	6.66282447615	27.179	51.911	44.326	21.184	54.752	43.708	24.641	49.152	44.629
513148	TRP	 855 	THR	 857 	LEU	 860 	5	58.0294748304	1	7.88027277447	27.179	51.911	44.326	26.932	46.932	46.738	23.089	53.811	46.835
500119	TRP	 855 	LEU	 860 	GLU	 858 	8	81.2959947757	1	5.83957549827	27.179	51.911	44.326	23.089	53.811	46.835	26.832	49.924	49.067
508827	TRP	 855 	ASP	 861 	LEU	 862 	4	47.5605887401	1	7.8355214249	27.179	51.911	44.326	21.184	54.752	43.708	22.609	57.747	41.786
515345	TRP	 855 	TRP	1080 	TRP	 910 	6	62.8394650283	5	30.511665982	27.179	51.911	44.326	28.278	80.617	34.044	10.933	74.098	32.582
515346	TRP	 855 	TRP	1086 	TRP	 910 	7	73.242529407	5	31.7438931765	27.179	51.911	44.326	32.142	77.178	25.762	10.933	74.098	32.582
606032	ALA	1016 	ALA	1019 	TRP	 855 	9	84.4856595859	1	7.09017806546	29.164	58.411	46.346	32.122	54.645	47.813	27.179	51.911	44.326
600991	ALA	1016 	TRP	 855 	LEU	1020 	8	80.6336693617	1	7.49306405952	29.164	58.411	46.346	27.179	51.911	44.326	34.151	54.647	44.553
482906	THR	 857 	SER	 859 	LEU	 860 	3	40.5093242078	1	7.88027277447	26.932	46.932	46.738	23.117	50.542	48.833	23.089	53.811	46.835
537415	TYR	 930 	ASP	 861 	CYS	 863 	8	83.0871667258	1	7.6021944858	20.72	62.288	42.821	21.184	54.752	43.708	20.049	57.409	38.983
528772	TYR	 930 	LEU	 862 	CYS	 863 	5	57.4650900114	1	6.24380701175	20.72	62.288	42.821	22.609	57.747	41.786	20.049	57.409	38.983
533305	TYR	 935 	GLY	 934 	LEU	 862 	2	26.5471131519	1	8.0693007132	27.187	62.364	37.007	25.889	60.719	40.157	22.609	57.747	41.786
211970	LEU	 865 	LEU	 864 	CYS	 863 	3	43.0042774523	1	6.44922863605	21.099	56.79	32.65	22.514	57.294	36.121	20.049	57.409	38.983
631015	ARG	 927 	TYR	 930 	CYS	 863 	8	81.7832719621	1	6.95356376256	15.731	62.564	40.753	20.72	62.288	42.821	20.049	57.409	38.983
655493	ASN	 959 	SER	 931 	CYS	 863 	6	62.9021456331	1	7.28732454334	16.736	62.73	35.266	21.353	62.08	39.023	20.049	57.409	38.983
212187	LEU	 865 	LEU	 960 	LEU	 864 	4	50.6217708634	1	7.91228576329	21.099	56.79	32.65	19.878	64.447	34.226	22.514	57.294	36.121
539282	TYR	 867 	PRO	 866 	GLY	 868 	3	40.0531640902	1	6.56511850617	21.717	54.587	27.436	23.761	54.93	30.607	22.601	52.021	24.837
533090	TYR	 867 	GLY	 868 	CYS	 869 	3	39.0086624723	1	6.54259482163	21.717	54.587	27.436	22.601	52.021	24.837	25.102	52.666	22.177
573771	VAL	 882 	TYR	 867 	ILE	 881 	4	50.7897368474	1	7.62982811078	16.167	58.461	25.837	21.717	54.587	27.436	17.06	57.595	22.194
296932	GLY	 868 	GLU	 880 	CYS	 869 	5	58.7799337312	1	5.99648772199	22.601	52.021	24.837	19.442	54.642	22.044	25.102	52.666	22.177
445250	SER	 871 	ILE	 870 	CYS	 869 	3	36.4994891231	1	6.73789425563	29.705	51.095	17.514	26.769	50.296	19.757	25.102	52.666	22.177
301251	GLY	 877 	ILE	 870 	CYS	 869 	4	44.7247022681	1	7.58148303434	26.926	53.401	14.855	26.769	50.296	19.757	25.102	52.666	22.177
272455	ILE	 879 	ILE	 870 	CYS	 869 	8	80.1748465089	1	6.69906665141	22.443	55.409	19.9	26.769	50.296	19.757	25.102	52.666	22.177
446695	SER	 871 	GLY	 877 	CYS	 869 	8	78.5462898644	1	7.58148303434	29.705	51.095	17.514	26.926	53.401	14.855	25.102	52.666	22.177
449575	SER	 871 	MET	 878 	CYS	 869 	8	78.6389026276	1	6.73789425563	29.705	51.095	17.514	23.709	53.643	16.807	25.102	52.666	22.177
360292	MET	 878 	GLY	 877 	CYS	 869 	5	57.7388104397	1	7.58148303434	23.709	53.643	16.807	26.926	53.401	14.855	25.102	52.666	22.177
301252	GLY	 877 	ILE	 879 	CYS	 869 	5	58.5186870244	1	7.58148303434	26.926	53.401	14.855	22.443	55.409	19.9	25.102	52.666	22.177
358854	MET	 878 	ILE	 879 	CYS	 869 	7	70.4212247544	1	5.6331055378	23.709	53.643	16.807	22.443	55.409	19.9	25.102	52.666	22.177
354536	MET	 878 	GLU	 880 	CYS	 869 	9	86.1858811369	1	6.82872308708	23.709	53.643	16.807	19.442	54.642	22.044	25.102	52.666	22.177
483051	THR	 872 	SER	 871 	ILE	 870 	4	50.6175297649	1	6.08807728269	28.993	49.406	14.16	29.705	51.095	17.514	26.769	50.296	19.757
483271	THR	 872 	SER	 871 	MET	 878 	8	78.7741720986	1	7.27182466785	28.993	49.406	14.16	29.705	51.095	17.514	23.709	53.643	16.807
480248	THR	 872 	ASP	 874 	GLY	 873 	9	89.7926493787	1	7.19770421732	28.993	49.406	14.16	34.529	53.251	11.635	31.956	50.549	12.124
475855	THR	 872 	GLY	 873 	ILE	 876 	8	77.6575767159	1	5.77974921601	28.993	49.406	14.16	31.956	50.549	12.124	29.604	54.952	12.652
475923	THR	 872 	GLY	 877 	GLY	 873 	4	51.6852346406	1	6.39477638389	28.993	49.406	14.16	26.926	53.401	14.855	31.956	50.549	12.124
390963	ASP	 874 	LYS	 875 	GLY	 873 	4	50.1058422121	1	6.07125736565	34.529	53.251	11.635	33.07	56.446	13.043	31.956	50.549	12.124
360648	MET	 878 	GLY	 877 	ILE	 876 	1	19.417321009	1	7.32997482942	23.709	53.643	16.807	26.926	53.401	14.855	29.604	54.952	12.652
360649	MET	 878 	GLY	 877 	ILE	 879 	2	28.4630399305	1	7.04140454739	23.709	53.643	16.807	26.926	53.401	14.855	22.443	55.409	19.9
358993	MET	 878 	ILE	 879 	GLU	 880 	2	34.0935600732	1	6.82872308708	23.709	53.643	16.807	22.443	55.409	19.9	19.442	54.642	22.044
599977	ALA	 885 	THR	 886 	ASP	 884 	2	33.5274557678	1	6.83975832906	14.413	64.479	27.229	15.976	67.719	26.071	11.153	62.873	26.264
451156	SER	 955 	ASP	 884 	GLU	 956 	5	60.5566850176	1	6.24890558418	14.125	64.222	31.201	11.153	62.873	26.264	10.623	65.513	31.903
484490	THR	 886 	THR	 887 	ILE	 888 	3	43.7123247117	1	6.46002678013	15.976	67.719	26.071	19.364	69.372	26.114	20.067	71.743	29.038
484637	THR	 886 	THR	 887 	LYS	 890 	6	60.9811343403	1	6.90664527828	15.976	67.719	26.071	19.364	69.372	26.114	18.128	74.065	24.398
484710	THR	 886 	THR	 887 	MET	 953 	7	70.1358497322	1	5.2760160159	15.976	67.719	26.071	19.364	69.372	26.114	20.306	66.432	28.797
478735	THR	 886 	MET	 953 	ILE	 888 	8	76.1593203567	1	6.46002678013	15.976	67.719	26.071	20.306	66.432	28.797	20.067	71.743	29.038
474412	THR	 887 	ILE	 954 	ILE	 888 	5	59.4536824218	1	6.4778306554	19.364	69.372	26.114	17.332	66.255	31.127	20.067	71.743	29.038
666440	ASN	 949 	ASN	 951 	THR	 887 	9	84.4737321334	1	7.33263895197	25.673	72.564	28.057	26.001	67.741	25.675	19.364	69.372	26.114
480387	THR	 887 	ASP	 950 	MET	 953 	4	48.5347807667	1	7.556744868	19.364	69.372	26.114	24.583	71.14	24.717	20.306	66.432	28.797
478732	THR	 887 	MET	 953 	ILE	 952 	5	60.513400696	1	5.63163670703	19.364	69.372	26.114	20.306	66.432	28.797	23.936	67.464	28.792
478731	THR	 887 	MET	 953 	ILE	 954 	4	50.5031520321	1	6.24298662501	19.364	69.372	26.114	20.306	66.432	28.797	17.332	66.255	31.127
595514	ALA	 889 	ASP	 950 	LYS	 890 	3	43.2433230153	1	7.09397004505	21.353	74.164	26.435	24.583	71.14	24.717	18.128	74.065	24.398
666724	ASN	 951 	ASN	 949 	ALA	 889 	5	52.5207955638	1	7.96469917825	26.001	67.741	25.675	25.673	72.564	28.057	21.353	74.164	26.435
663342	ASN	 951 	ALA	 889 	ASP	 950 	7	71.8525545415	1	7.96469917825	26.001	67.741	25.675	21.353	74.164	26.435	24.583	71.14	24.717
324367	LYS	 890 	GLN	 892 	GLN	 893 	8	75.8394667829	1	5.35058576233	18.128	74.065	24.398	18.228	78.033	27.986	17.685	78.932	24.293
572336	VAL	 906 	TRP	 910 	ILE	 891 	9	86.1207078129	1	7.32685498696	15.15	78.628	33.299	10.933	74.098	32.582	16.201	74.866	27.548
439568	SER	 894 	GLN	 892 	GLN	 893 	9	89.7661847139	1	5.62853666596	13.878	78.578	24.456	18.228	78.033	27.986	17.685	78.932	24.293
468365	THR	 895 	GLN	 893 	GLN	 892 	6	66.4812951564	1	5.79325651081	13.21	80.772	27.479	17.685	78.932	24.293	18.228	78.033	27.986
295566	GLY	 897 	GLN	 892 	GLN	 893 	7	72.3704878081	1	7.18797134107	17.918	84.129	24.19	18.228	78.033	27.986	17.685	78.932	24.293
641168	ASN	 898 	GLN	 892 	GLN	 893 	9	86.2140815842	1	6.8515213639	19.352	81.321	22.081	18.228	78.033	27.986	17.685	78.932	24.293
482768	THR	 895 	SER	 894 	GLN	 892 	9	88.27041565	1	5.739293859	13.21	80.772	27.479	13.878	78.578	24.456	18.228	78.033	27.986
655567	ASN	 898 	SER	 894 	GLN	 892 	8	77.4736718213	1	6.8515213639	19.352	81.321	22.081	13.878	78.578	24.456	18.228	78.033	27.986
661327	ASN	 898 	VAL	 896 	GLN	 892 	8	77.1616936831	1	6.8515213639	19.352	81.321	22.081	16.083	83.178	27.346	18.228	78.033	27.986
655568	ASN	 898 	SER	 894 	GLN	 893 	9	86.8784421679	1	6.56729396327	19.352	81.321	22.081	13.878	78.578	24.456	17.685	78.932	24.293
648365	ASN	 898 	GLY	 897 	GLN	 893 	6	63.667583828	1	5.20324004828	19.352	81.321	22.081	17.918	84.129	24.19	17.685	78.932	24.293
657001	ASN	 898 	THR	 899 	GLN	 893 	2	30.9900561383	1	6.83738144321	19.352	81.321	22.081	22.575	83.29	22.332	17.685	78.932	24.293
571324	VAL	 896 	THR	 895 	SER	 894 	5	54.3630014265	1	5.86294507905	16.083	83.178	27.346	13.21	80.772	27.479	13.878	78.578	24.456
655924	ASN	 898 	SER	 894 	GLY	 897 	5	55.987006059	1	6.87065913869	19.352	81.321	22.081	13.878	78.578	24.456	17.918	84.129	24.19
648727	ASN	 898 	GLY	 900 	GLY	 897 	8	79.140784433	1	6.05108461352	19.352	81.321	22.081	22.1	85.686	25.245	17.918	84.129	24.19
657363	ASN	 898 	THR	 899 	GLY	 900 	4	51.3537237115	1	6.05108461352	19.352	81.321	22.081	22.575	83.29	22.332	22.1	85.686	25.245
580539	ALA	 901 	PHE	1084 	PHE	 902 	4	49.1561240801	1	7.92702674399	23.342	85.276	28.796	29.669	81.27	28.436	22.016	82.082	30.336
390457	ASP	 904 	LYS	 903 	PHE	 902 	2	33.5319373076	1	6.89828014798	18.986	80.682	36.373	19.443	82.54	33.106	22.016	82.082	30.336
494142	TRP	1080 	PHE	 902 	PHE	1084 	7	70.5163522906	1	7.92702674399	28.278	80.617	34.044	22.016	82.082	30.336	29.669	81.27	28.436
390675	ASP	 904 	LYS	 903 	GLU	 905 	4	52.136015859	1	6.03070261247	18.986	80.682	36.373	19.443	82.54	33.106	15.201	80.249	36.729
393914	ASP	 990 	ASP	 904 	LYS	 903 	3	39.7280014143	1	6.94206460644	20.647	76.787	36.8	18.986	80.682	36.373	19.443	82.54	33.106
393555	ASP	 990 	ASP	 904 	GLU	 905 	4	49.2605547964	1	6.45363471232	20.647	76.787	36.8	18.986	80.682	36.373	15.201	80.249	36.729
566863	VAL	 906 	ASP	 990 	ASP	 904 	8	77.2758948604	1	6.77224416276	15.15	78.628	33.299	20.647	76.787	36.8	18.986	80.682	36.373
422864	PRO	 989 	ASP	 904 	ASP	 990 	9	83.2575370625	1	5.74092536095	23.654	78.202	38.613	18.986	80.682	36.373	20.647	76.787	36.8
393336	ASP	 904 	ASP	 990 	PHE	 991 	1	14.2626750991	1	7.900728131	18.986	80.682	36.373	20.647	76.787	36.8	21.285	73.392	38.371
572767	VAL	 906 	TRP	 910 	SER	 908 	8	83.0457761731	1	6.23041555596	15.15	78.628	33.299	10.933	74.098	32.582	13.253	74.723	37.211
572262	VAL	 906 	TRP	 910 	HIS	 909 	7	71.2613623871	1	6.23041555596	15.15	78.628	33.299	10.933	74.098	32.582	10.651	76.704	35.335
569307	VAL	 994 	SER	 908 	LEU	 907 	4	51.0100975146	1	6.61634302315	16.511	73.837	40.682	13.253	74.723	37.211	15.586	74.968	34.229
501632	TRP	 910 	HIS	 909 	LEU	 907 	9	84.5172008309	1	5.34706994531	10.933	74.098	32.582	10.651	76.704	35.335	15.586	74.968	34.229
500188	TRP	 910 	LEU	 907 	LEU	 911 	5	55.3050367969	1	6.37804883957	10.933	74.098	32.582	15.586	74.968	34.229	10.483	71.225	35.022
511784	TRP	 910 	SER	 908 	HIS	 909 	9	89.5737972683	1	5.21542577361	10.933	74.098	32.582	13.253	74.723	37.211	10.651	76.704	35.335
444031	SER	 908 	HIS	 909 	LEU	 911 	8	81.4503610775	1	5.49050398415	13.253	74.723	37.211	10.651	76.704	35.335	10.483	71.225	35.022
512000	TRP	 910 	SER	 908 	LYS	 912 	9	84.2561653293	1	6.15175535925	10.933	74.098	32.582	13.253	74.723	37.211	7.468	72.661	36.856
501629	TRP	 910 	HIS	 909 	LEU	 911 	6	61.3152375056	1	5.49050398415	10.933	74.098	32.582	10.651	76.704	35.335	10.483	71.225	35.022
506022	TRP	 910 	LYS	 912 	HIS	 909 	7	69.9009558866	1	5.6866747753	10.933	74.098	32.582	7.468	72.661	36.856	10.651	76.704	35.335
501558	TRP	 910 	HIS	 909 	GLU	 913 	7	74.8885677009	1	6.40390716672	10.933	74.098	32.582	10.651	76.704	35.335	5.646	73.123	33.564
328756	LYS	 912 	HIS	 909 	GLU	 913 	5	56.6822015665	1	6.40390716672	7.468	72.661	36.856	10.651	76.704	35.335	5.646	73.123	33.564
506240	TRP	 910 	LYS	 914 	LYS	 912 	9	88.6546679893	1	6.12110692604	10.933	74.098	32.582	6.664	69.728	32.199	7.468	72.661	36.856
515326	TRP	 910 	TRP	1086 	TRP	1080 	5	55.0204168198	3	22.4904531079	10.933	74.098	32.582	32.142	77.178	25.762	28.278	80.617	34.044
327172	LYS	 914 	LEU	 911 	CYS	 915 	5	54.671741448	1	6.41319522547	6.664	69.728	32.199	10.483	71.225	35.022	5.017	67.871	35.073
325736	LYS	 912 	GLU	 913 	CYS	 915 	9	87.3470898645	1	5.66838513159	7.468	72.661	36.856	5.646	73.123	33.564	5.017	67.871	35.073
332933	LYS	 912 	LYS	 914 	CYS	 915 	6	66.2158909156	1	5.66838513159	7.468	72.661	36.856	6.664	69.728	32.199	5.017	67.871	35.073
322784	LYS	 912 	CYS	 915 	PHE	 921 	9	85.3819146925	1	6.05254012791	7.468	72.661	36.856	5.017	67.871	35.073	7.155	67.693	40.299
419336	PRO	 916 	LYS	 914 	CYS	 915 	9	88.9576305157	1	6.24538405544	2.182	70.055	36.536	6.664	69.728	32.199	5.017	67.871	35.073
416452	PRO	 916 	ILE	 917 	CYS	 915 	5	55.2819997699	1	5.91573706312	2.182	70.055	36.536	0.833	67.738	39.253	5.017	67.871	35.073
412131	PRO	 916 	GLU	 918 	CYS	 915 	4	45.1526711104	1	7.65757043716	2.182	70.055	36.536	2.71	69.121	42.267	5.017	67.871	35.073
265183	ILE	 917 	CYS	 915 	PHE	 921 	8	81.5977776584	1	6.4081061945	0.833	67.738	39.253	5.017	67.871	35.073	7.155	67.693	40.299
322781	LYS	 920 	CYS	 915 	PHE	 921 	6	67.5492662693	1	6.35786733111	5.15	64.473	40.445	5.017	67.871	35.073	7.155	67.693	40.299
466782	THR	 957 	CYS	 915 	PHE	 921 	7	68.8195529571	1	7.96898324757	10.968	63.239	34.902	5.017	67.871	35.073	7.155	67.693	40.299
121266	CYS	 915 	CYS	 936 	CYS	 932 	1	10.5555120993	3	24.7971941155	5.017	67.871	35.073	29.341	64.909	38.877	23.088	65.438	39.054
121278	CYS	 915 	CYS	1075 	CYS	 936 	4	47.2553143002	4	28.5066626072	5.017	67.871	35.073	31.965	75.374	40.563	29.341	64.909	38.877
469735	THR	 957 	GLU	 956 	CYS	 915 	8	79.2298856906	1	7.54314695601	10.968	63.239	34.902	10.623	65.513	31.903	5.017	67.871	35.073
181663	GLU	 919 	GLU	 918 	PHE	 921 	8	82.9735443428	1	5.50199000363	3.222	65.584	43.517	2.71	69.121	42.267	7.155	67.693	40.299
181807	GLU	 918 	GLU	 919 	GLN	 922 	8	76.0078464941	1	6.39167560191	2.71	69.121	42.267	3.222	65.584	43.517	8.553	66.993	43.745
554620	VAL	 925 	GLN	 922 	PHE	 921 	5	56.7455368368	1	6.30390585272	13.27	67.393	41.801	8.553	66.993	43.745	7.155	67.693	40.299
599259	ALA	 924 	THR	 957 	PHE	 921 	4	51.1759108361	1	7.96898324757	11.301	65.042	39.601	10.968	63.239	34.902	7.155	67.693	40.299
605954	ALA	 923 	ALA	 924 	THR	 957 	3	39.1695983884	1	7.94094736162	9.798	63.527	42.751	11.301	65.042	39.601	10.968	63.239	34.902
605520	ALA	 923 	ALA	 924 	GLY	 958 	1	18.7248589343	1	7.76654492036	9.798	63.527	42.751	11.301	65.042	39.601	13.984	65.059	36.391
633820	ARG	 927 	ALA	 924 	PHE	 928 	5	58.0768942536	1	6.23769901486	15.731	62.564	40.753	11.301	65.042	39.601	17.503	65.708	39.578
296863	GLY	 958 	GLU	 926 	PHE	 928 	8	82.7981549305	1	7.49332629745	13.984	65.059	36.391	14.407	64.408	43.844	17.503	65.708	39.578
610781	ARG	 927 	CYS	 932 	PHE	 928 	6	65.6699876761	1	8.07910428204	15.731	62.564	40.753	23.088	65.438	39.054	17.503	65.708	39.578
631012	ARG	 927 	TYR	 930 	CYS	 932 	5	58.7951119584	1	8.07910428204	15.731	62.564	40.753	20.72	62.288	42.821	23.088	65.438	39.054
626690	ARG	 927 	SER	 931 	CYS	 932 	3	39.2267134733	1	8.07910428204	15.731	62.564	40.753	21.353	62.08	39.023	23.088	65.438	39.054
664346	ASN	 959 	ARG	 927 	LEU	 960 	3	37.015353538	1	7.95895891433	16.736	62.73	35.266	15.731	62.564	40.753	19.878	64.447	34.226
639584	ASN	 959 	CYS	 932 	PHE	 928 	9	86.5926590618	1	7.87591975581	16.736	62.73	35.266	23.088	65.438	39.054	17.503	65.708	39.578
648223	ASN	 959 	GLY	 958 	PHE	 928 	8	81.7721436945	1	5.29623611634	16.736	62.73	35.266	13.984	65.059	36.391	17.503	65.708	39.578
551743	VAL	 929 	PHE	1006 	PHE	1009 	8	78.3361581619	1	8.06934997382	19.388	65.824	42.859	21.756	71.532	48.048	23.148	67.13	47.055
602144	ALA	 933 	TYR	 930 	PHE	1009 	9	84.387110837	1	6.87509301755	25.299	64.058	41.838	20.72	62.288	42.821	23.148	67.13	47.055
655490	ASN	 959 	SER	 931 	CYS	 932 	3	42.4752948234	1	7.87591975581	16.736	62.73	35.266	21.353	62.08	39.023	23.088	65.438	39.054
442299	SER	 931 	LEU	 960 	PHE	 961 	4	51.1849200342	1	6.95699748455	21.353	62.08	39.023	19.878	64.447	34.226	22.448	62.538	32.168
590692	ALA	 933 	GLY	 934 	CYS	 932 	5	59.6663949009	1	5.5974253903	25.299	64.058	41.838	25.889	60.719	40.157	23.088	65.438	39.054
582052	ALA	 933 	CYS	 936 	CYS	 932 	5	57.2487541047	1	6.27783234883	25.299	64.058	41.838	29.341	64.909	38.877	23.088	65.438	39.054
294055	GLY	 934 	CYS	 932 	CYS	 936 	8	81.8113371807	1	6.27783234883	25.889	60.719	40.157	23.088	65.438	39.054	29.341	64.909	38.877
524452	TYR	 935 	CYS	 932 	CYS	 936 	5	59.2630860638	1	6.27783234883	27.187	62.364	37.007	23.088	65.438	39.054	29.341	64.909	38.877
524383	TYR	 935 	CYS	 932 	PHE	 961 	8	81.7847309582	1	7.49910634676	27.187	62.364	37.007	23.088	65.438	39.054	22.448	62.538	32.168
207655	LEU	 987 	CYS	 932 	CYS	 936 	8	77.4350770122	1	8.04925425117	27.206	72.311	38.283	23.088	65.438	39.054	29.341	64.909	38.877
639583	ASN	 959 	CYS	 932 	PHE	 961 	8	81.1643221191	1	7.87591975581	16.736	62.73	35.266	23.088	65.438	39.054	22.448	62.538	32.168
207579	LEU	 960 	CYS	 932 	PHE	 961 	4	46.5605201988	1	7.49910634676	19.878	64.447	34.226	23.088	65.438	39.054	22.448	62.538	32.168
590695	ALA	 933 	GLY	 934 	CYS	 936 	8	81.9105749997	1	5.57770598006	25.299	64.058	41.838	25.889	60.719	40.157	29.341	64.909	38.877
582052	ALA	 933 	CYS	1013 	CYS	 936 	5	58.8746556606	1	7.63779411872	25.299	64.058	41.838	28.178	63.308	46.254	29.341	64.909	38.877
294054	GLY	 934 	CYS	1013 	CYS	 936 	7	70.0062163619	1	7.63779411872	25.889	60.719	40.157	28.178	63.308	46.254	29.341	64.909	38.877
561895	VAL	 937 	GLY	 934 	CYS	1013 	8	81.6351651127	1	7.008270186	31.14	62.233	40.819	25.889	60.719	40.157	28.178	63.308	46.254
541734	TYR	 935 	THR	 939 	CYS	 936 	7	69.5231604014	1	5.56068251207	27.187	62.364	37.007	32.482	62.333	35.309	29.341	64.909	38.877
524380	TYR	 935 	CYS	 936 	PHE	 940 	5	55.4721817491	1	7.93189548595	27.187	62.364	37.007	29.341	64.909	38.877	34.95	63.798	37.778
541658	TYR	 935 	THR	 939 	PHE	 940 	3	38.2133284582	1	7.93189548595	27.187	62.364	37.007	32.482	62.333	35.309	34.95	63.798	37.778
530140	TYR	 935 	HIS	 962 	PHE	 961 	5	58.7641215619	1	7.33140238972	27.187	62.364	37.007	25.46	63.368	29.953	22.448	62.538	32.168
603652	ALA	 938 	VAL	 937 	CYS	 936 	5	60.3770511354	1	5.52496751122	31.252	59.828	37.849	31.14	62.233	40.819	29.341	64.909	38.877
553251	VAL	 937 	CYS	1013 	CYS	 936 	4	46.7496179049	1	7.63779411872	31.14	62.233	40.819	28.178	63.308	46.254	29.341	64.909	38.877
599336	ALA	 938 	THR	 939 	CYS	 936 	9	88.1309280897	1	5.52496751122	31.252	59.828	37.849	32.482	62.333	35.309	29.341	64.909	38.877
466781	THR	 939 	CYS	 936 	PHE	 940 	6	63.747289906	1	5.82262853014	32.482	62.333	35.309	29.341	64.909	38.877	34.95	63.798	37.778
475494	THR	 939 	GLY	 945 	CYS	 936 	7	71.1848209247	1	6.80087582595	32.482	62.333	35.309	33.491	66.605	33.763	29.341	64.909	38.877
119744	CYS	 936 	PHE	 940 	PHE	 985 	9	86.3528640799	1	6.08231781478	29.341	64.909	38.877	34.95	63.798	37.778	32.4	69.165	36.479
293981	GLY	 945 	CYS	 936 	PHE	 985 	6	67.9321811829	1	6.80087582595	33.491	66.605	33.763	29.341	64.909	38.877	32.4	69.165	36.479
473980	THR	 939 	ILE	 944 	PHE	 940 	5	59.639902605	1	6.03077258732	32.482	62.333	35.309	35.563	64.078	31.785	34.95	63.798	37.778
475419	THR	 939 	GLY	 945 	PHE	 985 	4	46.2668718516	1	6.93194402747	32.482	62.333	35.309	33.491	66.605	33.763	32.4	69.165	36.479
603579	ALA	1054 	VAL	 941 	PHE	 940 	4	48.0709056615	1	7.03723212634	40.908	62.132	41.132	36.652	60.496	38.479	34.95	63.798	37.778
263744	ILE	 944 	PHE	 985 	PHE	 940 	9	89.4552904193	1	7.61024138908	35.563	64.078	31.785	32.4	69.165	36.479	34.95	63.798	37.778
407741	PRO	 984 	PHE	 940 	PHE	 985 	6	62.2666537106	1	6.08231781478	35.833	69.733	37.947	34.95	63.798	37.778	32.4	69.165	36.479
418328	PRO	 984 	GLY	 943 	GLY	 945 	9	87.8226952308	1	8.00368546358	35.833	69.733	37.947	38.362	63.215	34.051	33.491	66.605	33.763
389452	ASP	 946 	GLY	 945 	ILE	 944 	5	55.2130503158	1	5.87189824503	34.173	69.783	31.777	33.491	66.605	33.763	35.563	64.078	31.785
301176	GLY	 945 	ILE	 944 	PHE	 985 	1	12.2147547841	1	7.61024138908	33.491	66.605	33.763	35.563	64.078	31.785	32.4	69.165	36.479
624243	ARG	 947 	ASP	 946 	GLY	 945 	4	49.759252632	1	6.1060904841	31.74	69.957	28.969	34.173	69.783	31.777	33.491	66.605	33.763
566643	VAL	 983 	ASP	 946 	GLY	 945 	4	47.0869970235	1	7.49883390935	36.013	73.204	36.278	34.173	69.783	31.777	33.491	66.605	33.763
624097	ARG	 947 	ASP	 946 	HIS	 948 	2	24.0723929521	1	7.12310529194	31.74	69.957	28.969	34.173	69.783	31.777	29.349	72.216	27.135
623739	ARG	 947 	ASP	 946 	PHE	 985 	4	46.1341723653	1	7.58043296916	31.74	69.957	28.969	34.173	69.783	31.777	32.4	69.165	36.479
568303	VAL	 983 	PRO	 984 	ASP	 946 	8	82.9895995567	1	6.38960092651	36.013	73.204	36.278	35.833	69.733	37.947	34.173	69.783	31.777
664424	ASN	 949 	ARG	 947 	HIS	 948 	9	89.3257591713	1	6.66608445791	25.673	72.564	28.057	31.74	69.957	28.969	29.349	72.216	27.135
664421	ASN	 951 	ARG	 947 	HIS	 948 	6	66.2337345462	1	6.97833884245	26.001	67.741	25.675	31.74	69.957	28.969	29.349	72.216	27.135
629861	ARG	 947 	TRP	1086 	HIS	 948 	6	64.236147187	1	7.91133958316	31.74	69.957	28.969	32.142	77.178	25.762	29.349	72.216	27.135
666800	ASN	 951 	ASN	 949 	ARG	 947 	9	86.4289326081	1	6.97833884245	26.001	67.741	25.675	25.673	72.564	28.057	31.74	69.957	28.969
652901	ASN	 949 	ASP	 950 	HIS	 948 	6	62.0964574234	1	5.45153703097	25.673	72.564	28.057	24.583	71.14	24.717	29.349	72.216	27.135
665861	ASN	 951 	ASN	 949 	HIS	 948 	6	64.6193477974	1	5.77635949366	26.001	67.741	25.675	25.673	72.564	28.057	29.349	72.216	27.135
647139	ASN	 949 	ILE	 952 	HIS	 948 	4	44.8394139066	1	7.3910568933	25.673	72.564	28.057	23.936	67.464	28.792	29.349	72.216	27.135
645487	ASN	 949 	HIS	 948 	GLN	1083 	8	81.3018680925	1	6.73542493092	25.673	72.564	28.057	29.349	72.216	27.135	29.571	77.732	29.918
652904	ASN	 951 	ASP	 950 	HIS	 948 	9	84.8400754895	1	5.77635949366	26.001	67.741	25.675	24.583	71.14	24.717	29.349	72.216	27.135
387941	ASP	 950 	ILE	 952 	HIS	 948 	6	67.3933102401	1	7.3910568933	24.583	71.14	24.717	23.936	67.464	28.792	29.349	72.216	27.135
501486	TRP	1086 	HIS	 948 	GLN	1083 	7	75.3630670431	1	6.18228347781	32.142	77.178	25.762	29.349	72.216	27.135	29.571	77.732	29.918
237822	HIS	 948 	GLN	1083 	PHE	1087 	7	75.1196229999	1	7.56838701442	29.349	72.216	27.135	29.571	77.732	29.918	29.41	79.072	23.93
501339	TRP	1086 	HIS	 948 	PHE	1087 	4	45.4342254776	1	7.56838701442	32.142	77.178	25.762	29.349	72.216	27.135	29.41	79.072	23.93
651464	ASN	 951 	MET	 953 	HIS	 962 	9	89.685356076	1	6.62520867596	26.001	67.741	25.675	20.306	66.432	28.797	25.46	63.368	29.953
647140	ASN	 951 	ILE	 963 	HIS	 962 	5	59.7140315294	1	6.14142442761	26.001	67.741	25.675	25.736	62.439	26.3	25.46	63.368	29.953
652903	ASN	 951 	ASP	 964 	HIS	 962 	8	78.4410032961	1	7.22841967514	26.001	67.741	25.675	27.725	62.467	23.148	25.46	63.368	29.953
646781	ASN	 951 	ILE	 963 	PHE	 965 	6	61.770715583	1	8.07181770111	26.001	67.741	25.675	25.736	62.439	26.3	31.114	61.585	24.619
652538	ASN	 951 	ASP	 964 	PHE	 965 	3	41.144216432	1	8.07181770111	26.001	67.741	25.675	27.725	62.467	23.148	31.114	61.585	24.619
359209	MET	 953 	ILE	 954 	ILE	 952 	2	26.5795550621	1	7.10821510648	20.306	66.432	28.797	17.332	66.255	31.127	23.936	67.464	28.792
270940	ILE	 952 	HIS	 962 	PHE	 961 	5	56.1176343252	1	6.15442897432	23.936	67.464	28.792	25.46	63.368	29.953	22.448	62.538	32.168
272743	ILE	 952 	ILE	 963 	HIS	 962 	8	79.8175008811	1	5.89072907202	23.936	67.464	28.792	25.736	62.439	26.3	25.46	63.368	29.953
357342	MET	 953 	HIS	 962 	PHE	 961 	7	68.5897581724	1	6.10640221407	20.306	66.432	28.797	25.46	63.368	29.953	22.448	62.538	32.168
445394	SER	 955 	ILE	 954 	GLU	 956 	3	35.9397580893	1	6.79436685792	14.125	64.222	31.201	17.332	66.255	31.127	10.623	65.513	31.903
483049	THR	 957 	SER	 955 	ILE	 954 	2	29.8935580912	1	7.99045536875	10.968	63.239	34.902	14.125	64.222	31.201	17.332	66.255	31.127
655634	ASN	 959 	SER	 955 	GLU	 956 	3	39.5946017025	1	7.51156621484	16.736	62.73	35.266	14.125	64.222	31.201	10.623	65.513	31.903
657075	ASN	 959 	THR	 957 	GLU	 956 	4	45.6208529448	1	7.51156621484	16.736	62.73	35.266	10.968	63.239	34.902	10.623	65.513	31.903
643898	ASN	 959 	LEU	 960 	PHE	 961 	3	41.7317090931	1	6.50087778688	16.736	62.73	35.266	19.878	64.447	34.226	22.448	62.538	32.168
270938	ILE	 963 	HIS	 962 	PHE	 961 	3	38.0469783493	1	6.72712189573	25.736	62.439	26.3	25.46	63.368	29.953	22.448	62.538	32.168
387936	ASP	 964 	ILE	 963 	HIS	 962 	1	21.0888129522	1	7.22841967514	27.725	62.467	23.148	25.736	62.439	26.3	25.46	63.368	29.953
270939	ILE	 963 	HIS	 962 	PHE	 965 	4	51.8075474709	1	7.97485805516	25.736	62.439	26.3	25.46	63.368	29.953	31.114	61.585	24.619
386139	ASP	 964 	HIS	 962 	PHE	 965 	4	48.0449292914	1	7.97485805516	27.725	62.467	23.148	25.46	63.368	29.953	31.114	61.585	24.619
387580	ASP	 964 	ILE	 963 	PHE	 965 	5	57.1353509686	1	5.69894384952	27.725	62.467	23.148	25.736	62.439	26.3	31.114	61.585	24.619
575572	VAL	 986 	VAL	 983 	PRO	 984 	5	55.5286677649	1	7.21646901192	29.227	70.919	35.38	36.013	73.204	36.278	35.833	69.733	37.947
567654	VAL	 983 	PRO	 984 	CYS	1075 	7	73.6388472147	1	7.32296121798	36.013	73.204	36.278	35.833	69.733	37.947	31.965	75.374	40.563
574855	VAL	 986 	VAL	 983 	CYS	1075 	8	79.9176156643	1	7.36255105245	29.227	70.919	35.38	36.013	73.204	36.278	31.965	75.374	40.563
554696	VAL	 983 	GLN	1071 	CYS	1075 	9	85.6122952694	1	8.02212901916	36.013	73.204	36.278	35.546	70.7	43.885	31.965	75.374	40.563
574853	VAL	 983 	VAL	1074 	CYS	1075 	6	62.2644380254	1	6.92032564263	36.013	73.204	36.278	35.118	75.703	42.669	31.965	75.374	40.563
409180	PRO	 984 	CYS	1075 	PHE	 985 	5	52.5651587467	1	7.44445847594	35.833	69.733	37.947	31.965	75.374	40.563	32.4	69.165	36.479
567656	VAL	 986 	PRO	 984 	CYS	1075 	9	89.6835040804	1	7.36255105245	29.227	70.919	35.38	35.833	69.733	37.947	31.965	75.374	40.563
416454	PRO	 984 	ILE	1072 	CYS	1075 	7	73.5753609036	1	7.69400831817	35.833	69.733	37.947	31.851	71.309	44.339	31.965	75.374	40.563
567652	VAL	1074 	PRO	 984 	CYS	1075 	5	54.4480997592	1	7.64522131792	35.118	75.703	42.669	35.833	69.733	37.947	31.965	75.374	40.563
553180	VAL	 986 	CYS	1075 	PHE	 985 	5	52.7919934838	1	7.44445847594	29.227	70.919	35.38	31.965	75.374	40.563	32.4	69.165	36.479
570536	VAL	 986 	THR	 988 	CYS	1075 	9	87.0021080192	1	7.36255105245	29.227	70.919	35.38	25.909	75.595	36.911	31.965	75.374	40.563
481465	THR	 988 	PRO	 989 	LEU	 987 	2	34.3319165589	1	6.88690678026	25.909	75.595	36.911	23.654	78.202	38.613	27.206	72.311	38.283
480025	THR	 988 	ASP	 990 	LEU	 987 	2	34.128007444	1	8.07801621687	25.909	75.595	36.911	20.647	76.787	36.8	27.206	72.311	38.283
481901	THR	 988 	PRO	 989 	ASP	 990 	6	63.0940713873	1	5.39646449076	25.909	75.595	36.911	23.654	78.202	38.613	20.647	76.787	36.8
481688	THR	 988 	PRO	 989 	GLY	1079 	9	86.4922432379	1	5.74992130381	25.909	75.595	36.911	23.654	78.202	38.613	29.013	80.097	37.746
513652	TRP	1080 	THR	 988 	PRO	 989 	5	55.1010770788	1	6.9346493783	28.278	80.617	34.044	25.909	75.595	36.911	23.654	78.202	38.613
628132	ARG	1076 	THR	 988 	CYS	1075 	5	56.0030838794	1	7.47211676836	29.97	77.673	42.829	25.909	75.595	36.911	31.965	75.374	40.563
475495	THR	 988 	GLY	1079 	CYS	1075 	8	80.5246807562	1	7.07538557253	25.909	75.595	36.911	29.013	80.097	37.746	31.965	75.374	40.563
510485	TRP	1080 	PRO	 989 	GLY	1079 	6	66.9984116379	1	6.9346493783	28.278	80.617	34.044	23.654	78.202	38.613	29.013	80.097	37.746
355899	MET	 995 	LEU	 992 	PHE	 991 	4	52.2884270397	1	6.62714636929	17.911	72.789	44.043	21.807	75.019	41.769	21.285	73.392	38.371
350144	MET	 995 	PHE	 991 	PHE	 993 	9	88.4978262952	1	6.62714636929	17.911	72.789	44.043	21.285	73.392	38.371	18.588	76.98	41.139
478304	THR	 997 	MET	 995 	PHE	 993 	9	88.1457697791	1	6.17704856707	19.791	78.416	45.763	17.911	72.789	44.043	18.588	76.98	41.139
360581	MET	 995 	GLY	 996 	HIS	1005 	6	63.7788961852	1	6.65115869605	17.911	72.789	44.043	16.792	76.12	45.458	18.178	70.35	48.462
449863	SER	1003 	MET	 995 	HIS	1005 	8	79.7129971105	1	7.70599565274	20.722	75.351	50.745	17.911	72.789	44.043	18.178	70.35	48.462
357626	MET	 995 	HIS	1005 	LEU	1004 	3	40.5142517599	1	7.42469083531	17.911	72.789	44.043	18.178	70.35	48.462	18.126	72.636	51.463
357341	MET	 995 	HIS	1005 	PHE	1006 	6	64.3962813691	1	5.69245983736	17.911	72.789	44.043	18.178	70.35	48.462	21.756	71.532	48.048
484563	THR	1002 	THR	 997 	GLY	 996 	4	44.6084367028	1	7.35532161092	20.536	79.126	51.03	19.791	78.416	45.763	16.792	76.12	45.458
484923	THR	1002 	THR	 997 	SER	 998 	4	49.9818931285	1	6.94541006709	20.536	79.126	51.03	19.791	78.416	45.763	20.019	82.06	44.756
484640	THR	1002 	THR	 997 	LYS	1000 	9	84.9876871489	1	6.88066261344	20.536	79.126	51.03	19.791	78.416	45.763	25.399	81.441	46.748
484636	THR	 997 	THR	1002 	LYS	1001 	5	56.5707605842	1	6.45593145874	19.791	78.416	45.763	20.536	79.126	51.03	23.84	80.841	50.168
482620	THR	 997 	SER	1003 	PHE	1006 	5	59.4215562055	1	7.51477917174	19.791	78.416	45.763	20.722	75.351	50.745	21.756	71.532	48.048
483196	THR	1002 	SER	 998 	LYS	1001 	5	58.3886988261	1	6.94541006709	20.536	79.126	51.03	20.019	82.06	44.756	23.84	80.841	50.168
333363	LYS	1001 	LYS	1000 	GLY	 999 	4	45.0161556736	1	6.39603721065	23.84	80.841	50.168	25.399	81.441	46.748	23.394	83.767	44.498
483195	THR	1002 	SER	1003 	LYS	1001 	4	46.1451696588	1	6.33994897456	20.536	79.126	51.03	20.722	75.351	50.745	23.84	80.841	50.168
482905	THR	1002 	SER	1003 	LEU	1004 	2	33.0663848823	1	6.93654734	20.536	79.126	51.03	20.722	75.351	50.745	18.126	72.636	51.463
439423	SER	1003 	GLN	1007 	PHE	1006 	8	76.3267026123	1	5.66562000138	20.722	75.351	50.745	22.353	69.968	51.425	21.756	71.532	48.048
234943	HIS	1005 	PHE	1009 	PHE	1006 	8	77.4578160669	1	6.08678478345	18.178	70.35	48.462	23.148	67.13	47.055	21.756	71.532	48.048
328540	LYS	1008 	HIS	1005 	PHE	1009 	5	59.00205278	1	6.08678478345	21.024	66.616	50.156	18.178	70.35	48.462	23.148	67.13	47.055
321343	LYS	1008 	PHE	1006 	PHE	1009 	8	77.2231002748	1	5.39875393031	21.024	66.616	50.156	21.756	71.532	48.048	23.148	67.13	47.055
324366	LYS	1008 	GLN	1010 	GLN	1007 	7	69.9764150926	1	5.63012912818	21.024	66.616	50.156	26.435	67.539	48.904	22.353	69.968	51.425
390604	ASP	1011 	LYS	1008 	GLN	1007 	5	57.1809538693	1	6.35052950548	25.733	64.6	51.126	21.024	66.616	50.156	22.353	69.968	51.425
149980	GLN	1010 	CYS	1013 	PHE	1009 	5	56.8045947602	1	6.36790271597	26.435	67.539	48.904	28.178	63.308	46.254	23.148	67.13	47.055
380383	ASP	1011 	CYS	1013 	PHE	1009 	8	79.2156658069	1	6.36790271597	25.733	64.6	51.126	28.178	63.308	46.254	23.148	67.13	47.055
566284	VAL	1012 	ASP	1011 	GLN	1010 	5	59.3465368731	1	5.55807349718	25.173	62.163	48.273	25.733	64.6	51.126	26.435	67.539	48.904
381896	ASP	1011 	GLN	1010 	CYS	1013 	9	84.9259704356	1	5.60211326198	25.733	64.6	51.126	26.435	67.539	48.904	28.178	63.308	46.254
566284	VAL	1014 	ASP	1011 	GLN	1010 	5	56.2825559505	1	6.46606162977	30.487	62.507	49.169	25.733	64.6	51.126	26.435	67.539	48.904
566212	VAL	1012 	ASP	1011 	CYS	1013 	5	59.3440562288	1	5.60211326198	25.173	62.163	48.273	25.733	64.6	51.126	28.178	63.308	46.254
566213	VAL	1014 	ASP	1011 	CYS	1013 	6	66.9594146882	1	5.60211326198	30.487	62.507	49.169	25.733	64.6	51.126	28.178	63.308	46.254
574856	VAL	1014 	VAL	1012 	CYS	1013 	9	89.940677674	1	5.39997666662	30.487	62.507	49.169	25.173	62.163	48.273	28.178	63.308	46.254
592135	ALA	1016 	LYS	1015 	CYS	1013 	8	78.766746254	1	5.68826695928	29.164	58.411	46.346	29.039	59.184	50.076	28.178	63.308	46.254
588101	ALA	1019 	HIS	1023 	HIS	1022 	6	68.1857134362	1	7.45534023368	32.122	54.645	47.813	37.313	50.374	44.589	36.751	51.625	48.122
242432	HIS	1022 	HIS	1023 	LEU	1020 	9	89.4810328208	1	5.35072378282	36.751	51.625	48.122	37.313	50.374	44.589	34.151	54.647	44.553
616904	ARG	1021 	HIS	1023 	HIS	1022 	9	89.2114407742	1	5.0438044173	37.402	55.045	46.49	37.313	50.374	44.589	36.751	51.625	48.122
628421	ARG	1021 	THR	1024 	HIS	1022 	6	62.6199935325	1	5.82626921795	37.402	55.045	46.49	40.319	52.458	43.592	36.751	51.625	48.122
633315	ARG	1021 	VAL	1057 	THR	1056 	4	50.1372819617	1	7.94097336603	37.402	55.045	46.49	44.828	57.837	46.548	42.729	60.893	45.795
472904	THR	1024 	HIS	1022 	HIS	1023 	9	89.9749743196	1	5.82626921795	40.319	52.458	43.592	36.751	51.625	48.122	37.313	50.374	44.589
657220	ASN	1025 	THR	1024 	HIS	1023 	5	59.3242158051	1	5.60664971262	42.28	49.548	42.123	40.319	52.458	43.592	37.313	50.374	44.589
449500	SER	1032 	MET	1033 	PHE	1031 	5	59.7245569622	1	5.56088841823	43.973	52.471	31.93	42.669	49.599	29.819	40.559	53.485	33.191
450150	SER	1032 	MET	1036 	MET	1033 	7	73.1954902313	1	6.24294722066	43.973	52.471	31.93	45.039	51.718	25.825	42.669	49.599	29.819
478950	THR	1037 	MET	1033 	MET	1034 	7	70.061362058	1	6.08339929645	42.244	50.06	23.768	42.669	49.599	29.819	40.107	51.95	28.328
478950	THR	1037 	MET	1033 	MET	1036 	7	73.863143382	1	6.08339929645	42.244	50.06	23.768	42.669	49.599	29.819	45.039	51.718	25.825
363751	MET	1034 	MET	1039 	MET	1036 	8	82.2946196714	1	7.35360632615	40.107	51.95	28.328	41.948	56.159	22.586	45.039	51.718	25.825
478805	THR	1037 	MET	1034 	GLY	1038 	6	66.2366686034	1	5.58942197369	42.244	50.06	23.768	40.107	51.95	28.328	39.942	52.892	22.821
478950	THR	1037 	MET	1039 	MET	1034 	7	68.9507828476	1	7.35360632615	42.244	50.06	23.768	41.948	56.159	22.586	40.107	51.95	28.328
363606	MET	1034 	MET	1039 	GLY	1038 	7	68.6783629176	1	7.35360632615	40.107	51.95	28.328	41.948	56.159	22.586	39.942	52.892	22.821
420987	PRO	1040 	MET	1036 	LEU	1035 	4	49.5725383116	1	8.09198597379	44.548	57.202	19.895	45.039	51.718	25.825	42.836	54.427	27.236
420986	PRO	1040 	MET	1039 	LEU	1035 	3	38.3577230137	1	8.0325494085	44.548	57.202	19.895	41.948	56.159	22.586	42.836	54.427	27.236
478803	THR	1037 	MET	1036 	GLY	1038 	4	51.6185543081	1	6.0317245461	42.244	50.06	23.768	45.039	51.718	25.825	39.942	52.892	22.821
363605	MET	1036 	MET	1039 	GLY	1038 	6	64.3210094097	1	6.30617816114	45.039	51.718	25.825	41.948	56.159	22.586	39.942	52.892	22.821
421207	PRO	1040 	MET	1036 	GLY	1038 	8	81.6999218798	1	8.09198597379	44.548	57.202	19.895	45.039	51.718	25.825	39.942	52.892	22.821
421349	PRO	1040 	MET	1036 	MET	1039 	6	62.6470049688	1	8.09198597379	44.548	57.202	19.895	45.039	51.718	25.825	41.948	56.159	22.586
421202	PRO	1040 	MET	1039 	GLY	1038 	3	34.8770735524	1	6.9536186263	44.548	57.202	19.895	41.948	56.159	22.586	39.942	52.892	22.821
420842	PRO	1040 	MET	1039 	GLN	1041 	3	40.6644283143	1	6.67420527104	44.548	57.202	19.895	41.948	56.159	22.586	48.274	57.251	20.76
471241	THR	1043 	LEU	1042 	GLN	1041 	2	31.3235239681	1	7.01256507991	50.276	59.548	27.076	47.934	58.045	24.485	48.274	57.251	20.76
483195	THR	1043 	SER	1044 	LYS	1045 	4	44.4378744921	1	6.40406917514	50.276	59.548	27.076	50.725	56.28	28.934	50.825	56.574	32.721
480170	THR	1043 	ASP	1047 	ILE	1048 	3	38.6731992797	1	7.47216554956	50.276	59.548	27.076	47.178	60.362	30.825	46.575	57.504	33.237
532012	TYR	1050 	ILE	1048 	ILE	1051 	5	56.2532732765	1	6.43251000777	44.839	61.526	36.408	46.575	57.504	33.237	42.415	59.048	37.894
448563	SER	1060 	LYS	1059 	GLY	1058 	4	45.9946092097	1	6.33784671635	42.379	59.486	54.118	44.763	60.641	51.389	46.727	57.785	49.832
448274	SER	1060 	LYS	1059 	GLU	1061 	3	38.5267785386	1	6.67048259124	42.379	59.486	54.118	44.763	60.641	51.389	38.627	59.342	53.66
602860	ALA	1064 	TYR	1067 	ASP	1063 	5	56.3676418978	1	6.2385749174	38.987	63.009	50.586	38.717	67.377	48.565	40.457	64.453	53.794
602717	ALA	1064 	TYR	1067 	LYS	1065 	6	65.2878265884	1	5.53646367278	38.987	63.009	50.586	38.717	67.377	48.565	35.512	64.056	51.623
537484	TYR	1067 	ASP	1070 	GLN	1071 	5	55.2251004807	1	6.55743623682	38.717	67.377	48.565	36.182	71.894	47.479	35.546	70.7	43.885
266621	ILE	1072 	GLN	1071 	PHE	1068 	6	66.2089044112	1	6.36931809537	31.851	71.309	44.339	35.546	70.7	43.885	35.511	66.652	46.681
268205	ILE	1072 	GLU	1073 	GLN	1071 	6	67.4717685447	1	5.09837974262	31.851	71.309	44.339	32.914	74.716	45.599	35.546	70.7	43.885
180294	GLU	1073 	GLN	1071 	CYS	1075 	7	69.9397961168	1	6.7605858474	32.914	74.716	45.599	35.546	70.7	43.885	31.965	75.374	40.563
554691	VAL	1074 	GLN	1071 	CYS	1075 	4	51.3023626547	1	6.7605858474	35.118	75.703	42.669	35.546	70.7	43.885	31.965	75.374	40.563
556133	VAL	1074 	GLU	1073 	CYS	1075 	6	66.9800606845	1	5.16670697834	35.118	75.703	42.669	32.914	74.716	45.599	31.965	75.374	40.563
383336	ASP	1077 	GLU	1073 	CYS	1075 	9	87.3440080908	1	6.71197750294	32.43	80.501	42.23	32.914	74.716	45.599	31.965	75.374	40.563
623813	ARG	1076 	ASP	1077 	CYS	1075 	6	62.6184084171	1	5.41121455867	29.97	77.673	42.829	32.43	80.501	42.23	31.965	75.374	40.563
620934	ARG	1076 	LYS	1078 	CYS	1075 	7	74.0830685779	1	5.57300367845	29.97	77.673	42.829	32.737	79.858	38.513	31.965	75.374	40.563
619492	ARG	1076 	GLY	1079 	CYS	1075 	5	59.9749142554	1	6.24151600174	29.97	77.673	42.829	29.013	80.097	37.746	31.965	75.374	40.563
389095	ASP	1077 	GLY	1079 	CYS	1075 	8	80.3109114841	1	6.24151600174	32.43	80.501	42.23	29.013	80.097	37.746	31.965	75.374	40.563
513439	TRP	1080 	THR	1081 	LYS	1078 	8	78.1987323957	1	6.35851578594	28.278	80.617	34.044	31.856	81.678	33.274	32.737	79.858	38.513
572480	VAL	1082 	TRP	1080 	LYS	1078 	9	84.7927720971	1	6.81793377791	32.78	78.244	31.889	28.278	80.617	34.044	32.737	79.858	38.513
513365	TRP	1080 	THR	1081 	GLY	1079 	6	60.949669581	1	5.53000849909	28.278	80.617	34.044	31.856	81.678	33.274	29.013	80.097	37.746
572403	VAL	1082 	TRP	1080 	GLY	1079 	4	48.0217685673	1	7.20613259662	32.78	78.244	31.889	28.278	80.617	34.044	29.013	80.097	37.746
572840	VAL	1082 	TRP	1080 	THR	1081 	9	89.9595055909	1	5.52658646906	32.78	78.244	31.889	28.278	80.617	34.044	31.856	81.678	33.274
513007	TRP	1080 	THR	1081 	GLN	1083 	8	82.4912447636	1	5.66170265909	28.278	80.617	34.044	31.856	81.678	33.274	29.571	77.732	29.918
512863	TRP	1080 	THR	1081 	PHE	1084 	8	82.1896748299	1	5.81471873782	28.278	80.617	34.044	31.856	81.678	33.274	29.669	81.27	28.436
497021	TRP	1080 	GLN	1083 	PHE	1084 	6	64.0085276818	1	5.81471873782	28.278	80.617	34.044	29.571	77.732	29.918	29.669	81.27	28.436
570604	VAL	1082 	THR	1081 	GLN	1083 	5	58.5368973537	1	5.66170265909	32.78	78.244	31.889	31.856	81.678	33.274	29.571	77.732	29.918
662116	ASN	1085 	VAL	1082 	THR	1081 	5	58.4516050334	1	6.19064754287	33.185	80.468	27.35	32.78	78.244	31.889	31.856	81.678	33.274
662188	ASN	1085 	VAL	1082 	TRP	1086 	5	57.3181660126	1	6.25168209364	33.185	80.468	27.35	32.78	78.244	31.889	32.142	77.178	25.762
641024	ASN	1085 	GLN	1083 	PHE	1084 	9	88.8844143091	1	5.20973281465	33.185	80.468	27.35	29.571	77.732	29.918	29.669	81.27	28.436
497021	TRP	1086 	GLN	1083 	PHE	1084 	6	67.4086969339	1	5.47818117627	32.142	77.178	25.762	29.571	77.732	29.918	29.669	81.27	28.436
658448	ASN	1085 	TRP	1086 	GLN	1083 	9	85.2981119883	1	5.20973281465	33.185	80.468	27.35	32.142	77.178	25.762	29.571	77.732	29.918
641023	ASN	1085 	GLN	1083 	PHE	1087 	8	79.3397598765	1	6.13821350231	33.185	80.468	27.35	29.571	77.732	29.918	29.41	79.072	23.93
497020	TRP	1086 	GLN	1083 	PHE	1087 	5	57.9966258668	1	6.13821350231	32.142	77.178	25.762	29.571	77.732	29.918	29.41	79.072	23.93
638142	ASN	1085 	PHE	1087 	PHE	1084 	7	72.9413123936	1	5.28165135161	33.185	80.468	27.35	29.41	79.072	23.93	29.669	81.27	28.436
494142	TRP	1086 	PHE	1084 	PHE	1087 	7	73.6315743922	1	5.47818117627	32.142	77.178	25.762	29.669	81.27	28.436	29.41	79.072	23.93
658591	ASN	1085 	TRP	1086 	LEU	1088 	8	81.3537950317	1	5.31610289592	33.185	80.468	27.35	32.142	77.178	25.762	32.047	81.62	22.843
658662	ASN	1085 	TRP	1086 	HIS	1089 	7	70.7344687369	1	6.10451742564	33.185	80.468	27.35	32.142	77.178	25.762	34.197	78.751	21.58
501342	TRP	1086 	HIS	1089 	PHE	1087 	7	68.4842502147	1	5.34236932456	32.142	77.178	25.762	34.197	78.751	21.58	29.41	79.072	23.93
501630	TRP	1086 	HIS	1089 	LEU	1088 	7	69.0019434866	1	5.31610289592	32.142	77.178	25.762	34.197	78.751	21.58	32.047	81.62	22.843
500192	TRP	1086 	LEU	1090 	LEU	1088 	9	88.6170750524	1	6.37214602783	32.142	77.178	25.762	31.386	77.433	19.44	32.047	81.62	22.843
501628	TRP	1086 	HIS	1089 	LEU	1090 	5	54.5510523234	1	6.37214602783	32.142	77.178	25.762	34.197	78.751	21.58	31.386	77.433	19.44
