441079	SER	 249 	GLU	 251 	GLU	 252 	8	78.3409235243	1	5.13668774601	7.199	52.559	26.077	8.457	57.48	25.311	5.0	56.599	26.617
633242	ARG	 258 	VAL	 261 	SER	 262 	3	36.1038953803	1	7.91135418244	2.967	64.862	32.041	3.153	66.096	37.208	2.054	69.546	38.351
569449	VAL	 261 	SER	 333 	ILE	 260 	2	34.2237299249	1	7.8158199186	3.153	66.096	37.208	5.73	66.11	41.534	0.182	63.826	36.525
569522	VAL	 263 	SER	 262 	GLY	 264 	3	36.4725603126	1	6.75682233006	2.952	72.941	36.898	2.054	69.546	38.351	5.332	75.454	38.421
454540	SER	 262 	SER	 333 	ASP	 332 	5	57.2973342542	1	6.5741454958	2.054	69.546	38.351	5.73	66.11	41.534	3.432	67.229	44.347
573843	VAL	 263 	TYR	 334 	GLY	 264 	4	49.1053713813	1	7.76843175937	2.952	72.941	36.898	7.648	68.054	38.895	5.332	75.454	38.421
422643	PRO	 266 	ASP	 265 	GLY	 264 	4	49.4032627542	1	6.15765369276	9.799	73.821	42.332	9.025	75.804	39.146	5.332	75.454	38.421
390962	ASP	 265 	LYS	 268 	GLY	 264 	3	35.8042185904	1	7.83876642081	9.025	75.804	39.146	10.661	78.871	43.044	5.332	75.454	38.421
390963	ASP	 265 	LYS	 269 	GLY	 264 	4	49.7420818092	1	7.32639945676	9.025	75.804	39.146	7.913	77.172	45.059	5.332	75.454	38.421
419839	PRO	 266 	LYS	 268 	LYS	 269 	8	77.4147306052	1	5.17228073484	9.799	73.821	42.332	10.661	78.871	43.044	7.913	77.172	45.059
539359	TYR	 270 	PRO	 266 	LYS	 269 	8	77.5769199881	1	5.68240336477	10.313	75.767	47.646	9.799	73.821	42.332	7.913	77.172	45.059
477439	THR	 271 	LYS	 267 	LYS	 269 	8	79.1606783845	1	7.22968173573	13.13	77.324	49.628	12.987	75.892	42.543	7.913	77.172	45.059
542233	TYR	 270 	THR	 271 	LYS	 269 	2	32.0678495927	1	6.93656644169	10.313	75.767	47.646	13.13	77.324	49.628	7.913	77.172	45.059
541660	TYR	 270 	THR	 271 	PHE	 273 	5	58.1164530377	1	7.54438764911	10.313	75.767	47.646	13.13	77.324	49.628	16.869	73.21	50.366
542312	TYR	 270 	THR	 271 	MET	 288 	9	89.5581822929	1	5.25710509691	10.313	75.767	47.646	13.13	77.324	49.628	9.97	74.459	52.701
574276	VAL	 290 	TYR	 270 	THR	 271 	5	59.852105638	1	6.09972179693	7.384	79.285	50.215	10.313	75.767	47.646	13.13	77.324	49.628
630939	ARG	 272 	TYR	 270 	PHE	 273 	4	51.6078112421	1	7.54438764911	15.899	76.462	52.077	10.313	75.767	47.646	16.869	73.21	50.366
537990	TYR	 270 	ASP	 289 	MET	 288 	7	68.5495268164	1	5.23273714226	10.313	75.767	47.646	6.976	75.515	50.647	9.97	74.459	52.701
480390	THR	 271 	ASP	 289 	MET	 288 	7	71.4886178418	1	6.4948100819	13.13	77.324	49.628	6.976	75.515	50.647	9.97	74.459	52.701
571111	VAL	 290 	THR	 271 	MET	 288 	8	81.5920898608	1	6.09972179693	7.384	79.285	50.215	13.13	77.324	49.628	9.97	74.459	52.701
571180	VAL	 290 	THR	 271 	ASP	 289 	5	58.7167635873	1	6.4948100819	7.384	79.285	50.215	13.13	77.324	49.628	6.976	75.515	50.647
622299	ARG	 272 	MET	 288 	PHE	 273 	4	49.8954457208	1	7.38975148432	15.899	76.462	52.077	9.97	74.459	52.701	16.869	73.21	50.366
634754	ARG	 272 	ALA	 287 	THR	 286 	3	37.1332219839	1	7.88223179055	15.899	76.462	52.077	12.772	72.051	51.971	14.384	68.77	52.894
634468	ARG	 272 	ALA	 287 	MET	 288 	5	57.9941823468	1	6.28923095458	15.899	76.462	52.077	12.772	72.051	51.971	9.97	74.459	52.701
476863	THR	 286 	LYS	 275 	PHE	 273 	8	79.0701280007	1	6.74544209078	14.384	68.77	52.894	20.679	67.693	51.106	16.869	73.21	50.366
593498	ALA	 287 	MET	 288 	PHE	 273 	3	39.5107617768	1	7.38975148432	12.772	72.051	51.971	9.97	74.459	52.701	16.869	73.21	50.366
477291	THR	 283 	LYS	 275 	ILE	 276 	4	48.241906092	1	8.09654642425	19.014	62.727	45.705	20.679	67.693	51.106	19.762	64.855	53.481
331562	LYS	 275 	GLY	 277 	GLN	 278 	3	41.92486115	1	7.88444608073	20.679	67.693	51.106	21.068	61.842	51.582	21.903	60.498	48.123
477004	THR	 283 	LYS	 275 	GLN	 278 	5	56.2238263892	1	7.88444608073	19.014	62.727	45.705	20.679	67.693	51.106	21.903	60.498	48.123
542236	TYR	 285 	THR	 283 	LYS	 275 	5	56.8904896306	1	7.52357508104	16.495	67.317	50.147	19.014	62.727	45.705	20.679	67.693	51.106
542235	TYR	 285 	THR	 286 	LYS	 275 	4	49.978286379	1	6.63203573573	16.495	67.317	50.147	14.384	68.77	52.894	20.679	67.693	51.106
301321	GLY	 277 	ILE	 276 	GLN	 278 	2	23.9613921776	1	7.2301793892	21.068	61.842	51.582	19.762	64.855	53.481	21.903	60.498	48.123
475850	THR	 283 	GLY	 277 	ILE	 276 	3	42.1458103768	1	8.09654642425	19.014	62.727	45.705	21.068	61.842	51.582	19.762	64.855	53.481
475852	THR	 415 	GLY	 277 	ILE	 276 	5	53.2868588618	1	7.37995047409	14.51	59.686	53.883	21.068	61.842	51.582	19.762	64.855	53.481
481685	THR	 415 	PRO	 416 	GLY	 277 	6	67.256783946	1	7.27669574738	14.51	59.686	53.883	17.89	58.89	55.505	21.068	61.842	51.582
590760	ALA	 280 	GLY	 279 	GLN	 278 	1	19.8115004348	1	7.34587183389	20.103	54.826	43.816	21.486	57.064	46.56	21.903	60.498	48.123
446762	SER	 281 	GLY	 279 	GLN	 278 	3	39.4998486652	1	7.70441250194	16.627	56.178	44.537	21.486	57.064	46.56	21.903	60.498	48.123
302765	GLY	 282 	GLY	 279 	GLN	 278 	6	61.6748379983	1	5.95715150051	17.948	59.648	43.75	21.486	57.064	46.56	21.903	60.498	48.123
655925	ASN	 302 	SER	 281 	GLY	 282 	6	64.3120219628	1	7.97098343995	17.981	60.359	37.887	16.627	56.178	44.537	17.948	59.648	43.75
483272	THR	 283 	SER	 281 	MET	 301 	9	89.4416548844	1	7.06763001295	19.014	62.727	45.705	16.627	56.178	44.537	15.373	61.222	40.5
627272	ARG	 299 	SER	 281 	MET	 301 	9	85.6024646081	1	7.89591191694	13.429	63.263	45.923	16.627	56.178	44.537	15.373	61.222	40.5
656068	ASN	 302 	SER	 281 	MET	 301 	5	59.6580709689	1	7.97098343995	17.981	60.359	37.887	16.627	56.178	44.537	15.373	61.222	40.5
449648	SER	 281 	MET	 301 	GLN	 306 	9	89.5731265476	1	7.71863945265	16.627	56.178	44.537	15.373	61.222	40.5	16.67	54.523	36.998
655566	ASN	 302 	SER	 281 	GLN	 306 	7	75.208949788	1	7.97098343995	17.981	60.359	37.887	16.627	56.178	44.537	16.67	54.523	36.998
619566	ARG	 299 	GLY	 282 	GLN	 300 	7	69.7985146732	1	6.18154632758	13.429	63.263	45.923	17.948	59.648	43.75	15.279	64.278	42.751
648366	ASN	 302 	GLY	 282 	GLN	 300 	7	74.8202495093	1	6.80572266552	17.981	60.359	37.887	17.948	59.648	43.75	15.279	64.278	42.751
574273	VAL	 284 	TYR	 285 	THR	 283 	2	34.2897554767	1	6.86620892487	16.895	63.847	48.655	16.495	67.317	50.147	19.014	62.727	45.705
542092	TYR	 285 	THR	 283 	ILE	 298 	5	60.5150678212	1	8.04716633356	16.495	67.317	50.147	19.014	62.727	45.705	12.12	66.322	47.78
541804	TYR	 285 	THR	 283 	GLN	 300 	5	59.5171487805	1	8.08795357306	16.495	67.317	50.147	19.014	62.727	45.705	15.279	64.278	42.751
628490	ARG	 299 	THR	 283 	ILE	 298 	3	37.3805527064	1	8.04716633356	13.429	63.263	45.923	19.014	62.727	45.705	12.12	66.322	47.78
474127	THR	 283 	ILE	 298 	GLN	 300 	8	77.084372859	1	8.04716633356	19.014	62.727	45.705	12.12	66.322	47.78	15.279	64.278	42.751
478446	THR	 283 	MET	 301 	GLN	 300 	7	74.318901209	1	6.52793466573	19.014	62.727	45.705	15.373	61.222	40.5	15.279	64.278	42.751
574273	VAL	 284 	TYR	 285 	THR	 286 	2	30.6722654504	1	6.96492433555	16.895	63.847	48.655	16.495	67.317	50.147	14.384	68.77	52.894
633459	ARG	 299 	VAL	 284 	TYR	 285 	4	48.0155394486	1	6.60889158634	13.429	63.263	45.923	16.895	63.847	48.655	16.495	67.317	50.147
573484	VAL	 284 	TYR	 285 	GLN	 300 	5	58.0774202787	1	8.08795357306	16.895	63.847	48.655	16.495	67.317	50.147	15.279	64.278	42.751
632524	ARG	 299 	VAL	 284 	GLN	 300 	5	55.5067019582	1	6.13632080322	13.429	63.263	45.923	16.895	63.847	48.655	15.279	64.278	42.751
606103	ALA	 287 	ALA	 297 	TYR	 285 	8	83.0962735909	1	6.29273080626	12.772	72.051	51.971	11.09	66.237	51.428	16.495	67.317	50.147
631083	ARG	 299 	TYR	 285 	GLN	 300 	4	44.3256250732	1	8.08795357306	13.429	63.263	45.923	16.495	67.317	50.147	15.279	64.278	42.751
599904	ALA	 287 	THR	 286 	MET	 288 	1	22.8665310523	1	7.20314972772	12.772	72.051	51.971	14.384	68.77	52.894	9.97	74.459	52.701
392116	ASP	 289 	MET	 288 	GLU	 295 	5	57.234788291	1	6.39411667082	6.976	75.515	50.647	9.97	74.459	52.701	8.156	71.553	55.525
354605	MET	 288 	GLU	 295 	GLN	 294 	6	63.0026462618	1	5.62013736487	9.97	74.459	52.701	8.156	71.553	55.525	4.908	73.425	54.913
564847	VAL	 296 	MET	 288 	GLN	 294 	8	82.1519030789	1	6.30382851924	8.811	68.939	52.82	9.97	74.459	52.701	4.908	73.425	54.913
566282	VAL	 290 	ASP	 289 	GLN	 294 	3	43.1413490905	1	7.90831081837	7.384	79.285	50.215	6.976	75.515	50.647	4.908	73.425	54.913
561962	VAL	 290 	GLY	 293 	GLN	 294 	3	40.2778104299	1	7.90831081837	7.384	79.285	50.215	5.477	77.186	55.165	4.908	73.425	54.913
181803	GLU	 345 	GLU	 295 	GLN	 294 	4	46.386812435	1	7.8828244938	5.756	65.692	53.64	8.156	71.553	55.525	4.908	73.425	54.913
603792	ALA	 297 	VAL	 296 	GLU	 295 	1	21.4068297379	1	7.32486320691	11.09	66.237	51.428	8.811	68.939	52.82	8.156	71.553	55.525
556275	VAL	 296 	GLU	 345 	GLU	 295 	4	49.0083568644	1	6.60791540503	8.811	68.939	52.82	5.756	65.692	53.64	8.156	71.553	55.525
527476	TYR	 346 	GLU	 295 	GLU	 345 	5	56.1246373552	1	6.60791540503	8.658	65.775	56.065	8.156	71.553	55.525	5.756	65.692	53.64
573625	VAL	 296 	TYR	 346 	LEU	 347 	2	24.7852042048	1	7.83666466043	8.811	68.939	52.82	8.658	65.775	56.065	8.013	65.417	59.775
618123	ARG	 299 	ILE	 298 	GLN	 300 	4	47.3183962313	1	6.28076890197	13.429	63.263	45.923	12.12	66.322	47.78	15.279	64.278	42.751
629932	ARG	 299 	TRP	 341 	ILE	 298 	5	56.6793515504	1	6.51586133984	13.429	63.263	45.923	10.984	65.53	41.413	12.12	66.322	47.78
622448	ARG	 299 	MET	 301 	GLN	 300 	9	89.8398919284	1	6.11177110173	13.429	63.263	45.923	15.373	61.222	40.5	15.279	64.278	42.751
632523	ARG	 299 	VAL	 342 	GLN	 300 	4	52.1684045722	1	6.68965073827	13.429	63.263	45.923	8.712	63.931	43.978	15.279	64.278	42.751
630152	ARG	 299 	TRP	 341 	MET	 301 	9	88.7422941406	1	6.21737516964	13.429	63.263	45.923	10.984	65.53	41.413	15.373	61.222	40.5
629786	ARG	 299 	TRP	 341 	LEU	 340 	3	37.9917923542	1	7.98943777747	13.429	63.263	45.923	10.984	65.53	41.413	11.707	63.757	38.137
633389	ARG	 299 	VAL	 342 	TRP	 341 	6	65.6076991701	1	5.60869093461	13.429	63.263	45.923	8.712	63.931	43.978	10.984	65.53	41.413
633391	ARG	 299 	VAL	 343 	TRP	 341 	8	80.796322599	1	6.48215743406	13.429	63.263	45.923	7.656	66.02	46.954	10.984	65.53	41.413
651242	ASN	 302 	MET	 301 	GLN	 300 	3	35.6150463016	1	6.80572266552	17.981	60.359	37.887	15.373	61.222	40.5	15.279	64.278	42.751
507247	TRP	 341 	MET	 301 	GLN	 300 	8	78.240027268	1	6.21737516964	10.984	65.53	41.413	15.373	61.222	40.5	15.279	64.278	42.751
564844	VAL	 342 	MET	 301 	GLN	 300 	5	59.07836943	1	7.98774598995	8.712	63.931	43.978	15.373	61.222	40.5	15.279	64.278	42.751
642608	ASN	 302 	GLU	 339 	GLN	 300 	9	88.4686710933	1	6.80572266552	17.981	60.359	37.887	14.806	64.588	36.109	15.279	64.278	42.751
572044	VAL	 342 	TRP	 341 	GLN	 300 	5	56.1983201496	1	6.68965073827	8.712	63.931	43.978	10.984	65.53	41.413	15.279	64.278	42.751
651245	ASN	 302 	MET	 301 	GLN	 306 	6	63.7125592464	1	7.66960324919	17.981	60.359	37.887	15.373	61.222	40.5	16.67	54.523	36.998
651388	ASN	 302 	MET	 301 	LEU	 340 	5	55.1327975235	1	7.13946636661	17.981	60.359	37.887	15.373	61.222	40.5	11.707	63.757	38.137
507319	TRP	 341 	MET	 301 	GLU	 339 	8	78.8375043593	1	6.60510893173	10.984	65.53	41.413	15.373	61.222	40.5	14.806	64.588	36.109
507390	TRP	 341 	MET	 301 	LEU	 340 	7	73.8377458112	1	6.21737516964	10.984	65.53	41.413	15.373	61.222	40.5	11.707	63.757	38.137
572549	VAL	 342 	TRP	 341 	MET	 301 	6	61.2339282551	1	7.98774598995	8.712	63.931	43.978	10.984	65.53	41.413	15.373	61.222	40.5
641165	ASN	 302 	GLN	 304 	GLN	 305 	6	67.8531864713	1	6.26337425035	17.981	60.359	37.887	16.237	57.823	32.432	19.003	56.026	34.381
641168	ASN	 302 	GLN	 304 	GLN	 306 	9	85.7445409671	1	6.26337425035	17.981	60.359	37.887	16.237	57.823	32.432	16.67	54.523	36.998
652687	ASN	 302 	ASP	 338 	GLN	 304 	8	79.4762137451	1	7.41936634761	17.981	60.359	37.887	16.139	65.222	32.595	16.237	57.823	32.432
641165	ASN	 302 	GLN	 306 	GLN	 305 	6	67.3613421897	1	6.04714296176	17.981	60.359	37.887	16.67	54.523	36.998	19.003	56.026	34.381
209165	LEU	 303 	GLN	 306 	GLN	 304 	6	65.7001709249	1	5.65029600994	15.075	59.467	35.638	16.67	54.523	36.998	16.237	57.823	32.432
384843	ASP	 338 	LEU	 303 	GLN	 304 	4	50.9685493356	1	7.40144404829	16.139	65.222	32.595	15.075	59.467	35.638	16.237	57.823	32.432
151568	GLN	 304 	GLN	 306 	GLN	 305 	9	89.7935782388	1	5.65029600994	16.237	57.823	32.432	16.67	54.523	36.998	19.003	56.026	34.381
410768	PRO	 307 	GLN	 305 	GLN	 306 	9	89.0932210734	1	6.96153337994	14.836	51.123	37.038	19.003	56.026	34.381	16.67	54.523	36.998
419402	PRO	 307 	LYS	 308 	GLN	 306 	3	34.6096714506	1	6.93159527093	14.836	51.123	37.038	11.106	50.402	36.672	16.67	54.523	36.998
333007	LYS	 309 	LYS	 308 	GLN	 306 	8	80.5745280842	1	7.53629544272	9.188	53.691	36.647	11.106	50.402	36.672	16.67	54.523	36.998
272455	ILE	 316 	ILE	 312 	CYS	 411 	8	81.9802197205	1	7.9656383925	1.659	58.691	42.533	6.486	54.745	40.843	7.932	57.47	47.288
265180	ILE	 312 	CYS	 411 	PHE	 410 	5	58.9307294539	1	7.14524779136	6.486	54.745	40.843	7.932	57.47	47.288	8.963	53.82	46.991
618194	ARG	 320 	ILE	 316 	GLU	 315 	3	36.341893532	1	8.07217114536	-2.281	61.759	44.942	1.659	58.691	42.533	1.982	55.042	43.575
622516	ARG	 320 	MET	 319 	GLU	 315 	5	53.2450504936	1	8.07217114536	-2.281	61.759	44.942	-1.568	58.467	46.718	1.982	55.042	43.575
178779	GLU	 315 	CYS	 411 	PHE	 410 	4	49.7406277125	1	7.86744564646	1.982	55.042	43.575	7.932	57.47	47.288	8.963	53.82	46.991
651675	ASN	 322 	MET	 319 	LYS	 323 	4	49.7102150057	1	6.77652720794	-5.857	59.941	48.825	-1.568	58.467	46.718	-4.511	61.641	51.932
660390	ASN	 329 	TYR	 330 	MET	 319 	7	72.7453939832	1	7.26121408581	1.622	62.016	52.191	2.459	62.767	48.584	-1.568	58.467	46.718
649873	ASN	 322 	LYS	 323 	GLU	 321 	2	32.5669672949	1	6.92893823035	-5.857	59.941	48.825	-4.511	61.641	51.932	-6.007	61.054	45.192
666080	ASN	 322 	ASN	 324 	LYS	 323 	9	89.6383259312	1	7.02784646958	-5.857	59.941	48.825	-4.334	60.882	55.621	-4.511	61.641	51.932
654553	ASN	 324 	PRO	 325 	LYS	 323 	2	31.4131679038	1	6.96708934922	-4.334	60.882	55.621	-2.828	62.739	58.603	-4.511	61.641	51.932
666291	ASN	 329 	ASN	 324 	PRO	 325 	4	48.6805791264	1	7.83830166554	1.622	62.016	52.191	-4.334	60.882	55.621	-2.828	62.739	58.603
663411	ASN	 324 	ALA	 376 	PRO	 325 	4	48.0439223583	1	7.97470852132	-4.334	60.882	55.621	-3.172	54.793	59.185	-2.828	62.739	58.603
666655	ASN	 324 	ASN	 326 	VAL	 328 	8	78.0782869502	1	8.03464174684	-4.334	60.882	55.621	-1.256	59.515	59.881	3.676	60.6	55.059
666725	ASN	 324 	ASN	 326 	ALA	 376 	6	66.1218009474	1	7.15040285578	-4.334	60.882	55.621	-1.256	59.515	59.881	-3.172	54.793	59.185
665936	ASN	 324 	ASN	 329 	ILE	 327 	9	89.5740886649	1	6.96597387305	-4.334	60.882	55.621	1.622	62.016	52.191	0.893	58.719	56.832
666651	ASN	 324 	ASN	 329 	VAL	 328 	4	46.5962524265	1	8.03464174684	-4.334	60.882	55.621	1.622	62.016	52.191	3.676	60.6	55.059
663409	ASN	 326 	ALA	 376 	PRO	 325 	2	32.9863520861	1	7.97470852132	-1.256	59.515	59.881	-3.172	54.793	59.185	-2.828	62.739	58.603
654554	ASN	 326 	PRO	 325 	LYS	 404 	3	41.8990631839	1	7.20069538309	-1.256	59.515	59.881	-2.828	62.739	58.603	3.071	59.281	60.86
661610	ASN	 326 	VAL	 403 	ILE	 327 	3	41.5124038474	1	7.92726201156	-1.256	59.515	59.881	2.356	60.104	64.499	0.893	58.719	56.832
642532	ASN	 326 	GLU	 372 	CYS	 373 	5	53.6263135341	1	7.09442492384	-1.256	59.515	59.881	-2.787	56.448	65.34	-1.131	53.489	63.623
641094	ASN	 326 	GLN	 375 	CYS	 373 	7	72.7824799962	1	7.09442492384	-1.256	59.515	59.881	-5.989	54.747	61.749	-1.131	53.489	63.623
662693	ASN	 326 	ALA	 376 	CYS	 373 	6	64.5544343026	1	7.09442492384	-1.256	59.515	59.881	-3.172	54.793	59.185	-1.131	53.489	63.623
661256	ASN	 326 	VAL	 403 	CYS	 373 	9	85.3330575957	1	7.52892887468	-1.256	59.515	59.881	2.356	60.104	64.499	-1.131	53.489	63.623
649735	ASN	 326 	LYS	 404 	CYS	 373 	8	82.1405720771	1	7.67060864599	-1.256	59.515	59.881	3.071	59.281	60.86	-1.131	53.489	63.623
662763	ASN	 326 	ALA	 376 	GLN	 375 	4	48.4298956101	1	6.9731296417	-1.256	59.515	59.881	-3.172	54.793	59.185	-5.989	54.747	61.749
662257	ASN	 329 	VAL	 328 	TYR	 330 	2	32.003733478	1	6.93560401119	1.622	62.016	52.191	3.676	60.6	55.059	2.459	62.767	48.584
660390	ASN	 329 	TYR	 330 	MET	 344 	7	71.2855296298	1	5.84111530446	1.622	62.016	52.191	2.459	62.767	48.584	6.582	64.358	50.183
663699	ASN	 329 	ALA	 412 	TYR	 330 	4	49.4592916387	1	7.96063935875	1.622	62.016	52.191	7.658	57.28	51.081	2.459	62.767	48.584
663271	ASN	 329 	ALA	 412 	MET	 344 	8	77.3295432917	1	7.7521024245	1.622	62.016	52.191	7.658	57.28	51.081	6.582	64.358	50.183
536115	TYR	 330 	MET	 344 	GLU	 345 	4	48.6061823672	1	6.70738175446	2.459	62.767	48.584	6.582	64.358	50.183	5.756	65.692	53.64
535976	TYR	 330 	MET	 344 	CYS	 411 	9	88.3358908193	1	7.72603093444	2.459	62.767	48.584	6.582	64.358	50.183	7.932	57.47	47.288
602211	ALA	 412 	TYR	 330 	CYS	 411 	4	51.9290931466	1	7.96063935875	7.658	57.28	51.081	2.459	62.767	48.584	7.932	57.47	47.288
451224	SER	 333 	ASP	 332 	LEU	 331 	1	23.0673124894	1	7.26739637009	5.73	66.11	41.534	3.432	67.229	44.347	2.186	66.495	47.867
566426	VAL	 342 	ASP	 332 	LEU	 331 	3	42.8662933844	1	8.01792323485	8.712	63.931	43.978	3.432	67.229	44.347	2.186	66.495	47.867
540937	TYR	 334 	SER	 333 	ASP	 332 	2	32.4766197988	1	6.94115156152	7.648	68.054	38.895	5.73	66.11	41.534	3.432	67.229	44.347
511711	TRP	 341 	SER	 333 	LEU	 335 	8	78.1155877311	1	7.20292683567	10.984	65.53	41.413	5.73	66.11	41.534	9.703	67.659	35.729
511707	TRP	 341 	SER	 333 	LEU	 340 	4	45.1838234935	1	7.2664122509	10.984	65.53	41.413	5.73	66.11	41.534	11.707	63.757	38.137
574349	VAL	 336 	TYR	 334 	TRP	 341 	6	65.2908364308	1	7.19965874191	12.978	69.585	35.808	7.648	68.054	38.895	10.984	65.53	41.413
572119	VAL	 336 	TRP	 341 	GLU	 339 	8	77.2267232617	1	7.19965874191	12.978	69.585	35.808	10.984	65.53	41.413	14.806	64.588	36.109
500114	TRP	 341 	LEU	 340 	GLU	 339 	3	40.2279142744	1	6.60510893173	10.984	65.53	41.413	11.707	63.757	38.137	14.806	64.588	36.109
572186	VAL	 342 	TRP	 341 	LEU	 340 	3	40.8432219429	1	6.56639794712	8.712	63.931	43.978	10.984	65.53	41.413	11.707	63.757	38.137
575786	VAL	 343 	VAL	 342 	TRP	 341 	3	42.4221238997	1	6.48215743406	7.656	66.02	46.954	8.712	63.931	43.978	10.984	65.53	41.413
593571	ALA	 412 	MET	 344 	CYS	 411 	4	51.4207265394	1	7.59263254741	7.658	57.28	51.081	6.582	64.358	50.183	7.932	57.47	47.288
528914	TYR	 346 	LEU	 347 	GLU	 345 	3	41.018357553	1	6.54277456436	8.658	65.775	56.065	8.013	65.417	59.775	5.756	65.692	53.64
303127	GLY	 350 	GLY	 398 	GLY	 349 	8	77.7387884129	1	6.7240798627	12.593	61.365	65.874	6.853	64.86	65.649	11.509	64.96	65.347
303055	GLY	 349 	GLY	 350 	ILE	 534 	8	76.6434593596	1	7.4987857017	11.509	64.96	65.347	12.593	61.365	65.874	11.006	62.157	72.284
331924	LYS	 538 	GLY	 349 	GLY	 350 	5	59.0921620818	1	7.95796927614	16.954	62.791	70.73	11.509	64.96	65.347	12.593	61.365	65.874
360727	MET	 399 	GLY	 349 	GLY	 398 	8	77.8863693815	1	5.10881405025	8.103	66.772	68.696	11.509	64.96	65.347	6.853	64.86	65.649
446906	SER	 351 	GLY	 350 	LEU	 352 	3	35.3675887209	1	6.8209657674	11.735	57.679	65.533	12.593	61.365	65.874	9.61	55.563	67.865
360724	MET	 399 	GLY	 350 	GLY	 398 	5	58.9622861704	1	7.57360105894	8.103	66.772	68.696	12.593	61.365	65.874	6.853	64.86	65.649
655707	ASN	 394 	SER	 351 	LEU	 352 	4	48.7248579747	1	7.99796486614	8.894	53.238	60.246	11.735	57.679	65.533	9.61	55.563	67.865
656287	ASN	 394 	SER	 351 	SER	 392 	8	76.0715904545	1	7.46633316964	8.894	53.238	60.246	11.735	57.679	65.533	9.357	51.182	65.302
484782	THR	 357 	THR	 353 	ASP	 354 	7	69.2661796661	1	6.51612975623	15.275	52.122	73.692	12.674	53.311	67.837	14.83	55.838	69.67
571399	VAL	 355 	THR	 357 	THR	 353 	8	76.5499449134	1	6.51612975623	11.934	56.495	72.066	15.275	52.122	73.692	12.674	53.311	67.837
571323	VAL	 356 	THR	 353 	SER	 392 	4	46.9342585374	1	8.02261191882	11.626	52.772	72.831	12.674	53.311	67.837	9.357	51.182	65.302
595515	ALA	 537 	ASP	 354 	LYS	 538 	4	47.3391703136	1	7.34705281048	15.546	60.278	73.211	14.83	55.838	69.67	16.954	62.791	70.73
574854	VAL	 355 	VAL	 356 	CYS	 360 	7	70.4640578974	1	7.98380917858	11.934	56.495	72.066	11.626	52.772	72.831	10.176	53.734	79.348
570536	VAL	 355 	THR	 357 	CYS	 360 	9	87.9010004267	1	7.98380917858	11.934	56.495	72.066	15.275	52.122	73.692	10.176	53.734	79.348
570530	VAL	 355 	THR	 359 	CYS	 360 	3	39.7284162979	1	7.98380917858	11.934	56.495	72.066	12.98	55.695	77.687	10.176	53.734	79.348
564771	VAL	 355 	MET	 361 	CYS	 360 	4	50.3941290899	1	8.06099875946	11.934	56.495	72.066	6.741	54.041	77.722	10.176	53.734	79.348
606170	ALA	 536 	ALA	 537 	VAL	 355 	3	42.9853828556	1	8.07807309945	15.04	62.865	75.943	15.546	60.278	73.211	11.934	56.495	72.066
570532	VAL	 356 	THR	 359 	CYS	 360 	5	54.9752830576	1	6.74531192755	11.626	52.772	72.831	12.98	55.695	77.687	10.176	53.734	79.348
570964	VAL	 356 	THR	 359 	GLY	 460 	5	59.5346583614	1	7.37616634845	11.626	52.772	72.831	12.98	55.695	77.687	11.699	48.808	75.377
564772	VAL	 356 	MET	 361 	CYS	 360 	5	58.4277527001	1	7.02819087675	11.626	52.772	72.831	6.741	54.041	77.722	10.176	53.734	79.348
564774	VAL	 356 	MET	 457 	CYS	 360 	7	75.2430578361	1	8.05265726329	11.626	52.772	72.831	7.308	49.345	73.236	10.176	53.734	79.348
565351	VAL	 356 	MET	 361 	MET	 457 	8	79.9973808133	1	7.02819087675	11.626	52.772	72.831	6.741	54.041	77.722	7.308	49.345	73.236
564915	VAL	 356 	MET	 457 	GLU	 456 	4	44.9647627006	1	7.42588594041	11.626	52.772	72.831	7.308	49.345	73.236	8.544	46.115	71.678
484280	THR	 359 	THR	 357 	GLU	 358 	9	89.9552143983	1	5.83038412114	12.98	55.695	77.687	15.275	52.122	73.692	16.198	55.236	75.686
469735	THR	 357 	GLU	 358 	CYS	 360 	8	81.033037305	1	7.78387313617	15.275	52.122	73.692	16.198	55.236	75.686	10.176	53.734	79.348
475634	THR	 357 	GLY	 460 	GLU	 358 	3	35.3633654176	1	7.85211219991	15.275	52.122	73.692	11.699	48.808	75.377	16.198	55.236	75.686
484130	THR	 357 	THR	 359 	CYS	 360 	3	42.7897772559	1	7.78387313617	15.275	52.122	73.692	12.98	55.695	77.687	10.176	53.734	79.348
475494	THR	 357 	GLY	 460 	CYS	 360 	7	74.7296812607	1	7.78387313617	15.275	52.122	73.692	11.699	48.808	75.377	10.176	53.734	79.348
469729	THR	 359 	GLU	 358 	CYS	 360 	2	25.4114004999	1	7.20629807876	12.98	55.695	77.687	16.198	55.236	75.686	10.176	53.734	79.348
475635	THR	 359 	GLY	 460 	GLU	 358 	4	49.7921251842	1	7.85211219991	12.98	55.695	77.687	11.699	48.808	75.377	16.198	55.236	75.686
605236	ALA	 536 	ALA	 537 	GLU	 358 	5	55.9458541623	1	7.72066409061	15.04	62.865	75.943	15.546	60.278	73.211	16.198	55.236	75.686
478376	THR	 359 	MET	 361 	CYS	 360 	9	89.7995038389	1	6.45461555788	12.98	55.695	77.687	6.741	54.041	77.722	10.176	53.734	79.348
475492	THR	 359 	GLY	 460 	CYS	 360 	5	60.5178176805	1	7.37616634845	12.98	55.695	77.687	11.699	48.808	75.377	10.176	53.734	79.348
391970	ASP	 362 	MET	 361 	CYS	 360 	3	39.4857590991	1	6.66563830402	3.529	53.329	79.638	6.741	54.041	77.722	10.176	53.734	79.348
363171	MET	 457 	MET	 361 	CYS	 360 	4	44.322930613	1	8.05265726329	7.308	49.345	73.236	6.741	54.041	77.722	10.176	53.734	79.348
358851	MET	 361 	ILE	 458 	CYS	 360 	4	48.5079333361	1	7.57067533315	6.741	54.041	77.722	6.393	47.79	76.578	10.176	53.734	79.348
360293	MET	 361 	GLY	 460 	CYS	 360 	6	60.6668021191	1	7.58057240583	6.741	54.041	77.722	11.699	48.808	75.377	10.176	53.734	79.348
121258	CYS	 360 	CYS	 373 	CYS	 370 	2	28.9647930754	2	19.3696644008	10.176	53.734	79.348	-1.131	53.489	63.623	-1.39	52.193	68.419
358855	MET	 457 	ILE	 458 	CYS	 360 	8	82.5280276452	1	8.05265726329	7.308	49.345	73.236	6.393	47.79	76.578	10.176	53.734	79.348
392113	ASP	 362 	MET	 361 	GLU	 363 	2	33.6178953734	1	6.88532744319	3.529	53.329	79.638	6.741	54.041	77.722	0.326	51.663	78.497
392402	ASP	 362 	MET	 361 	GLY	 364 	3	42.7906392582	1	8.08366086622	3.529	53.329	79.638	6.741	54.041	77.722	-1.268	55.085	78.056
360436	MET	 361 	GLY	 364 	GLU	 363 	5	57.7691302152	1	8.08366086622	6.741	54.041	77.722	-1.268	55.085	78.056	0.326	51.663	78.497
363533	MET	 361 	MET	 457 	ILE	 458 	6	60.8575810254	1	6.51905675692	6.741	54.041	77.722	7.308	49.345	73.236	6.393	47.79	76.578
363605	MET	 361 	MET	 457 	GLY	 460 	6	62.3186167288	1	7.58057240583	6.741	54.041	77.722	7.308	49.345	73.236	11.699	48.808	75.377
387795	ASP	 362 	ILE	 458 	GLU	 363 	4	51.6398433952	1	7.44924016259	3.529	53.329	79.638	6.393	47.79	76.578	0.326	51.663	78.497
387726	ASP	 362 	ILE	 366 	GLN	 365 	7	71.2985136984	1	6.16802229244	3.529	53.329	79.638	1.512	52.78	73.835	1.442	56.148	75.639
388015	ASP	 362 	ILE	 458 	ILE	 366 	8	77.1667102669	1	7.49988733249	3.529	53.329	79.638	6.393	47.79	76.578	1.512	52.78	73.835
590833	ALA	 524 	GLY	 364 	GLU	 363 	2	31.4280250701	1	7.53139283267	-4.855	56.354	75.691	-1.268	55.085	78.056	0.326	51.663	78.497
268205	ILE	 366 	GLU	 363 	GLN	 365 	6	67.7225776688	1	5.43404499429	1.512	52.78	73.835	0.326	51.663	78.497	1.442	56.148	75.639
590765	ALA	 367 	GLY	 364 	GLN	 365 	6	68.2775840007	1	5.41055533194	-2.262	52.866	73.452	-1.268	55.085	78.056	1.442	56.148	75.639
419404	PRO	 526 	LYS	 525 	GLN	 365 	5	58.3152401261	1	7.58999202898	-2.505	62.597	74.976	-2.975	59.385	76.999	1.442	56.148	75.639
448206	SER	 529 	LYS	 525 	GLN	 365 	7	75.4593535201	1	7.08559016596	2.58	63.068	76.651	-2.975	59.385	76.999	1.442	56.148	75.639
605450	ALA	 524 	ALA	 367 	ILE	 366 	3	37.2466150027	1	7.53371760819	-4.855	56.354	75.691	-2.262	52.866	73.452	1.512	52.78	73.835
560452	VAL	 369 	ILE	 366 	CYS	 370 	5	60.5873325592	1	6.17245729025	0.394	55.498	69.156	1.512	52.78	73.835	-1.39	52.193	68.419
359211	MET	 457 	ILE	 366 	ILE	 458 	4	50.7051669237	1	7.49988733249	7.308	49.345	73.236	1.512	52.78	73.835	6.393	47.79	76.578
606247	ALA	 367 	ALA	 524 	ALA	 368 	8	77.1614021597	1	4.88906064597	-2.262	52.866	73.452	-4.855	56.354	75.691	-2.014	56.356	71.942
605594	ALA	 367 	ALA	 524 	LYS	 525 	3	38.6573401769	1	7.45566489322	-2.262	52.866	73.452	-4.855	56.354	75.691	-2.975	59.385	76.999
556133	VAL	 369 	GLU	 372 	CYS	 370 	6	68.1371367422	1	5.43478380435	0.394	55.498	69.156	-2.787	56.448	65.34	-1.39	52.193	68.419
553254	VAL	 369 	CYS	 373 	CYS	 370 	7	75.0644247851	1	6.08077256605	0.394	55.498	69.156	-1.131	53.489	63.623	-1.39	52.193	68.419
574855	VAL	 403 	VAL	 369 	CYS	 373 	8	75.9678444404	1	7.52892887468	2.356	60.104	64.499	0.394	55.498	69.156	-1.131	53.489	63.623
610854	ARG	 371 	CYS	 373 	CYS	 370 	7	74.0378819666	1	5.38087074738	-4.603	54.074	67.692	-1.131	53.489	63.623	-1.39	52.193	68.419
615171	ARG	 371 	LEU	 521 	CYS	 370 	4	48.1134930663	1	7.51561687422	-4.603	54.074	67.692	-7.256	52.547	73.104	-1.39	52.193	68.419
178854	GLU	 372 	CYS	 370 	CYS	 373 	7	74.2100394274	1	5.43478380435	-2.787	56.448	65.34	-1.39	52.193	68.419	-1.131	53.489	63.623
207654	LEU	 374 	CYS	 370 	CYS	 373 	7	74.6705240223	1	5.89600881953	-4.472	51.679	63.419	-1.39	52.193	68.419	-1.131	53.489	63.623
121266	CYS	 370 	CYS	 411 	CYS	 373 	1	13.3847083684	3	23.6910441729	-1.39	52.193	68.419	7.932	57.47	47.288	-1.131	53.489	63.623
207653	LEU	 450 	CYS	 373 	CYS	 370 	6	67.119121718	1	7.89686982291	1.453	46.18	65.127	-1.131	53.489	63.623	-1.39	52.193	68.419
121278	CYS	 411 	CYS	 501 	CYS	 370 	4	50.0391934412	4	28.0790527618	7.932	57.47	47.288	-3.4	41.256	67.216	-1.39	52.193	68.419
180294	GLU	 372 	GLN	 375 	CYS	 373 	7	68.8591608857	1	5.356734453	-2.787	56.448	65.34	-5.989	54.747	61.749	-1.131	53.489	63.623
556131	VAL	 403 	GLU	 372 	CYS	 373 	4	48.8903077821	1	7.52892887468	2.356	60.104	64.499	-2.787	56.448	65.34	-1.131	53.489	63.623
325731	LYS	 404 	GLU	 372 	CYS	 373 	4	52.2538407066	1	7.90015525164	3.071	59.281	60.86	-2.787	56.448	65.34	-1.131	53.489	63.623
209093	LEU	 374 	GLN	 375 	CYS	 373 	6	63.8143497049	1	5.356734453	-4.472	51.679	63.419	-5.989	54.747	61.749	-1.131	53.489	63.623
180220	GLU	 378 	GLN	 375 	PHE	 379 	5	58.9673697123	1	6.15766587272	-7.325	51.224	58.238	-5.989	54.747	61.749	-6.76	53.989	55.687
645342	ASN	 383 	HIS	 381 	PHE	 379 	7	75.5035473363	1	6.61710110245	-6.793	51.632	49.504	-5.91	48.989	53.633	-6.76	53.989	55.687
443887	SER	 382 	HIS	 381 	GLN	 384 	8	80.4855669152	1	5.52086397224	-9.123	50.554	52.313	-5.91	48.989	53.633	-5.674	48.061	48.796
661544	ASN	 383 	VAL	 385 	HIS	 381 	9	89.3750577385	1	5.42929765255	-6.793	51.632	49.504	-2.272	48.738	50.318	-5.91	48.989	53.633
559086	VAL	 385 	HIS	 381 	GLN	 384 	7	73.8260073524	1	4.93086696231	-2.272	48.738	50.318	-5.91	48.989	53.633	-5.674	48.061	48.796
560741	VAL	 385 	ILE	 386 	HIS	 381 	6	67.0708540863	1	6.32959809151	-2.272	48.738	50.318	-0.284	46.329	52.477	-5.91	48.989	53.633
416744	PRO	 443 	ILE	 386 	HIS	 381 	9	89.2939525389	1	6.39331557175	-3.694	43.191	55.165	-0.284	46.329	52.477	-5.91	48.989	53.633
655565	ASN	 383 	SER	 382 	GLN	 384 	6	61.0486895986	1	5.52086397224	-6.793	51.632	49.504	-9.123	50.554	52.313	-5.674	48.061	48.796
662043	ASN	 383 	VAL	 385 	SER	 382 	4	45.1445671526	1	7.36302125489	-6.793	51.632	49.504	-2.272	48.738	50.318	-9.123	50.554	52.313
560739	VAL	 385 	ILE	 386 	HIS	 387 	4	45.9484396182	1	6.33194804148	-2.272	48.738	50.318	-0.284	46.329	52.477	2.518	48.023	54.397
270938	ILE	 386 	HIS	 387 	PHE	 408 	3	40.4579483936	1	7.66944717695	-0.284	46.329	52.477	2.518	48.023	54.397	5.106	51.777	52.773
422574	PRO	 443 	ASP	 446 	ILE	 386 	7	69.3368814659	1	7.2176009172	-3.694	43.191	55.165	0.099	44.584	59.47	-0.284	46.329	52.477
616539	ARG	 388 	HIS	 387 	PHE	 408 	4	46.3967234952	1	7.40715586443	4.436	44.82	55.226	2.518	48.023	54.397	5.106	51.777	52.773
299742	GLY	 409 	HIS	 387 	PHE	 408 	7	72.9543616905	1	7.72461766044	6.243	52.356	49.199	2.518	48.023	54.397	5.106	51.777	52.773
627271	ARG	 388 	SER	 449 	MET	 431 	8	75.8972934547	1	7.9604031305	4.436	44.82	55.226	3.343	43.632	63.021	6.737	39.522	60.204
508972	TRP	 430 	ASP	 389 	ILE	 390 	5	55.5386992499	1	7.38486323502	7.853	41.895	62.943	6.952	46.685	57.395	5.116	47.987	60.449
393773	ASP	 446 	ASP	 389 	ILE	 390 	6	63.3802375031	1	7.46213340808	0.099	44.584	59.47	6.952	46.685	57.395	5.116	47.987	60.449
393340	ASP	 389 	ASP	 407 	PHE	 408 	5	56.0367463607	1	7.54821475582	6.952	46.685	57.395	8.228	53.414	54.222	5.106	51.777	52.773
509187	TRP	 430 	ASP	 389 	MET	 431 	4	50.8123237356	1	7.69709523132	7.853	41.895	62.943	6.952	46.685	57.395	6.737	39.522	60.204
448489	SER	 392 	LYS	 391 	ILE	 390 	2	26.3754759757	1	7.19344945072	9.357	51.182	65.302	7.886	48.49	63.023	5.116	47.987	60.449
506092	TRP	 430 	LYS	 391 	ILE	 390 	5	53.9577910848	1	7.12907209951	7.853	41.895	62.943	7.886	48.49	63.023	5.116	47.987	60.449
647211	ASN	 394 	ILE	 390 	ILE	 395 	4	45.9070241175	1	7.82644510618	8.894	53.238	60.246	5.116	47.987	60.449	6.693	55.392	62.432
507536	TRP	 430 	MET	 453 	ILE	 390 	9	86.4315494596	1	7.51831297566	7.853	41.895	62.943	5.501	46.769	67.858	5.116	47.987	60.449
450077	SER	 392 	MET	 453 	LYS	 391 	6	67.8259551523	1	6.3934686204	9.357	51.182	65.302	5.501	46.769	67.858	7.886	48.49	63.023
512000	TRP	 430 	SER	 449 	LYS	 391 	9	89.2451645309	1	6.65124176376	7.853	41.895	62.943	3.343	43.632	63.021	7.886	48.49	63.023
505951	TRP	 430 	LYS	 391 	LEU	 450 	8	81.7891784375	1	8.00569053861	7.853	41.895	62.943	7.886	48.49	63.023	1.453	46.18	65.127
507679	TRP	 430 	MET	 453 	LYS	 391 	8	80.9002331961	1	7.31060907175	7.853	41.895	62.943	5.501	46.769	67.858	7.886	48.49	63.023
450079	SER	 449 	MET	 453 	LYS	 391 	8	79.3628592724	1	6.65124176376	3.343	43.632	63.021	5.501	46.769	67.858	7.886	48.49	63.023
362090	MET	 453 	LYS	 391 	ILE	 452 	3	40.609859002	1	7.83654011666	5.501	46.769	67.858	7.886	48.49	63.023	4.899	43.016	67.769
656144	ASN	 394 	SER	 392 	ASP	 393 	9	89.6523865469	1	5.47764922207	8.894	53.238	60.246	9.357	51.182	65.302	11.758	52.385	62.589
387866	ASP	 393 	ILE	 395 	LEU	 396 	3	42.9201214537	1	7.80013563985	11.758	52.385	62.589	6.693	55.392	62.432	7.698	59.045	62.643
569307	VAL	 403 	SER	 402 	LEU	 396 	4	50.8308981685	1	8.09525200349	2.356	60.104	64.499	1.968	63.411	66.336	7.698	59.045	62.643
360506	MET	 399 	GLY	 398 	LEU	 397 	3	43.3937173462	1	6.45424310047	8.103	66.772	68.696	6.853	64.86	65.649	7.149	61.089	65.789
451586	SER	 402 	ASP	 400 	MET	 399 	3	41.5139316792	1	7.38269232733	1.968	63.411	66.336	4.351	67.19	68.764	8.103	66.772	68.696
480389	THR	 531 	ASP	 400 	MET	 399 	6	67.5559200591	1	6.31702295389	7.218	65.157	74.013	4.351	67.19	68.764	8.103	66.772	68.696
478586	THR	 531 	MET	 399 	LEU	 530 	3	38.1097100207	1	8.00634036249	7.218	65.157	74.013	8.103	66.772	68.696	5.389	61.833	74.383
454543	SER	 528 	SER	 402 	ASP	 400 	8	80.4575776629	1	7.81621884289	1.664	65.481	73.867	1.968	63.411	66.336	4.351	67.19	68.764
454324	SER	 529 	SER	 528 	GLY	 401 	5	57.2726639524	1	7.19551478353	2.58	63.068	76.651	1.664	65.481	73.867	3.916	63.519	69.595
569593	VAL	 403 	SER	 402 	LYS	 404 	2	32.2897356311	1	6.94694789098	2.356	60.104	64.499	1.968	63.411	66.336	3.071	59.281	60.86
480025	THR	 406 	ASP	 407 	LEU	 405 	2	24.9180563434	1	7.19926517084	6.285	55.814	56.441	8.228	53.414	54.222	3.607	55.951	59.125
479883	THR	 406 	ASP	 407 	GLN	 413 	4	49.47597205	1	6.49497690527	6.285	55.814	56.441	8.228	53.414	54.222	10.925	55.501	51.907
599404	ALA	 412 	THR	 406 	GLN	 413 	5	57.3778125361	1	6.49497690527	7.658	57.28	51.081	6.285	55.814	56.441	10.925	55.501	51.907
378940	ASP	 407 	PHE	 410 	PHE	 408 	5	54.5389203218	1	7.2795894115	8.228	53.414	54.222	8.963	53.82	46.991	5.106	51.777	52.773
381818	ASP	 407 	GLN	 413 	PHE	 408 	3	37.8423399082	1	6.9626785794	8.228	53.414	54.222	10.925	55.501	51.907	5.106	51.777	52.773
389019	ASP	 407 	GLY	 409 	PHE	 410 	4	46.7443414657	1	7.2795894115	8.228	53.414	54.222	6.243	52.356	49.199	8.963	53.82	46.991
389093	ASP	 407 	GLY	 409 	CYS	 411 	6	63.0884384208	1	8.03860112209	8.228	53.414	54.222	6.243	52.356	49.199	7.932	57.47	47.288
595009	ALA	 412 	ASP	 407 	CYS	 411 	2	29.8666119505	1	8.03860112209	7.658	57.28	51.081	8.228	53.414	54.222	7.932	57.47	47.288
381892	ASP	 407 	GLN	 413 	CYS	 411 	5	56.6804972625	1	8.03860112209	8.228	53.414	54.222	10.925	55.501	51.907	7.932	57.47	47.288
292537	GLY	 409 	PHE	 410 	PHE	 408 	2	23.2818705357	1	7.24443386332	6.243	52.356	49.199	8.963	53.82	46.991	5.106	51.777	52.773
590620	ALA	 412 	GLY	 409 	PHE	 408 	5	58.5054833785	1	6.29750561731	7.658	57.28	51.081	6.243	52.356	49.199	5.106	51.777	52.773
295496	GLY	 409 	GLN	 413 	CYS	 411 	9	88.5287014335	1	6.25662952395	6.243	52.356	49.199	10.925	55.501	51.907	7.932	57.47	47.288
581981	ALA	 412 	CYS	 411 	PHE	 410 	6	61.1988337256	1	5.51386661065	7.658	57.28	51.081	7.932	57.47	47.288	8.963	53.82	46.991
149981	GLN	 413 	CYS	 411 	PHE	 410 	6	68.154897342	1	5.84552572486	10.925	55.501	51.907	7.932	57.47	47.288	8.963	53.82	46.991
583492	ALA	 412 	GLN	 413 	CYS	 411 	5	55.3753430614	1	5.84552572486	7.658	57.28	51.081	10.925	55.501	51.907	7.932	57.47	47.288
481612	THR	 415 	PRO	 416 	ILE	 414 	5	60.2480591169	1	5.57836857872	14.51	59.686	53.883	17.89	58.89	55.505	12.908	56.426	55.029
481681	THR	 427 	PRO	 428 	GLY	 426 	2	31.0782333044	1	7.07968961184	15.855	39.243	61.787	12.182	39.754	60.556	18.912	41.498	61.893
481683	THR	 427 	PRO	 469 	GLY	 426 	4	45.6699047463	1	7.33555764751	15.855	39.243	61.787	17.913	34.289	62.811	18.912	41.498	61.893
545477	TYR	 464 	TYR	 429 	THR	 427 	6	67.0209759911	1	7.65254872575	14.346	38.204	69.217	10.992	39.989	64.097	15.855	39.243	61.787
543893	TYR	 429 	TRP	 430 	PRO	 428 	6	62.4227577128	1	5.38719695203	10.992	39.989	64.097	7.853	41.895	62.943	12.182	39.754	60.556
539432	TYR	 429 	PRO	 428 	MET	 431 	9	84.7660814838	1	5.7860662803	10.992	39.989	64.097	12.182	39.754	60.556	6.737	39.522	60.204
510629	TRP	 430 	PRO	 428 	MET	 431 	6	68.0992912964	1	5.46129590848	7.853	41.895	62.943	12.182	39.754	60.556	6.737	39.522	60.204
543748	TYR	 429 	TRP	 430 	MET	 431 	5	56.5476637138	1	5.7860662803	10.992	39.989	64.097	7.853	41.895	62.943	6.737	39.522	60.204
543532	TYR	 429 	TRP	 430 	ILE	 452 	5	58.2945811697	1	7.73116821703	10.992	39.989	64.097	7.853	41.895	62.943	4.899	43.016	67.769
545335	TYR	 429 	TYR	 464 	PRO	 462 	8	76.3981058244	1	7.41649014022	10.992	39.989	64.097	14.346	38.204	69.217	12.987	44.088	69.947
545333	TYR	 429 	TYR	 464 	PRO	 463 	6	62.4793119826	1	6.3757306248	10.992	39.989	64.097	14.346	38.204	69.217	11.54	40.52	70.172
603224	ALA	 472 	TYR	 429 	TYR	 464 	9	89.3135493088	1	7.38917965677	13.622	33.213	65.427	10.992	39.989	64.097	14.346	38.204	69.217
601352	ALA	 432 	TRP	 430 	MET	 431 	9	89.9734476403	1	6.62103753199	3.661	37.338	60.598	7.853	41.895	62.943	6.737	39.522	60.204
514948	TRP	 448 	TRP	 430 	MET	 431 	5	54.3902170951	1	7.44836216896	0.456	41.208	63.482	7.853	41.895	62.943	6.737	39.522	60.204
512068	TRP	 430 	SER	 449 	MET	 431 	5	58.9865954768	1	6.02883280578	7.853	41.895	62.943	3.343	43.632	63.021	6.737	39.522	60.204
515166	TRP	 430 	TRP	 448 	SER	 449 	7	74.5066155156	1	7.44836216896	7.853	41.895	62.943	0.456	41.208	63.482	3.343	43.632	63.021
514589	TRP	 430 	TRP	 448 	LEU	 450 	6	65.1504754471	1	8.00569053861	7.853	41.895	62.943	0.456	41.208	63.482	1.453	46.18	65.127
514736	TRP	 448 	TRP	 430 	ILE	 452 	9	83.5852399771	1	7.44836216896	0.456	41.208	63.482	7.853	41.895	62.943	4.899	43.016	67.769
511705	TRP	 430 	SER	 449 	LEU	 450 	2	27.525911697	1	8.00569053861	7.853	41.895	62.943	3.343	43.632	63.021	1.453	46.18	65.127
503068	TRP	 430 	ILE	 452 	LEU	 450 	5	60.4085396833	1	8.00569053861	7.853	41.895	62.943	4.899	43.016	67.769	1.453	46.18	65.127
507388	TRP	 430 	MET	 453 	LEU	 450 	5	60.5672423962	1	8.00569053861	7.853	41.895	62.943	5.501	46.769	67.858	1.453	46.18	65.127
507533	TRP	 430 	MET	 453 	ILE	 452 	6	66.6351845207	1	7.31060907175	7.853	41.895	62.943	5.501	46.769	67.858	4.899	43.016	67.769
597026	ALA	 432 	PRO	 433 	MET	 431 	3	38.230063939	1	6.72978276024	3.661	37.338	60.598	3.781	33.488	60.582	6.737	39.522	60.204
601347	ALA	 432 	TRP	 448 	MET	 431 	4	48.4120172197	1	7.28277701155	3.661	37.338	60.598	0.456	41.208	63.482	6.737	39.522	60.204
605815	ALA	 477 	ALA	 432 	PRO	 433 	8	77.1504965374	1	7.79373453487	6.186	30.201	62.45	3.661	37.338	60.598	3.781	33.488	60.582
597030	ALA	 432 	PRO	 433 	MET	 504 	7	71.2491137163	1	8.07427327999	3.661	37.338	60.598	3.781	33.488	60.582	-1.997	32.885	64.252
596594	ALA	 477 	PRO	 433 	GLU	 434 	3	35.4852449435	1	7.33430978348	6.186	30.201	62.45	3.781	33.488	60.582	2.146	33.281	57.16
600050	ALA	 477 	THR	 478 	PRO	 433 	3	36.4414869655	1	7.49301367942	6.186	30.201	62.45	5.247	27.901	65.355	3.781	33.488	60.582
574996	VAL	 436 	VAL	 435 	GLU	 434 	5	57.2153601869	1	5.74643037024	7.872	33.762	57.215	4.854	35.59	55.798	2.146	33.281	57.16
571036	VAL	 436 	THR	 437 	LYS	 439 	5	54.4731350119	1	7.82398038085	7.872	33.762	57.215	6.434	30.477	55.891	2.067	31.562	52.453
628636	ARG	 438 	THR	 437 	LYS	 439 	5	58.6786406071	1	5.66284010016	5.863	31.841	52.367	6.434	30.477	55.891	2.067	31.562	52.453
602715	ALA	 440 	TYR	 441 	LYS	 439 	4	49.5270160463	1	6.13326585108	-0.442	33.814	50.723	-1.14	36.761	53.003	2.067	31.562	52.453
602641	ALA	 440 	TYR	 441 	GLY	 442 	2	25.5621756241	1	7.15156696116	-0.442	33.814	50.723	-1.14	36.761	53.003	-3.281	39.856	53.288
573915	VAL	 445 	TYR	 441 	LYS	 444 	4	49.1060406453	1	7.73121432894	-0.043	40.905	58.433	-1.14	36.761	53.003	-3.799	41.456	58.54
419691	PRO	 443 	LYS	 444 	ILE	 447 	4	45.3513509488	1	7.54206032858	-3.694	43.191	55.165	-3.799	41.456	58.54	-2.071	43.848	62.501
448563	SER	 511 	LYS	 444 	GLY	 510 	4	47.118186211	1	7.5774577531	-8.627	43.726	61.608	-3.799	41.456	58.54	-8.476	41.272	64.499
502856	TRP	 448 	ILE	 447 	CYS	 501 	9	87.1375096737	1	5.54219541337	0.456	41.208	63.482	-2.071	43.848	62.501	-3.4	41.256	67.216
503067	TRP	 448 	ILE	 447 	LEU	 502 	4	51.2554299322	1	7.66337477878	0.456	41.208	63.482	-2.071	43.848	62.501	-1.204	38.178	67.583
618056	ARG	 509 	ILE	 447 	CYS	 501 	9	85.5697712471	1	7.95924029038	-7.055	37.813	63.946	-2.071	43.848	62.501	-3.4	41.256	67.216
504296	TRP	 448 	GLY	 451 	CYS	 501 	9	88.2825123094	1	5.36784835851	0.456	41.208	63.482	1.196	43.641	67.949	-3.4	41.256	67.216
503069	TRP	 448 	ILE	 452 	LEU	 502 	6	64.8980981841	1	7.7902149521	0.456	41.208	63.482	4.899	43.016	67.769	-1.204	38.178	67.583
508616	TRP	 448 	ASP	 503 	CYS	 501 	9	84.2769664644	1	7.80393971017	0.456	41.208	63.482	-3.601	35.357	66.677	-3.4	41.256	67.216
594148	ALA	 454 	MET	 457 	MET	 453 	5	58.0742039724	1	6.23088348471	3.242	47.162	70.885	7.308	49.345	73.236	5.501	46.769	67.858
423798	PRO	 463 	PRO	 462 	GLU	 456 	7	68.580739798	1	6.52288870057	11.54	40.52	70.172	12.987	44.088	69.947	8.544	46.115	71.678
297077	GLY	 460 	GLU	 459 	GLU	 461 	6	66.6390000497	1	5.12495912179	11.699	48.808	75.377	9.676	45.863	76.636	13.351	46.333	73.095
423794	PRO	 463 	PRO	 462 	GLU	 461 	3	39.9318841458	1	6.75385956324	11.54	40.52	70.172	12.987	44.088	69.947	13.351	46.333	73.095
423795	PRO	 463 	PRO	 482 	GLU	 483 	4	44.3427398135	1	7.88985107591	11.54	40.52	70.172	7.231	36.206	71.573	7.799	35.845	75.31
665720	ASN	 468 	ASN	 466 	GLU	 467 	9	89.993159881	1	7.05757252885	19.756	33.091	65.959	19.356	37.082	71.766	18.299	34.559	69.14
654195	ASN	 468 	PRO	 469 	GLU	 467 	4	46.0617346706	1	6.34650588907	19.756	33.091	65.959	17.913	34.289	62.811	18.299	34.559	69.14
625400	ARG	 471 	PRO	 469 	GLU	 467 	9	84.9172929655	1	6.79150270559	15.488	29.921	65.052	17.913	34.289	62.811	18.299	34.559	69.14
663414	ASN	 468 	ALA	 472 	PRO	 469 	7	73.4176968857	1	6.15823546156	19.756	33.091	65.959	13.622	33.213	65.427	17.913	34.289	62.811
475855	THR	 478 	GLY	 480 	ILE	 476 	8	76.7469173791	1	5.5764900251	5.247	27.901	65.355	3.717	32.947	67.17	7.483	32.962	64.719
657295	ASN	 479 	THR	 481 	ILE	 476 	8	78.1073436224	1	6.8153806937	4.983	29.73	68.713	3.861	35.643	69.832	7.483	32.962	64.719
475851	THR	 481 	GLY	 480 	ILE	 476 	4	50.5951995916	1	6.8153806937	3.861	35.643	69.832	3.717	32.947	67.17	7.483	32.962	64.719
657364	ASN	 479 	THR	 478 	GLY	 480 	5	59.8623373159	1	5.5764900251	4.983	29.73	68.713	5.247	27.901	65.355	3.717	32.947	67.17
654484	ASN	 479 	PRO	 482 	GLY	 480 	5	60.3018080721	1	7.42776413196	4.983	29.73	68.713	7.231	36.206	71.573	3.717	32.947	67.17
657651	ASN	 479 	THR	 481 	PRO	 482 	4	49.2085186857	1	7.42776413196	4.983	29.73	68.713	3.861	35.643	69.832	7.231	36.206	71.573
481682	THR	 481 	PRO	 482 	GLY	 480 	3	42.6876406374	1	6.50812461466	3.861	35.643	69.832	7.231	36.206	71.573	3.717	32.947	67.17
481394	THR	 481 	PRO	 482 	GLU	 483 	3	37.6897171859	1	6.74960235866	3.861	35.643	69.832	7.231	36.206	71.573	7.799	35.845	75.31
654123	ASN	 486 	PRO	 487 	GLN	 485 	4	45.7201259427	1	6.37831278631	6.826	39.895	82.935	3.399	39.331	81.322	9.731	39.174	80.571
654197	ASN	 486 	PRO	 487 	GLU	 488 	6	63.6926302366	1	5.38905891599	6.826	39.895	82.935	3.399	39.331	81.322	1.738	39.901	84.711
263741	ILE	 493 	PHE	 520 	PHE	 494 	6	66.4336012106	1	5.58628051569	-7.256	45.077	78.325	-7.348	49.356	75.179	-3.763	45.427	76.887
387580	ASP	 496 	ILE	 493 	PHE	 497 	5	59.8799840621	1	6.01825265339	-6.427	41.192	75.352	-7.256	45.077	78.325	-5.385	43.767	72.757
90943	PHE	 497 	PHE	 520 	PHE	 494 	8	80.2713422439	1	6.39971671248	-5.385	43.767	72.757	-7.348	49.356	75.179	-3.763	45.427	76.887
652542	ASN	 499 	ASP	 496 	PHE	 497 	7	68.8994333133	1	5.34084384718	-4.024	38.703	71.743	-6.427	41.192	75.352	-5.385	43.767	72.757
207580	LEU	 498 	CYS	 501 	PHE	 497 	5	55.5766148125	1	6.39906454101	-2.089	41.999	72.095	-3.4	41.256	67.216	-5.385	43.767	72.757
639583	ASN	 499 	CYS	 501 	PHE	 497 	8	76.9615666015	1	6.39906454101	-4.024	38.703	71.743	-3.4	41.256	67.216	-5.385	43.767	72.757
610782	ARG	 500 	CYS	 501 	PHE	 497 	7	72.3046021709	1	6.39906454101	-6.459	40.052	69.127	-3.4	41.256	67.216	-5.385	43.767	72.757
237822	HIS	 518 	GLN	 519 	PHE	 497 	7	74.8468515352	1	8.09155263222	-10.934	47.995	71.272	-11.137	49.033	74.915	-5.385	43.767	72.757
234943	HIS	 518 	PHE	 497 	PHE	 520 	8	80.6624781861	1	7.13250376796	-10.934	47.995	71.272	-5.385	43.767	72.757	-7.348	49.356	75.179
148541	GLN	 519 	PHE	 497 	PHE	 520 	6	60.9822692263	1	8.09155263222	-11.137	49.033	74.915	-5.385	43.767	72.757	-7.348	49.356	75.179
664133	ASN	 499 	ARG	 500 	CYS	 501 	6	65.9867061288	1	5.23458823596	-4.024	38.703	71.743	-6.459	40.052	69.127	-3.4	41.256	67.216
652615	ASN	 499 	ASP	 503 	CYS	 501 	8	82.1715885796	1	6.08596754839	-4.024	38.703	71.743	-3.601	35.357	66.677	-3.4	41.256	67.216
623813	ARG	 500 	ASP	 503 	CYS	 501 	6	64.2910289102	1	6.01778106946	-6.459	40.052	69.127	-3.601	35.357	66.677	-3.4	41.256	67.216
635333	ARG	 509 	ARG	 500 	CYS	 501 	6	62.8690465481	1	5.9921760655	-7.055	37.813	63.946	-6.459	40.052	69.127	-3.4	41.256	67.216
635983	ARG	 500 	ARG	 509 	ASP	 503 	8	78.544158255	1	6.01778106946	-6.459	40.052	69.127	-7.055	37.813	63.946	-3.601	35.357	66.677
624244	ARG	 500 	ASP	 503 	GLY	 510 	5	59.6429740526	1	7.9684712461	-6.459	40.052	69.127	-3.601	35.357	66.677	-8.476	41.272	64.499
635834	ARG	 500 	ARG	 509 	LYS	 508 	3	39.2316527352	1	7.95727252267	-6.459	40.052	69.127	-7.055	37.813	63.946	-9.632	35.016	63.846
384772	ASP	 503 	LEU	 502 	CYS	 501 	5	53.8365865393	1	5.92698262187	-3.601	35.357	66.677	-1.204	38.178	67.583	-3.4	41.256	67.216
389096	ASP	 503 	GLY	 510 	CYS	 501 	9	88.3780939478	1	7.9684712461	-3.601	35.357	66.677	-8.476	41.272	64.499	-3.4	41.256	67.216
626694	ARG	 509 	SER	 511 	CYS	 501 	7	69.3895532049	1	8.05432138668	-7.055	37.813	63.946	-8.627	43.726	61.608	-3.4	41.256	67.216
446691	SER	 511 	GLY	 510 	CYS	 501 	4	51.6923930895	1	8.05432138668	-8.627	43.726	61.608	-8.476	41.272	64.499	-3.4	41.256	67.216
392187	ASP	 503 	MET	 504 	LEU	 502 	4	46.9618701817	1	6.30398754758	-3.601	35.357	66.677	-1.997	32.885	64.252	-1.204	38.178	67.583
393992	ASP	 503 	ASP	 505 	MET	 504 	9	89.6723724953	1	5.52071825037	-3.601	35.357	66.677	-5.314	32.001	62.642	-1.997	32.885	64.252
624387	ARG	 509 	ASP	 503 	MET	 504 	4	46.4198174514	1	7.06839331107	-7.055	37.813	63.946	-3.601	35.357	66.677	-1.997	32.885	64.252
566862	VAL	 506 	ASP	 503 	ASP	 505 	7	69.1859578684	1	6.80918093459	-5.407	34.867	60.13	-3.601	35.357	66.677	-5.314	32.001	62.642
624241	ARG	 509 	ASP	 503 	GLY	 510 	2	31.1120719143	1	7.9684712461	-7.055	37.813	63.946	-3.601	35.357	66.677	-8.476	41.272	64.499
566788	VAL	 506 	ASP	 505 	MET	 504 	5	57.6700622648	1	5.70502480275	-5.407	34.867	60.13	-5.314	32.001	62.642	-1.997	32.885	64.252
392475	ASP	 505 	MET	 504 	LYS	 508 	4	46.774287195	1	7.93720492365	-5.314	32.001	62.642	-1.997	32.885	64.252	-9.632	35.016	63.846
624388	ARG	 509 	ASP	 505 	MET	 504 	5	52.8766921754	1	7.06839331107	-7.055	37.813	63.946	-5.314	32.001	62.642	-1.997	32.885	64.252
331635	LYS	 508 	GLY	 510 	GLU	 507 	4	47.9458387109	1	7.63451170672	-9.632	35.016	63.846	-8.476	41.272	64.499	-9.193	35.1	60.063
598322	ALA	 512 	SER	 511 	GLY	 510 	3	36.9039905599	1	6.766702816	-7.697	47.421	61.784	-8.627	43.726	61.608	-8.476	41.272	64.499
327242	LYS	 513 	LEU	 516 	GLN	 517 	3	43.5805439774	1	7.46366753011	-11.263	48.745	61.733	-10.236	50.726	66.647	-13.203	49.843	68.856
240914	HIS	 518 	LEU	 515 	GLU	 514 	3	42.9566427553	1	7.29081744388	-10.934	47.995	71.272	-9.453	46.995	66.561	-12.469	46.26	64.359
239405	HIS	 518 	GLU	 514 	GLN	 517 	6	66.2197736555	1	7.29081744388	-10.934	47.995	71.272	-12.469	46.26	64.359	-13.203	49.843	68.856
237962	HIS	 518 	GLN	 517 	GLN	 519 	3	43.3319456083	1	6.4525914949	-10.934	47.995	71.272	-13.203	49.843	68.856	-11.137	49.033	74.915
240843	HIS	 518 	LEU	 521 	GLN	 517 	4	44.5541385049	1	7.79255599916	-10.934	47.995	71.272	-7.256	52.547	73.104	-13.203	49.843	68.856
209167	LEU	 521 	GLN	 517 	GLN	 519 	8	81.130146104	1	7.79255599916	-7.256	52.547	73.104	-13.203	49.843	68.856	-11.137	49.033	74.915
266621	ILE	 523 	GLN	 519 	PHE	 520 	6	67.636563477	1	7.32015416504	-7.045	54.256	78.007	-11.137	49.033	74.915	-7.348	49.356	75.179
586298	ALA	 524 	LEU	 521 	PHE	 520 	3	42.0947576134	1	7.44642175813	-4.855	56.354	75.691	-7.256	52.547	73.104	-7.348	49.356	75.179
592490	ALA	 524 	LYS	 525 	ILE	 523 	3	40.2352077131	1	6.62477207155	-4.855	56.354	75.691	-2.975	59.385	76.999	-7.045	54.256	78.007
452956	SER	 529 	PRO	 526 	LYS	 525 	5	53.9804977408	1	6.67410053865	2.58	63.068	76.651	-2.505	62.597	74.976	-2.975	59.385	76.999
482906	THR	 531 	SER	 528 	LEU	 527 	3	40.1860277057	1	7.81649544233	7.218	65.157	74.013	1.664	65.481	73.867	0.119	62.411	72.235
483411	THR	 531 	SER	 529 	PRO	 532 	4	49.0320397145	1	7.22056258196	7.218	65.157	74.013	2.58	63.068	76.651	9.606	64.706	76.949
606245	ALA	 536 	ALA	 540 	ALA	 537 	6	64.9815467203	1	7.37292892954	15.04	62.865	75.943	21.484	60.453	73.294	15.546	60.278	73.211
605955	ALA	 537 	ALA	 540 	THR	 541 	4	52.0611417907	1	7.06864421229	15.546	60.278	73.211	21.484	60.453	73.294	21.587	58.883	69.816
477435	THR	 541 	LYS	 538 	LYS	 542 	4	46.3227938066	1	7.65486864682	21.587	58.883	69.816	16.954	62.791	70.73	23.111	60.573	66.759
599834	ALA	 540 	THR	 541 	LYS	 542 	3	38.0453914545	1	6.73555892261	21.484	60.453	73.294	21.587	58.883	69.816	23.111	60.573	66.759
