413647	PRO	 469 	LEU	 468 	GLN	 556 	8	80.3298276742	1	7.90759211138	-17.17	47.467	-16.281	-13.802	49.212	-15.87	-16.901	54.623	-19.635
383475	ASP	 471 	GLU	 475 	GLU	 470 	4	44.0762657782	1	7.74147854095	-23.159	50.532	-14.484	-23.285	56.459	-15.107	-20.353	49.504	-16.828
469879	THR	 555 	GLU	 475 	GLU	 470 	8	82.7628061175	1	7.74147854095	-16.316	55.091	-15.872	-23.285	56.459	-15.107	-20.353	49.504	-16.828
181807	GLU	 475 	GLU	 470 	GLN	 556 	8	79.1187327992	1	8.03922483825	-23.285	56.459	-15.107	-20.353	49.504	-16.828	-16.901	54.623	-19.635
508757	TRP	 474 	ASP	 471 	GLU	 475 	6	62.9032196424	1	5.96098431469	-24.801	55.231	-11.852	-23.159	50.532	-14.484	-23.285	56.459	-15.107
510560	TRP	 474 	PRO	 472 	LYS	 473 	9	89.9196959569	1	5.52273709315	-24.801	55.231	-11.852	-26.147	52.181	-16.255	-27.889	53.395	-13.107
510198	TRP	 474 	PRO	 472 	GLU	 475 	7	70.6368822405	1	5.52273709315	-24.801	55.231	-11.852	-26.147	52.181	-16.255	-23.285	56.459	-15.107
505876	TRP	 474 	LYS	 473 	GLU	 475 	5	54.4535373239	1	5.88089380962	-24.801	55.231	-11.852	-27.889	53.395	-13.107	-23.285	56.459	-15.107
498458	TRP	 474 	GLU	 475 	PHE	 476 	3	42.4416363458	1	6.51036596514	-24.801	55.231	-11.852	-23.285	56.459	-15.107	-23.125	60.214	-15.692
504436	TRP	 474 	GLY	 552 	GLU	 475 	5	60.5275439394	1	6.02340651127	-24.801	55.231	-11.852	-22.652	59.508	-9.951	-23.285	56.459	-15.107
600703	ALA	 553 	TRP	 474 	PHE	 476 	8	81.1354463552	1	6.51036596514	-19.578	58.154	-11.722	-24.801	55.231	-11.852	-23.125	60.214	-15.692
504506	TRP	 474 	GLY	 552 	LEU	 551 	3	37.4937462985	1	7.72643656545	-24.801	55.231	-11.852	-22.652	59.508	-9.951	-24.043	60.938	-6.699
601206	ALA	 553 	TRP	 474 	GLY	 552 	7	72.6090030576	1	5.98669842234	-19.578	58.154	-11.722	-24.801	55.231	-11.852	-22.652	59.508	-9.951
412135	PRO	 477 	GLU	 475 	CYS	 554 	8	79.5453379961	1	6.93112941735	-22.258	62.076	-18.97	-23.285	56.459	-15.107	-17.787	58.509	-15.055
296935	GLY	 552 	GLU	 475 	CYS	 554 	8	76.534176593	1	7.12158985059	-22.652	59.508	-9.951	-23.285	56.459	-15.107	-17.787	58.509	-15.055
469733	THR	 555 	GLU	 475 	CYS	 554 	6	65.9056932441	1	7.14308126791	-16.316	55.091	-15.872	-23.285	56.459	-15.107	-17.787	58.509	-15.055
469803	THR	 555 	GLU	 475 	GLN	 556 	4	47.6092843247	1	8.03922483825	-16.316	55.091	-15.872	-23.285	56.459	-15.107	-16.901	54.623	-19.635
625179	ARG	 478 	PRO	 477 	PHE	 476 	4	45.3263024741	1	6.44825627592	-18.792	63.662	-18.996	-22.258	62.076	-18.97	-23.125	60.214	-15.692
419258	PRO	 477 	LYS	 480 	PHE	 476 	3	42.5616382747	1	7.80333524847	-22.258	62.076	-18.97	-22.491	67.685	-17.854	-23.125	60.214	-15.692
610783	ARG	 478 	CYS	 554 	PHE	 476 	8	81.6342116593	1	6.56467173589	-18.792	63.662	-18.996	-17.787	58.509	-15.055	-23.125	60.214	-15.692
625256	ARG	 478 	PRO	 477 	CYS	 554 	9	84.2019030917	1	6.93112941735	-18.792	63.662	-18.996	-22.258	62.076	-18.97	-17.787	58.509	-15.055
480316	THR	 482 	ASP	 479 	LYS	 480 	5	59.2286684604	1	7.41895046486	-17.284	70.96	-15.106	-20.004	66.855	-20.655	-22.491	67.685	-17.854
592274	ALA	 500 	LYS	 480 	GLU	 499 	3	36.7010334408	1	8.03067051995	-22.821	68.931	-12.416	-22.491	67.685	-17.854	-20.338	71.437	-11.088
563762	VAL	 501 	LYS	 480 	GLY	 502 	3	41.5322023009	1	7.49395076045	-26.041	69.335	-14.374	-22.491	67.685	-17.854	-28.371	66.518	-13.357
471386	THR	 482 	LEU	 481 	LEU	 483 	3	43.1552066979	1	6.47454353603	-17.284	70.96	-15.106	-19.599	67.949	-15.382	-14.062	70.462	-13.158
331705	LYS	 485 	GLY	 484 	LEU	 483 	2	24.7499283391	1	7.1898991648	-10.874	74.121	-7.853	-12.853	73.317	-10.99	-14.062	70.462	-13.158
586515	ALA	 498 	LEU	 483 	GLU	 499 	4	46.2553301838	1	6.68009737953	-16.904	70.524	-9.775	-14.062	70.462	-13.158	-20.338	71.437	-11.088
421207	PRO	 486 	MET	 497 	GLY	 484 	8	75.8277341734	1	6.52021357012	-8.839	71.275	-6.275	-14.703	70.868	-6.721	-12.853	73.317	-10.99
421278	PRO	 486 	MET	 497 	LYS	 485 	7	73.1185135445	1	5.89500305343	-8.839	71.275	-6.275	-14.703	70.868	-6.721	-10.874	74.121	-7.853
594076	ALA	 498 	MET	 497 	LYS	 485 	5	54.436725403	1	7.27965610451	-16.904	70.524	-9.775	-14.703	70.868	-6.721	-10.874	74.121	-7.853
418034	PRO	 486 	GLY	 488 	GLU	 489 	3	41.950606147	1	7.64603066957	-8.839	71.275	-6.275	-6.88	68.993	-1.709	-4.499	66.147	-2.624
412204	PRO	 486 	GLU	 489 	GLN	 494 	5	60.1171975042	1	7.64603066957	-8.839	71.275	-6.275	-4.499	66.147	-2.624	-7.086	63.962	-5.521
567723	VAL	 495 	PRO	 486 	GLN	 494 	4	46.6514546503	1	7.55787628901	-10.487	65.581	-5.095	-8.839	71.275	-6.275	-7.086	63.962	-5.521
575572	VAL	 495 	VAL	 496 	PRO	 486 	5	53.9722769155	1	6.04400033091	-10.487	65.581	-5.095	-11.655	68.637	-7.007	-8.839	71.275	-6.275
568228	VAL	 496 	PRO	 486 	MET	 497 	5	55.1197892818	1	5.89500305343	-11.655	68.637	-7.007	-8.839	71.275	-6.275	-14.703	70.868	-6.721
298513	GLY	 488 	LEU	 487 	GLU	 489 	2	25.9184754402	1	7.20063615245	-6.88	68.993	-1.709	-10.18	70.569	-2.77	-4.499	66.147	-2.624
557642	VAL	 495 	LEU	 487 	GLN	 494 	3	39.6600875072	1	7.7970049378	-10.487	65.581	-5.095	-10.18	70.569	-2.77	-7.086	63.962	-5.521
297004	GLY	 488 	GLU	 489 	GLN	 494 	5	59.2571190107	1	6.31543672282	-6.88	68.993	-1.709	-4.499	66.147	-2.624	-7.086	63.962	-5.521
561964	VAL	 495 	GLY	 488 	GLN	 494 	5	60.0052734326	1	6.31543672282	-10.487	65.581	-5.095	-6.88	68.993	-1.709	-7.086	63.962	-5.521
296928	GLY	 490 	GLU	 489 	CYS	 491 	1	18.830235243	1	7.36085232837	-4.185	62.972	-0.568	-4.499	66.147	-2.624	-3.934	59.198	-0.263
302836	GLY	 493 	GLY	 490 	GLU	 489 	5	57.547992607	1	6.50914103396	-5.545	60.498	-5.684	-4.185	62.972	-0.568	-4.499	66.147	-2.624
295490	GLY	 490 	GLN	 494 	CYS	 491 	3	42.7814913775	1	7.76384981823	-4.185	62.972	-0.568	-7.086	63.962	-5.521	-3.934	59.198	-0.263
302620	GLY	 490 	GLY	 493 	PHE	 492 	5	60.3382865403	1	6.26761677195	-4.185	62.972	-0.568	-5.545	60.498	-5.684	-4.491	57.494	-3.598
302765	GLY	 490 	GLY	 493 	GLN	 494 	6	65.0294522436	1	5.843263814	-4.185	62.972	-0.568	-5.545	60.498	-5.684	-7.086	63.962	-5.521
149980	GLN	 494 	CYS	 491 	PHE	 492 	5	55.1316614718	1	7.76384981823	-7.086	63.962	-5.521	-3.934	59.198	-0.263	-4.491	57.494	-3.598
295492	GLY	 493 	GLN	 494 	CYS	 491 	5	57.7799363953	1	7.76384981823	-5.545	60.498	-5.684	-7.086	63.962	-5.521	-3.934	59.198	-0.263
295417	GLY	 493 	GLN	 494 	PHE	 492 	2	24.1030608327	1	7.22959044483	-5.545	60.498	-5.684	-7.086	63.962	-5.521	-4.491	57.494	-3.598
298298	GLY	 493 	LEU	 519 	PHE	 492 	3	41.3136640478	1	6.92299963888	-5.545	60.498	-5.684	-6.437	59.742	-9.85	-4.491	57.494	-3.598
331417	LYS	 520 	GLY	 493 	PHE	 492 	2	34.2291418862	1	8.00461373209	-3.245	61.753	-10.26	-5.545	60.498	-5.684	-4.491	57.494	-3.598
590620	ALA	 523 	GLY	 493 	PHE	 492 	5	57.0544103842	1	6.94778108463	-1.448	56.576	-9.697	-5.545	60.498	-5.684	-4.491	57.494	-3.598
390457	ASP	 527 	LYS	 526 	PHE	 492 	2	30.7050788332	1	7.85986628385	-4.63	53.586	-6.094	-3.486	49.986	-5.695	-4.491	57.494	-3.598
384698	ASP	 527 	LEU	 528 	PHE	 492 	3	34.5098001761	1	7.71141387814	-4.63	53.586	-6.094	-6.871	52.474	-8.946	-4.491	57.494	-3.598
393340	ASP	 530 	ASP	 527 	PHE	 492 	5	55.2919539439	1	7.37974538856	-8.871	51.565	-3.949	-4.63	53.586	-6.094	-4.491	57.494	-3.598
360366	MET	 518 	GLY	 493 	GLN	 494 	7	68.8391488335	1	5.68316012444	-9.915	61.163	-9.256	-5.545	60.498	-5.684	-7.086	63.962	-5.521
331564	LYS	 520 	GLY	 493 	GLN	 494 	5	55.348054411	1	6.48776409867	-3.245	61.753	-10.26	-5.545	60.498	-5.684	-7.086	63.962	-5.521
574922	VAL	 496 	VAL	 495 	GLN	 494 	3	37.8251499926	1	6.70369912809	-11.655	68.637	-7.007	-10.487	65.581	-5.095	-7.086	63.962	-5.521
564846	VAL	 495 	MET	 518 	GLN	 494 	7	69.2337912233	1	6.09588623582	-10.487	65.581	-5.095	-9.915	61.163	-9.256	-7.086	63.962	-5.521
564847	VAL	 496 	MET	 518 	GLN	 494 	8	78.2158066187	1	7.99664160758	-11.655	68.637	-7.007	-9.915	61.163	-9.256	-7.086	63.962	-5.521
361808	MET	 518 	LYS	 517 	GLN	 494 	9	83.681041822	1	5.84920763865	-9.915	61.163	-9.256	-12.52	62.119	-6.656	-7.086	63.962	-5.521
361807	MET	 518 	LYS	 520 	GLN	 494 	8	79.3674922005	1	6.770894771	-9.915	61.163	-9.256	-3.245	61.753	-10.26	-7.086	63.962	-5.521
575425	VAL	 495 	VAL	 496 	MET	 497 	2	31.6015333089	1	6.95491919435	-10.487	65.581	-5.095	-11.655	68.637	-7.007	-14.703	70.868	-6.721
593713	ALA	 498 	MET	 497 	GLU	 499 	2	25.6208480598	1	7.15176027283	-16.904	70.524	-9.775	-14.703	70.868	-6.721	-20.338	71.437	-11.088
599907	ALA	 498 	THR	 513 	MET	 497 	4	50.0477363045	1	7.19667541299	-16.904	70.524	-9.775	-21.829	71.874	-6.736	-14.703	70.868	-6.721
542312	TYR	 566 	THR	 513 	MET	 497 	9	86.8258043663	1	7.52550450136	-19.668	68.441	-1.613	-21.829	71.874	-6.736	-14.703	70.868	-6.721
602788	ALA	 515 	TYR	 566 	MET	 497 	5	53.2821623792	1	7.52550450136	-16.899	66.872	-5.324	-19.668	68.441	-1.613	-14.703	70.868	-6.721
603793	ALA	 500 	VAL	 501 	GLU	 499 	2	32.2187855199	1	6.90944346529	-22.821	68.931	-12.416	-26.041	69.335	-14.374	-20.338	71.437	-11.088
605236	ALA	 511 	ALA	 500 	GLU	 499 	5	59.4283490018	1	6.12153199779	-26.229	72.889	-11.901	-22.821	68.931	-12.416	-20.338	71.437	-11.088
603794	ALA	 500 	VAL	 501 	GLU	 510 	3	42.6948139728	1	7.81169693473	-22.821	68.931	-12.416	-26.041	69.335	-14.374	-29.909	72.199	-12.737
605234	ALA	 500 	ALA	 511 	GLU	 510 	3	37.5976829164	1	7.81169693473	-22.821	68.931	-12.416	-26.229	72.889	-11.901	-29.909	72.199	-12.737
562249	VAL	 501 	GLY	 502 	ILE	 503 	2	31.1252484337	1	6.99120461723	-26.041	69.335	-14.374	-28.371	66.518	-13.357	-30.276	65.689	-10.173
575283	VAL	 512 	VAL	 501 	GLY	 502 	4	45.9756714504	1	7.87583271788	-25.282	71.776	-8.373	-26.041	69.335	-14.374	-28.371	66.518	-13.357
419836	PRO	 508 	LYS	 507 	LYS	 509 	5	54.9690200805	1	5.9297552226	-34.563	69.464	-11.082	-35.133	65.725	-10.237	-31.938	69.161	-13.863
604514	ALA	 511 	VAL	 512 	THR	 513 	3	35.4420407231	1	6.86057213358	-26.229	72.889	-11.901	-25.282	71.776	-8.373	-21.829	71.874	-6.736
604513	ALA	 515 	VAL	 514 	THR	 513 	2	26.1651644134	1	7.16370351145	-16.899	66.872	-5.324	-20.227	68.465	-6.184	-21.829	71.874	-6.736
570674	VAL	 514 	THR	 513 	GLU	 565 	3	40.8778318009	1	7.9666930404	-20.227	68.465	-6.184	-21.829	71.874	-6.736	-21.474	65.191	-2.414
604730	ALA	 515 	VAL	 516 	VAL	 514 	3	40.0567423283	1	6.60713409884	-16.899	66.872	-5.324	-15.053	64.708	-7.848	-20.227	68.465	-6.184
361944	MET	 518 	LYS	 517 	LEU	 519 	1	22.8778836597	1	7.27012063174	-9.915	61.163	-9.256	-12.52	62.119	-6.656	-6.437	59.742	-9.85
420987	PRO	 559 	MET	 518 	LEU	 519 	4	49.7048048538	1	7.9923844377	-10.529	58.734	-16.641	-9.915	61.163	-9.256	-6.437	59.742	-9.85
539429	TYR	 561 	PRO	 559 	MET	 518 	6	64.9208582279	1	7.79841406954	-14.475	59.98	-11.925	-10.529	58.734	-16.641	-9.915	61.163	-9.256
599978	ALA	 523 	THR	 524 	ASP	 522 	3	42.3202636268	1	6.52503647499	-1.448	56.576	-9.697	-0.575	52.958	-8.912	1.386	58.922	-10.69
599834	ALA	 523 	THR	 524 	LYS	 526 	3	43.2250417403	1	7.97480708231	-1.448	56.576	-9.697	-0.575	52.958	-8.912	-3.486	49.986	-5.695
595514	ALA	 523 	ASP	 527 	LYS	 526 	3	38.760468273	1	7.97480708231	-1.448	56.576	-9.697	-4.63	53.586	-6.094	-3.486	49.986	-5.695
451159	SER	 529 	ASP	 527 	GLU	 525 	8	81.7508486461	1	6.07052452429	-8.275	49.463	-7.094	-4.63	53.586	-6.094	-2.675	49.845	-9.406
451156	SER	 533 	ASP	 530 	GLU	 534 	5	58.3339560581	1	6.11624083895	-13.452	49.793	-4.333	-8.871	51.565	-3.949	-14.688	52.997	-2.716
440858	SER	 533 	GLU	 534 	PHE	 645 	3	38.3204244224	1	7.71035232658	-13.452	49.793	-4.333	-14.688	52.997	-2.716	-14.375	54.241	1.897
449504	SER	 533 	MET	 535 	PHE	 645 	9	87.0980560752	1	7.96574403305	-13.452	49.793	-4.333	-17.222	53.578	-5.513	-14.375	54.241	1.897
446906	SER	 533 	GLY	 646 	LEU	 647 	3	42.5071571063	1	7.93605714445	-13.452	49.793	-4.333	-11.218	53.15	0.115	-10.297	50.686	2.894
363316	MET	 538 	MET	 535 	GLU	 534 	5	59.5575280461	1	6.20593143694	-20.746	53.511	-1.471	-17.222	53.578	-5.513	-14.688	52.997	-2.716
354457	MET	 535 	GLU	 534 	PHE	 645 	2	32.4650878397	1	7.96574403305	-17.222	53.578	-5.513	-14.688	52.997	-2.716	-14.375	54.241	1.897
363320	MET	 537 	MET	 535 	GLU	 536 	9	89.8344411288	1	5.52010751707	-18.733	50.293	-1.342	-17.222	53.578	-5.513	-18.498	50.013	-5.143
363676	MET	 535 	MET	 538 	LYS	 539 	5	54.4665333386	1	6.62172485082	-17.222	53.578	-5.513	-20.746	53.511	-1.471	-23.272	51.644	-3.641
363315	MET	 540 	MET	 537 	GLU	 536 	4	52.4863450328	1	6.79904368275	-23.921	48.792	-1.228	-18.733	50.293	-1.342	-18.498	50.013	-5.143
363677	MET	 537 	MET	 538 	LYS	 539 	6	65.6395335852	1	5.26432550285	-18.733	50.293	-1.342	-20.746	53.511	-1.471	-23.272	51.644	-3.641
363533	MET	 537 	MET	 540 	ILE	 541 	6	60.6161073059	1	6.11355878356	-18.733	50.293	-1.342	-23.921	48.792	-1.228	-23.926	51.129	1.774
363680	MET	 538 	MET	 540 	LYS	 539 	9	89.6516128049	1	5.69285824521	-20.746	53.511	-1.471	-23.921	48.792	-1.228	-23.272	51.644	-3.641
363607	MET	 538 	MET	 540 	GLY	 542 	8	81.2866201094	1	6.24502457962	-20.746	53.511	-1.471	-23.921	48.792	-1.228	-26.712	53.241	0.355
651607	ASN	 549 	MET	 538 	GLY	 542 	8	76.9300045666	1	7.62184026335	-23.262	59.966	-0.627	-20.746	53.511	-1.471	-26.712	53.241	0.355
331849	LYS	 543 	GLY	 542 	ILE	 541 	2	32.439299601	1	6.89538244045	-28.157	56.562	1.417	-26.712	53.241	0.355	-23.926	51.129	1.774
331778	LYS	 543 	GLY	 542 	HIS	 544 	3	37.0244684256	1	6.7400288575	-28.157	56.562	1.417	-26.712	53.241	0.355	-27.782	58.136	4.863
648584	ASN	 549 	GLY	 542 	HIS	 544 	9	84.6516899764	1	7.62184026335	-23.262	59.966	-0.627	-26.712	53.241	0.355	-27.782	58.136	4.863
333224	LYS	 543 	LYS	 545 	HIS	 544 	9	89.8866633311	1	7.03968948179	-28.157	56.562	1.417	-27.451	61.676	6.203	-27.782	58.136	4.863
650019	ASN	 549 	LYS	 543 	HIS	 544 	4	50.619965616	1	7.34298304506	-23.262	59.966	-0.627	-28.157	56.562	1.417	-27.782	58.136	4.863
650020	ASN	 546 	LYS	 545 	HIS	 544 	5	58.7955201017	1	5.64843066701	-24.196	61.074	8.09	-27.451	61.676	6.203	-27.782	58.136	4.863
331780	LYS	 545 	GLY	 613 	HIS	 544 	5	53.7418539598	1	7.58205466876	-27.451	61.676	6.203	-23.525	57.122	10.822	-27.782	58.136	4.863
648581	ASN	 546 	GLY	 613 	HIS	 544 	6	67.3911571311	1	7.39323515114	-24.196	61.074	8.09	-23.525	57.122	10.822	-27.782	58.136	4.863
650162	ASN	 546 	LYS	 545 	GLY	 613 	3	42.7324541844	1	7.58205466876	-24.196	61.074	8.09	-27.451	61.676	6.203	-23.525	57.122	10.822
661755	ASN	 546 	VAL	 639 	LYS	 545 	4	48.0904352173	1	7.90402498731	-24.196	61.074	8.09	-23.714	68.017	9.084	-27.451	61.676	6.203
650234	ASN	 546 	LYS	 641 	LYS	 545 	3	34.7369825567	1	7.32184006927	-24.196	61.074	8.09	-20.317	62.971	7.222	-27.451	61.676	6.203
333368	LYS	 545 	LYS	 641 	GLY	 613 	9	89.9693801982	1	7.58205466876	-27.451	61.676	6.203	-20.317	62.971	7.222	-23.525	57.122	10.822
651531	ASN	 546 	MET	 640 	ILE	 547 	4	45.4645032661	1	7.4839748797	-24.196	61.074	8.09	-21.086	65.41	10.023	-21.996	59.664	5.315
661327	ASN	 546 	VAL	 639 	GLN	 609 	8	76.4231203509	1	7.93615738251	-24.196	61.074	8.09	-23.714	68.017	9.084	-24.151	62.214	14.48
651248	ASN	 546 	MET	 640 	GLN	 609 	9	87.6973762509	1	6.49104960696	-24.196	61.074	8.09	-21.086	65.41	10.023	-24.151	62.214	14.48
661829	ASN	 546 	VAL	 639 	MET	 640 	6	67.871205187	1	7.03033491379	-24.196	61.074	8.09	-23.714	68.017	9.084	-21.086	65.41	10.023
651679	ASN	 546 	MET	 640 	LYS	 641 	8	81.4987869571	1	5.67534007792	-24.196	61.074	8.09	-21.086	65.41	10.023	-20.317	62.971	7.222
362089	MET	 640 	LYS	 641 	ILE	 547 	2	27.7858343508	1	7.4839748797	-21.086	65.41	10.023	-20.317	62.971	7.222	-21.996	59.664	5.315
647066	ASN	 549 	ILE	 548 	LEU	 550 	3	36.0449443644	1	6.76543361508	-23.262	59.966	-0.627	-20.859	61.208	2.026	-22.367	58.73	-4.086
590904	ALA	 553 	GLY	 552 	LEU	 551 	1	23.0536530458	1	7.27443537328	-19.578	58.154	-11.722	-22.652	59.508	-9.951	-24.043	60.938	-6.699
590689	ALA	 553 	GLY	 552 	CYS	 554 	2	27.3822985162	1	7.12158985059	-19.578	58.154	-11.722	-22.652	59.508	-9.951	-17.787	58.509	-15.055
599336	ALA	 553 	THR	 555 	CYS	 554 	9	89.806707152	1	6.1028774361	-19.578	58.154	-11.722	-16.316	55.091	-15.872	-17.787	58.509	-15.055
603651	ALA	 553 	VAL	 562 	CYS	 554 	4	49.2068501365	1	6.67960694951	-19.578	58.154	-11.722	-16.205	59.285	-8.612	-17.787	58.509	-15.055
589250	ALA	 553 	ILE	 563 	CYS	 554 	3	36.420458043	1	7.89311269399	-19.578	58.154	-11.722	-18.893	61.915	-8.021	-17.787	58.509	-15.055
602426	ALA	 553 	TYR	 561 	LEU	 560 	3	43.7037719135	1	7.43709459399	-19.578	58.154	-11.722	-14.475	59.98	-11.925	-12.452	57.324	-13.682
468291	THR	 555 	GLN	 556 	CYS	 554 	4	51.5603381857	1	6.0714406857	-16.316	55.091	-15.872	-16.901	54.623	-19.635	-17.787	58.509	-15.055
475491	THR	 555 	GLY	 558 	CYS	 554 	4	48.9749299011	1	7.6923998856	-16.316	55.091	-15.872	-12.029	58.095	-20.139	-17.787	58.509	-15.055
481251	THR	 555 	PRO	 559 	CYS	 554 	4	51.870562239	1	7.43267011242	-16.316	55.091	-15.872	-10.529	58.734	-16.641	-17.787	58.509	-15.055
471173	THR	 555 	LEU	 560 	CYS	 554 	6	65.0404688083	1	5.63485394664	-16.316	55.091	-15.872	-12.452	57.324	-13.682	-17.787	58.509	-15.055
541735	TYR	 561 	THR	 555 	CYS	 554 	8	76.9090494038	1	6.54754999981	-14.475	59.98	-11.925	-16.316	55.091	-15.872	-17.787	58.509	-15.055
295494	GLY	 558 	GLN	 556 	CYS	 554 	7	72.7292321514	1	7.6923998856	-12.029	58.095	-20.139	-16.901	54.623	-19.635	-17.787	58.509	-15.055
417896	PRO	 559 	GLY	 558 	CYS	 554 	9	85.9617500976	1	7.6923998856	-10.529	58.734	-16.641	-12.029	58.095	-20.139	-17.787	58.509	-15.055
413573	PRO	 559 	LEU	 560 	CYS	 554 	6	60.7284440157	1	7.43267011242	-10.529	58.734	-16.641	-12.452	57.324	-13.682	-17.787	58.509	-15.055
538853	TYR	 561 	PRO	 559 	CYS	 554 	6	61.5029596881	1	7.43267011242	-14.475	59.98	-11.925	-10.529	58.734	-16.641	-17.787	58.509	-15.055
573412	VAL	 562 	TYR	 561 	CYS	 554 	5	58.7388766319	1	6.67960694951	-16.205	59.285	-8.612	-14.475	59.98	-11.925	-17.787	58.509	-15.055
531652	TYR	 561 	ILE	 563 	CYS	 554 	5	56.4097325676	1	7.89311269399	-14.475	59.98	-11.925	-18.893	61.915	-8.021	-17.787	58.509	-15.055
471241	THR	 555 	LEU	 560 	GLN	 556 	2	32.3466642449	1	7.90741493789	-16.316	55.091	-15.872	-12.452	57.324	-13.682	-16.901	54.623	-19.635
481684	THR	 555 	PRO	 559 	GLY	 558 	5	58.6911892661	1	6.88129195718	-16.316	55.091	-15.872	-10.529	58.734	-16.641	-12.029	58.095	-20.139
389164	ASP	 557 	GLY	 558 	GLN	 556 	5	53.0532967417	1	6.0037641526	-14.335	55.884	-22.199	-12.029	58.095	-20.139	-16.901	54.623	-19.635
418106	PRO	 559 	GLY	 558 	LEU	 560 	3	43.0358106383	1	6.51661100573	-10.529	58.734	-16.641	-12.029	58.095	-20.139	-12.452	57.324	-13.682
573771	VAL	 562 	TYR	 561 	ILE	 563 	4	48.6185259121	1	6.20517243918	-16.205	59.285	-8.612	-14.475	59.98	-11.925	-18.893	61.915	-8.021
560593	VAL	 564 	ILE	 563 	GLU	 565 	2	30.9143658752	1	6.98800300515	-19.823	62.392	-4.374	-18.893	61.915	-8.021	-21.474	65.191	-2.414
602354	ALA	 567 	TYR	 566 	GLU	 565 	3	39.0587760074	1	6.68534262398	-18.633	69.394	1.94	-19.668	68.441	-1.613	-21.474	65.191	-2.414
603003	ALA	 567 	TYR	 566 	SER	 568 	4	48.7712709841	1	6.2107084137	-18.633	69.394	1.94	-19.668	68.441	-1.613	-17.981	73.144	2.076
603074	ALA	 567 	TYR	 566 	THR	 635 	3	35.6988924676	1	7.18139081237	-18.633	69.394	1.94	-19.668	68.441	-1.613	-21.042	70.514	5.124
448564	SER	 568 	LYS	 569 	GLY	 570 	5	57.0912521076	1	5.77419041944	-17.981	73.144	2.076	-16.429	73.256	5.591	-13.676	70.679	5.031
571324	VAL	 634 	THR	 635 	SER	 568 	5	58.0969424157	1	6.99004577954	-18.641	68.812	7.522	-21.042	70.514	5.124	-17.981	73.144	2.076
534964	TYR	 575 	LYS	 569 	GLY	 570 	5	60.2714263756	1	6.91118441369	-12.516	72.361	11.217	-16.429	73.256	5.591	-13.676	70.679	5.031
657436	ASN	 638 	THR	 635 	LYS	 569 	5	60.3818863269	1	7.79922137139	-22.672	71.575	9.953	-21.042	70.514	5.124	-16.429	73.256	5.591
648437	ASN	 571 	GLY	 570 	GLU	 574 	6	67.6817539145	1	7.3264014359	-12.58	67.849	7.312	-13.676	70.679	5.031	-8.947	71.205	10.602
660244	ASN	 571 	TYR	 575 	GLY	 570 	5	57.8328407332	1	6.51470030009	-12.58	67.849	7.312	-12.516	72.361	11.217	-13.676	70.679	5.031
665787	ASN	 631 	ASN	 571 	LEU	 572 	4	50.4144702666	1	7.49073868187	-11.918	61.248	7.342	-12.58	67.849	7.312	-13.475	67.599	10.996
665143	ASN	 571 	ARG	 573 	TYR	 575 	8	82.1824211983	1	5.96751749055	-12.58	67.849	7.312	-9.883	67.863	12.196	-12.516	72.361	11.217
665360	ASN	 571 	ARG	 573 	ARG	 630 	9	87.8612266897	1	5.57919895684	-12.58	67.849	7.312	-9.883	67.863	12.196	-9.491	63.69	9.004
665283	ASN	 571 	ARG	 630 	ALA	 629 	4	50.1346608816	1	6.98145335872	-12.58	67.849	7.312	-9.491	63.69	9.004	-11.345	63.078	12.257
666726	ASN	 571 	ASN	 631 	ALA	 629 	7	72.4801199496	1	6.98145335872	-12.58	67.849	7.312	-11.918	61.248	7.342	-11.345	63.078	12.257
666798	ASN	 571 	ASN	 631 	ARG	 630 	7	70.1334291494	1	6.63418005484	-12.58	67.849	7.312	-11.918	61.248	7.342	-9.491	63.69	9.004
619705	ARG	 573 	GLY	 700 	LEU	 572 	2	34.311524018	1	7.53276098121	-9.883	67.863	12.196	-8.545	68.157	16.664	-13.475	67.599	10.996
635474	ARG	 630 	ARG	 573 	GLU	 574 	3	39.2159297254	1	7.70225713671	-9.491	63.69	9.004	-9.883	67.863	12.196	-8.947	71.205	10.602
636344	ARG	 577 	ARG	 573 	TYR	 575 	9	86.5366980331	1	6.20190986713	-8.684	73.126	15.25	-9.883	67.863	12.196	-12.516	72.361	11.217
631443	ARG	 573 	TYR	 575 	GLY	 700 	4	49.1190659846	1	7.94432287863	-9.883	67.863	12.196	-12.516	72.361	11.217	-8.545	68.157	16.664
636486	ARG	 573 	ARG	 630 	ALA	 629 	7	73.6220774358	1	5.2684397121	-9.883	67.863	12.196	-9.491	63.69	9.004	-11.345	63.078	12.257
634324	ARG	 573 	ALA	 629 	GLY	 700 	5	55.9800166323	1	7.28408470571	-9.883	67.863	12.196	-11.345	63.078	12.257	-8.545	68.157	16.664
636413	ARG	 573 	ARG	 630 	VAL	 632 	6	61.6732215694	1	7.97660103051	-9.883	67.863	12.196	-9.491	63.69	9.004	-15.061	63.079	8.464
636342	ARG	 579 	ARG	 577 	TYR	 575 	7	72.3163177878	1	7.20622807022	-12.457	77.392	16.376	-8.684	73.126	15.25	-12.516	72.361	11.217
635547	ARG	 580 	ARG	 577 	LEU	 576 	4	52.1151424914	1	7.09218767377	-10.529	76.842	19.631	-8.684	73.126	15.25	-12.236	71.781	14.965
636488	ARG	 579 	ARG	 577 	ALA	 578 	9	89.9525022954	1	5.80535623369	-12.457	77.392	16.376	-8.684	73.126	15.25	-9.97	76.35	13.671
636484	ARG	 580 	ARG	 579 	ALA	 578 	5	52.8974413916	1	6.00634206485	-10.529	76.842	19.631	-12.457	77.392	16.376	-9.97	76.35	13.671
635405	ARG	 580 	ARG	 579 	GLN	 597 	6	67.6166862034	1	6.46381141433	-10.529	76.842	19.631	-12.457	77.392	16.376	-16.121	79.967	18.768
635910	ARG	 580 	ARG	 579 	MET	 598 	7	74.5869714304	1	7.0703915026	-10.529	76.842	19.631	-12.457	77.392	16.376	-17.593	76.554	19.545
622446	ARG	 579 	MET	 598 	GLN	 597 	7	73.574336821	1	6.09288938025	-12.457	77.392	16.376	-17.593	76.554	19.545	-16.121	79.967	18.768
622445	ARG	 580 	MET	 598 	GLN	 597 	6	60.6991184252	1	7.0703915026	-10.529	76.842	19.631	-17.593	76.554	19.545	-16.121	79.967	18.768
478441	THR	 599 	MET	 598 	GLN	 597 	2	29.7564366276	1	7.05948787094	-19.563	75.013	22.435	-17.593	76.554	19.545	-16.121	79.967	18.768
478297	THR	 599 	MET	 598 	PHE	 600 	2	28.5590626109	1	7.10610139247	-19.563	75.013	22.435	-17.593	76.554	19.545	-19.634	71.718	24.335
480387	THR	 599 	ASP	 602 	MET	 598 	4	50.183714074	1	6.94173198849	-19.563	75.013	22.435	-21.892	71.105	19.666	-17.593	76.554	19.545
391902	ASP	 602 	MET	 598 	PHE	 600 	7	71.1077385969	1	7.10610139247	-21.892	71.105	19.666	-17.593	76.554	19.545	-19.634	71.718	24.335
566216	VAL	 604 	ASP	 602 	CYS	 606 	9	83.9040176634	1	5.8448480733	-21.793	66.077	21.893	-21.892	71.105	19.666	-21.145	66.189	16.594
482696	THR	 607 	SER	 605 	CYS	 606 	9	89.6720316215	1	5.45222046509	-20.222	62.896	18.286	-24.1	66.676	18.918	-21.145	66.189	16.594
439494	SER	 605 	GLN	 609 	CYS	 606 	7	69.8566326751	1	6.29347988	-24.1	66.676	18.918	-24.151	62.214	14.48	-21.145	66.189	16.594
541733	TYR	 608 	THR	 607 	CYS	 606 	6	62.158377199	1	5.47192370195	-23.852	61.729	18.244	-20.222	62.896	18.286	-21.145	66.189	16.594
468294	THR	 607 	GLN	 609 	CYS	 606 	7	69.2556130885	1	5.51251312924	-20.222	62.896	18.286	-24.151	62.214	14.48	-21.145	66.189	16.594
525896	TYR	 608 	GLN	 609 	CYS	 606 	9	89.1060837804	1	5.47192370195	-23.852	61.729	18.244	-24.151	62.214	14.48	-21.145	66.189	16.594
353095	MET	 640 	GLN	 609 	CYS	 606 	8	77.1453491913	1	6.61727761243	-21.086	65.41	10.023	-24.151	62.214	14.48	-21.145	66.189	16.594
541805	TYR	 608 	THR	 607 	GLN	 609 	6	61.2127532149	1	5.51251312924	-23.852	61.729	18.244	-20.222	62.896	18.286	-24.151	62.214	14.48
619566	ARG	 612 	GLY	 613 	GLN	 609 	7	69.0372832236	1	6.30089707899	-25.407	57.373	14.112	-23.525	57.122	10.822	-24.151	62.214	14.48
622303	ARG	 612 	MET	 614 	PHE	 750 	8	78.1161260805	1	7.61336988462	-25.407	57.373	14.112	-21.455	54.24	12.193	-22.841	51.294	17.91
540436	TYR	 616 	SER	 619 	GLU	 615 	5	56.7845149226	1	6.31550955981	-26.018	52.511	9.934	-26.256	47.431	9.957	-24.52	52.405	13.44
602287	ALA	 618 	TYR	 616 	GLN	 620 	8	76.5886502446	1	6.33705049688	-22.654	48.406	10.772	-26.018	52.511	9.934	-25.19	47.376	6.314
240775	HIS	 624 	LEU	 617 	CYS	 622 	8	82.351116198	1	7.94458243081	-14.812	51.139	7.615	-22.713	51.381	8.41	-19.646	47.247	6.371
597965	ALA	 618 	SER	 619 	GLN	 620 	6	65.927448947	1	5.23124841697	-22.654	48.406	10.772	-26.256	47.431	9.957	-25.19	47.376	6.314
597892	ALA	 618 	SER	 619 	CYS	 622 	5	55.9818912966	1	7.52232357719	-22.654	48.406	10.772	-26.256	47.431	9.957	-19.646	47.247	6.371
439492	SER	 619 	GLN	 620 	CYS	 622 	5	57.5184639091	1	7.52232357719	-26.256	47.431	9.957	-25.19	47.376	6.314	-19.646	47.247	6.371
448130	SER	 619 	LYS	 621 	CYS	 622 	3	41.3564241377	1	7.52232357719	-26.256	47.431	9.957	-22.465	44.9	7.363	-19.646	47.247	6.371
324293	LYS	 621 	GLN	 620 	CYS	 622 	6	60.6157488277	1	5.54579354105	-22.465	44.9	7.363	-25.19	47.376	6.314	-19.646	47.247	6.371
649802	ASN	 652 	LYS	 621 	GLN	 620 	3	37.1836112979	1	7.92971147016	-22.102	40.27	4.626	-22.465	44.9	7.363	-25.19	47.376	6.314
641094	ASN	 652 	GLN	 620 	CYS	 622 	7	71.4520943713	1	7.92971147016	-22.102	40.27	4.626	-25.19	47.376	6.314	-19.646	47.247	6.371
390534	ASP	 650 	LYS	 621 	CYS	 622 	7	73.7238800413	1	6.33542958291	-18.185	43.972	2.785	-22.465	44.9	7.363	-19.646	47.247	6.371
649730	ASN	 652 	LYS	 621 	CYS	 622 	3	41.5839747886	1	7.59970328368	-22.102	40.27	4.626	-22.465	44.9	7.363	-19.646	47.247	6.371
271011	ILE	 623 	HIS	 624 	CYS	 622 	4	46.1302848429	1	6.32951467334	-16.428	47.772	8.329	-14.812	51.139	7.615	-19.646	47.247	6.371
589252	ALA	 648 	ILE	 623 	CYS	 622 	5	53.1825953134	1	6.75580942597	-13.827	49.605	3.877	-16.428	47.772	8.329	-19.646	47.247	6.371
387654	ASP	 650 	ILE	 623 	CYS	 622 	7	73.4238866233	1	6.9471566126	-18.185	43.972	2.785	-16.428	47.772	8.329	-19.646	47.247	6.371
272453	ILE	 651 	ILE	 623 	CYS	 622 	6	67.0484809151	1	7.05121450532	-18.709	41.616	5.756	-16.428	47.772	8.329	-19.646	47.247	6.371
271010	ILE	 623 	HIS	 682 	CYS	 622 	3	41.2265031121	1	8.00264762438	-16.428	47.772	8.329	-17.464	46.026	13.973	-19.646	47.247	6.371
587816	ALA	 648 	HIS	 624 	CYS	 622 	9	83.8398833964	1	6.75580942597	-13.827	49.605	3.877	-14.812	51.139	7.615	-19.646	47.247	6.371
616615	ARG	 649 	HIS	 624 	CYS	 622 	8	81.7838940765	1	6.59061044214	-15.088	46.042	3.446	-14.812	51.139	7.615	-19.646	47.247	6.371
595014	ALA	 648 	ASP	 650 	CYS	 622 	7	73.1704213298	1	7.20522844884	-13.827	49.605	3.877	-18.185	43.972	2.785	-19.646	47.247	6.371
618056	ARG	 649 	ILE	 651 	CYS	 622 	9	87.8102020382	1	6.16743196152	-15.088	46.042	3.446	-18.709	41.616	5.756	-19.646	47.247	6.371
646852	ASN	 652 	ILE	 651 	CYS	 622 	5	59.8786343239	1	7.59970328368	-22.102	40.27	4.626	-18.709	41.616	5.756	-19.646	47.247	6.371
474341	THR	 681 	ILE	 623 	HIS	 682 	6	64.4191391645	1	6.75734215502	-14.925	43.322	13.187	-16.428	47.772	8.329	-17.464	46.026	13.973
635620	ARG	 649 	ARG	 625 	HIS	 624 	5	60.5531167821	1	7.95302124981	-15.088	46.042	3.446	-11.289	50.337	8.957	-14.812	51.139	7.615
386431	ASP	 685 	HIS	 624 	LEU	 627 	8	81.7464471509	1	7.2919787438	-14.416	50.026	14.562	-14.812	51.139	7.615	-12.493	56.083	10.986
634179	ARG	 649 	ALA	 648 	HIS	 624 	4	48.3938211732	1	6.59061044214	-15.088	46.042	3.446	-13.827	49.605	3.877	-14.812	51.139	7.615
508827	TRP	 669 	ASP	 626 	LEU	 627 	4	52.3932458197	1	7.63055070097	-6.569	54.445	15.508	-10.172	53.966	8.801	-12.493	56.083	10.986
663342	ASN	 631 	ALA	 628 	ASP	 626 	7	73.9879148531	1	7.62920185865	-11.918	61.248	7.342	-10.782	59.317	12.044	-10.172	53.966	8.801
605305	ALA	 629 	ALA	 628 	LEU	 627 	2	25.5870682319	1	7.2016227338	-11.345	63.078	12.257	-10.782	59.317	12.044	-12.493	56.083	10.986
500192	TRP	 669 	LEU	 692 	LEU	 627 	9	86.4036531429	1	7.99616345506	-6.569	54.445	15.508	-12.335	59.72	17.201	-12.493	56.083	10.986
663771	ASN	 631 	ALA	 628 	VAL	 632 	4	51.9880536491	1	6.72895868616	-11.918	61.248	7.342	-10.782	59.317	12.044	-15.061	63.079	8.464
597819	ALA	 628 	SER	 688 	PHE	 689 	4	52.3428609081	1	7.51107908359	-10.782	59.317	12.044	-11.419	53.664	16.488	-14.61	55.588	17.322
661466	ASN	 631 	VAL	 632 	LEU	 633 	3	41.6023341234	1	6.53678537203	-11.918	61.248	7.342	-15.061	63.079	8.464	-16.231	66.085	6.487
570673	VAL	 634 	THR	 635 	GLU	 636 	2	33.26561518	1	6.89609773713	-18.641	68.812	7.522	-21.042	70.514	5.124	-22.797	73.864	5.34
571108	VAL	 634 	THR	 635 	MET	 640 	5	53.1519198434	1	7.07481116356	-18.641	68.812	7.522	-21.042	70.514	5.124	-21.086	65.41	10.023
666438	ASN	 637 	ASN	 638 	THR	 635 	7	72.657496135	1	6.28667495581	-25.157	73.995	8.36	-22.672	71.575	9.953	-21.042	70.514	5.124
657511	ASN	 638 	THR	 635 	MET	 640 	8	81.4729036575	1	7.07481116356	-22.672	71.575	9.953	-21.042	70.514	5.124	-21.086	65.41	10.023
571107	VAL	 639 	THR	 635 	MET	 640 	4	48.841075367	1	7.07481116356	-23.714	68.017	9.084	-21.042	70.514	5.124	-21.086	65.41	10.023
478875	THR	 635 	MET	 640 	LYS	 641 	4	48.5162502107	1	7.86282888024	-21.042	70.514	5.124	-21.086	65.41	10.023	-20.317	62.971	7.222
666651	ASN	 637 	ASN	 638 	VAL	 639 	4	49.1516911475	1	6.19216513023	-25.157	73.995	8.36	-22.672	71.575	9.953	-23.714	68.017	9.084
661827	ASN	 638 	VAL	 639 	MET	 640 	4	45.8891865494	1	6.36612291744	-22.672	71.575	9.953	-23.714	68.017	9.084	-21.086	65.41	10.023
362090	MET	 640 	LYS	 641 	ILE	 642 	3	35.3807390756	1	6.80109233874	-21.086	65.41	10.023	-20.317	62.971	7.222	-18.122	59.895	7.367
595369	ALA	 643 	ASP	 644 	ILE	 642 	2	23.897984173	1	7.23656195994	-15.979	59.688	4.241	-13.155	57.773	2.551	-18.122	59.895	7.367
594939	ALA	 643 	ASP	 644 	PHE	 645 	4	49.6970860981	1	6.14304167331	-15.979	59.688	4.241	-13.155	57.773	2.551	-14.375	54.241	1.897
634537	ARG	 649 	ALA	 648 	ASP	 650 	2	24.4135037458	1	7.20522844884	-15.088	46.042	3.446	-13.827	49.605	3.877	-18.185	43.972	2.785
666220	ASN	 653 	ASN	 652 	ASP	 650 	5	52.6864884487	1	7.94414583199	-21.027	36.664	4.06	-22.102	40.27	4.626	-18.185	43.972	2.785
537770	TYR	 656 	ASP	 655 	ILE	 651 	3	38.7451954528	1	8.04162601717	-11.791	37.591	6.536	-15.424	38.211	7.642	-18.709	41.616	5.756
666223	ASN	 652 	ASN	 653 	ASP	 655 	8	77.7335051741	1	7.61126934223	-22.102	40.27	4.626	-21.027	36.664	4.06	-15.424	38.211	7.642
545115	TYR	 656 	TYR	 657 	LYS	 658 	4	49.4282965558	1	6.22301406073	-11.791	37.591	6.536	-10.863	35.818	9.782	-7.023	35.579	9.992
574422	VAL	 679 	TYR	 656 	TYR	 657 	7	71.4324243428	1	6.84804519553	-9.004	40.116	12.259	-11.791	37.591	6.536	-10.863	35.818	9.782
545619	TYR	 656 	TYR	 680 	TYR	 657 	4	52.3022131191	1	7.80700531574	-11.791	37.591	6.536	-11.313	43.119	12.028	-10.863	35.818	9.782
535038	TYR	 656 	LYS	 658 	LYS	 659 	7	74.2417576787	1	6.22301406073	-11.791	37.591	6.536	-7.023	35.579	9.992	-6.765	37.174	6.536
545479	TYR	 680 	TYR	 656 	THR	 660 	8	81.703090015	1	7.80700531574	-11.313	43.119	12.028	-11.791	37.591	6.536	-6.8	40.92	7.226
574419	VAL	 679 	TYR	 656 	TYR	 680 	4	48.0880109866	1	7.80700531574	-9.004	40.116	12.259	-11.791	37.591	6.536	-11.313	43.119	12.028
545480	TYR	 657 	TYR	 680 	THR	 660 	9	89.525819184	1	7.65190283524	-10.863	35.818	9.782	-11.313	43.119	12.028	-6.8	40.92	7.226
632023	ARG	 678 	TYR	 680 	TYR	 657 	8	82.8725999809	1	7.65190283524	-5.306	39.392	11.732	-11.313	43.119	12.028	-10.863	35.818	9.782
574418	VAL	 679 	TYR	 657 	TYR	 680 	3	39.7818258863	1	7.65190283524	-9.004	40.116	12.259	-10.863	35.818	9.782	-11.313	43.119	12.028
621439	ARG	 678 	LYS	 659 	LYS	 658 	8	80.2513608905	1	5.83494824313	-5.306	39.392	11.732	-6.765	37.174	6.536	-7.023	35.579	9.992
484637	THR	 661 	THR	 660 	LYS	 658 	6	65.022341178	1	7.56561748967	-3.245	41.859	8.114	-6.8	40.92	7.226	-7.023	35.579	9.992
484635	THR	 661 	THR	 660 	LYS	 659 	4	51.1462283612	1	6.06874855304	-3.245	41.859	8.114	-6.8	40.92	7.226	-6.765	37.174	6.536
571036	VAL	 679 	THR	 660 	LYS	 659 	5	52.9896024899	1	6.81331152965	-9.004	40.116	12.259	-6.8	40.92	7.226	-6.765	37.174	6.536
657800	ASN	 662 	THR	 660 	THR	 661 	9	89.4907517296	1	5.39835660178	-4.225	45.547	8.276	-6.8	40.92	7.226	-3.245	41.859	8.114
600196	ALA	 674 	THR	 660 	THR	 661 	5	54.1613104634	1	7.87598330369	-6.397	44.468	14.246	-6.8	40.92	7.226	-3.245	41.859	8.114
657364	ASN	 662 	THR	 661 	GLY	 663 	5	57.2159049464	1	5.74128173843	-4.225	45.547	8.276	-3.245	41.859	8.114	-0.839	47.017	7.36
628777	ARG	 678 	THR	 661 	ASP	 677 	2	28.8017817513	1	7.92915890874	-5.306	39.392	11.732	-3.245	41.859	8.114	-4.537	39.088	15.43
633315	ARG	 678 	VAL	 679 	THR	 661 	4	48.0535970272	1	7.30651455894	-5.306	39.392	11.732	-9.004	40.116	12.259	-3.245	41.859	8.114
664568	ASN	 662 	ARG	 664 	GLY	 663 	9	89.8048959675	1	5.49998472725	-4.225	45.547	8.276	-2.427	50.035	5.654	-0.839	47.017	7.36
510266	TRP	 669 	PRO	 666 	LEU	 665 	3	42.9702081707	1	7.86530870341	-6.569	54.445	15.508	-3.136	54.22	10.667	-4.515	51.308	8.594
420988	PRO	 666 	MET	 670 	LEU	 665 	5	55.1237260649	1	7.04687718071	-3.136	54.22	10.667	-6.214	50.637	15.4	-4.515	51.308	8.594
507391	TRP	 669 	MET	 670 	LEU	 665 	8	77.2735313182	1	7.86530870341	-6.569	54.445	15.508	-6.214	50.637	15.4	-4.515	51.308	8.594
568229	VAL	 667 	PRO	 666 	MET	 670 	6	63.7165959492	1	6.68679758928	-1.813	52.665	13.88	-3.136	54.22	10.667	-6.214	50.637	15.4
421280	PRO	 666 	MET	 670 	LYS	 668 	9	89.1718667063	1	6.68679758928	-3.136	54.22	10.667	-6.214	50.637	15.4	-2.964	55.284	16.41
572480	VAL	 667 	TRP	 669 	LYS	 668 	9	89.9051259896	1	5.33275913576	-1.813	52.665	13.88	-6.569	54.445	15.508	-2.964	55.284	16.41
507676	TRP	 669 	MET	 670 	LYS	 668 	5	57.058487488	1	5.75996605893	-6.569	54.445	15.508	-6.214	50.637	15.4	-2.964	55.284	16.41
572474	VAL	 691 	TRP	 669 	LYS	 668 	3	41.3056601595	1	8.09873193778	-10.127	57.557	19.429	-6.569	54.445	15.508	-2.964	55.284	16.41
539359	TYR	 704 	PRO	 703 	LYS	 668 	8	77.7563821566	1	7.30434076423	-1.136	59.617	21.999	-3.83	60.887	19.642	-2.964	55.284	16.41
601352	ALA	 671 	TRP	 669 	MET	 670 	9	88.9137125177	1	6.81077572674	-7.665	48.132	17.817	-6.569	54.445	15.508	-6.214	50.637	15.4
514948	TRP	 687 	TRP	 669 	MET	 670 	5	55.7030044697	1	7.51892425816	-12.211	51.238	19.305	-6.569	54.445	15.508	-6.214	50.637	15.4
512068	TRP	 669 	SER	 688 	MET	 670 	5	59.1489101095	1	6.11870067907	-6.569	54.445	15.508	-11.419	53.664	16.488	-6.214	50.637	15.4
515166	TRP	 669 	TRP	 687 	SER	 688 	7	72.6908850124	1	7.51892425816	-6.569	54.445	15.508	-12.211	51.238	19.305	-11.419	53.664	16.488
572911	VAL	 691 	TRP	 687 	TRP	 669 	8	76.3299721953	1	7.51892425816	-10.127	57.557	19.429	-12.211	51.238	19.305	-6.569	54.445	15.508
572186	VAL	 691 	TRP	 669 	LEU	 692 	3	42.4482207277	1	7.99616345506	-10.127	57.557	19.429	-6.569	54.445	15.508	-12.335	59.72	17.201
597026	ALA	 671 	PRO	 672 	MET	 670 	3	42.7523189115	1	6.50023122666	-7.665	48.132	17.817	-5.235	45.516	19.282	-6.214	50.637	15.4
605668	ALA	 674 	ALA	 671 	MET	 670 	5	57.6065496394	1	6.27867549727	-6.397	44.468	14.246	-7.665	48.132	17.817	-6.214	50.637	15.4
598466	ALA	 671 	SER	 684 	MET	 670 	3	43.8489230856	1	7.40899304899	-7.665	48.132	17.817	-12.618	46.958	15.989	-6.214	50.637	15.4
601347	ALA	 671 	TRP	 687 	MET	 670 	4	48.7859291231	1	7.1815203822	-7.665	48.132	17.817	-12.211	51.238	19.305	-6.214	50.637	15.4
512072	TRP	 687 	SER	 684 	MET	 670 	9	87.3663614587	1	7.40899304899	-12.211	51.238	19.305	-12.618	46.958	15.989	-6.214	50.637	15.4
601712	ALA	 671 	TRP	 740 	TRP	 687 	9	86.6637023654	1	7.86266125431	-7.665	48.132	17.817	-10.914	50.712	24.496	-12.211	51.238	19.305
596384	ALA	 674 	PRO	 672 	PHE	 676 	9	85.7707261683	1	6.02676272969	-6.397	44.468	14.246	-5.235	45.516	19.282	-1.843	41.647	16.144
602355	ALA	 674 	TYR	 680 	GLU	 673 	4	49.324403	1	7.08891761837	-6.397	44.468	14.246	-11.313	43.119	12.028	-6.814	42.525	17.474
623739	ARG	 678 	ASP	 677 	PHE	 676 	4	51.1541061841	1	6.04509205885	-5.306	39.392	11.732	-4.537	39.088	15.43	-1.843	41.647	16.144
633457	ARG	 678 	VAL	 679 	TYR	 680 	2	28.8475416441	1	7.07546422505	-5.306	39.392	11.732	-9.004	40.116	12.259	-11.313	43.119	12.028
574274	VAL	 679 	TYR	 680 	THR	 681 	3	35.9464651739	1	6.79690083788	-9.004	40.116	12.259	-11.313	43.119	12.028	-14.925	43.322	13.187
542017	TYR	 680 	THR	 681 	HIS	 682 	2	28.5854380339	1	7.07590806893	-11.313	43.119	12.028	-14.925	43.322	13.187	-17.464	46.026	13.973
541803	TYR	 680 	THR	 681 	GLN	 683 	4	46.0237707809	1	7.70602997658	-11.313	43.119	12.028	-14.925	43.322	13.187	-15.984	45.95	17.464
530283	TYR	 680 	HIS	 682 	GLN	 683 	4	49.9213208017	1	7.70602997658	-11.313	43.119	12.028	-17.464	46.026	13.973	-15.984	45.95	17.464
537702	TYR	 680 	ASP	 685 	HIS	 682 	7	70.960700196	1	7.98476136149	-11.313	43.119	12.028	-14.416	50.026	14.562	-17.464	46.026	13.973
540362	TYR	 680 	SER	 684 	GLN	 683 	3	42.6429538305	1	7.70602997658	-11.313	43.119	12.028	-12.618	46.958	15.989	-15.984	45.95	17.464
472685	THR	 681 	HIS	 682 	GLN	 683 	6	67.4185763236	1	5.13036002635	-14.925	43.322	13.187	-17.464	46.026	13.973	-15.984	45.95	17.464
483339	THR	 681 	SER	 684 	ASP	 685 	4	50.2300667838	1	6.86245743156	-14.925	43.322	13.187	-12.618	46.958	15.989	-14.416	50.026	14.562
559086	VAL	 686 	HIS	 682 	GLN	 683 	7	72.9036663745	1	6.64774691155	-15.789	51.051	17.99	-17.464	46.026	13.973	-15.984	45.95	17.464
472684	THR	 749 	HIS	 682 	GLN	 683 	5	56.7568465134	1	8.01112077053	-22.018	48.354	20.139	-17.464	46.026	13.973	-15.984	45.95	17.464
451304	SER	 684 	ASP	 685 	HIS	 682 	9	85.7396372559	1	5.33072190233	-12.618	46.958	15.989	-14.416	50.026	14.562	-17.464	46.026	13.973
511564	TRP	 687 	SER	 684 	GLN	 683 	5	53.1099045379	1	6.75187040752	-12.211	51.238	19.305	-12.618	46.958	15.989	-15.984	45.95	17.464
452526	SER	 684 	PRO	 744 	GLN	 683 	7	68.6746988013	1	7.01939520187	-12.618	46.958	15.989	-13.826	43.215	21.803	-15.984	45.95	17.464
508686	TRP	 687 	ASP	 685 	GLN	 683 	7	71.9103965367	1	6.75187040752	-12.211	51.238	19.305	-14.416	50.026	14.562	-15.984	45.95	17.464
572045	VAL	 686 	TRP	 687 	GLN	 683 	6	63.602932529	1	6.75187040752	-15.789	51.051	17.99	-12.211	51.238	19.305	-15.984	45.95	17.464
567725	VAL	 686 	PRO	 748 	GLN	 683 	6	64.0560534688	1	7.87074342105	-15.789	51.051	17.99	-20.204	48.801	23.465	-15.984	45.95	17.464
512142	TRP	 687 	SER	 684 	ASP	 685 	7	69.9478503839	1	5.42954003577	-12.211	51.238	19.305	-12.618	46.958	15.989	-14.416	50.026	14.562
512283	TRP	 687 	SER	 684 	SER	 688 	4	51.9084526779	1	6.83059572805	-12.211	51.238	19.305	-12.618	46.958	15.989	-11.419	53.664	16.488
508543	TRP	 687 	ASP	 685 	PHE	 689 	8	79.5254513268	1	6.21217192293	-12.211	51.238	19.305	-14.416	50.026	14.562	-14.61	55.588	17.322
571903	VAL	 686 	TRP	 687 	PHE	 689 	8	79.9653388041	1	5.34883071334	-15.789	51.051	17.99	-12.211	51.238	19.305	-14.61	55.588	17.322
633387	ARG	 747 	VAL	 686 	TRP	 687 	4	49.560002352	1	7.90415998067	-16.861	47.089	24.167	-15.789	51.051	17.99	-12.211	51.238	19.305
553180	VAL	 686 	CYS	 739 	PHE	 689 	5	58.9426714046	1	7.40292077494	-15.789	51.051	17.99	-14.504	51.532	23.514	-14.61	55.588	17.322
567656	VAL	 686 	PRO	 748 	CYS	 739 	9	83.7670521876	1	7.3844668054	-15.789	51.051	17.99	-20.204	48.801	23.465	-14.504	51.532	23.514
511421	TRP	 687 	SER	 688 	PHE	 689 	6	64.2340476779	1	5.34883071334	-12.211	51.238	19.305	-11.419	53.664	16.488	-14.61	55.588	17.322
511489	TRP	 687 	SER	 688 	CYS	 739 	2	32.4162538282	1	7.96412738472	-12.211	51.238	19.305	-11.419	53.664	16.488	-14.504	51.532	23.514
504222	TRP	 687 	GLY	 690 	PHE	 689 	7	69.516281995	1	5.34883071334	-12.211	51.238	19.305	-13.301	56.073	20.875	-14.61	55.588	17.322
495581	TRP	 687 	CYS	 739 	PHE	 689 	6	62.8810994414	1	7.40292077494	-12.211	51.238	19.305	-14.504	51.532	23.514	-14.61	55.588	17.322
515316	TRP	 694 	TRP	 740 	TRP	 687 	4	51.5510354472	2	11.4602200677	-10.902	61.884	21.942	-10.914	50.712	24.496	-12.211	51.238	19.305
514375	TRP	 687 	TRP	 740 	CYS	 739 	8	76.5415374527	1	5.37637108094	-12.211	51.238	19.305	-10.914	50.712	24.496	-14.504	51.532	23.514
501415	TRP	 687 	HIS	 741 	CYS	 739 	8	78.3706757135	1	8.0227828713	-12.211	51.238	19.305	-11.402	47.388	26.297	-14.504	51.532	23.514
629576	ARG	 747 	TRP	 687 	CYS	 739 	9	86.7845000154	1	7.90415998067	-16.861	47.089	24.167	-12.211	51.238	19.305	-14.504	51.532	23.514
514658	TRP	 687 	TRP	 740 	HIS	 741 	3	35.2856711951	1	8.0227828713	-12.211	51.238	19.305	-10.914	50.712	24.496	-11.402	47.388	26.297
629862	ARG	 747 	TRP	 687 	HIS	 741 	7	70.9272054974	1	8.0227828713	-16.861	47.089	24.167	-12.211	51.238	19.305	-11.402	47.388	26.297
363602	MET	 735 	MET	 736 	GLY	 690 	3	42.823624859	1	7.37446411612	-17.529	55.802	26.911	-14.043	56.259	25.466	-13.301	56.073	20.875
360295	MET	 735 	GLY	 690 	CYS	 739 	8	81.4987988251	1	7.37446411612	-17.529	55.802	26.911	-13.301	56.073	20.875	-14.504	51.532	23.514
622802	ARG	 737 	MET	 736 	GLY	 690 	3	39.4307676467	1	7.53439778615	-12.566	53.878	28.045	-14.043	56.259	25.466	-13.301	56.073	20.875
504294	TRP	 740 	GLY	 690 	CYS	 739 	7	70.4038446037	1	6.89563129815	-10.914	50.712	24.496	-13.301	56.073	20.875	-14.504	51.532	23.514
565350	VAL	 691 	MET	 736 	MET	 693 	7	74.402677623	1	7.31199213621	-10.127	57.557	19.429	-14.043	56.259	25.466	-14.203	60.963	20.306
572696	VAL	 691 	TRP	 694 	PRO	 703 	9	85.4058342014	1	7.50314554037	-10.127	57.557	19.429	-10.902	61.884	21.942	-3.83	60.887	19.642
503071	TRP	 694 	ILE	 696 	LEU	 692 	8	77.8930994754	1	6.40401296064	-10.902	61.884	21.942	-13.3	65.746	19.142	-12.335	59.72	17.201
507317	TRP	 694 	MET	 693 	GLU	 695 	6	64.7982457908	1	5.32467595258	-10.902	61.884	21.942	-14.203	60.963	20.306	-10.016	63.885	18.795
507536	TRP	 694 	MET	 693 	ILE	 696 	9	84.6154176555	1	5.33904935358	-10.902	61.884	21.942	-14.203	60.963	20.306	-13.3	65.746	19.142
507102	TRP	 694 	MET	 693 	PHE	 697 	7	73.0795794717	1	6.26318233808	-10.902	61.884	21.942	-14.203	60.963	20.306	-13.023	66.566	22.844
507748	TRP	 694 	MET	 736 	MET	 693 	5	56.5992230982	1	7.34336993485	-10.902	61.884	21.942	-14.043	56.259	25.466	-14.203	60.963	20.306
510196	TRP	 694 	PRO	 703 	GLU	 695 	5	57.6730663776	1	7.50314554037	-10.902	61.884	21.942	-3.83	60.887	19.642	-10.016	63.885	18.795
502782	TRP	 694 	ILE	 696 	PHE	 697 	7	71.1834817509	1	5.33904935358	-10.902	61.884	21.942	-13.3	65.746	19.142	-13.023	66.566	22.844
513296	TRP	 694 	THR	 698 	ILE	 696 	9	88.9239292701	1	6.06675564037	-10.902	61.884	21.942	-9.434	67.754	22.382	-13.3	65.746	19.142
512862	TRP	 694 	THR	 698 	PHE	 697 	7	72.1528333749	1	6.06675564037	-10.902	61.884	21.942	-9.434	67.754	22.382	-13.023	66.566	22.844
509983	TRP	 694 	PRO	 725 	PHE	 697 	8	79.930699077	1	7.10712797127	-10.902	61.884	21.942	-9.39	65.654	27.774	-13.023	66.566	22.844
513364	TRP	 694 	THR	 698 	GLY	 701 	5	60.0583955913	1	7.68329128694	-10.902	61.884	21.942	-9.434	67.754	22.382	-5.872	66.923	19.054
513655	TRP	 694 	THR	 698 	PRO	 725 	8	75.8554826446	1	7.10712797127	-10.902	61.884	21.942	-9.434	67.754	22.382	-9.39	65.654	27.774
418038	PRO	 703 	GLY	 701 	GLU	 695 	7	71.1649419253	1	6.92618285927	-3.83	60.887	19.642	-5.872	66.923	19.054	-10.016	63.885	18.795
301178	GLY	 700 	ILE	 696 	PHE	 697 	3	42.9767714524	1	7.7959069389	-8.545	68.157	16.664	-13.3	65.746	19.142	-13.023	66.566	22.844
481181	THR	 698 	PRO	 725 	PHE	 697 	6	60.9499634498	1	6.19155335921	-9.434	67.754	22.382	-9.39	65.654	27.774	-13.023	66.566	22.844
599259	ALA	 726 	THR	 698 	PHE	 697 	4	48.9258436111	1	8.02495788151	-9.866	68.836	29.864	-9.434	67.754	22.382	-13.023	66.566	22.844
596380	ALA	 726 	PRO	 725 	PHE	 697 	5	60.5658793164	1	8.02495788151	-9.866	68.836	29.864	-9.39	65.654	27.774	-13.023	66.566	22.844
409184	PRO	 725 	CYS	 728 	PHE	 697 	9	88.8102430432	1	6.19155335921	-9.39	65.654	27.774	-14.886	66.208	28.625	-13.023	66.566	22.844
639584	ASN	 727 	CYS	 728 	PHE	 697 	9	89.9445143181	1	6.09063018086	-13.187	69.534	28.16	-14.886	66.208	28.625	-13.023	66.566	22.844
600053	ALA	 726 	THR	 698 	PRO	 725 	6	66.5849523892	1	7.57216428771	-9.866	68.836	29.864	-9.434	67.754	22.382	-9.39	65.654	27.774
657656	ASN	 727 	THR	 698 	PRO	 725 	9	86.3705149069	1	7.11608691628	-13.187	69.534	28.16	-9.434	67.754	22.382	-9.39	65.654	27.774
452883	SER	 702 	PRO	 703 	GLY	 701 	4	45.2207411559	1	6.39912525272	-3.273	64.333	18.047	-3.83	60.887	19.642	-5.872	66.923	19.054
453174	SER	 702 	PRO	 705 	PRO	 703 	7	68.6282762161	1	5.83383518794	-3.273	64.333	18.047	0.597	63.016	22.209	-3.83	60.887	19.642
539430	TYR	 704 	PRO	 703 	MET	 722 	7	68.5399830884	1	7.74052956845	-1.136	59.617	21.999	-3.83	60.887	19.642	-5.175	57.909	26.659
539283	TYR	 704 	PRO	 705 	GLY	 706 	4	45.0426939256	1	6.3876538729	-1.136	59.617	21.999	0.597	63.016	22.209	4.348	62.812	22.72
539571	TYR	 704 	PRO	 708 	PRO	 705 	4	49.3792533081	1	8.06406001962	-1.136	59.617	21.999	5.677	58.006	18.451	0.597	63.016	22.209
424084	PRO	 708 	PRO	 705 	GLY	 706 	5	59.7566181418	1	8.06406001962	5.677	58.006	18.451	0.597	63.016	22.209	4.348	62.812	22.72
568010	VAL	 709 	PRO	 708 	ILE	 707 	3	42.746012712	1	6.5633300237	3.791	55.258	16.58	5.677	58.006	18.451	4.309	59.089	21.884
557498	VAL	 709 	LEU	 712 	PHE	 713 	3	41.984477096	1	7.42142216829	3.791	55.258	16.58	2.86	52.304	20.639	3.106	48.587	19.759
181662	GLU	 710 	GLU	 711 	PHE	 713 	7	71.739740433	1	6.58297425181	6.931	53.081	16.842	6.659	52.626	20.605	3.106	48.587	19.759
332859	LYS	 717 	LYS	 714 	PHE	 713 	4	50.1782774618	1	6.9143990339	0.039	45.47	25.115	4.45	47.648	23.2	3.106	48.587	19.759
328757	LYS	 717 	HIS	 720 	GLU	 718 	6	67.481644283	1	7.30395878959	0.039	45.47	25.115	-1.774	51.868	28.136	0.943	46.885	28.547
331779	LYS	 717 	GLY	 719 	HIS	 720 	4	45.2998252043	1	7.30395878959	0.039	45.47	25.115	-2.606	48.214	28.831	-1.774	51.868	28.136
622657	ARG	 721 	MET	 722 	HIS	 720 	2	29.9873578931	1	7.08815991637	-4.687	54.139	27.12	-5.175	57.909	26.659	-1.774	51.868	28.136
636269	ARG	 721 	ARG	 737 	TRP	 740 	6	66.5236146273	1	7.93740429864	-4.687	54.139	27.12	-12.566	53.878	28.045	-10.914	50.712	24.496
392473	ASP	 723 	MET	 722 	LYS	 724 	2	32.761536775	1	6.93524044284	-6.286	60.19	29.504	-5.175	57.909	26.659	-9.317	62.449	29.873
596955	ALA	 726 	PRO	 725 	LYS	 724 	4	45.6306117267	1	6.41055777604	-9.866	68.836	29.864	-9.39	65.654	27.774	-9.317	62.449	29.873
419334	PRO	 725 	LYS	 724 	CYS	 728 	7	70.0897435734	1	6.83383830654	-9.39	65.654	27.774	-9.317	62.449	29.873	-14.886	66.208	28.625
592135	ALA	 726 	LYS	 724 	CYS	 728 	8	79.2128157973	1	6.83383830654	-9.866	68.836	29.864	-9.317	62.449	29.873	-14.886	66.208	28.625
649736	ASN	 730 	LYS	 724 	CYS	 728 	9	87.1360963206	1	8.03049101861	-16.546	62.03	33.345	-9.317	62.449	29.873	-14.886	66.208	28.625
654053	ASN	 727 	PRO	 725 	CYS	 728 	6	66.3001838426	1	5.58901896579	-13.187	69.534	28.16	-9.39	65.654	27.774	-14.886	66.208	28.625
662692	ASN	 727 	ALA	 726 	CYS	 728 	5	55.2413935216	1	5.80016422181	-13.187	69.534	28.16	-9.866	68.836	29.864	-14.886	66.208	28.625
656936	ASN	 727 	THR	 729 	CYS	 728 	9	89.4063472349	1	6.91009493422	-13.187	69.534	28.16	-17.447	64.978	31.134	-14.886	66.208	28.625
656930	ASN	 730 	THR	 729 	CYS	 728 	3	41.959686941	1	6.5184111561	-16.546	62.03	33.345	-17.447	64.978	31.134	-14.886	66.208	28.625
541732	TYR	 733 	THR	 729 	CYS	 728 	5	58.4511181078	1	6.56107247331	-14.57	59.678	29.179	-17.447	64.978	31.134	-14.886	66.208	28.625
659816	ASN	 730 	TYR	 733 	CYS	 728 	9	89.4398765022	1	6.56107247331	-16.546	62.03	33.345	-14.57	59.678	29.179	-14.886	66.208	28.625
660676	ASN	 730 	TYR	 733 	THR	 729 	5	56.627502697	1	6.33949162	-16.546	62.03	33.345	-14.57	59.678	29.179	-17.447	64.978	31.134
660388	ASN	 730 	TYR	 733 	MET	 734 	5	56.5788491406	1	6.38868914567	-16.546	62.03	33.345	-14.57	59.678	29.179	-16.084	56.381	30.397
536187	TYR	 733 	MET	 736 	LEU	 732 	4	51.7381922136	1	6.67520876078	-14.57	59.678	29.179	-14.043	56.259	25.466	-18.065	60.817	28.224
536552	TYR	 733 	MET	 735 	MET	 734 	9	89.9074038598	1	5.37799972109	-14.57	59.678	29.179	-17.529	55.802	26.911	-16.084	56.381	30.397
536550	TYR	 733 	MET	 736 	MET	 734 	7	69.4091338492	1	5.33810134786	-14.57	59.678	29.179	-14.043	56.259	25.466	-16.084	56.381	30.397
536550	TYR	 733 	MET	 735 	MET	 736 	7	73.001939035	1	5.37799972109	-14.57	59.678	29.179	-17.529	55.802	26.911	-14.043	56.259	25.466
363752	MET	 734 	MET	 736 	MET	 735 	9	89.7959767597	1	5.33810134786	-16.084	56.381	30.397	-14.043	56.259	25.466	-17.529	55.802	26.911
392552	ASP	 738 	MET	 734 	MET	 736 	9	89.9422520769	1	5.97299598192	-15.318	51.375	27.23	-16.084	56.381	30.397	-14.043	56.259	25.466
622952	ARG	 737 	MET	 735 	MET	 736 	9	89.9409531932	1	5.4423433372	-12.566	53.878	28.045	-17.529	55.802	26.911	-14.043	56.259	25.466
363174	MET	 735 	MET	 736 	CYS	 739 	7	72.1874224897	1	6.2388407577	-17.529	55.802	26.911	-14.043	56.259	25.466	-14.504	51.532	23.514
624391	ARG	 737 	ASP	 738 	MET	 735 	8	82.2073807434	1	5.4423433372	-12.566	53.878	28.045	-15.318	51.375	27.23	-17.529	55.802	26.911
391972	ASP	 738 	MET	 735 	CYS	 739 	5	57.0375422041	1	6.2388407577	-15.318	51.375	27.23	-17.529	55.802	26.911	-14.504	51.532	23.514
624389	ARG	 737 	ASP	 738 	MET	 736 	6	64.0310269064	1	5.34703441171	-12.566	53.878	28.045	-15.318	51.375	27.23	-14.043	56.259	25.466
391974	ASP	 738 	MET	 736 	CYS	 739 	7	72.2126201372	1	5.34703441171	-15.318	51.375	27.23	-14.043	56.259	25.466	-14.504	51.532	23.514
509191	TRP	 740 	ASP	 738 	MET	 736 	8	76.5929770284	1	6.44210757439	-10.914	50.712	24.496	-15.318	51.375	27.23	-14.043	56.259	25.466
623813	ARG	 737 	ASP	 738 	CYS	 739 	6	62.2159844407	1	5.45797773905	-12.566	53.878	28.045	-15.318	51.375	27.23	-14.504	51.532	23.514
630222	ARG	 737 	TRP	 740 	ASP	 738 	7	70.4805842664	1	5.22585313609	-12.566	53.878	28.045	-10.914	50.712	24.496	-15.318	51.375	27.23
616616	ARG	 737 	HIS	 741 	CYS	 739 	9	85.5446158534	1	6.8213268504	-12.566	53.878	28.045	-11.402	47.388	26.297	-14.504	51.532	23.514
629859	ARG	 737 	TRP	 740 	HIS	 741 	4	49.7776310531	1	6.8213268504	-12.566	53.878	28.045	-10.914	50.712	24.496	-11.402	47.388	26.297
508616	TRP	 740 	ASP	 738 	CYS	 739 	9	89.9884179163	1	5.22585313609	-10.914	50.712	24.496	-15.318	51.375	27.23	-14.504	51.532	23.514
623814	ARG	 747 	ASP	 738 	CYS	 739 	7	73.2781103493	1	5.4893181726	-16.861	47.089	24.167	-15.318	51.375	27.23	-14.504	51.532	23.514
422213	PRO	 748 	ASP	 738 	CYS	 739 	6	61.6564293186	1	6.68383849296	-20.204	48.801	23.465	-15.318	51.375	27.23	-14.504	51.532	23.514
508901	TRP	 740 	ASP	 738 	HIS	 741 	6	65.4847589967	1	5.66583744913	-10.914	50.712	24.496	-15.318	51.375	27.23	-11.402	47.388	26.297
630224	ARG	 747 	TRP	 740 	ASP	 738 	9	87.1931910988	1	6.9714545828	-16.861	47.089	24.167	-10.914	50.712	24.496	-15.318	51.375	27.23
623882	ARG	 747 	ASP	 738 	GLN	 746 	3	41.7902407511	1	7.63903161402	-16.861	47.089	24.167	-15.318	51.375	27.23	-16.768	43.935	26.282
422287	PRO	 748 	ASP	 738 	GLN	 746 	8	79.737817904	1	7.63903161402	-20.204	48.801	23.465	-15.318	51.375	27.23	-16.768	43.935	26.282
501412	TRP	 740 	HIS	 741 	CYS	 739 	5	54.8877579272	1	5.87709358442	-10.914	50.712	24.496	-11.402	47.388	26.297	-14.504	51.532	23.514
629574	ARG	 747 	TRP	 740 	CYS	 739 	7	73.5137281857	1	6.9714545828	-16.861	47.089	24.167	-10.914	50.712	24.496	-14.504	51.532	23.514
616615	ARG	 747 	HIS	 741 	CYS	 739 	8	80.6284424882	1	5.87709358442	-16.861	47.089	24.167	-11.402	47.388	26.297	-14.504	51.532	23.514
625254	ARG	 747 	PRO	 748 	CYS	 739 	7	69.7838642509	1	6.32066151601	-16.861	47.089	24.167	-20.204	48.801	23.465	-14.504	51.532	23.514
601064	ALA	 742 	TRP	 740 	HIS	 741 	9	89.702405968	1	6.34162029768	-8.81	44.788	25.33	-10.914	50.712	24.496	-11.402	47.388	26.297
629861	ARG	 747 	TRP	 740 	HIS	 741 	6	66.0541142061	1	6.9714545828	-16.861	47.089	24.167	-10.914	50.712	24.496	-11.402	47.388	26.297
587885	ALA	 742 	HIS	 741 	GLN	 746 	6	62.9621381853	1	8.06000477667	-8.81	44.788	25.33	-11.402	47.388	26.297	-16.768	43.935	26.282
559087	VAL	 743 	HIS	 741 	GLN	 746 	8	80.7616004289	1	6.38101794387	-11.605	42.271	24.825	-11.402	47.388	26.297	-16.768	43.935	26.282
415087	PRO	 744 	HIS	 741 	GLN	 746 	8	79.7352110542	1	6.59437191854	-13.826	43.215	21.803	-11.402	47.388	26.297	-16.768	43.935	26.282
625543	ARG	 747 	PRO	 744 	HIS	 741 	8	81.4502937457	1	6.59437191854	-16.861	47.089	24.167	-13.826	43.215	21.803	-11.402	47.388	26.297
604371	ALA	 742 	VAL	 743 	PRO	 744 	4	47.4369647865	1	6.33042763168	-8.81	44.788	25.33	-11.605	42.271	24.825	-13.826	43.215	21.803
603723	ALA	 742 	VAL	 743 	GLN	 746 	4	48.8152849886	1	8.06000477667	-8.81	44.788	25.33	-11.605	42.271	24.825	-16.768	43.935	26.282
569165	VAL	 743 	SER	 745 	GLN	 746 	6	67.2858273034	1	5.69863290623	-11.605	42.271	24.825	-17.039	41.701	23.206	-16.768	43.935	26.282
452524	SER	 745 	PRO	 748 	GLN	 746 	5	59.9976012429	1	7.77780856026	-17.039	41.701	23.206	-20.204	48.801	23.465	-16.768	43.935	26.282
627410	ARG	 747 	SER	 745 	PRO	 748 	3	40.0705451293	1	7.77780856026	-16.861	47.089	24.167	-17.039	41.701	23.206	-20.204	48.801	23.465
625322	ARG	 747 	PRO	 748 	GLN	 746 	3	40.9405766667	1	6.58935057498	-16.861	47.089	24.167	-20.204	48.801	23.465	-16.768	43.935	26.282
481178	THR	 749 	PRO	 748 	PHE	 750 	3	39.4356668826	1	6.63527263946	-22.018	48.354	20.139	-20.204	48.801	23.465	-22.841	51.294	17.91
481754	THR	 749 	PRO	 748 	LYS	 751 	3	42.1100767057	1	8.04688983397	-22.018	48.354	20.139	-20.204	48.801	23.465	-26.498	50.841	18.885
410623	PRO	 748 	GLN	 752 	PHE	 750 	8	76.8944462963	1	6.63527263946	-20.204	48.801	23.465	-25.653	51.347	22.558	-22.841	51.294	17.91
393558	ASP	 758 	ASP	 756 	GLU	 755 	7	74.2428145599	1	5.28224062307	-28.981	60.246	22.947	-26.405	56.467	25.59	-28.81	55.267	22.88
393775	ASP	 756 	ASP	 758 	ILE	 760 	8	79.7346966034	1	6.4083238058	-26.405	56.467	25.59	-28.981	60.246	22.947	-26.438	62.653	27.263
484352	THR	 764 	THR	 762 	LEU	 763 	9	89.8023853088	1	5.54531099218	-27.177	69.26	28.075	-30.976	65.752	26.072	-29.455	66.53	29.47
