571035	VAL	  37 	THR	  38 	LYS	  36 	4	46.3554035801	1	6.3342012914	96.755	21.016	-30.008	95.631	18.637	-27.284	99.812	19.726	-31.916
571036	VAL	  37 	THR	  57 	LYS	  36 	5	53.9864390244	1	6.46784361283	96.755	21.016	-30.008	99.383	23.414	-26.62	99.812	19.726	-31.916
566715	VAL	  37 	ASP	  58 	LYS	  36 	4	51.6814023652	1	7.95475009035	96.755	21.016	-30.008	103.134	24.074	-26.37	99.812	19.726	-31.916
484640	THR	  57 	THR	  38 	LYS	  36 	9	88.6188403944	1	6.46784361283	99.383	23.414	-26.62	95.631	18.637	-27.284	99.812	19.726	-31.916
571177	VAL	  37 	THR	  57 	ASP	  58 	2	30.1966577717	1	7.95475009035	96.755	21.016	-30.008	99.383	23.414	-26.62	103.134	24.074	-26.37
484926	THR	  57 	THR	  38 	SER	  55 	7	69.7285597166	1	7.07550881563	99.383	23.414	-26.62	95.631	18.637	-27.284	92.465	22.389	-25.546
542596	TYR	  56 	THR	  38 	THR	  57 	5	59.7391038623	1	6.1104933516	96.074	23.195	-24.774	95.631	18.637	-27.284	99.383	23.414	-26.62
575713	VAL	  41 	VAL	  40 	THR	  39 	2	27.0536974386	1	7.1506181551	87.207	16.874	-21.306	90.47	16.971	-23.278	91.957	18.648	-26.348
571323	VAL	  40 	THR	  39 	SER	  55 	4	49.8026198191	1	6.20310994583	90.47	16.971	-23.278	91.957	18.648	-26.348	92.465	22.389	-25.546
604513	ALA	  42 	VAL	  41 	THR	  43 	2	26.2897707117	1	7.12229317004	87.921	18.382	-17.911	87.207	16.874	-21.306	86.149	19.438	-14.746
600050	ALA	  42 	THR	  43 	PRO	  44 	3	40.0439391189	1	6.62589118534	87.921	18.382	-17.911	86.149	19.438	-14.746	86.528	22.966	-13.334
602933	ALA	  42 	TYR	 114 	PRO	  44 	6	63.5807026	1	6.62589118534	87.921	18.382	-17.911	90.678	22.06	-14.309	86.528	22.966	-13.334
580543	ALA	  42 	PHE	 115 	PHE	 116 	8	78.8404768638	1	5.3705152453	87.921	18.382	-17.911	91.366	18.379	-13.791	90.835	15.385	-16.032
481683	THR	  43 	PRO	  44 	GLY	  45 	4	47.91285227	1	6.26109415358	86.149	19.438	-14.746	86.528	22.966	-13.334	88.675	22.906	-10.186
481903	THR	  43 	PRO	  44 	ASP	  49 	8	78.8276126014	1	6.92155733921	86.149	19.438	-14.746	86.528	22.966	-13.334	80.868	19.446	-11.468
481970	THR	  43 	PRO	  51 	PRO	  44 	3	42.4226465242	1	7.02362776633	86.149	19.438	-14.746	82.725	19.009	-17.717	86.528	22.966	-13.334
481182	THR	  43 	PRO	  44 	PHE	 115 	7	69.4883588818	1	6.68248920687	86.149	19.438	-14.746	86.528	22.966	-13.334	91.366	18.379	-13.791
628781	ARG	  50 	THR	  43 	ASP	  49 	6	61.6700390416	1	6.24022203131	79.928	19.735	-15.135	86.149	19.438	-14.746	80.868	19.446	-11.468
417964	PRO	  44 	GLY	  45 	GLN	  46 	5	58.4678302999	1	5.66061180439	86.528	22.966	-13.334	88.675	22.906	-10.186	86.55	25.335	-8.193
418106	PRO	  44 	GLY	  45 	LEU	 112 	3	38.7845695336	1	7.7922105336	86.528	22.966	-13.334	88.675	22.906	-10.186	93.261	24.5	-9.724
625686	ARG	 113 	PRO	  44 	GLY	  45 	7	73.9315369718	1	5.91952810619	91.885	25.476	-13.126	86.528	22.966	-13.334	88.675	22.906	-10.186
417965	PRO	  44 	GLY	  47 	GLN	  46 	6	66.1726568073	1	5.66061180439	86.528	22.966	-13.334	83.032	25.231	-9.571	86.55	25.335	-8.193
423726	PRO	  48 	PRO	  44 	GLN	  46 	7	73.5159021243	1	7.35560371418	80.039	23.082	-10.769	86.528	22.966	-13.334	86.55	25.335	-8.193
413647	PRO	  44 	LEU	 112 	GLN	  46 	8	78.0433331722	1	7.7922105336	86.528	22.966	-13.334	93.261	24.5	-9.724	86.55	25.335	-8.193
424300	PRO	  44 	PRO	  48 	ASP	  49 	5	56.5813495194	1	6.97852434258	86.528	22.966	-13.334	80.039	23.082	-10.769	80.868	19.446	-11.468
625975	ARG	  50 	PRO	  44 	PRO	  48 	8	75.9047109859	1	7.56590787679	79.928	19.735	-15.135	86.528	22.966	-13.334	80.039	23.082	-10.769
424304	PRO	  44 	PRO	  51 	ASP	  49 	9	86.3339610578	1	7.02362776633	86.528	22.966	-13.334	82.725	19.009	-17.717	80.868	19.446	-11.468
625972	ARG	  50 	PRO	  44 	PRO	  51 	5	57.4894851153	1	7.56590787679	79.928	19.735	-15.135	86.528	22.966	-13.334	82.725	19.009	-17.717
423723	PRO	  44 	PRO	  51 	GLN	  52 	4	48.4982149187	1	7.86595029224	86.528	22.966	-13.334	82.725	19.009	-17.717	83.951	21.229	-20.56
625466	ARG	 113 	PRO	  44 	LEU	 112 	3	43.161148099	1	7.7922105336	91.885	25.476	-13.126	86.528	22.966	-13.334	93.261	24.5	-9.724
631733	ARG	 113 	TYR	 114 	PRO	  44 	6	64.226331971	1	5.91952810619	91.885	25.476	-13.126	90.678	22.06	-14.309	86.528	22.966	-13.334
538779	TYR	 114 	PRO	  44 	PHE	 115 	4	45.4584731118	1	6.68248920687	90.678	22.06	-14.309	86.528	22.966	-13.334	91.366	18.379	-13.791
619562	ARG	 113 	GLY	  45 	GLN	  46 	3	43.2492917181	1	7.26750266598	91.885	25.476	-13.126	88.675	22.906	-10.186	86.55	25.335	-8.193
533160	TYR	 114 	GLY	  45 	GLN	  46 	1	21.6549650966	1	8.07288455262	90.678	22.06	-14.309	88.675	22.906	-10.186	86.55	25.335	-8.193
622805	ARG	 102 	MET	 101 	GLY	  45 	6	62.5910666699	1	7.56327158047	89.082	21.407	-4.527	92.866	21.496	-4.05	88.675	22.906	-10.186
635764	ARG	 111 	ARG	 113 	GLY	  45 	5	60.2316915012	1	7.73319326023	94.302	27.856	-8.279	91.885	25.476	-13.126	88.675	22.906	-10.186
417960	PRO	  48 	GLY	  47 	GLN	  46 	1	21.3666521994	1	7.35560371418	80.039	23.082	-10.769	83.032	25.231	-9.571	86.55	25.335	-8.193
384847	ASP	 105 	LEU	 104 	GLN	  46 	8	76.9148765394	1	7.80166571958	89.898	28.928	-3.241	90.838	25.605	-1.681	86.55	25.335	-8.193
422643	PRO	  48 	ASP	  49 	GLY	  47 	4	44.8780441358	1	6.4612483314	80.039	23.082	-10.769	80.868	19.446	-11.468	83.032	25.231	-9.571
625322	ARG	  50 	PRO	  51 	GLN	  52 	3	34.808721677	1	6.91716632733	79.928	19.735	-15.135	82.725	19.009	-17.717	83.951	21.229	-20.56
412208	PRO	  51 	GLU	  53 	GLN	  52 	9	89.0895369073	1	6.94530920838	82.725	19.009	-17.717	86.347	20.665	-23.407	83.951	21.229	-20.56
542521	TYR	  56 	THR	  57 	SER	  55 	2	28.0106186477	1	7.07550881563	96.074	23.195	-24.774	99.383	23.414	-26.62	92.465	22.389	-25.546
540295	TYR	  56 	SER	  55 	CYS	  76 	8	82.9482858313	1	5.82468282398	96.074	23.195	-24.774	92.465	22.389	-25.546	94.11	27.881	-26.575
482695	THR	  57 	SER	  55 	CYS	  76 	8	79.4565749386	1	7.07550881563	99.383	23.414	-26.62	92.465	22.389	-25.546	94.11	27.881	-26.575
542376	TYR	  56 	THR	  57 	ASP	  58 	1	22.4590772892	1	7.29132751973	96.074	23.195	-24.774	99.383	23.414	-26.62	103.134	24.074	-26.37
541733	TYR	  56 	THR	  57 	CYS	  76 	6	65.2602246518	1	6.91090753809	96.074	23.195	-24.774	99.383	23.414	-26.62	94.11	27.881	-26.575
534535	TYR	  56 	LYS	  74 	CYS	  76 	8	78.9604165683	1	6.31793558055	96.074	23.195	-24.774	99.293	27.271	-23.014	94.11	27.881	-26.575
484784	THR	  57 	THR	  59 	ASP	  58 	9	89.4626290902	1	5.15835060848	99.383	23.414	-26.62	103.147	21.325	-23.778	103.134	24.074	-26.37
484637	THR	  59 	THR	  57 	LYS	  74 	6	67.1845449263	1	7.12684558553	103.147	21.325	-23.778	99.383	23.414	-26.62	99.293	27.271	-23.014
476935	THR	  57 	LYS	  74 	CYS	  76 	8	83.0159822417	1	6.91090753809	99.383	23.414	-26.62	99.293	27.271	-23.014	94.11	27.881	-26.575
480314	THR	  59 	ASP	  58 	LYS	  60 	3	43.233853571	1	6.46525436468	103.147	21.325	-23.778	103.134	24.074	-26.37	106.529	20.366	-22.305
479884	THR	  59 	ASP	  58 	GLN	  72 	5	52.9578323328	1	7.59494443693	103.147	21.325	-23.778	103.134	24.074	-26.37	103.787	23.37	-18.836
595082	ALA	  73 	ASP	  58 	GLN	  72 	3	38.9474202158	1	7.59494443693	101.388	24.489	-21.523	103.134	24.074	-26.37	103.787	23.37	-18.836
599835	ALA	  73 	THR	  59 	LYS	  60 	4	45.9429003095	1	6.63630424257	101.388	24.489	-21.523	103.147	21.325	-23.778	106.529	20.366	-22.305
599834	ALA	  73 	THR	  59 	LYS	  74 	3	36.1241488891	1	7.12684558553	101.388	24.489	-21.523	103.147	21.325	-23.778	99.293	27.271	-23.014
573483	VAL	  61 	TYR	  71 	GLN	  72 	4	47.7706350518	1	6.40982854685	107.97	18.533	-19.274	104.297	19.779	-17.824	103.787	23.37	-18.836
648649	ASN	  64 	GLY	  63 	ILE	  62 	2	26.8052160499	1	7.10732143638	110.009	14.764	-13.048	109.693	18.455	-13.765	109.512	20.844	-16.695
648721	ASN	  64 	GLY	  65 	GLY	  63 	2	27.8319549295	1	7.09046296091	110.009	14.764	-13.048	110.203	12.454	-10.023	109.693	18.455	-13.765
655928	ASN	  64 	SER	  66 	GLY	  65 	9	89.9644858017	1	7.30745263413	110.009	14.764	-13.048	108.437	9.868	-7.856	110.203	12.454	-10.023
661683	ASN	  64 	VAL	  69 	GLY	  65 	4	51.5197228974	1	6.55571117424	110.009	14.764	-13.048	105.385	14.254	-14.088	110.203	12.454	-10.023
655419	ASN	  64 	SER	  66 	PHE	  67 	4	49.9056015336	1	7.83262727314	110.009	14.764	-13.048	108.437	9.868	-7.856	105.232	11.925	-7.528
655927	ASN	  64 	SER	  66 	GLY	  68 	8	80.980011846	1	7.30745263413	110.009	14.764	-13.048	108.437	9.868	-7.856	104.697	11.795	-11.287
561817	VAL	  69 	GLY	  68 	PHE	  67 	2	31.7094917804	1	6.96284783691	105.385	14.254	-14.088	104.697	11.795	-11.287	105.232	11.925	-7.528
575281	VAL	  70 	VAL	  69 	GLY	  68 	2	30.8875156598	1	6.97739077306	104.804	17.962	-14.549	105.385	14.254	-14.088	104.697	11.795	-11.287
575858	VAL	  69 	VAL	  70 	TYR	  71 	3	36.1561632866	1	6.75774111668	105.385	14.254	-14.088	104.804	17.962	-14.549	104.297	19.779	-17.824
573481	VAL	  70 	TYR	  71 	GLN	  72 	2	30.2031304353	1	6.97560907735	104.804	17.962	-14.549	104.297	19.779	-17.824	103.787	23.37	-18.836
602287	ALA	  83 	TYR	  71 	GLN	  72 	8	80.6074628776	1	5.60997263808	101.165	23.666	-15.264	104.297	19.779	-17.824	103.787	23.37	-18.836
606103	ALA	  73 	ALA	  83 	TYR	  71 	8	78.9363358959	1	6.65800135176	101.388	24.489	-21.523	101.165	23.666	-15.264	104.297	19.779	-17.824
592200	ALA	  73 	LYS	  74 	GLN	  72 	1	21.2078376822	1	7.27114303256	101.388	24.489	-21.523	99.293	27.271	-23.014	103.787	23.37	-18.836
602283	ALA	  83 	TYR	 134 	GLN	  72 	4	51.9933293298	1	7.38786938163	101.165	23.666	-15.264	101.772	28.603	-14.026	103.787	23.37	-18.836
331495	LYS	  74 	GLY	  79 	CYS	  76 	8	80.6945600023	1	6.31793558055	99.293	27.271	-23.014	96.156	32.163	-23.818	94.11	27.881	-26.575
210530	LEU	  75 	GLU	  80 	CYS	  76 	3	35.3351282441	1	8.03357940149	95.49	27.417	-23.06	97.097	31.706	-20.173	94.11	27.881	-26.575
446696	SER	  78 	GLY	  79 	CYS	  76 	9	85.3065582619	1	5.78376814888	92.628	31.7	-22.492	96.156	32.163	-23.818	94.11	27.881	-26.575
296931	GLY	  79 	GLU	  80 	CYS	  76 	4	46.6055088637	1	8.03357940149	96.156	32.163	-23.818	97.097	31.706	-20.173	94.11	27.881	-26.575
236515	HIS	 299 	CYS	  76 	CYS	 107 	5	59.4217600269	8	55.6206301025	122.889	31.535	20.881	94.11	27.881	-26.575	94.266	34.398	-3.529
265319	ILE	 296 	CYS	  76 	CYS	 178 	9	83.2156025352	8	60.0774847426	123.857	23.271	25.417	94.11	27.881	-26.575	98.886	20.701	6.568
495718	TRP	 301 	CYS	  76 	CYS	 178 	8	76.4745571931	8	51.537689762	119.014	35.652	17.872	94.11	27.881	-26.575	98.886	20.701	6.568
514434	TRP	 301 	TRP	 241 	CYS	  76 	4	46.9264551286	8	51.537689762	119.014	35.652	17.872	108.391	26.146	11.872	94.11	27.881	-26.575
495711	TRP	 301 	CYS	  76 	CYS	 245 	1	19.9501938855	8	51.537689762	119.014	35.652	17.872	94.11	27.881	-26.575	112.916	28.972	8.243
495711	TRP	 301 	CYS	  76 	CYS	 317 	1	14.0006591005	8	51.537689762	119.014	35.652	17.872	94.11	27.881	-26.575	111.43	34.715	13.802
495715	TRP	 301 	CYS	  76 	CYS	 335 	5	53.388696265	8	51.537689762	119.014	35.652	17.872	94.11	27.881	-26.575	99.836	37.929	10.196
566426	VAL	  82 	ASP	 133 	LEU	  81 	3	42.4161333238	1	6.93421985518	99.435	26.547	-16.896	98.256	27.902	-12.768	99.982	29.377	-19.32
333147	LYS	  85 	LYS	  86 	LEU	 128 	4	52.342243572	1	7.86152974936	100.745	17.669	-12.87	100.112	14.06	-13.954	94.954	12.357	-12.645
650239	ASN	 129 	LYS	  85 	LYS	  86 	8	78.7577814939	1	5.61518672886	95.756	15.618	-14.43	100.745	17.669	-12.87	100.112	14.06	-13.954
573488	VAL	  87 	TYR	 127 	GLN	  89 	9	85.6969666368	1	6.12647247607	100.005	11.521	-11.149	96.407	9.274	-14.297	96.39	7.085	-8.961
390603	ASP	  90 	LYS	  91 	GLN	  89 	4	49.7077335299	1	6.14036725286	94.756	3.911	-7.688	91.1	3.972	-8.79	96.39	7.085	-8.961
381820	ASP	  90 	GLN	  89 	PHE	  93 	5	56.0544774757	1	7.93606388583	94.756	3.911	-7.688	96.39	7.085	-8.961	90.975	5.356	-3.423
641023	ASN	  95 	GLN	  89 	PHE	  93 	8	77.6018488133	1	7.93606388583	93.507	11.398	-4.483	96.39	7.085	-8.961	90.975	5.356	-3.423
393559	ASP	  90 	ASP	 124 	GLU	 125 	8	78.3135756648	1	6.07751610446	94.756	3.911	-7.688	93.161	-0.49	-11.564	95.116	2.717	-12.2
621436	ARG	  92 	LYS	  94 	LYS	  91 	5	53.8651602805	1	7.24097396764	89.796	2.427	-5.561	90.546	9.114	-3.722	91.1	3.972	-8.79
332862	LYS	  91 	LYS	  94 	PHE	  93 	7	68.5116147307	1	7.24097396764	91.1	3.972	-8.79	90.546	9.114	-3.722	90.975	5.356	-3.423
649658	ASN	  95 	LYS	  94 	PHE	  93 	3	39.846623369	1	6.63629324247	93.507	11.398	-4.483	90.546	9.114	-3.722	90.975	5.356	-3.423
642608	ASN	  95 	GLU	  97 	GLN	  99 	9	83.3357330239	1	6.05761248348	93.507	11.398	-4.483	95.99	16.211	-3.564	90.552	16.418	-2.821
621075	ARG	  96 	LYS	 205 	GLU	  97 	4	48.3410811143	1	7.69661678921	94.7	13.348	-1.431	97.349	16.109	4.011	95.99	16.211	-3.564
268205	ILE	 100 	GLU	  97 	GLN	  99 	6	67.2601771204	1	5.49242587569	92.534	19.146	-1.077	95.99	16.211	-3.564	90.552	16.418	-2.821
622448	ARG	 102 	MET	 101 	GLN	  99 	9	86.1097013425	1	5.71411594212	89.082	21.407	-4.527	92.866	21.496	-4.05	90.552	16.418	-2.821
361806	MET	 101 	LYS	 103 	GLN	  99 	7	74.2895578942	1	7.09229130817	92.866	21.496	-4.05	88.236	22.906	-1.135	90.552	16.418	-2.821
624387	ARG	 102 	ASP	 105 	MET	 101 	4	49.036444851	1	8.04351471684	89.082	21.407	-4.527	89.898	28.928	-3.241	92.866	21.496	-4.05
386427	ASP	 105 	HIS	 106 	LEU	 104 	4	48.6228352223	1	6.18902213601	89.898	28.928	-3.241	92.203	31.638	-1.89	90.838	25.605	-1.681
386209	ASP	 105 	HIS	 106 	CYS	 107 	2	31.3504244161	1	7.00594518962	89.898	28.928	-3.241	92.203	31.638	-1.89	94.266	34.398	-3.529
624099	ARG	 111 	ASP	 105 	HIS	 106 	4	48.8887594588	1	7.71548093122	94.302	27.856	-8.279	89.898	28.928	-3.241	92.203	31.638	-1.89
645416	ASN	 108 	HIS	 106 	CYS	 107 	9	89.9066477126	1	5.60882358432	97.576	33.241	-2.032	92.203	31.638	-1.89	94.266	34.398	-3.529
271013	ILE	 109 	HIS	 106 	CYS	 107 	6	67.6845616613	1	5.54155673074	97.115	29.661	-3.138	92.203	31.638	-1.89	94.266	34.398	-3.529
559012	VAL	 110 	HIS	 106 	CYS	 107 	5	52.9529857013	1	7.98527801645	97.714	28.376	-6.66	92.203	31.638	-1.89	94.266	34.398	-3.529
616611	ARG	 111 	HIS	 106 	CYS	 107 	4	48.9224632895	1	8.08464965227	94.302	27.856	-8.279	92.203	31.638	-1.89	94.266	34.398	-3.529
443811	SER	 168 	HIS	 106 	CYS	 107 	4	48.0823941727	1	8.02033072884	97.644	30.959	2.881	92.203	31.638	-1.89	94.266	34.398	-3.529
560739	VAL	 110 	ILE	 109 	HIS	 106 	4	46.7359251943	1	7.98527801645	97.714	28.376	-6.66	97.115	29.661	-3.138	92.203	31.638	-1.89
540584	TYR	 171 	SER	 168 	HIS	 106 	9	86.1995711581	1	7.5821013578	93.541	29.479	5.254	97.644	30.959	2.881	92.203	31.638	-1.89
646852	ASN	 108 	ILE	 109 	CYS	 107 	5	60.5562893182	1	5.54155673074	97.576	33.241	-2.032	97.115	29.661	-3.138	94.266	34.398	-3.529
661251	ASN	 108 	VAL	 110 	CYS	 107 	4	49.6248462491	1	7.6129067379	97.576	33.241	-2.032	97.714	28.376	-6.66	94.266	34.398	-3.529
655490	ASN	 108 	SER	 168 	CYS	 107 	3	35.7181690526	1	8.02033072884	97.576	33.241	-2.032	97.644	30.959	2.881	94.266	34.398	-3.529
649730	ASN	 108 	LYS	 197 	CYS	 107 	3	34.7057519566	1	7.05681585419	97.576	33.241	-2.032	100.801	31.777	-4.001	94.266	34.398	-3.529
560452	VAL	 110 	ILE	 109 	CYS	 107 	5	55.815362105	1	7.6129067379	97.714	28.376	-6.66	97.115	29.661	-3.138	94.266	34.398	-3.529
655568	ASN	 108 	SER	 168 	GLN	 164 	9	89.0799475038	1	6.26585269536	97.576	33.241	-2.032	97.644	30.959	2.881	100.85	36.304	2.238
649805	ASN	 108 	LYS	 197 	GLN	 164 	6	67.0594655842	1	7.70851808067	97.576	33.241	-2.032	100.801	31.777	-4.001	100.85	36.304	2.238
664926	ASN	 108 	ARG	 167 	SER	 168 	7	69.4477892344	1	7.23542652509	97.576	33.241	-2.032	97.468	33.968	5.166	97.644	30.959	2.881
655995	ASN	 108 	SER	 168 	LYS	 197 	4	45.33741144	1	7.61562190501	97.576	33.241	-2.032	97.644	30.959	2.881	100.801	31.777	-4.001
330265	LYS	 197 	ILE	 109 	LEU	 196 	2	24.0759139679	1	7.71040906827	100.801	31.777	-4.001	97.115	29.661	-3.138	102.475	35.179	-3.66
635983	ARG	 113 	ARG	 111 	ASP	 133 	8	80.8061166926	1	6.82665957845	91.885	25.476	-13.126	94.302	27.856	-8.279	98.256	27.902	-12.768
630937	ARG	 113 	TYR	 114 	PHE	 115 	2	26.4567245516	1	7.14695704478	91.885	25.476	-13.126	90.678	22.06	-14.309	91.366	18.379	-13.791
638142	ASN	 129 	PHE	 115 	PHE	 116 	7	71.0935244368	1	5.2252791313	95.756	15.618	-14.43	91.366	18.379	-13.791	90.835	15.385	-16.032
540217	TYR	 117 	SER	 118 	PHE	 116 	2	29.2176861309	1	6.97854289949	91.832	11.759	-16.228	93.925	9.63	-18.488	90.835	15.385	-16.032
541088	TYR	 117 	SER	 119 	SER	 118 	9	89.8036221703	1	6.89577037031	91.832	11.759	-16.228	93.869	5.997	-19.422	93.925	9.63	-18.488
545406	TYR	 127 	TYR	 117 	SER	 118 	7	74.7199940784	1	5.55289212933	96.407	9.274	-14.297	91.832	11.759	-16.228	93.925	9.63	-18.488
660603	ASN	 129 	TYR	 117 	SER	 118 	4	45.6589768319	1	7.46163983317	95.756	15.618	-14.43	91.832	11.759	-16.228	93.925	9.63	-18.488
574422	VAL	 126 	TYR	 117 	TYR	 127 	7	68.4780815643	1	6.68237360524	94.39	6.131	-13.691	91.832	11.759	-16.228	96.407	9.274	-14.297
660824	ASN	 129 	TYR	 127 	TYR	 117 	9	87.4701852862	1	6.37870096493	95.756	15.618	-14.43	96.407	9.274	-14.297	91.832	11.759	-16.228
454323	SER	 118 	SER	 119 	GLY	 120 	4	49.706864762	1	6.10237535719	93.925	9.63	-18.488	93.869	5.997	-19.422	96.016	4.11	-16.94
541086	TYR	 127 	SER	 119 	SER	 118 	7	74.9336400116	1	6.59134265533	96.407	9.274	-14.297	93.869	5.997	-19.422	93.925	9.63	-18.488
540507	TYR	 127 	SER	 118 	LEU	 128 	4	52.3286278193	1	6.5296262527	96.407	9.274	-14.297	93.925	9.63	-18.488	94.954	12.357	-12.645
660605	ASN	 129 	TYR	 127 	SER	 118 	6	62.7363862707	1	7.46163983317	95.756	15.618	-14.43	96.407	9.274	-14.297	93.925	9.63	-18.488
297075	GLY	 120 	GLU	 125 	GLU	 121 	4	50.5737130019	1	6.72036464784	96.016	4.11	-16.94	95.116	2.717	-12.2	97.947	1.055	-18.064
562032	VAL	 126 	GLY	 120 	GLU	 121 	1	22.432710262	1	7.58558857308	94.39	6.131	-13.691	96.016	4.11	-16.94	97.947	1.055	-18.064
573553	VAL	 126 	TYR	 127 	GLU	 125 	2	30.2573852912	1	7.00416583185	94.39	6.131	-13.691	96.407	9.274	-14.297	95.116	2.717	-12.2
537626	TYR	 134 	ASP	 133 	LEU	 132 	3	40.9817736769	1	6.55306806008	101.772	28.603	-14.026	98.256	27.902	-12.768	97.17	24.344	-12.122
574058	VAL	 135 	TYR	 134 	ASP	 133 	3	37.2131943821	1	6.72626776155	104.106	31.219	-12.635	101.772	28.603	-14.026	98.256	27.902	-12.768
574130	VAL	 135 	TYR	 134 	PRO	 136 	3	43.7737215792	1	6.4456565996	104.106	31.219	-12.635	101.772	28.603	-14.026	107.815	30.767	-13.438
570673	VAL	 139 	THR	 138 	GLU	 137 	2	31.1734609211	1	6.98971623172	110.58	33.348	-3.815	109.446	31.752	-7.053	108.907	33.05	-10.595
662116	ASN	 186 	VAL	 139 	THR	 138 	5	56.294811169	1	7.98567799251	106.948	26.25	-3.37	110.58	33.348	-3.815	109.446	31.752	-7.053
542452	TYR	 140 	THR	 138 	PRO	 184 	5	58.5286209922	1	6.90150831341	113.486	30.946	-4.217	109.446	31.752	-7.053	111.1	28.982	-0.952
657655	ASN	 186 	THR	 138 	PRO	 184 	8	76.4068644602	1	7.07647489927	106.948	26.25	-3.37	109.446	31.752	-7.053	111.1	28.982	-0.952
657005	ASN	 186 	THR	 138 	GLN	 185 	6	65.8610177879	1	7.07647489927	106.948	26.25	-3.37	109.446	31.752	-7.053	110.656	26.849	-4.036
662259	ASN	 186 	VAL	 139 	TYR	 140 	4	49.2149575576	1	8.09415029512	106.948	26.25	-3.37	110.58	33.348	-3.815	113.486	30.946	-4.217
632527	ARG	 141 	VAL	 139 	GLN	 185 	8	77.4603745888	1	7.62983230484	114.642	32.321	-7.555	110.58	33.348	-3.815	110.656	26.849	-4.036
661324	ASN	 186 	VAL	 139 	GLN	 185 	5	60.4887456973	1	7.98567799251	106.948	26.25	-3.37	110.58	33.348	-3.815	110.656	26.849	-4.036
631083	ARG	 141 	TYR	 140 	GLN	 185 	4	44.3730580179	1	7.62983230484	114.642	32.321	-7.555	113.486	30.946	-4.217	110.656	26.849	-4.036
660535	ASN	 186 	TYR	 140 	PRO	 184 	8	77.7483414835	1	8.09415029512	106.948	26.25	-3.37	113.486	30.946	-4.217	111.1	28.982	-0.952
659886	ASN	 186 	TYR	 140 	GLN	 185 	7	69.5264047497	1	8.09415029512	106.948	26.25	-3.37	113.486	30.946	-4.217	110.656	26.849	-4.036
660028	ASN	 186 	TYR	 140 	LEU	 187 	5	54.0673030261	1	8.09415029512	106.948	26.25	-3.37	113.486	30.946	-4.217	106.198	29.97	-3.198
636413	ARG	 144 	ARG	 141 	VAL	 142 	6	67.7208086796	1	5.44171930551	118.851	33.376	-4.923	114.642	32.321	-7.555	114.233	35.889	-6.327
634183	ARG	 141 	ALA	 143 	HIS	 145 	8	80.6530714501	1	5.95809617244	114.642	32.321	-7.555	116.078	35.203	-3.082	118.976	36.394	-7.2
635621	ARG	 141 	ARG	 144 	HIS	 145 	6	60.963362798	1	5.95809617244	114.642	32.321	-7.555	118.851	33.376	-4.923	118.976	36.394	-7.2
602502	ALA	 143 	TYR	 146 	HIS	 145 	7	71.6388428004	1	5.4284192911	116.078	35.203	-3.082	119.832	38.871	-4.468	118.976	36.394	-7.2
598184	ALA	 143 	SER	 147 	HIS	 145 	9	87.8295614105	1	6.10840682994	116.078	35.203	-3.082	122.077	36.326	-2.83	118.976	36.394	-7.2
635622	ARG	 148 	ARG	 144 	HIS	 145 	7	69.8187935478	1	6.06877005661	124.214	36.027	-5.943	118.851	33.376	-4.923	118.976	36.394	-7.2
636344	ARG	 144 	ARG	 148 	TYR	 146 	9	88.0982010016	1	6.06877005661	118.851	33.376	-4.923	124.214	36.027	-5.943	119.832	38.871	-4.468
619563	ARG	 144 	GLY	 253 	GLN	 254 	4	48.9906374734	1	8.07332552298	118.851	33.376	-4.923	120.722	35.186	2.444	120.829	31.401	2.651
540367	TYR	 146 	SER	 147 	GLN	 151 	8	81.5289634386	1	5.95699026355	119.832	38.871	-4.468	122.077	36.326	-2.83	122.894	42.014	-1.26
540723	TYR	 146 	SER	 147 	GLY	 253 	4	50.8835448208	1	7.88334123326	119.832	38.871	-4.468	122.077	36.326	-2.83	120.722	35.186	2.444
631085	ARG	 148 	TYR	 146 	GLN	 151 	6	63.1054231994	1	7.71472993695	124.214	36.027	-5.943	119.832	38.871	-4.468	122.894	42.014	-1.26
533165	TYR	 146 	GLY	 253 	GLN	 151 	6	66.3865161077	1	8.06590255334	119.832	38.871	-4.468	120.722	35.186	2.444	122.894	42.014	-1.26
448204	SER	 147 	LYS	 150 	GLN	 151 	5	60.2021026486	1	5.95699026355	122.077	36.326	-2.83	125.572	39.686	-2.608	122.894	42.014	-1.26
621002	ARG	 148 	LYS	 150 	GLN	 151 	3	37.1582921123	1	7.71472993695	124.214	36.027	-5.943	125.572	39.686	-2.608	122.894	42.014	-1.26
471241	THR	 152 	LEU	 153 	GLN	 151 	2	33.2365727358	1	6.91895346133	119.797	41.205	0.794	116.112	41.187	-0.168	122.894	42.014	-1.26
475562	THR	 152 	GLY	 253 	GLN	 151 	3	42.6771263208	1	8.06590255334	119.797	41.205	0.794	120.722	35.186	2.444	122.894	42.014	-1.26
574133	VAL	 155 	TYR	 157 	PRO	 154 	6	67.4790027588	1	5.48444418332	112.436	44.419	3.865	109.28	42.332	0.076	114.294	44.496	0.582
575572	VAL	 158 	VAL	 155 	PRO	 154 	5	52.973277806	1	6.45274561718	110.163	40.219	3.088	112.436	44.419	3.865	114.294	44.496	0.582
574421	VAL	 158 	TYR	 161 	TYR	 157 	6	63.1745428373	1	5.87299829729	110.163	40.219	3.088	105.904	37.61	0.969	109.28	42.332	0.076
545192	TYR	 161 	TYR	 163 	MET	 162 	9	89.8443751921	1	5.34537388777	105.904	37.61	0.969	102.594	37.979	5.15	105.922	36.31	4.527
544686	TYR	 161 	TYR	 163 	GLN	 164 	7	69.0825837403	1	5.37204923656	105.904	37.61	0.969	102.594	37.979	5.15	100.85	36.304	2.238
536044	TYR	 163 	MET	 162 	GLN	 164 	5	59.6423402514	1	5.5645971103	102.594	37.979	5.15	105.922	36.31	4.527	100.85	36.304	2.238
524383	TYR	 163 	CYS	 335 	PHE	 166 	8	80.4047278998	1	6.1155621982	102.594	37.979	5.15	99.836	37.929	10.196	100.901	33.159	6.52
631015	ARG	 167 	TYR	 163 	CYS	 335 	8	78.9615856526	1	6.82626142189	97.468	33.968	5.166	102.594	37.979	5.15	99.836	37.929	10.196
439424	SER	 168 	GLN	 164 	PHE	 166 	9	89.5570303391	1	6.26585269536	97.644	30.959	2.881	100.85	36.304	2.238	100.901	33.159	6.52
586299	ALA	 243 	LEU	 165 	PHE	 166 	4	50.1860735156	1	7.9088667962	107.814	29.453	7.533	102.57	33.036	3.107	100.901	33.159	6.52
610781	ARG	 167 	CYS	 335 	PHE	 166 	6	63.2142850351	1	6.82626142189	97.468	33.968	5.166	99.836	37.929	10.196	100.901	33.159	6.52
581983	ALA	 334 	CYS	 335 	PHE	 166 	8	77.5272098976	1	6.9009056652	101.744	35.936	12.781	99.836	37.929	10.196	100.901	33.159	6.52
625255	ARG	 167 	PRO	 331 	CYS	 335 	8	83.0383337814	1	6.82626142189	97.468	33.968	5.166	99.506	31.848	10.969	99.836	37.929	10.196
530141	TYR	 171 	HIS	 173 	PHE	 175 	6	65.5077479835	1	7.21104194968	93.541	29.479	5.254	95.048	25.187	8.231	90.479	23.178	6.963
540219	TYR	 171 	SER	 174 	PHE	 175 	4	46.3087162315	1	7.21104194968	93.541	29.479	5.254	91.476	26.325	8.908	90.479	23.178	6.963
540368	TYR	 171 	SER	 174 	GLN	 365 	9	85.3914162139	1	6.93766596198	93.541	29.479	5.254	91.476	26.325	8.908	86.899	30.568	6.936
527403	TYR	 171 	GLU	 366 	GLN	 365 	4	44.6545457696	1	6.93766596198	93.541	29.479	5.254	90.269	32.29	7.063	86.899	30.568	6.936
272451	ILE	 172 	ILE	 177 	CYS	 178 	4	49.4736781915	1	7.02388560556	94.634	25.905	4.525	95.128	20.72	5.988	98.886	20.701	6.568
299742	GLY	 176 	HIS	 173 	PHE	 175 	7	70.9084411195	1	5.14972484702	92.849	21.007	9.008	95.048	25.187	8.231	90.479	23.178	6.963
299816	GLY	 176 	HIS	 173 	CYS	 178 	9	85.0594979048	1	6.51863520992	92.849	21.007	9.008	95.048	25.187	8.231	98.886	20.701	6.568
443815	SER	 236 	HIS	 173 	CYS	 178 	8	76.5802074191	1	6.80372412727	100.074	21.692	11.2	95.048	25.187	8.231	98.886	20.701	6.568
447051	SER	 174 	GLY	 176 	ILE	 177 	4	46.3784660391	1	7.29928277299	91.476	26.325	8.908	92.849	21.007	9.008	95.128	20.72	5.988
453967	SER	 174 	SER	 368 	GLN	 365 	8	76.4582659422	1	6.78856126142	91.476	26.325	8.908	87.75	31.033	12.076	86.899	30.568	6.936
454107	SER	 174 	SER	 368 	LEU	 367 	4	45.6928316801	1	8.06182572374	91.476	26.325	8.908	87.75	31.033	12.076	89.477	33.992	10.396
454684	SER	 174 	SER	 368 	SER	 369 	5	57.9235408087	1	6.78856126142	91.476	26.325	8.908	87.75	31.033	12.076	90.637	30.157	14.423
266620	ILE	 177 	GLN	 206 	PHE	 175 	5	56.9007044026	1	7.50168574388	95.128	20.72	5.988	94.183	16.726	6.0	90.479	23.178	6.963
301250	GLY	 176 	ILE	 177 	CYS	 178 	3	42.2341005389	1	6.51863520992	92.849	21.007	9.008	95.128	20.72	5.988	98.886	20.701	6.568
295496	GLY	 176 	GLN	 206 	CYS	 178 	9	86.1189005593	1	6.51863520992	92.849	21.007	9.008	94.183	16.726	6.0	98.886	20.701	6.568
271016	ILE	 177 	HIS	 179 	CYS	 178 	9	89.7999387413	1	6.52109538345	95.128	20.72	5.988	101.15	21.444	3.593	98.886	20.701	6.568
266691	ILE	 177 	GLN	 206 	CYS	 178 	4	51.9288064351	1	6.1839678201	95.128	20.72	5.988	94.183	16.726	6.0	98.886	20.701	6.568
445543	SER	 236 	ILE	 177 	HIS	 179 	8	79.3154508098	1	7.68672420476	100.074	21.692	11.2	95.128	20.72	5.988	101.15	21.444	3.593
616613	ARG	 180 	HIS	 179 	CYS	 178 	6	60.6495109857	1	5.55219929397	104.128	19.614	5.096	101.15	21.444	3.593	98.886	20.701	6.568
328614	LYS	 205 	HIS	 179 	CYS	 178 	7	69.7041721746	1	6.56388223538	97.349	16.109	4.011	101.15	21.444	3.593	98.886	20.701	6.568
443814	SER	 236 	HIS	 179 	CYS	 178 	7	73.2710096357	1	7.68672420476	100.074	21.692	11.2	101.15	21.444	3.593	98.886	20.701	6.568
386212	ASP	 239 	HIS	 179 	CYS	 178 	5	56.2348279666	1	6.91312179844	104.279	24.481	8.67	101.15	21.444	3.593	98.886	20.701	6.568
626695	ARG	 180 	SER	 236 	CYS	 178 	8	82.6957116198	1	7.61654882476	104.128	19.614	5.096	100.074	21.692	11.2	98.886	20.701	6.568
623814	ARG	 180 	ASP	 239 	CYS	 178 	7	75.1384955795	1	6.91312179844	104.128	19.614	5.096	104.279	24.481	8.67	98.886	20.701	6.568
482690	THR	 235 	SER	 236 	CYS	 178 	3	40.1679545423	1	7.69974402172	100.191	19.193	14.005	100.074	21.692	11.2	98.886	20.701	6.568
621220	ARG	 180 	LYS	 205 	HIS	 179 	5	60.120007342	1	7.70824824458	104.128	19.614	5.096	97.349	16.109	4.011	101.15	21.444	3.593
626979	ARG	 180 	SER	 236 	HIS	 179 	4	51.5867732622	1	7.68672420476	104.128	19.614	5.096	100.074	21.692	11.2	101.15	21.444	3.593
598180	ALA	 204 	SER	 203 	HIS	 179 	5	52.6110739249	1	6.17207987635	99.78	18.108	1.906	102.854	16.371	0.518	101.15	21.444	3.593
592419	ALA	 204 	LYS	 205 	HIS	 179 	4	44.9531945522	1	6.56388223538	99.78	18.108	1.906	97.349	16.109	4.011	101.15	21.444	3.593
634394	ARG	 180 	ALA	 204 	LYS	 205 	3	41.6859283342	1	7.70824824458	104.128	19.614	5.096	99.78	18.108	1.906	97.349	16.109	4.011
387650	ASP	 181 	ILE	 182 	CYS	 218 	3	40.67487618	1	7.39614129124	106.458	21.005	2.445	106.758	24.715	2.97	109.082	17.886	4.603
393773	ASP	 239 	ASP	 181 	ILE	 182 	6	62.2811080225	1	7.45528282495	104.279	24.481	8.67	106.458	21.005	2.445	106.758	24.715	2.97
451015	SER	 219 	ASP	 181 	CYS	 218 	8	79.4560391026	1	6.18204472646	112.322	19.115	2.954	106.458	21.005	2.445	109.082	17.886	4.603
537414	TYR	 222 	ASP	 181 	CYS	 218 	7	69.1369869419	1	7.84192380733	112.712	23.108	6.683	106.458	21.005	2.445	109.082	17.886	4.603
419689	PRO	 184 	LYS	 183 	ILE	 182 	2	26.1174186369	1	7.24170815485	111.1	28.982	-0.952	109.924	26.12	1.351	106.758	24.715	2.97
534534	TYR	 222 	LYS	 183 	CYS	 245 	7	70.785966289	1	8.03651864927	112.712	23.108	6.683	109.924	26.12	1.351	112.916	28.972	8.243
448132	SER	 242 	LYS	 183 	CYS	 245 	5	59.4532527341	1	8.03651864927	109.021	25.887	8.141	109.924	26.12	1.351	112.916	28.972	8.243
563330	VAL	 246 	LYS	 183 	CYS	 245 	3	42.0522790736	1	8.03651864927	111.942	30.694	5.013	109.924	26.12	1.351	112.916	28.972	8.243
654128	ASN	 186 	PRO	 184 	GLN	 185 	9	89.4600892602	1	5.52717396144	106.948	26.25	-3.37	111.1	28.982	-0.952	110.656	26.849	-4.036
652614	ASN	 186 	ASP	 200 	CYS	 199 	7	71.6000277867	1	6.22869215807	106.948	26.25	-3.37	102.735	21.884	-4.779	101.824	25.566	-4.434
211975	LEU	 188 	LEU	 187 	CYS	 199 	8	78.275795712	1	7.07407591138	105.131	31.456	-6.535	106.198	29.97	-3.198	101.824	25.566	-4.434
422861	PRO	 191 	ASP	 190 	ASP	 192 	6	61.1649381542	1	5.53251741976	107.0	39.987	-10.454	103.99	37.697	-9.761	104.763	42.959	-11.285
481902	THR	 193 	PRO	 191 	ASP	 190 	7	70.2310981578	1	5.96599279249	101.91	42.62	-8.795	107.0	39.987	-10.454	103.99	37.697	-9.761
480461	THR	 193 	ASP	 190 	ASP	 192 	6	67.4856756916	1	5.53251741976	101.91	42.62	-8.795	103.99	37.697	-9.761	104.763	42.959	-11.285
604372	ALA	 194 	VAL	 195 	PRO	 191 	5	52.5920514057	1	7.71103352346	104.052	41.138	-5.996	101.459	38.438	-5.32	107.0	39.987	-10.454
600196	ALA	 194 	THR	 356 	THR	 193 	5	53.4496590744	1	7.39903378827	104.052	41.138	-5.996	100.088	46.251	-2.611	101.91	42.62	-8.795
484779	THR	 193 	THR	 356 	ASP	 355 	4	49.8147552181	1	7.81605149676	101.91	42.62	-8.795	100.088	46.251	-2.611	99.782	49.134	-5.036
481903	THR	 193 	PRO	 357 	ASP	 355 	8	76.5961729741	1	7.81605149676	101.91	42.62	-8.795	97.998	43.157	-3.436	99.782	49.134	-5.036
484852	THR	 193 	THR	 356 	PRO	 357 	5	59.6947376425	1	7.39903378827	101.91	42.62	-8.795	100.088	46.251	-2.611	97.998	43.157	-3.436
327385	LYS	 197 	LEU	 196 	LEU	 198 	2	34.0046925664	1	6.85533317936	100.801	31.777	-4.001	102.475	35.179	-3.66	101.481	28.57	-2.134
598394	ALA	 204 	SER	 203 	LYS	 205 	3	41.6467606713	1	6.52493049771	99.78	18.108	1.906	102.854	16.371	0.518	97.349	16.109	4.011
592201	ALA	 204 	LYS	 205 	GLN	 206 	2	28.3675292841	1	7.0708676271	99.78	18.108	1.906	97.349	16.109	4.011	94.183	16.726	6.0
557642	VAL	 208 	LEU	 207 	GLN	 206 	3	40.1891067726	1	6.62763524947	93.108	14.166	12.018	95.334	16.027	9.568	94.183	16.726	6.0
624244	ARG	 209 	ASP	 233 	GLY	 210 	5	55.5587644219	1	7.19227752523	94.207	14.033	15.641	101.277	12.867	16.261	94.665	10.472	16.819
661970	ASN	 213 	VAL	 214 	PRO	 212 	3	35.3531844219	1	6.81810193529	101.348	10.769	10.102	104.679	9.826	8.581	99.412	8.926	12.816
657654	ASN	 213 	THR	 232 	PRO	 212 	7	71.6484646782	1	5.10441475588	101.348	10.769	10.102	103.881	10.951	14.224	99.412	8.926	12.816
654702	ASN	 213 	PRO	 212 	ASP	 233 	7	74.850555925	1	6.50691370774	101.348	10.769	10.102	99.412	8.926	12.816	101.277	12.867	16.261
481901	THR	 232 	PRO	 212 	ASP	 233 	6	66.6262501372	1	5.55677343429	103.881	10.951	14.224	99.412	8.926	12.816	101.277	12.867	16.261
662043	ASN	 213 	VAL	 214 	SER	 215 	4	48.1783585832	1	6.20897527777	101.348	10.769	10.102	104.679	9.826	8.581	107.501	11.51	10.48
657580	ASN	 213 	THR	 232 	ASP	 233 	5	52.9813398574	1	6.50691370774	101.348	10.769	10.102	103.881	10.951	14.224	101.277	12.867	16.261
660461	ASN	 213 	TYR	 234 	ASP	 233 	6	60.803040177	1	7.44003897839	101.348	10.769	10.102	102.416	16.279	14.986	101.277	12.867	16.261
445256	SER	 219 	ILE	 217 	CYS	 218 	9	89.8469662058	1	6.9078582788	112.322	19.115	2.954	108.163	14.342	5.718	109.082	17.886	4.603
626691	ARG	 220 	SER	 219 	CYS	 218 	4	48.2810637594	1	6.25481062863	115.262	18.566	5.287	112.322	19.115	2.954	109.082	17.886	4.603
540292	TYR	 222 	SER	 219 	CYS	 218 	5	54.4748006207	1	6.69123187463	112.712	23.108	6.683	112.322	19.115	2.954	109.082	17.886	4.603
626694	ARG	 223 	SER	 219 	CYS	 218 	7	69.915670791	1	5.94059660304	111.794	20.067	8.794	112.322	19.115	2.954	109.082	17.886	4.603
631016	ARG	 220 	TYR	 222 	CYS	 218 	9	84.8481012454	1	6.69123187463	115.262	18.566	5.287	112.712	23.108	6.683	109.082	17.886	4.603
635335	ARG	 220 	ARG	 223 	CYS	 218 	8	80.0258683056	1	6.25481062863	115.262	18.566	5.287	111.794	20.067	8.794	109.082	17.886	4.603
631804	ARG	 220 	TYR	 221 	SER	 219 	5	56.3528639944	1	5.77869950767	115.262	18.566	5.287	116.31	22.205	5.772	112.322	19.115	2.954
631731	ARG	 220 	TYR	 221 	PRO	 258 	4	45.4718141662	1	7.97794967395	115.262	18.566	5.287	116.31	22.205	5.772	121.508	23.46	6.114
636342	ARG	 220 	ARG	 223 	TYR	 222 	7	68.8165853884	1	5.39268764161	115.262	18.566	5.287	111.794	20.067	8.794	112.712	23.108	6.683
625684	ARG	 220 	PRO	 258 	GLY	 259 	5	56.7392179077	1	7.97794967395	115.262	18.566	5.287	121.508	23.46	6.114	121.748	19.996	7.685
619566	ARG	 220 	GLY	 262 	GLN	 265 	7	70.5229993777	1	7.08252913866	115.262	18.566	5.287	118.479	13.989	9.622	119.615	18.823	10.868
544612	TYR	 221 	TYR	 222 	CYS	 245 	5	59.3797958042	1	7.96350211904	116.31	22.205	5.772	112.712	23.108	6.683	112.916	28.972	8.243
544540	TYR	 222 	TYR	 221 	PHE	 257 	5	55.7964814572	1	7.60806894028	112.712	23.108	6.683	116.31	22.205	5.772	119.652	25.16	9.03
524382	TYR	 221 	CYS	 245 	PHE	 257 	7	69.7054960003	1	7.96350211904	116.31	22.205	5.772	112.916	28.972	8.243	119.652	25.16	9.03
539211	TYR	 221 	PRO	 255 	ILE	 256 	4	49.3484105699	1	7.79920008719	116.31	22.205	5.772	118.972	28.638	4.508	119.419	28.901	8.287
525823	TYR	 221 	GLN	 265 	PHE	 257 	8	79.140853466	1	6.95199000287	116.31	22.205	5.772	119.615	18.823	10.868	119.652	25.16	9.03
533164	TYR	 221 	GLY	 259 	GLN	 265 	5	56.7280744774	1	6.95199000287	116.31	22.205	5.772	121.748	19.996	7.685	119.615	18.823	10.868
634898	ARG	 223 	ALA	 224 	TYR	 222 	3	43.6939753352	1	6.454091493	111.794	20.067	8.794	110.551	20.784	12.303	112.712	23.108	6.683
631952	ARG	 223 	TYR	 222 	TRP	 241 	9	86.7518014835	1	7.61634649947	111.794	20.067	8.794	112.712	23.108	6.683	108.391	26.146	11.872
543176	TYR	 222 	TRP	 241 	CYS	 245 	9	86.2983604321	1	7.40447202709	112.712	23.108	6.683	108.391	26.146	11.872	112.916	28.972	8.243
634610	ARG	 223 	ALA	 224 	PRO	 225 	3	41.0151060134	1	6.60291253918	111.794	20.067	8.794	110.551	20.784	12.303	112.417	19.357	15.329
634828	ARG	 223 	ALA	 224 	TRP	 241 	5	60.3319018997	1	7.61634649947	111.794	20.067	8.794	110.551	20.784	12.303	108.391	26.146	11.872
625613	ARG	 223 	PRO	 225 	ILE	 228 	6	68.1477034114	1	7.27721141647	111.794	20.067	8.794	112.417	19.357	15.329	113.328	14.662	13.419
629934	ARG	 223 	TRP	 241 	ILE	 238 	7	68.9446586689	1	7.61634649947	111.794	20.067	8.794	108.391	26.146	11.872	105.242	22.096	11.498
601136	ALA	 224 	TRP	 241 	ILE	 238 	9	85.5239365671	1	5.79675814572	110.551	20.784	12.303	108.391	26.146	11.872	105.242	22.096	11.498
420919	PRO	 225 	MET	 284 	GLU	 226 	8	76.9119521534	1	7.35484187457	112.417	19.357	15.329	107.574	17.43	20.518	109.527	17.067	16.309
420703	PRO	 225 	MET	 284 	PHE	 229 	8	79.4036534628	1	7.47301819883	112.417	19.357	15.329	107.574	17.43	20.518	112.575	13.226	16.89
539432	TYR	 323 	PRO	 225 	MET	 284 	9	88.7294150568	1	7.35484187457	111.082	23.731	20.005	112.417	19.357	15.329	107.574	17.43	20.518
354460	MET	 284 	GLU	 226 	PHE	 229 	5	55.0089093868	1	7.47301819883	107.574	17.43	20.518	109.527	17.067	16.309	112.575	13.226	16.89
358995	MET	 284 	ILE	 281 	GLU	 226 	4	45.8095894105	1	8.03082193801	107.574	17.43	20.518	111.071	17.069	24.19	109.527	17.067	16.309
536116	TYR	 323 	MET	 284 	GLU	 226 	5	59.541327552	1	7.77736054198	111.082	23.731	20.005	107.574	17.43	20.518	109.527	17.067	16.309
590620	ALA	 231 	GLY	 230 	PHE	 229 	5	55.7042710295	1	5.82046149373	106.869	12.396	16.096	110.196	10.756	15.254	112.575	13.226	16.89
651103	ASN	 285 	MET	 284 	PHE	 229 	8	77.9524408191	1	7.47301819883	107.346	13.694	21.075	107.574	17.43	20.518	112.575	13.226	16.89
659744	ASN	 285 	TYR	 288 	PHE	 229 	9	83.9929847384	1	7.23861443924	107.346	13.694	21.075	110.724	9.809	22.997	112.575	13.226	16.89
663123	ASN	 285 	ALA	 231 	GLY	 230 	4	46.5511533836	1	7.11606527514	107.346	13.694	21.075	106.869	12.396	16.096	110.196	10.756	15.254
663267	ASN	 285 	ALA	 231 	MET	 284 	4	51.2921236239	1	6.73737819927	107.346	13.694	21.075	106.869	12.396	16.096	107.574	17.43	20.518
666724	ASN	 287 	ASN	 285 	ALA	 231 	5	54.3492699584	1	8.06332189609	107.039	8.98	23.398	107.346	13.694	21.075	106.869	12.396	16.096
542378	TYR	 234 	THR	 235 	ASP	 233 	3	36.1325650702	1	6.80347029096	102.416	16.279	14.986	100.191	19.193	14.005	101.277	12.867	16.261
542521	TYR	 234 	THR	 235 	SER	 236 	2	29.455795383	1	7.00851831702	102.416	16.279	14.986	100.191	19.193	14.005	100.074	21.692	11.2
542523	TYR	 234 	THR	 235 	SER	 237 	4	46.3660253166	1	7.72458037695	102.416	16.279	14.986	100.191	19.193	14.005	102.381	23.825	13.335
541084	TYR	 234 	SER	 237 	SER	 236 	5	56.8755301053	1	7.72458037695	102.416	16.279	14.986	102.381	23.825	13.335	100.074	21.692	11.2
454543	SER	 236 	SER	 237 	ASP	 239 	8	80.8922399096	1	5.64459440527	100.074	21.692	11.2	102.381	23.825	13.335	104.279	24.481	8.67
452811	SER	 237 	PRO	 325 	ILE	 238 	4	50.1845088773	1	7.2825144696	102.381	23.825	13.335	105.097	23.082	18.712	105.242	22.096	11.498
508974	TRP	 241 	ASP	 239 	ILE	 238 	7	72.6010705577	1	5.47115828687	108.391	26.146	11.872	104.279	24.481	8.67	105.242	22.096	11.498
572336	VAL	 240 	TRP	 241 	ILE	 238 	9	85.4698792936	1	5.42766634936	104.946	27.485	10.923	108.391	26.146	11.872	105.242	22.096	11.498
572187	VAL	 240 	TRP	 241 	LEU	 321 	4	44.8683683869	1	8.0311680346	104.946	27.485	10.923	108.391	26.146	11.872	111.468	28.759	15.433
633388	ARG	 328 	VAL	 240 	TRP	 241 	5	52.7585117355	1	7.38876931566	104.779	28.644	17.814	104.946	27.485	10.923	108.391	26.146	11.872
601206	ALA	 243 	TRP	 241 	GLY	 244 	7	71.1583603134	1	5.48599115931	107.814	29.453	7.533	108.391	26.146	11.872	110.183	30.752	10.192
600774	ALA	 243 	TRP	 241 	CYS	 245 	7	74.7382026369	1	6.45225092506	107.814	29.453	7.533	108.391	26.146	11.872	112.916	28.972	8.243
500115	TRP	 241 	LEU	 321 	GLU	 322 	4	44.8282375271	1	7.36839331198	108.391	26.146	11.872	111.468	28.759	15.433	110.559	27.282	18.822
629719	ARG	 328 	TRP	 241 	GLU	 322 	8	77.4315937946	1	7.38876931566	104.779	28.644	17.814	108.391	26.146	11.872	110.559	27.282	18.822
590695	ALA	 248 	GLY	 244 	CYS	 317 	8	77.0551666227	1	6.6787364823	115.224	33.417	8.461	110.183	30.752	10.192	111.43	34.715	13.802
567652	VAL	 246 	PRO	 255 	CYS	 245 	5	55.3562819498	1	7.34187040202	111.942	30.694	5.013	118.972	28.638	4.508	112.916	28.972	8.243
596454	ALA	 248 	PRO	 255 	CYS	 245 	7	69.1682215799	1	7.24655462962	115.224	33.417	8.461	118.972	28.638	4.508	112.916	28.972	8.243
416455	PRO	 255 	ILE	 256 	CYS	 245 	8	80.3127850473	1	7.12298511861	118.972	28.638	4.508	119.419	28.901	8.287	112.916	28.972	8.243
265179	ILE	 256 	CYS	 245 	PHE	 257 	4	47.119694112	1	7.77974350477	119.419	28.901	8.287	112.916	28.972	8.243	119.652	25.16	9.03
416523	PRO	 255 	ILE	 256 	GLN	 254 	4	46.5500522194	1	6.32476054883	118.972	28.638	4.508	119.419	28.901	8.287	120.829	31.401	2.651
423581	PRO	 255 	PRO	 258 	PHE	 257 	6	66.9332896578	1	5.98516633019	118.972	28.638	4.508	121.508	23.46	6.114	119.652	25.16	9.03
410620	PRO	 258 	GLN	 265 	PHE	 257 	5	59.9328929207	1	6.9054857903	121.508	23.46	6.114	119.615	18.823	10.868	119.652	25.16	9.03
417962	PRO	 258 	GLY	 259 	GLN	 265 	3	38.6824922385	1	6.9054857903	121.508	23.46	6.114	121.748	19.996	7.685	119.615	18.823	10.868
418038	PRO	 258 	GLY	 259 	GLU	 268 	7	74.3969466728	1	6.95239390426	121.508	23.46	6.114	121.748	19.996	7.685	122.212	22.693	12.988
389524	ASP	 260 	GLY	 262 	GLY	 259 	5	55.1259825931	1	7.10790960832	123.399	17.242	5.664	118.479	13.989	9.622	121.748	19.996	7.685
566643	VAL	 263 	ASP	 260 	GLY	 259 	4	51.6903418942	1	7.93343135094	120.985	13.953	12.468	123.399	17.242	5.664	121.748	19.996	7.685
389163	ASP	 260 	GLY	 259 	GLN	 265 	4	44.4281326154	1	6.62569490695	123.399	17.242	5.664	121.748	19.996	7.685	119.615	18.823	10.868
447123	SER	 261 	GLY	 259 	GLY	 262 	4	48.7189981724	1	7.10790960832	121.157	14.501	7.03	121.748	19.996	7.685	118.479	13.989	9.622
562324	VAL	 263 	GLY	 259 	GLY	 262 	5	55.9878496364	1	7.74448881463	120.985	13.953	12.468	121.748	19.996	7.685	118.479	13.989	9.622
566642	VAL	 263 	ASP	 264 	GLY	 259 	3	36.7220537081	1	7.74448881463	120.985	13.953	12.468	122.913	16.933	11.135	121.748	19.996	7.685
389168	ASP	 264 	GLY	 259 	GLN	 265 	9	86.969441743	1	4.75832890835	122.913	16.933	11.135	121.748	19.996	7.685	119.615	18.823	10.868
451441	SER	 261 	ASP	 260 	GLY	 262 	2	26.7148073704	1	7.10311009347	121.157	14.501	7.03	123.399	17.242	5.664	118.479	13.989	9.622
566861	VAL	 263 	ASP	 260 	ASP	 264 	6	66.9718854139	1	7.93343135094	120.985	13.953	12.468	123.399	17.242	5.664	122.913	16.933	11.135
393484	ASP	 260 	ASP	 264 	GLN	 265 	5	55.0005840887	1	6.62569490695	123.399	17.242	5.664	122.913	16.933	11.135	119.615	18.823	10.868
301610	GLY	 274 	ILE	 296 	ILE	 270 	3	41.0667024606	1	7.67910242151	120.769	24.889	21.919	123.857	23.271	25.417	120.984	22.925	18.304
591049	ALA	 298 	GLY	 274 	ILE	 270 	2	34.2108612906	1	7.36438055779	121.072	28.799	22.745	120.769	24.889	21.919	120.984	22.925	18.304
481611	THR	 275 	PRO	 276 	ILE	 270 	4	44.5983266934	1	8.01738118091	119.359	21.595	23.238	115.65	21.208	24.038	120.984	22.925	18.304
575789	VAL	 272 	VAL	 304 	TRP	 301 	6	63.0643323008	1	7.79154753563	121.066	28.149	17.422	122.245	34.844	14.227	119.014	35.652	17.872
331706	LYS	 297 	GLY	 274 	LEU	 273 	3	40.4208736038	1	7.10398824605	122.435	26.799	25.7	120.769	24.889	21.919	118.383	26.988	19.868
481682	THR	 275 	PRO	 276 	GLY	 274 	3	39.9293658384	1	6.651622584	119.359	21.595	23.238	115.65	21.208	24.038	120.769	24.889	21.919
301322	GLY	 274 	ILE	 296 	GLN	 295 	3	36.8425239782	1	7.59838963202	120.769	24.889	21.919	123.857	23.271	25.417	122.754	20.559	27.839
590977	ALA	 298 	GLY	 274 	HIS	 299 	2	33.131120203	1	7.05274131101	121.072	28.799	22.745	120.769	24.889	21.919	122.889	31.535	20.881
628850	ARG	 278 	THR	 277 	PRO	 276 	3	42.3512281799	1	6.47813206102	112.797	17.789	28.743	114.545	20.958	27.64	115.65	21.208	24.038
481395	THR	 277 	PRO	 276 	GLU	 279 	4	45.1758736194	1	7.86553094203	114.545	20.958	27.64	115.65	21.208	24.038	109.556	19.723	28.784
412205	PRO	 276 	GLU	 279 	GLN	 280 	6	67.4330270616	1	7.86553094203	115.65	21.208	24.038	109.556	19.723	28.784	110.257	20.649	25.155
416526	PRO	 276 	ILE	 281 	GLN	 280 	7	68.647598273	1	6.17427453228	115.65	21.208	24.038	111.071	17.069	24.19	110.257	20.649	25.155
635408	ARG	 282 	ARG	 278 	GLN	 280 	9	87.9711552129	1	6.01019067917	107.911	15.809	25.857	112.797	17.789	28.743	110.257	20.649	25.155
635694	ARG	 278 	ARG	 282 	ILE	 281 	7	75.1761260116	1	6.01019067917	112.797	17.789	28.743	107.911	15.809	25.857	111.071	17.069	24.19
478447	THR	 324 	MET	 284 	GLN	 280 	8	79.5248615489	1	6.24997751996	107.623	23.534	21.574	107.574	17.43	20.518	110.257	20.649	25.155
625610	ARG	 282 	PRO	 286 	ILE	 281 	3	37.0172375728	1	7.24538384076	107.911	15.809	25.857	105.534	12.396	24.173	111.071	17.069	24.19
651535	ASN	 285 	MET	 284 	ILE	 281 	8	76.575452681	1	5.913499387	107.346	13.694	21.075	107.574	17.43	20.518	111.071	17.069	24.19
660174	ASN	 285 	TYR	 288 	ILE	 281 	7	73.1966150935	1	7.36554532944	107.346	13.694	21.075	110.724	9.809	22.997	111.071	17.069	24.19
664709	ASN	 285 	ARG	 282 	MET	 284 	6	66.1160794496	1	5.58982387916	107.346	13.694	21.075	107.911	15.809	25.857	107.574	17.43	20.518
666797	ASN	 287 	ASN	 285 	ARG	 282 	6	65.052130762	1	7.31042447468	107.039	8.98	23.398	107.346	13.694	21.075	107.911	15.809	25.857
631734	ARG	 282 	TYR	 288 	PRO	 286 	7	74.2708263233	1	7.21751820226	107.911	15.809	25.857	110.724	9.809	22.997	105.534	12.396	24.173
665140	ASN	 287 	ARG	 282 	TYR	 288 	5	54.6617927033	1	7.31042447468	107.039	8.98	23.398	107.911	15.809	25.857	110.724	9.809	22.997
651316	ASN	 285 	MET	 284 	GLU	 283 	5	59.0968043335	1	5.63273335069	107.346	13.694	21.075	107.574	17.43	20.518	105.986	18.408	23.842
420917	PRO	 286 	MET	 284 	GLU	 283 	6	64.2022944567	1	6.54689094151	105.534	12.396	24.173	107.574	17.43	20.518	105.986	18.408	23.842
654626	ASN	 285 	PRO	 286 	MET	 284 	3	41.4596699644	1	6.54689094151	107.346	13.694	21.075	105.534	12.396	24.173	107.574	17.43	20.518
542310	TYR	 323 	THR	 324 	MET	 284 	7	73.6063220139	1	7.22992627902	111.082	23.731	20.005	107.623	23.534	21.574	107.574	17.43	20.518
539431	TYR	 323 	PRO	 325 	MET	 284 	8	81.6888919605	1	7.22992627902	111.082	23.731	20.005	105.097	23.082	18.712	107.574	17.43	20.518
660533	ASN	 285 	TYR	 288 	PRO	 286 	6	63.3221272593	1	5.91706388338	107.346	13.694	21.075	110.724	9.809	22.997	105.534	12.396	24.173
666581	ASN	 285 	ASN	 287 	TYR	 288 	6	67.5829994915	1	5.4952882545	107.346	13.694	21.075	107.039	8.98	23.398	110.724	9.809	22.997
660532	ASN	 287 	TYR	 288 	PRO	 286 	5	54.069902781	1	5.91706388338	107.039	8.98	23.398	110.724	9.809	22.997	105.534	12.396	24.173
660674	ASN	 287 	TYR	 288 	THR	 289 	3	43.0856069568	1	6.46565510989	107.039	8.98	23.398	110.724	9.809	22.997	112.989	9.016	25.928
541873	TYR	 288 	THR	 289 	GLU	 290 	2	34.2973333662	1	6.86955981123	110.724	9.809	22.997	112.989	9.016	25.928	116.62	10.003	26.517
469659	THR	 289 	GLU	 290 	PHE	 291 	4	45.2771315998	1	6.39627368082	112.989	9.016	25.928	116.62	10.003	26.517	117.808	9.482	30.108
177340	GLU	 290 	PHE	 293 	PHE	 291 	5	55.7420060061	1	7.1425358242	116.62	10.003	26.517	122.312	14.226	27.402	117.808	9.482	30.108
325659	LYS	 292 	GLU	 290 	PHE	 293 	4	49.2060660645	1	7.1425358242	120.854	11.699	29.83	116.62	10.003	26.517	122.312	14.226	27.402
321337	LYS	 292 	PHE	 293 	PHE	 291 	2	27.9099500695	1	7.07912339206	120.854	11.699	29.83	122.312	14.226	27.402	117.808	9.482	30.108
410619	PRO	 294 	GLN	 295 	PHE	 293 	4	45.7996735916	1	6.36342847842	124.62	17.275	27.649	122.754	20.559	27.839	122.312	14.226	27.402
330122	LYS	 297 	ILE	 296 	GLN	 295 	3	40.6396402947	1	6.6041412765	122.435	26.799	25.7	123.857	23.271	25.417	122.754	20.559	27.839
592490	ALA	 298 	LYS	 297 	ILE	 296 	3	38.0150494175	1	6.7420021507	121.072	28.799	22.745	122.435	26.799	25.7	123.857	23.271	25.417
592418	ALA	 298 	LYS	 297 	HIS	 299 	3	36.3370114452	1	6.77189582023	121.072	28.799	22.745	122.435	26.799	25.7	122.889	31.535	20.881
510339	TRP	 301 	PRO	 300 	HIS	 299 	4	45.5485565669	1	6.40463855342	119.014	35.652	17.872	121.385	35.079	20.77	122.889	31.535	20.881
419619	PRO	 300 	LYS	 303 	HIS	 299 	4	44.4478279951	1	7.50102506328	121.385	35.079	20.77	123.729	37.534	16.457	122.889	31.535	20.881
567939	VAL	 304 	PRO	 300 	HIS	 299 	4	51.2467525973	1	7.4592179885	122.245	34.844	14.227	121.385	35.079	20.77	122.889	31.535	20.881
506023	TRP	 301 	LYS	 303 	HIS	 299 	8	77.0040983125	1	7.50102506328	119.014	35.652	17.872	123.729	37.534	16.457	122.889	31.535	20.881
513653	TRP	 301 	THR	 302 	PRO	 300 	6	65.243912514	1	5.25409887612	119.014	35.652	17.872	120.486	39.152	17.575	121.385	35.079	20.77
510560	TRP	 301 	PRO	 300 	LYS	 303 	9	86.4242912054	1	5.48847246509	119.014	35.652	17.872	121.385	35.079	20.77	123.729	37.534	16.457
572837	VAL	 304 	TRP	 301 	THR	 302 	6	63.7206815577	1	5.73254297847	122.245	34.844	14.227	119.014	35.652	17.872	120.486	39.152	17.575
512863	TRP	 301 	THR	 302 	PHE	 305 	8	78.0552275446	1	6.90185344672	119.014	35.652	17.872	120.486	39.152	17.575	121.473	37.58	11.718
513296	TRP	 301 	THR	 302 	ILE	 314 	9	84.4238234427	1	7.03740761929	119.014	35.652	17.872	120.486	39.152	17.575	114.217	38.756	14.402
572478	VAL	 304 	TRP	 301 	LYS	 303 	7	69.4904737542	1	5.27023471963	122.245	34.844	14.227	119.014	35.652	17.872	123.729	37.534	16.457
505662	TRP	 301 	LYS	 303 	PHE	 305 	7	69.9019120237	1	6.90185344672	119.014	35.652	17.872	123.729	37.534	16.457	121.473	37.58	11.718
571899	VAL	 304 	TRP	 301 	PHE	 305 	4	47.4942502293	1	6.90185344672	122.245	34.844	14.227	119.014	35.652	17.872	121.473	37.58	11.718
502783	TRP	 301 	ILE	 314 	PHE	 305 	8	81.0527343053	1	7.82536695625	119.014	35.652	17.872	114.217	38.756	14.402	121.473	37.58	11.718
511856	TRP	 301 	SER	 318 	ILE	 314 	9	85.6587242175	1	7.21702604956	119.014	35.652	17.872	112.058	33.775	17.452	114.217	38.756	14.402
628636	ARG	 306 	THR	 302 	LYS	 303 	5	57.9837430885	1	8.05058687302	123.574	40.39	10.244	120.486	39.152	17.575	123.729	37.534	16.457
481756	THR	 302 	PRO	 307 	LYS	 303 	5	54.3969184017	1	7.56941074325	120.486	39.152	17.575	123.737	43.569	12.358	123.729	37.534	16.457
473982	THR	 302 	ILE	 314 	PHE	 305 	7	74.0487357184	1	7.82536695625	120.486	39.152	17.575	114.217	38.756	14.402	121.473	37.58	11.718
419263	PRO	 307 	LYS	 303 	PHE	 305 	8	78.1307745752	1	7.29541568384	123.737	43.569	12.358	123.729	37.534	16.457	121.473	37.58	11.718
625759	ARG	 306 	PRO	 307 	LYS	 303 	8	82.8398667518	1	7.29541568384	123.574	40.39	10.244	123.737	43.569	12.358	123.729	37.534	16.457
625179	ARG	 306 	PRO	 307 	PHE	 305 	4	44.314034753	1	6.43454870212	123.574	40.39	10.244	123.737	43.569	12.358	121.473	37.58	11.718
636056	ARG	 308 	ARG	 306 	PRO	 307 	9	89.836413712	1	5.65519345381	121.366	45.595	10.126	123.574	40.39	10.244	123.737	43.569	12.358
481976	THR	 309 	PRO	 311 	PRO	 310 	9	89.5781250761	1	6.17317730184	118.542	43.043	10.292	114.703	43.804	15.066	115.297	44.77	11.379
423796	PRO	 310 	PRO	 311 	GLU	 312 	5	60.2800239045	1	5.59422327048	115.297	44.77	11.379	114.703	43.804	15.066	111.024	42.977	14.513
605815	ALA	 315 	ALA	 313 	PRO	 311 	8	81.9753191908	1	6.10573967673	111.533	38.995	17.092	111.908	40.415	11.87	114.703	43.804	15.066
605095	ALA	 313 	ALA	 315 	CYS	 317 	8	82.3784166373	1	6.03747530016	111.908	40.415	11.87	111.533	38.995	17.092	111.43	34.715	13.802
442372	SER	 318 	LEU	 321 	CYS	 317 	5	60.1571250516	1	6.17539804385	112.058	33.775	17.452	111.468	28.759	15.433	111.43	34.715	13.802
636482	ARG	 319 	ARG	 328 	ALA	 327 	3	43.7614169546	1	7.60147367291	108.344	33.041	17.935	104.779	28.644	17.814	104.341	27.614	21.443
625399	ARG	 328 	PRO	 325 	GLU	 322 	8	80.133635355	1	6.89097554777	104.779	28.644	17.814	105.097	23.082	18.712	110.559	27.282	18.822
542451	TYR	 323 	THR	 324 	PRO	 325 	4	50.3811356628	1	6.15737565851	111.082	23.731	20.005	107.623	23.534	21.574	105.097	23.082	18.712
600053	ALA	 327 	THR	 326 	PRO	 325 	6	64.2275768872	1	5.34499027127	104.341	27.614	21.443	102.193	24.542	20.695	105.097	23.082	18.712
481466	THR	 330 	PRO	 331 	LEU	 329 	3	42.6321720102	1	6.50676970547	99.634	30.569	14.571	99.506	31.848	10.969	102.632	31.572	16.669
471386	THR	 330 	LEU	 332 	LEU	 329 	3	35.9218777531	1	8.0218034132	99.634	30.569	14.571	96.848	34.447	11.912	102.632	31.572	16.669
413574	PRO	 331 	LEU	 332 	CYS	 335 	7	70.0130558565	1	6.1388101453	99.506	31.848	10.969	96.848	34.447	11.912	99.836	37.929	10.196
412135	PRO	 331 	GLU	 333 	CYS	 335 	8	82.8351590957	1	6.1388101453	99.506	31.848	10.969	98.703	35.538	15.046	99.836	37.929	10.196
596452	ALA	 334 	PRO	 331 	CYS	 335 	5	58.1736756632	1	6.1388101453	101.744	35.936	12.781	99.506	31.848	10.969	99.836	37.929	10.196
584932	ALA	 334 	GLU	 333 	CYS	 335 	5	60.5221415736	1	5.52476877344	101.744	35.936	12.781	98.703	35.538	15.046	99.836	37.929	10.196
239336	HIS	 337 	GLU	 333 	CYS	 335 	9	89.7104095341	1	6.36787193653	102.533	40.556	14.209	98.703	35.538	15.046	99.836	37.929	10.196
586371	ALA	 336 	LEU	 377 	CYS	 335 	4	48.3787985092	1	7.17921813292	98.904	40.226	13.066	94.254	42.394	10.864	99.836	37.929	10.196
236383	HIS	 337 	CYS	 335 	PHE	 340 	8	77.6858761524	1	6.82777137872	102.533	40.556	14.209	99.836	37.929	10.196	103.685	43.51	9.386
598184	ALA	 336 	SER	 338 	HIS	 337 	9	89.938859991	1	6.64637021238	98.904	40.226	13.066	104.134	43.99	14.695	102.533	40.556	14.209
595300	ALA	 336 	ASP	 341 	HIS	 337 	5	56.0508756601	1	7.80465976196	98.904	40.226	13.066	102.389	46.818	10.761	102.533	40.556	14.209
451299	SER	 338 	ASP	 341 	HIS	 337 	4	46.0974803596	1	7.14997090903	104.134	43.99	14.695	102.389	46.818	10.761	102.533	40.556	14.209
234942	HIS	 337 	PHE	 340 	PHE	 339 	7	70.0783006689	1	5.77187569166	102.533	40.556	14.209	103.685	43.51	9.386	106.54	43.191	11.847
436544	SER	 338 	PHE	 340 	PHE	 339 	9	89.5905032424	1	5.34953100748	104.134	43.99	14.695	103.685	43.51	9.386	106.54	43.191	11.847
378944	ASP	 341 	PHE	 339 	PHE	 340 	9	89.6384643981	1	5.61830276863	102.389	46.818	10.761	106.54	43.191	11.847	103.685	43.51	9.386
623739	ARG	 344 	ASP	 341 	PHE	 340 	4	48.2463115626	1	7.04129519336	98.535	47.863	7.359	102.389	46.818	10.761	103.685	43.51	9.386
393558	ASP	 345 	ASP	 341 	GLU	 342 	7	72.5655584178	1	6.76508351759	99.558	51.493	6.774	102.389	46.818	10.761	103.785	48.666	7.742
625611	ARG	 344 	PRO	 379 	ILE	 378 	4	45.3610706689	1	7.73655769706	98.535	47.863	7.359	92.756	48.238	9.171	91.75	44.545	9.035
654700	ASN	 347 	PRO	 346 	ASP	 345 	5	59.88385573	1	5.67540527187	100.198	55.188	2.514	97.307	53.418	4.264	99.558	51.493	6.774
661754	ASN	 347 	VAL	 348 	LYS	 349 	3	42.7912352454	1	6.50534280419	100.198	55.188	2.514	102.257	52.062	1.863	103.208	51.305	-1.75
571179	VAL	 348 	THR	 356 	ASP	 355 	4	49.8469463752	1	7.89271879646	102.257	52.062	1.863	100.088	46.251	-2.611	99.782	49.134	-5.036
664638	ASN	 352 	ARG	 354 	LYS	 349 	7	70.3568558663	1	7.61657488639	107.834	50.736	-7.774	102.489	50.087	-7.515	103.208	51.305	-1.75
654484	ASN	 352 	PRO	 351 	GLY	 353 	5	57.2393957116	1	5.74528075902	107.834	50.736	-7.774	109.191	50.289	-4.242	104.892	53.004	-6.917
664850	ASN	 352 	ARG	 354 	PRO	 351 	3	43.5774454049	1	7.46124232283	107.834	50.736	-7.774	102.489	50.087	-7.515	109.191	50.289	-4.242
664568	ASN	 352 	ARG	 354 	GLY	 353 	9	89.7435842938	1	5.39048300248	107.834	50.736	-7.774	102.489	50.087	-7.515	104.892	53.004	-6.917
624242	ARG	 354 	ASP	 355 	GLY	 353 	3	39.1430924953	1	6.68035635277	102.489	50.087	-7.515	99.782	49.134	-5.036	104.892	53.004	-6.917
481898	THR	 356 	PRO	 357 	ASP	 355 	3	43.6962448635	1	6.43950192173	100.088	46.251	-2.611	97.998	43.157	-3.436	99.782	49.134	-5.036
643898	ASN	 361 	LEU	 359 	PHE	 362 	3	43.0532737127	1	7.90492308628	90.127	40.538	2.163	96.018	41.974	2.057	89.86	37.953	4.955
638141	ASN	 361 	PHE	 362 	PHE	 360 	6	62.8960191508	1	5.39149533988	90.127	40.538	2.163	89.86	37.953	4.955	92.846	42.354	4.07
263744	ILE	 378 	PHE	 362 	PHE	 360 	9	88.5210142776	1	7.97953407161	91.75	44.545	9.035	89.86	37.953	4.955	92.846	42.354	4.07
484058	THR	 364 	THR	 363 	PHE	 362 	3	34.6013079144	1	6.84858299212	85.143	33.835	7.729	86.975	35.482	4.851	89.86	37.953	4.955
484205	THR	 363 	THR	 364 	GLN	 365 	6	63.8730636123	1	5.33857630834	86.975	35.482	4.851	85.143	33.835	7.729	86.899	30.568	6.936
484280	THR	 364 	THR	 363 	GLU	 366 	9	85.1304058333	1	5.39504003692	85.143	33.835	7.729	86.975	35.482	4.851	90.269	32.29	7.063
454036	SER	 369 	SER	 368 	GLU	 366 	5	58.7732978315	1	7.67168254036	90.637	30.157	14.423	87.75	31.033	12.076	90.269	32.29	7.063
423865	PRO	 372 	PRO	 371 	LEU	 367 	2	31.68725877	1	8.08682514959	88.101	38.633	16.874	87.556	35.627	14.557	89.477	33.992	10.396
656288	ASN	 370 	SER	 368 	SER	 369 	9	89.6032294248	1	5.42167806126	90.294	33.512	16.172	87.75	31.033	12.076	90.637	30.157	14.423
454614	SER	 369 	SER	 368 	PRO	 371 	7	73.1085139504	1	6.27944400405	90.637	30.157	14.423	87.75	31.033	12.076	87.556	35.627	14.557
656214	ASN	 370 	SER	 368 	PRO	 371 	7	71.3901489425	1	5.42167806126	90.294	33.512	16.172	87.75	31.033	12.076	87.556	35.627	14.557
656211	ASN	 370 	SER	 369 	PRO	 371 	4	47.3817730384	1	6.27944400405	90.294	33.512	16.172	90.637	30.157	14.423	87.556	35.627	14.557
654776	ASN	 370 	PRO	 372 	PRO	 371 	9	89.7119279974	1	5.61486366709	90.294	33.512	16.172	88.101	38.633	16.874	87.556	35.627	14.557
663415	ASN	 370 	ALA	 374 	PRO	 372 	8	82.7669384522	1	7.73193313473	90.294	33.512	16.172	89.815	40.33	12.557	88.101	38.633	16.874
481610	THR	 375 	PRO	 372 	ILE	 376 	3	41.2563585738	1	8.05642414474	89.687	43.797	14.106	88.101	38.633	16.874	93.494	43.997	14.219
481612	THR	 375 	PRO	 379 	ILE	 376 	5	59.6014025598	1	7.3140595431	89.687	43.797	14.106	92.756	48.238	9.171	93.494	43.997	14.219
481972	THR	 375 	PRO	 380 	PRO	 379 	5	54.825718959	1	8.08026979748	89.687	43.797	14.106	89.841	50.597	9.744	92.756	48.238	9.171
625612	ARG	 383 	PRO	 379 	ILE	 378 	5	55.4132363828	1	7.08179228727	86.659	48.39	5.961	92.756	48.238	9.171	91.75	44.545	9.035
423942	PRO	 379 	PRO	 380 	HIS	 381 	7	69.5883976184	1	5.01541962352	92.756	48.238	9.171	89.841	50.597	9.744	91.049	52.099	6.463
625974	ARG	 383 	PRO	 379 	PRO	 380 	7	69.9963823705	1	6.8920688476	86.659	48.39	5.961	92.756	48.238	9.171	89.841	50.597	9.744
625543	ARG	 383 	PRO	 379 	HIS	 381 	8	81.903015035	1	6.8920688476	86.659	48.39	5.961	92.756	48.238	9.171	91.049	52.099	6.463
625541	ARG	 383 	PRO	 380 	HIS	 381 	6	64.7693013633	1	5.76895007779	86.659	48.39	5.961	89.841	50.597	9.744	91.049	52.099	6.463
