423722	PRO	  71 	PRO	  72 	GLN	  73 	3	43.2393369117	1	6.50056082196	60.04	-7.035	7.217	58.84	-6.986	3.578	56.133	-4.454	2.708
423728	PRO	  74 	PRO	  72 	GLN	  73 	9	89.978306713	1	6.99186734714	53.856	-4.003	-0.314	58.84	-6.986	3.578	56.133	-4.454	2.708
625322	ARG	  75 	PRO	  74 	GLN	  73 	3	43.8419677542	1	6.45743912089	55.503	-2.602	-3.446	53.856	-4.003	-0.314	56.133	-4.454	2.708
625755	ARG	  75 	PRO	  74 	LYS	  76 	4	44.0854185878	1	6.42881559854	55.503	-2.602	-3.446	53.856	-4.003	-0.314	55.781	1.184	-3.588
625753	ARG	  78 	PRO	  79 	LYS	  77 	2	27.3871164032	1	7.17108841111	52.662	4.897	-8.211	50.301	7.325	-10.021	52.619	2.517	-5.232
422719	PRO	  79 	ASP	  81 	LYS	  77 	8	82.6470325409	1	7.17108841111	50.301	7.325	-10.021	48.026	2.423	-9.874	52.619	2.517	-5.232
612220	ARG	  78 	GLN	 150 	PHE	 149 	5	60.1091688077	1	7.37153498262	52.662	4.897	-8.211	56.636	10.481	-5.497	55.368	7.877	-3.073
623884	ARG	  78 	ASP	 151 	GLN	 150 	5	54.0366974818	1	7.89376722484	52.662	4.897	-8.211	57.527	11.047	-9.117	56.636	10.481	-5.497
321339	LYS	  83 	PHE	  84 	PHE	  82 	4	52.3233156803	1	5.96802253682	42.321	6.478	-11.353	42.188	10.049	-10.083	45.2	4.934	-9.465
620860	ARG	 100 	LYS	  83 	PHE	  84 	5	56.1806281453	1	6.41550980048	40.459	4.884	-6.693	42.321	6.478	-11.353	42.188	10.049	-10.083
331417	LYS	  86 	GLY	  85 	PHE	  84 	2	28.4617655735	1	7.05159123886	37.571	15.064	-8.278	38.872	11.81	-9.716	42.188	10.049	-10.083
633820	ARG	 100 	ALA	  99 	PHE	  84 	5	53.6609128955	1	6.41550980048	40.459	4.884	-6.693	41.57	8.466	-6.168	42.188	10.049	-10.083
331850	LYS	  86 	GLY	  85 	ILE	  87 	3	36.630954301	1	6.74256338494	37.571	15.064	-8.278	38.872	11.81	-9.716	39.577	17.554	-6.256
634324	ARG	 100 	ALA	  99 	GLY	  85 	5	54.3007601338	1	7.72182452533	40.459	4.884	-6.693	41.57	8.466	-6.168	38.872	11.81	-9.716
301395	GLY	  89 	ILE	  87 	GLU	  90 	4	44.7648039294	1	7.47221339363	40.367	20.418	-1.507	39.577	17.554	-6.256	43.064	22.924	-2.404
298512	GLY	  89 	LEU	  88 	GLU	  90 	1	23.1600524678	1	7.22218699564	40.367	20.418	-1.507	38.508	17.324	-2.611	43.064	22.924	-2.404
446833	SER	  92 	GLY	  91 	GLU	  90 	2	31.422648375	1	6.96336204717	48.653	26.681	-0.633	45.724	24.332	-0.104	43.064	22.924	-2.404
482616	THR	  95 	SER	  94 	PHE	  93 	1	21.3989506058	1	7.28304702717	45.84	19.637	-3.58	48.965	20.912	-1.86	51.185	23.855	-0.995
575715	VAL	  97 	VAL	  96 	THR	  95 	4	44.7525520494	1	6.38950084122	42.338	14.471	-4.949	43.845	16.685	-2.266	45.84	19.637	-3.58
575065	VAL	  96 	VAL	  97 	LEU	  98 	2	33.9714415348	1	6.86610056728	43.845	16.685	-2.266	42.338	14.471	-4.949	39.947	11.548	-4.624
634105	ARG	 100 	ALA	  99 	LEU	  98 	2	31.0404345599	1	6.99655636724	40.459	4.884	-6.693	41.57	8.466	-6.168	39.947	11.548	-4.624
613875	ARG	 100 	GLU	 107 	GLU	 101 	4	51.5118553077	1	6.37993989	40.459	4.884	-6.693	39.156	5.039	-2.461	43.196	2.246	-6.533
636196	ARG	 100 	ARG	 106 	THR	 104 	5	55.8614730843	1	8.0583317132	40.459	4.884	-6.693	39.655	1.267	-2.634	41.517	-2.927	-5.018
636344	ARG	 106 	ARG	 100 	TYR	 108 	9	87.7048138924	1	6.56766412052	39.655	1.267	-2.634	40.459	4.884	-6.693	41.883	7.209	-0.942
441079	SER	 105 	GLU	 107 	GLU	 101 	8	76.7456704692	1	6.47983996716	38.819	-0.4	-5.967	39.156	5.039	-2.461	43.196	2.246	-6.533
527477	TYR	 108 	GLU	 101 	GLU	 107 	6	61.4888655107	1	7.59042943449	41.883	7.209	-0.942	43.196	2.246	-6.533	39.156	5.039	-2.461
626834	ARG	 106 	SER	 105 	GLU	 107 	3	43.4317736919	1	6.47983996716	39.655	1.267	-2.634	38.819	-0.4	-5.967	39.156	5.039	-2.461
602353	ALA	 109 	TYR	 108 	GLU	 107 	2	32.4951365654	1	6.93003672429	42.207	10.957	-0.539	41.883	7.209	-0.942	39.156	5.039	-2.461
540434	TYR	 108 	SER	 160 	GLU	 107 	3	36.209065348	1	8.02600404934	41.883	7.209	-0.942	41.932	7.917	4.498	39.156	5.039	-2.461
603222	ALA	 109 	TYR	 161 	TYR	 108 	7	71.0309133059	1	5.112990221	42.207	10.957	-0.539	38.975	9.406	2.644	41.883	7.209	-0.942
545405	TYR	 108 	TYR	 161 	SER	 160 	6	67.2473946045	1	5.48609742896	41.883	7.209	-0.942	38.975	9.406	2.644	41.932	7.917	4.498
534746	TYR	 156 	LYS	 111 	LEU	 155 	3	38.4220435566	1	8.06021395498	51.834	11.783	-2.934	47.326	14.808	-1.1	54.95	13.9	-3.553
534968	TYR	 156 	LYS	 111 	GLY	 158 	9	86.8884915111	1	6.72984613494	51.834	11.783	-2.934	47.326	14.808	-1.1	47.684	8.299	0.572
531579	TYR	 156 	ILE	 112 	PHE	 157 	4	49.9130697789	1	6.71632838685	51.834	11.783	-2.934	49.606	15.967	-3.907	50.385	10.966	0.508
328757	LYS	 115 	HIS	 117 	GLU	 114 	6	66.659884033	1	5.62511679879	58.376	19.493	-4.678	57.126	24.903	-4.681	54.771	19.92	-5.806
621220	ARG	 116 	LYS	 115 	HIS	 117 	5	60.5612475207	1	5.55253176488	59.678	22.638	-6.38	58.376	19.493	-4.678	57.126	24.903	-4.681
333148	LYS	 115 	LYS	 154 	LEU	 155 	5	53.9975470313	1	6.65467880517	58.376	19.493	-4.678	55.318	15.631	-6.912	54.95	13.9	-3.553
328756	LYS	 120 	HIS	 117 	GLU	 121 	5	57.1039025885	1	6.27999251592	61.1	27.489	-2.879	57.126	24.903	-4.681	58.986	28.488	0.128
650234	ASN	 122 	LYS	 120 	LYS	 123 	3	41.1109349133	1	7.74025929798	61.183	26.573	2.594	61.1	27.489	-2.879	58.358	24.21	3.574
542454	TYR	 126 	THR	 128 	PRO	 125 	7	71.4747527707	1	5.37368644415	56.516	21.22	7.435	58.375	16.26	6.53	60.318	20.979	7.544
631732	ARG	 129 	TYR	 126 	PRO	 125 	5	60.483751164	1	6.02380693582	56.673	16.804	9.904	56.516	21.22	7.435	60.318	20.979	7.544
636198	ARG	 131 	ARG	 129 	THR	 128 	7	69.8154862779	1	5.38866783166	54.397	12.735	7.202	56.673	16.804	9.904	58.375	16.26	6.53
613659	ARG	 129 	GLU	 130 	PHE	 224 	4	48.5332429736	1	7.24532435437	56.673	16.804	9.904	53.222	16.125	8.454	49.611	17.988	11.009
634035	ARG	 129 	ALA	 227 	GLU	 130 	4	52.2055988073	1	7.58730782294	56.673	16.804	9.904	52.004	20.475	14.55	53.222	16.125	8.454
635263	ARG	 131 	ARG	 129 	PHE	 224 	8	80.7398327773	1	8.06182696416	54.397	12.735	7.202	56.673	16.804	9.904	49.611	17.988	11.009
635765	ARG	 131 	ARG	 129 	GLY	 225 	6	64.19261012	1	7.50003606658	54.397	12.735	7.202	56.673	16.804	9.904	52.301	19.713	8.981
613657	ARG	 131 	GLU	 130 	PHE	 224 	2	29.7358624474	1	8.06182696416	54.397	12.735	7.202	53.222	16.125	8.454	49.611	17.988	11.009
389235	ASP	 223 	GLY	 225 	GLU	 130 	4	48.0778884898	1	7.32555451826	46.44	18.825	9.069	52.301	19.713	8.981	53.222	16.125	8.454
475632	THR	 226 	GLY	 225 	GLU	 130 	1	22.2024935888	1	7.21893648677	52.106	22.613	11.416	52.301	19.713	8.981	53.222	16.125	8.454
622303	ARG	 131 	MET	 134 	PHE	 224 	8	78.3032659498	1	8.06182696416	54.397	12.735	7.202	50.807	11.052	10.792	49.611	17.988	11.009
566788	VAL	 133 	ASP	 132 	MET	 134 	5	59.8616831427	1	5.58444348167	53.525	12.843	12.759	56.318	11.85	10.37	50.807	11.052	10.792
450078	SER	 135 	MET	 134 	LYS	 144 	7	72.1498986059	1	7.83641920778	52.939	7.895	10.615	50.807	11.052	10.792	45.384	7.824	8.535
386427	ASP	 138 	HIS	 139 	LEU	 137 	4	50.7313253153	1	6.08684129906	47.239	4.977	15.219	43.869	6.016	16.606	49.294	8.162	14.87
422504	PRO	 140 	ASP	 138 	HIS	 139 	9	89.1724983304	1	6.94997848918	40.367	6.001	15.048	47.239	4.977	15.219	43.869	6.016	16.606
234941	HIS	 139 	PHE	 142 	PHE	 141 	6	67.9633376833	1	5.97394911261	43.869	6.016	16.606	42.727	10.756	13.154	39.874	9.767	15.477
410623	PRO	 140 	GLN	 220 	PHE	 141 	8	79.2497139268	1	7.2017066033	40.367	6.001	15.048	38.98	12.316	11.876	39.874	9.767	15.477
414939	PRO	 140 	HIS	 351 	PHE	 141 	4	49.7000859126	1	7.75159041746	40.367	6.001	15.048	34.089	5.387	18.204	39.874	9.767	15.477
410622	PRO	 140 	GLN	 220 	PHE	 142 	7	74.1286339309	1	7.2017066033	40.367	6.001	15.048	38.98	12.316	11.876	42.727	10.756	13.154
148544	GLN	 220 	PHE	 141 	PHE	 142 	9	83.207331548	1	4.50153729297	38.98	12.316	11.876	39.874	9.767	15.477	42.727	10.756	13.154
554620	VAL	 143 	GLN	 220 	PHE	 141 	5	58.1498147274	1	6.97425580259	43.102	10.735	9.371	38.98	12.316	11.876	39.874	9.767	15.477
270940	ILE	 219 	HIS	 218 	PHE	 141 	5	60.4441770087	1	7.23112792032	35.628	12.586	13.618	32.873	9.964	13.678	39.874	9.767	15.477
242144	HIS	 351 	HIS	 218 	PHE	 141 	9	84.9786293301	1	7.75159041746	34.089	5.387	18.204	32.873	9.964	13.678	39.874	9.767	15.477
266621	ILE	 221 	GLN	 220 	PHE	 141 	6	61.9946735415	1	6.18756446431	41.361	15.12	12.753	38.98	12.316	11.876	39.874	9.767	15.477
266617	ILE	 219 	GLN	 220 	PHE	 142 	2	33.8197113488	1	7.34574686468	35.628	12.586	13.618	38.98	12.316	11.876	42.727	10.756	13.154
473981	THR	 222 	ILE	 221 	PHE	 142 	6	62.7563186397	1	6.24398694746	43.98	16.098	10.174	41.361	15.12	12.753	42.727	10.756	13.154
604659	ALA	 162 	VAL	 143 	TYR	 161 	4	49.4631691558	1	8.00318055525	36.721	11.271	5.099	43.102	10.735	9.371	38.975	9.406	2.644
533022	TYR	 146 	GLY	 158 	PHE	 147 	7	74.105592632	1	5.35218011655	48.444	4.593	4.358	47.684	8.299	0.572	51.307	5.203	1.952
541660	TYR	 146 	THR	 148 	PHE	 157 	5	59.072643524	1	7.69448568782	48.444	4.593	4.358	53.541	7.718	0.232	50.385	10.966	0.508
533018	TYR	 146 	GLY	 158 	PHE	 157 	3	39.7991501852	1	7.69448568782	48.444	4.593	4.358	47.684	8.299	0.572	50.385	10.966	0.508
465337	THR	 148 	PHE	 149 	PHE	 147 	2	30.0120416945	1	6.99232593634	53.541	7.718	0.232	55.368	7.877	-3.073	51.307	5.203	1.952
465340	THR	 148 	PHE	 157 	PHE	 147 	5	57.3820581562	1	6.01226987086	53.541	7.718	0.232	50.385	10.966	0.508	51.307	5.203	1.952
90943	PHE	 147 	PHE	 149 	PHE	 157 	8	81.5789604738	1	6.99232593634	51.307	5.203	1.952	55.368	7.877	-3.073	50.385	10.966	0.508
292540	GLY	 158 	PHE	 147 	PHE	 157 	5	59.8825474583	1	6.01226987086	47.684	8.299	0.572	51.307	5.203	1.952	50.385	10.966	0.508
541662	TYR	 156 	THR	 148 	PHE	 149 	7	70.4055642859	1	5.42785685147	51.834	11.783	-2.934	53.541	7.718	0.232	55.368	7.877	-3.073
465339	THR	 148 	PHE	 157 	PHE	 149 	4	44.1355600991	1	6.86991783066	53.541	7.718	0.232	50.385	10.966	0.508	55.368	7.877	-3.073
381817	ASP	 151 	GLN	 150 	PHE	 149 	2	24.868382868	1	7.1582202397	57.527	11.047	-9.117	56.636	10.481	-5.497	55.368	7.877	-3.073
209020	LEU	 155 	GLN	 150 	PHE	 149 	5	55.0668810429	1	6.05653803753	54.95	13.9	-3.553	56.636	10.481	-5.497	55.368	7.877	-3.073
522939	TYR	 156 	PHE	 149 	PHE	 157 	4	50.7697086526	1	6.86991783066	51.834	11.783	-2.934	55.368	7.877	-3.073	50.385	10.966	0.508
393482	ASP	 152 	ASP	 151 	GLN	 150 	3	35.1859371487	1	6.80497545918	59.907	13.636	-10.562	57.527	11.047	-9.117	56.636	10.481	-5.497
383403	ASP	 151 	GLU	 153 	GLN	 150 	4	44.1688494174	1	7.50520905771	57.527	11.047	-9.117	57.767	16.632	-9.646	56.636	10.481	-5.497
384847	ASP	 151 	LEU	 155 	GLN	 150 	8	82.0371672183	1	6.76303437815	57.527	11.047	-9.117	54.95	13.9	-3.553	56.636	10.481	-5.497
383407	ASP	 152 	GLU	 153 	GLN	 150 	8	78.9279275168	1	7.50520905771	59.907	13.636	-10.562	57.767	16.632	-9.646	56.636	10.481	-5.497
534608	TYR	 156 	LYS	 154 	GLN	 150 	9	89.0078830783	1	6.53986574786	51.834	11.783	-2.934	55.318	15.631	-6.912	56.636	10.481	-5.497
393556	ASP	 151 	ASP	 152 	GLU	 153 	5	59.2133698424	1	5.61512831554	57.527	11.047	-9.117	59.907	13.636	-10.562	57.767	16.632	-9.646
327313	LYS	 154 	LEU	 155 	GLU	 153 	2	23.506293734	1	7.24734171955	55.318	15.631	-6.912	54.95	13.9	-3.553	57.767	16.632	-9.646
528698	TYR	 156 	LEU	 155 	PHE	 157 	3	37.2749124611	1	6.7778537901	51.834	11.783	-2.934	54.95	13.9	-3.553	50.385	10.966	0.508
540507	TYR	 161 	SER	 160 	LEU	 159 	4	47.1432286387	1	6.24495164113	38.975	9.406	2.644	41.932	7.917	4.498	45.191	9.34	3.241
603003	ALA	 162 	TYR	 161 	SER	 160 	4	48.2562645004	1	6.22615756306	36.721	11.271	5.099	38.975	9.406	2.644	41.932	7.917	4.498
663697	ASN	 214 	ALA	 162 	TYR	 161 	2	32.1987879027	1	7.32030661926	34.055	9.814	8.049	36.721	11.271	5.099	38.975	9.406	2.644
666726	ASN	 164 	ASN	 214 	ALA	 162 	7	70.8827412037	1	5.75951022223	31.42	13.522	5.033	34.055	9.814	8.049	36.721	11.271	5.099
662835	ASN	 214 	ALA	 162 	GLU	 215 	4	45.6234094822	1	6.60767954731	34.055	9.814	8.049	36.721	11.271	5.099	31.138	8.003	6.445
650164	ASN	 164 	LYS	 163 	GLY	 165 	5	57.8871261475	1	5.68753417572	31.42	13.522	5.033	33.503	11.017	3.08	33.873	16.414	4.836
666078	ASN	 214 	ASN	 164 	LYS	 163 	7	72.2538371166	1	5.45790664999	34.055	9.814	8.049	31.42	13.522	5.033	33.503	11.017	3.08
666003	ASN	 214 	ASN	 164 	GLY	 165 	4	45.5983958456	1	7.34278509831	34.055	9.814	8.049	31.42	13.522	5.033	33.873	16.414	4.836
666150	ASN	 164 	ASN	 214 	MET	 217 	7	68.3310489689	1	7.01414820203	31.42	13.522	5.033	34.055	9.814	8.049	30.015	10.527	11.218
642678	ASN	 210 	GLU	 166 	GLU	 209 	7	71.3780191881	1	6.86362098313	40.574	20.412	10.436	34.563	19.176	7.362	37.928	22.872	9.17
618413	ARG	 172 	ILE	 174 	ILE	 171 	6	65.7348564233	1	5.74809116142	26.874	26.0	8.844	22.229	23.314	10.833	27.883	23.77	11.763
303055	GLY	 278 	GLY	 175 	ILE	 171 	8	78.5721001227	1	6.42545648184	27.062	28.673	15.834	23.265	26.585	12.462	27.883	23.77	11.763
446617	SER	 176 	GLY	 175 	PHE	 177 	2	27.2941361081	1	7.13522900824	24.253	25.113	15.822	23.265	26.585	12.462	24.313	21.743	17.597
446617	SER	 176 	GLY	 278 	PHE	 177 	2	29.6428736074	1	7.66094445875	24.253	25.113	15.822	27.062	28.673	15.834	24.313	21.743	17.597
442442	SER	 176 	LEU	 275 	GLN	 274 	3	42.0649208849	1	7.67952361804	24.253	25.113	15.822	29.196	24.282	18.208	31.176	27.538	18.095
569165	VAL	 276 	SER	 176 	GLN	 274 	6	64.0677214381	1	7.67952361804	26.724	25.75	20.702	24.253	25.113	15.822	31.176	27.538	18.095
597965	ALA	 277 	SER	 176 	GLN	 274 	6	62.9877969126	1	7.67952361804	26.533	29.374	19.518	24.253	25.113	15.822	31.176	27.538	18.095
383258	ASP	 178 	GLU	 179 	PHE	 177 	3	43.1504789345	1	6.46580551826	21.816	20.729	20.26	23.247	19.644	23.619	24.313	21.743	17.597
479738	THR	 180 	ASP	 178 	PHE	 177 	3	40.4879683424	1	7.8237817582	23.412	15.935	22.761	21.816	20.729	20.26	24.313	21.743	17.597
380381	ASP	 178 	CYS	 181 	PHE	 177 	6	65.5847199771	1	5.70962222918	21.816	20.729	20.26	25.372	16.48	19.541	24.313	21.743	17.597
178783	GLU	 179 	CYS	 181 	PHE	 177 	8	81.2946082439	1	6.46580551826	23.247	19.644	23.619	25.372	16.48	19.541	24.313	21.743	17.597
466780	THR	 180 	CYS	 181 	PHE	 177 	5	55.2124682838	1	7.8237817582	23.412	15.935	22.761	25.372	16.48	19.541	24.313	21.743	17.597
484061	THR	 180 	THR	 182 	PHE	 177 	6	63.2056780486	1	7.8237817582	23.412	15.935	22.761	27.606	19.103	21.161	24.313	21.743	17.597
466784	THR	 182 	CYS	 181 	PHE	 177 	9	86.984214303	1	5.70962222918	27.606	19.103	21.161	25.372	16.48	19.541	24.313	21.743	17.597
383336	ASP	 178 	GLU	 179 	CYS	 181 	9	89.9603702576	1	5.58713683384	21.816	20.729	20.26	23.247	19.644	23.619	25.372	16.48	19.541
484784	THR	 182 	THR	 180 	ASP	 178 	9	84.8065710331	1	6.08109998273	27.606	19.103	21.161	23.412	15.935	22.761	21.816	20.729	20.26
469733	THR	 182 	GLU	 179 	CYS	 181 	6	65.891299845	1	5.58181019025	27.606	19.103	21.161	23.247	19.644	23.619	25.372	16.48	19.541
484136	THR	 180 	THR	 182 	CYS	 181 	9	89.9775748688	1	5.49416599676	23.412	15.935	22.761	27.606	19.103	21.161	25.372	16.48	19.541
628134	ARG	 183 	THR	 180 	CYS	 181 	7	68.5277658929	1	5.43058836591	28.468	16.723	23.996	23.412	15.935	22.761	25.372	16.48	19.541
466782	THR	 180 	CYS	 181 	PHE	 184 	7	72.6260429471	1	6.22310742314	23.412	15.935	22.761	25.372	16.48	19.541	29.144	13.746	21.722
481253	THR	 180 	PRO	 356 	CYS	 181 	6	65.9449193679	1	7.04848990919	23.412	15.935	22.761	23.572	11.306	17.448	25.372	16.48	19.541
484063	THR	 180 	THR	 182 	PHE	 184 	8	82.715081694	1	6.22310742314	23.412	15.935	22.761	27.606	19.103	21.161	29.144	13.746	21.722
481183	THR	 180 	PRO	 356 	PHE	 184 	8	78.4383001328	1	7.4342356702	23.412	15.935	22.761	23.572	11.306	17.448	29.144	13.746	21.722
628133	ARG	 183 	THR	 182 	CYS	 181 	6	62.6353385366	1	5.43058836591	28.468	16.723	23.996	27.606	19.103	21.161	25.372	16.48	19.541
541733	TYR	 185 	THR	 182 	CYS	 181 	6	60.8217886479	1	6.15278294758	31.443	15.519	19.265	27.606	19.103	21.161	25.372	16.48	19.541
610782	ARG	 183 	CYS	 181 	PHE	 184 	7	72.2207177313	1	5.43058836591	28.468	16.723	23.996	25.372	16.48	19.541	29.144	13.746	21.722
631015	ARG	 183 	TYR	 185 	CYS	 181 	8	81.6199163331	1	6.15278294758	28.468	16.723	23.996	31.443	15.519	19.265	25.372	16.48	19.541
524382	TYR	 185 	CYS	 181 	PHE	 184 	7	72.8546229159	1	6.15278294758	31.443	15.519	19.265	25.372	16.48	19.541	29.144	13.746	21.722
409181	PRO	 356 	CYS	 181 	PHE	 184 	6	64.4121376931	1	7.4342356702	23.572	11.306	17.448	25.372	16.48	19.541	29.144	13.746	21.722
423652	PRO	 355 	PRO	 356 	CYS	 181 	5	58.6409210395	1	7.79153938577	26.763	9.346	16.734	23.572	11.306	17.448	25.372	16.48	19.541
419336	PRO	 355 	LYS	 357 	CYS	 181 	9	86.7800149279	1	7.79153938577	26.763	9.346	16.734	21.848	12.521	14.287	25.372	16.48	19.541
413575	PRO	 356 	LEU	 358 	CYS	 181 	8	82.4509577871	1	6.57454158098	23.572	11.306	17.448	22.578	16.185	13.597	25.372	16.48	19.541
542597	TYR	 185 	THR	 182 	THR	 186 	6	63.9596960694	1	5.86257460507	31.443	15.519	19.265	27.606	19.103	21.161	33.184	17.504	21.997
632380	ARG	 183 	VAL	 345 	PHE	 184 	5	52.9501690951	1	7.95743627056	28.468	16.723	23.996	29.534	10.183	28.402	29.144	13.746	21.722
609340	ARG	 183 	PHE	 341 	PHE	 342 	5	60.4760946628	1	7.1624128616	28.468	16.723	23.996	28.985	18.61	30.886	30.221	15.085	30.077
423584	PRO	 356 	PRO	 355 	PHE	 184 	9	84.2779344738	1	7.4342356702	23.572	11.306	17.448	26.763	9.346	16.734	29.144	13.746	21.722
530357	TYR	 185 	HIS	 218 	GLU	 188 	6	64.4183423788	1	8.00734000777	31.443	15.519	19.265	32.873	9.964	13.678	35.443	12.704	20.615
531939	TYR	 185 	ILE	 219 	HIS	 218 	4	49.1335763059	1	8.00734000777	31.443	15.519	19.265	35.628	12.586	13.618	32.873	9.964	13.678
601567	ALA	 187 	TRP	 347 	SER	 191 	8	76.5424482678	1	7.56542153485	33.869	14.196	23.757	34.744	7.569	27.3	39.478	11.943	23.421
601280	ALA	 187 	TRP	 347 	LYS	 337 	9	89.928333054	1	7.97250907808	33.869	14.196	23.757	34.744	7.569	27.3	36.624	14.243	31.235
242360	HIS	 218 	HIS	 351 	GLU	 188 	9	89.4023577919	1	7.8888826205	32.873	9.964	13.678	34.089	5.387	18.204	35.443	12.704	20.615
299959	GLY	 198 	HIS	 197 	GLU	 194 	8	80.9861251211	1	5.80585471744	49.793	11.675	25.339	48.913	15.042	23.842	44.179	13.123	25.032
533381	TYR	 195 	GLY	 198 	HIS	 197 	6	65.8477320252	1	5.5594132784	45.743	10.642	22.618	49.793	11.675	25.339	48.913	15.042	23.842
302982	GLY	 200 	GLY	 198 	HIS	 197 	7	74.8722621715	1	5.5351774136	53.79	14.853	23.203	49.793	11.675	25.339	48.913	15.042	23.842
331924	LYS	 199 	GLY	 198 	GLY	 200 	5	60.4732933048	1	5.5351774136	52.368	11.401	22.549	49.793	11.675	25.339	53.79	14.853	23.203
303051	GLY	 198 	GLY	 200 	ILE	 201 	4	44.5896406277	1	7.45695393576	49.793	11.675	25.339	53.79	14.853	23.203	52.252	16.355	20.08
330337	LYS	 261 	ILE	 202 	HIS	 203 	2	33.9522193601	1	8.00164770532	49.526	21.434	24.744	50.601	19.772	19.891	48.28	20.319	16.919
589252	ALA	 259 	ILE	 202 	CYS	 260 	5	60.0302384641	1	8.04257570682	52.793	27.18	22.127	50.601	19.772	19.891	52.056	24.244	24.425
445255	SER	 263 	ILE	 202 	CYS	 260 	8	77.8405203664	1	7.88014060788	47.175	25.97	23.347	50.601	19.772	19.891	52.056	24.244	24.425
628420	ARG	 204 	THR	 226 	HIS	 203 	5	55.0878897841	1	7.0840469366	48.552	24.157	16.914	52.106	22.613	11.416	48.28	20.319	16.919
634183	ARG	 204 	ALA	 227 	HIS	 203 	8	82.0401584003	1	5.5733225279	48.552	24.157	16.914	52.004	20.475	14.55	48.28	20.319	16.919
621221	ARG	 204 	LYS	 228 	HIS	 203 	6	60.9753669538	1	7.08775232355	48.552	24.157	16.914	54.76	20.745	17.149	48.28	20.319	16.919
480103	THR	 226 	ASP	 205 	HIS	 203 	8	76.1695577706	1	7.22480491086	52.106	22.613	11.416	45.828	24.692	14.325	48.28	20.319	16.919
599618	ALA	 227 	THR	 226 	HIS	 203 	3	43.6195407829	1	7.0840469366	52.004	20.475	14.55	52.106	22.613	11.416	48.28	20.319	16.919
477224	THR	 226 	LYS	 228 	HIS	 203 	9	84.2118551549	1	7.0840469366	52.106	22.613	11.416	54.76	20.745	17.149	48.28	20.319	16.919
628063	ARG	 204 	THR	 226 	PHE	 242 	8	80.8262771452	1	8.02542964582	48.552	24.157	16.914	52.106	22.613	11.416	53.712	29.196	13.394
480464	THR	 226 	ASP	 205 	ASP	 223 	9	83.6955393401	1	7.9007448383	52.106	22.613	11.416	45.828	24.692	14.325	46.44	18.825	9.069
542383	TYR	 248 	THR	 245 	ASP	 205 	8	77.8470365825	1	7.43985221627	41.441	29.896	17.329	43.813	30.312	12.184	45.828	24.692	14.325
416666	PRO	 208 	ILE	 211 	LEU	 212 	3	36.840503215	1	7.71886189797	36.272	22.814	12.616	38.09	18.058	12.085	36.784	15.875	9.274
657580	ASN	 210 	THR	 222 	ASP	 223 	5	60.0484712921	1	6.22874096427	40.574	20.412	10.436	43.98	16.098	10.174	46.44	18.825	9.069
272525	ILE	 211 	ILE	 219 	GLN	 220 	6	65.6492004052	1	6.19308622578	38.09	18.058	12.085	35.628	12.586	13.618	38.98	12.316	11.876
474127	THR	 222 	ILE	 211 	GLN	 220 	8	82.9583679256	1	6.49617795323	43.98	16.098	10.174	38.09	18.058	12.085	38.98	12.316	11.876
652826	ASN	 214 	ASP	 216 	LEU	 213 	3	41.4630376097	1	7.5871115057	34.055	9.814	8.049	29.914	6.953	9.917	33.942	13.362	9.403
392187	ASP	 216 	MET	 217 	LEU	 213 	4	49.3149858208	1	7.5871115057	29.914	6.953	9.917	30.015	10.527	11.218	33.942	13.362	9.403
645554	ASN	 214 	HIS	 218 	GLU	 215 	3	43.0822056887	1	7.6923361211	34.055	9.814	8.049	32.873	9.964	13.678	31.138	8.003	6.445
652904	ASN	 214 	ASP	 216 	HIS	 218 	9	88.8380311745	1	5.75371749393	34.055	9.814	8.049	29.914	6.953	9.917	32.873	9.964	13.678
646924	ASN	 214 	ILE	 219 	GLN	 220 	5	57.0458971902	1	6.72023496613	34.055	9.814	8.049	35.628	12.586	13.618	38.98	12.316	11.876
386354	ASP	 216 	HIS	 218 	GLU	 215 	3	42.8738960195	1	7.6923361211	29.914	6.953	9.917	32.873	9.964	13.678	31.138	8.003	6.445
357556	MET	 217 	HIS	 218 	GLU	 215 	5	53.9304154197	1	7.6923361211	30.015	10.527	11.218	32.873	9.964	13.678	31.138	8.003	6.445
392260	ASP	 216 	MET	 217 	HIS	 218 	5	58.9016197697	1	5.65392987222	29.914	6.953	9.917	30.015	10.527	11.218	32.873	9.964	13.678
422788	PRO	 355 	ASP	 216 	MET	 217 	5	60.490559081	1	7.88205169991	26.763	9.346	16.734	29.914	6.953	9.917	30.015	10.527	11.218
359144	MET	 217 	ILE	 219 	HIS	 218 	9	89.8962260604	1	6.4424568295	30.015	10.527	11.218	35.628	12.586	13.618	32.873	9.964	13.678
421060	PRO	 355 	MET	 217 	HIS	 218 	5	56.2751757676	1	6.85953059619	26.763	9.346	16.734	30.015	10.527	11.218	32.873	9.964	13.678
271082	ILE	 219 	HIS	 218 	GLN	 220 	3	35.9428239809	1	6.78782417274	35.628	12.586	13.618	32.873	9.964	13.678	38.98	12.316	11.876
474122	THR	 222 	ILE	 221 	GLN	 220 	3	42.3794254328	1	6.49617795323	43.98	16.098	10.174	41.361	15.12	12.753	38.98	12.316	11.876
480169	THR	 222 	ASP	 223 	ILE	 221 	2	23.3070226773	1	7.2866399664	43.98	16.098	10.174	46.44	18.825	9.069	41.361	15.12	12.753
599834	ALA	 227 	THR	 226 	LYS	 228 	3	40.568961074	1	6.58790019657	52.004	20.475	14.55	52.106	22.613	11.416	54.76	20.745	17.149
635042	ARG	 238 	ALA	 237 	ALA	 239 	3	38.6763532445	1	6.69013258464	58.683	25.383	23.992	56.783	23.047	26.335	57.338	26.452	20.603
635044	ARG	 238 	ALA	 259 	ALA	 237 	5	53.412669209	1	7.12102892846	58.683	25.383	23.992	52.793	27.18	22.127	56.783	23.047	26.335
664926	ASN	 240 	ARG	 238 	SER	 258 	7	70.9187688663	1	7.19215996763	56.967	29.553	18.389	58.683	25.383	23.992	54.999	30.273	22.402
633892	ARG	 238 	ALA	 259 	CYS	 260 	5	57.0884565047	1	6.73809609608	58.683	25.383	23.992	52.793	27.18	22.127	52.056	24.244	24.425
663847	ASN	 240 	ALA	 259 	ALA	 239 	8	76.5271973592	1	6.08490336817	56.967	29.553	18.389	52.793	27.18	22.127	57.338	26.452	20.603
598394	ALA	 239 	SER	 258 	LYS	 257 	3	34.7080456721	1	7.64408764994	57.338	26.452	20.603	54.999	30.273	22.402	55.064	33.746	20.845
605599	ALA	 239 	ALA	 259 	LYS	 257 	8	82.7799490069	1	7.64408764994	57.338	26.452	20.603	52.793	27.18	22.127	55.064	33.746	20.845
605091	ALA	 239 	ALA	 259 	CYS	 260 	4	47.2707481231	1	6.88349271809	57.338	26.452	20.603	52.793	27.18	22.127	52.056	24.244	24.425
561818	VAL	 243 	GLY	 244 	PHE	 242 	3	41.8318655852	1	6.54156441534	50.355	30.809	14.2	47.176	28.941	13.306	53.712	29.196	13.394
599404	ALA	 246 	THR	 245 	GLN	 247 	5	57.1391385048	1	5.73353991876	43.247	33.675	13.867	43.813	30.312	12.184	39.911	32.886	15.504
541805	TYR	 248 	THR	 245 	GLN	 247 	6	65.9893693975	1	5.73353991876	41.441	29.896	17.329	43.813	30.312	12.184	39.911	32.886	15.504
573484	VAL	 249 	TYR	 248 	GLN	 247 	5	55.635465574	1	5.85079122854	44.841	31.343	18.251	41.441	29.896	17.329	39.911	32.886	15.504
525893	TYR	 248 	GLN	 247 	CYS	 270 	6	63.4480911995	1	8.0247819285	41.441	29.896	17.329	39.911	32.886	15.504	36.539	28.061	20.958
423727	PRO	 281 	PRO	 280 	GLN	 247 	8	76.5607070832	1	7.73780188426	33.935	33.375	20.395	33.464	31.239	17.189	39.911	32.886	15.504
266619	ILE	 290 	GLN	 247 	PHE	 291 	4	46.1136231198	1	7.93404972256	40.538	39.433	16.533	39.911	32.886	15.504	43.925	39.156	18.247
574203	VAL	 249 	TYR	 248 	SER	 250 	4	44.7282838119	1	6.40363873122	44.841	31.343	18.251	41.441	29.896	17.329	45.697	31.133	21.951
574352	VAL	 249 	TYR	 248 	TRP	 266 	9	84.1038149575	1	7.88643411182	44.841	31.343	18.251	41.441	29.896	17.329	42.118	26.918	24.184
543968	TYR	 248 	TRP	 266 	SER	 250 	9	85.8148844568	1	7.5045211706	41.441	29.896	17.329	42.118	26.918	24.184	45.697	31.133	21.951
603146	ALA	 267 	TYR	 248 	TRP	 266 	3	40.3246736088	1	7.5045211706	41.155	25.99	20.626	41.441	29.896	17.329	42.118	26.918	24.184
543176	TYR	 248 	TRP	 266 	CYS	 270 	9	88.3028521742	1	7.5045211706	41.441	29.896	17.329	42.118	26.918	24.184	36.539	28.061	20.958
538856	TYR	 248 	PRO	 280 	CYS	 270 	9	84.7513576545	1	8.09047452255	41.441	29.896	17.329	33.464	31.239	17.189	36.539	28.061	20.958
569810	VAL	 249 	SER	 250 	PRO	 251 	3	41.1514286921	1	6.5936352644	44.841	31.343	18.251	45.697	31.133	21.951	46.893	34.254	23.8
604587	ALA	 267 	VAL	 249 	TRP	 266 	4	47.7031942746	1	7.88643411182	41.155	25.99	20.626	44.841	31.343	18.251	42.118	26.918	24.184
454538	SER	 250 	SER	 263 	ASP	 264 	3	37.7313039397	1	7.99254014691	45.697	31.133	21.951	47.175	25.97	23.347	45.069	23.166	21.836
416382	PRO	 251 	ILE	 295 	PHE	 291 	7	71.0991041322	1	7.9796263697	46.893	34.254	23.8	44.461	38.934	24.582	43.925	39.156	18.247
598393	ALA	 259 	SER	 258 	LYS	 257 	2	29.5719033879	1	7.06493602236	52.793	27.18	22.127	54.999	30.273	22.402	55.064	33.746	20.845
597889	ALA	 259 	SER	 258 	CYS	 260 	2	30.8824820075	1	7.00732609488	52.793	27.18	22.127	54.999	30.273	22.402	52.056	24.244	24.425
448134	SER	 263 	LYS	 261 	CYS	 260 	7	70.1443498528	1	5.29661269115	47.175	25.97	23.347	49.526	21.434	24.744	52.056	24.244	24.425
390531	ASP	 264 	LYS	 261 	CYS	 260 	4	44.1622355218	1	7.52882288276	45.069	23.166	21.836	49.526	21.434	24.744	52.056	24.244	24.425
453896	SER	 263 	SER	 262 	CYS	 260 	9	89.8240792751	1	5.28822474938	47.175	25.97	23.347	47.235	23.883	26.534	52.056	24.244	24.425
454397	SER	 263 	SER	 262 	LYS	 261 	6	64.8654377982	1	5.29661269115	47.175	25.97	23.347	47.235	23.883	26.534	49.526	21.434	24.744
512286	TRP	 266 	SER	 262 	SER	 263 	7	72.3600249956	1	6.39667210352	42.118	26.918	24.184	47.235	23.883	26.534	47.175	25.97	23.347
511711	TRP	 266 	SER	 262 	LEU	 265 	8	75.9490085239	1	6.39667210352	42.118	26.918	24.184	47.235	23.883	26.534	42.73	23.232	24.849
597893	ALA	 321 	SER	 262 	CYS	 327 	6	63.756459513	1	7.84764353166	47.733	28.522	29.903	47.235	23.883	26.534	46.463	20.867	31.075
482695	THR	 322 	SER	 262 	CYS	 327 	8	79.9374344202	1	7.32123828324	48.531	26.698	33.167	47.235	23.883	26.534	46.463	20.867	31.075
512142	TRP	 266 	SER	 263 	ASP	 264 	7	69.9256021269	1	5.31968128745	42.118	26.918	24.184	47.175	25.97	23.347	45.069	23.166	21.836
601565	ALA	 267 	TRP	 266 	SER	 263 	6	67.4363069618	1	6.60640908512	41.155	25.99	20.626	42.118	26.918	24.184	47.175	25.97	23.347
500188	TRP	 266 	LEU	 316 	LEU	 265 	5	59.1046064389	1	6.27879112569	42.118	26.918	24.184	39.102	26.429	28.854	42.73	23.232	24.849
629788	ARG	 324 	TRP	 266 	LEU	 265 	5	56.282002728	1	7.54278125097	43.06	25.494	31.531	42.118	26.918	24.184	42.73	23.232	24.849
600773	ALA	 267 	TRP	 266 	CYS	 270 	6	65.9261981535	1	6.54513300094	41.155	25.99	20.626	42.118	26.918	24.184	36.539	28.061	20.958
633392	ARG	 324 	VAL	 318 	TRP	 266 	9	89.4433437892	1	7.54278125097	43.06	25.494	31.531	41.593	31.141	30.342	42.118	26.918	24.184
301253	GLY	 269 	ILE	 272 	CYS	 270 	6	66.3950872345	1	5.58849997763	37.124	25.989	24.092	32.785	24.021	21.862	36.539	28.061	20.958
561890	VAL	 313 	GLY	 269 	CYS	 270 	3	38.3288418645	1	7.56174186282	34.207	26.907	28.058	37.124	25.989	24.092	36.539	28.061	20.958
562033	VAL	 313 	GLY	 269 	GLU	 314 	2	33.0023763457	1	7.86669288837	34.207	26.907	28.058	37.124	25.989	24.092	34.986	29.331	30.885
272452	ILE	 272 	ILE	 271 	CYS	 270 	5	60.0281786179	1	5.58849997763	32.785	24.021	21.862	35.221	25.004	19.104	36.539	28.061	20.958
266692	ILE	 271 	GLN	 274 	CYS	 270 	5	58.5076622407	1	6.1018085024	35.221	25.004	19.104	31.176	27.538	18.095	36.539	28.061	20.958
416453	PRO	 280 	ILE	 271 	CYS	 270 	6	66.510033469	1	6.75496106576	33.464	31.239	17.189	35.221	25.004	19.104	36.539	28.061	20.958
525894	TYR	 273 	GLN	 274 	CYS	 270 	7	73.6053691035	1	6.1018085024	31.553	27.615	21.881	31.176	27.538	18.095	36.539	28.061	20.958
602571	ALA	 309 	TYR	 273 	ILE	 272 	4	52.2890886471	1	8.04543417101	28.792	23.848	28.432	31.553	27.615	21.881	32.785	24.021	21.862
538927	TYR	 273 	PRO	 280 	GLN	 274 	8	81.0120197655	1	6.22897752444	31.553	27.615	21.881	33.464	31.239	17.189	31.176	27.538	18.095
590768	ALA	 277 	GLY	 278 	GLN	 274 	9	84.1209716592	1	5.1916542643	26.533	29.374	19.518	27.062	28.673	15.834	31.176	27.538	18.095
423723	PRO	 281 	PRO	 280 	GLN	 274 	4	49.8916693252	1	6.85365960637	33.935	33.375	20.395	33.464	31.239	17.189	31.176	27.538	18.095
551740	VAL	 276 	PHE	 306 	PHE	 305 	5	60.5167928958	1	7.6589473167	26.724	25.75	20.702	23.801	25.334	27.769	24.022	28.662	25.909
596379	ALA	 277 	PRO	 302 	PHE	 301 	4	48.2627180221	1	7.93021500339	26.533	29.374	19.518	24.415	34.199	24.341	27.884	33.924	25.871
580544	ALA	 277 	PHE	 301 	PHE	 305 	9	86.6767702247	1	7.93021500339	26.533	29.374	19.518	27.884	33.924	25.871	24.022	28.662	25.909
423866	PRO	 281 	PRO	 280 	LEU	 279 	3	42.6634173745	1	6.57897218416	33.935	33.375	20.395	33.464	31.239	17.189	29.962	31.13	15.656
423580	PRO	 280 	PRO	 281 	PHE	 282 	5	56.1513683941	1	5.83177040014	33.464	31.239	17.189	33.935	33.375	20.395	36.293	36.007	18.998
625973	ARG	 283 	PRO	 280 	PRO	 281 	6	61.9667984737	1	6.73016032498	35.141	37.594	15.741	33.464	31.239	17.189	33.935	33.375	20.395
633817	ARG	 283 	ALA	 284 	PHE	 282 	2	32.5411169561	1	6.94232129766	35.141	37.594	15.741	36.033	40.899	14.079	36.293	36.007	18.998
634321	ARG	 283 	ALA	 284 	GLY	 285 	2	23.8260848264	1	7.23281473563	35.141	37.594	15.741	36.033	40.899	14.079	36.577	42.631	10.753
663128	ASN	 286 	ALA	 284 	GLY	 285 	9	89.9705541439	1	5.57371770006	40.231	41.644	10.489	36.033	40.899	14.079	36.577	42.631	10.753
591051	ALA	 284 	GLY	 285 	ILE	 290 	4	50.0392537727	1	7.70228050645	36.033	40.899	14.079	36.577	42.631	10.753	40.538	39.433	16.533
662835	ASN	 286 	ALA	 284 	GLU	 287 	4	46.9211492947	1	7.28635176203	40.231	41.644	10.489	36.033	40.899	14.079	42.965	39.662	12.206
266620	ILE	 295 	GLN	 292 	PHE	 291 	5	58.3670182792	1	6.36150964787	44.461	38.934	24.582	43.055	42.264	20.216	43.925	39.156	18.247
537553	TYR	 299 	ASP	 300 	GLU	 298 	2	27.9371298538	1	7.10802039952	33.76	37.663	24.265	30.467	36.71	25.891	36.786	39.847	25.023
537337	TYR	 299 	ASP	 300 	PHE	 301 	2	26.5769232617	1	7.14749837356	33.76	37.663	24.265	30.467	36.71	25.891	27.884	33.924	25.871
412059	PRO	 302 	GLU	 303 	PHE	 301 	4	45.1051569276	1	6.39061436796	24.415	34.199	24.341	21.572	33.692	26.843	27.884	33.924	25.871
407740	PRO	 302 	PHE	 305 	PHE	 301 	5	57.0579507463	1	6.52726068117	24.415	34.199	24.341	24.022	28.662	25.909	27.884	33.924	25.871
325660	LYS	 304 	GLU	 303 	PHE	 305 	5	58.9472200177	1	5.67236775959	20.569	30.258	25.48	21.572	33.692	26.843	24.022	28.662	25.909
609341	ARG	 310 	PHE	 305 	PHE	 306 	6	63.3637267237	1	6.42024057182	29.29	27.494	29.388	24.022	28.662	25.909	23.801	25.334	27.769
596382	ALA	 309 	PRO	 307 	PHE	 306 	7	71.8127354139	1	5.43671527671	28.792	23.848	28.432	24.842	26.11	31.405	23.801	25.334	27.769
597103	ALA	 309 	PRO	 307 	ASP	 311 	8	79.4191168151	1	6.33072705145	28.792	23.848	28.432	24.842	26.11	31.405	31.043	26.512	32.615
333147	LYS	 323 	LYS	 315 	LEU	 316 	4	49.3180082652	1	8.09254552042	44.962	27.122	34.392	37.394	26.749	32.258	39.102	26.429	28.854
621434	ARG	 324 	LYS	 315 	LYS	 323 	3	41.6963553235	1	7.87195712641	43.06	25.494	31.531	37.394	26.749	32.258	44.962	27.122	34.392
621145	ARG	 324 	LYS	 323 	LEU	 316 	2	30.789973127	1	8.09254552042	43.06	25.494	31.531	44.962	27.122	34.392	39.102	26.429	28.854
557786	VAL	 318 	LEU	 319 	LEU	 317 	3	40.8452454858	1	6.57432498436	41.593	31.141	30.342	44.436	33.533	29.538	39.228	30.022	27.596
599981	ALA	 321 	THR	 322 	ASP	 320 	6	62.7612806312	1	5.44047249786	47.733	28.522	29.903	48.531	26.698	33.167	46.879	31.707	31.833
599334	ALA	 321 	THR	 322 	CYS	 327 	7	69.2023366106	1	7.84764353166	47.733	28.522	29.903	48.531	26.698	33.167	46.463	20.867	31.075
476935	THR	 322 	LYS	 323 	CYS	 327 	8	78.8042583115	1	7.23743842806	48.531	26.698	33.167	44.962	27.122	34.392	46.463	20.867	31.075
478877	THR	 322 	MET	 330 	LYS	 323 	6	62.751856231	1	6.96063567499	48.531	26.698	33.167	45.52	21.22	36.229	44.962	27.122	34.392
628135	ARG	 324 	THR	 322 	CYS	 327 	8	81.3584296351	1	6.53097611387	43.06	25.494	31.531	48.531	26.698	33.167	46.463	20.867	31.075
469735	THR	 322 	GLU	 329 	CYS	 327 	8	78.9254900601	1	6.53097611387	48.531	26.698	33.167	49.248	21.875	35.801	46.463	20.867	31.075
478375	THR	 322 	MET	 330 	CYS	 327 	8	76.9893121249	1	6.96063567499	48.531	26.698	33.167	45.52	21.22	36.229	46.463	20.867	31.075
621146	ARG	 324 	LYS	 323 	LEU	 325 	3	43.4068345531	1	6.44675996141	43.06	25.494	31.531	44.962	27.122	34.392	41.05	22.403	32.395
620933	ARG	 324 	LYS	 323 	CYS	 327 	6	66.1711741269	1	7.23743842806	43.06	25.494	31.531	44.962	27.122	34.392	46.463	20.867	31.075
361734	MET	 330 	LYS	 323 	CYS	 327 	7	68.6768548972	1	7.23743842806	45.52	21.22	36.229	44.962	27.122	34.392	46.463	20.867	31.075
361876	MET	 330 	LYS	 323 	GLU	 329 	5	54.5583882339	1	6.9199773121	45.52	21.22	36.229	44.962	27.122	34.392	49.248	21.875	35.801
302905	GLY	 332 	GLY	 326 	LEU	 325 	2	32.5246198744	1	7.48891180346	45.42	16.353	33.015	42.931	19.462	30.915	41.05	22.403	32.395
533305	TYR	 333 	GLY	 326 	LEU	 325 	2	28.2515145019	1	7.8305413606	42.51	14.806	31.182	42.931	19.462	30.915	41.05	22.403	32.395
302694	GLY	 332 	GLY	 326 	CYS	 327 	7	71.9422289239	1	5.02271291236	45.42	16.353	33.015	42.931	19.462	30.915	46.463	20.867	31.075
533090	TYR	 333 	GLY	 326 	CYS	 327 	3	40.0640867378	1	7.23694541917	42.51	14.806	31.182	42.931	19.462	30.915	46.463	20.867	31.075
360436	MET	 330 	GLY	 326 	GLU	 331 	5	55.3471210772	1	6.83089606128	45.52	21.22	36.229	42.931	19.462	30.915	46.289	17.501	36.531
303127	GLY	 326 	GLY	 334 	GLY	 332 	8	77.0384486797	1	7.4280609179	42.931	19.462	30.915	40.957	13.1	34.202	45.42	16.353	33.015
533522	TYR	 333 	GLY	 326 	GLY	 334 	3	36.4957175417	1	7.4280609179	42.51	14.806	31.182	42.931	19.462	30.915	40.957	13.1	34.202
539285	TYR	 333 	PRO	 335 	GLY	 326 	6	66.8504038424	1	6.62704904162	42.51	14.806	31.182	39.444	16.339	35.606	42.931	19.462	30.915
418323	PRO	 335 	GLY	 326 	GLY	 334 	4	51.4157285369	1	7.4280609179	39.444	16.339	35.606	42.931	19.462	30.915	40.957	13.1	34.202
181732	GLU	 329 	GLU	 328 	CYS	 327 	5	59.9692537166	1	5.57739769068	49.248	21.875	35.801	49.274	19.244	33.042	46.463	20.867	31.075
181732	GLU	 331 	GLU	 328 	CYS	 327 	5	54.328078907	1	6.41312466743	46.289	17.501	36.531	49.274	19.244	33.042	46.463	20.867	31.075
354536	MET	 330 	GLU	 329 	CYS	 327 	9	84.7094319837	1	5.57739769068	45.52	21.22	36.229	49.248	21.875	35.801	46.463	20.867	31.075
181735	GLU	 331 	GLU	 329 	CYS	 327 	8	79.9917414693	1	6.41312466743	46.289	17.501	36.531	49.248	21.875	35.801	46.463	20.867	31.075
533233	TYR	 333 	GLY	 332 	GLU	 331 	2	27.9550975007	1	7.08206657693	42.51	14.806	31.182	45.42	16.353	33.015	46.289	17.501	36.531
533524	TYR	 333 	GLY	 334 	GLY	 332 	5	58.0936974106	1	5.64883589778	42.51	14.806	31.182	40.957	13.1	34.202	45.42	16.353	33.015
419623	PRO	 335 	LYS	 337 	HIS	 339 	8	79.979941379	1	6.38445682889	39.444	16.339	35.606	36.624	14.243	31.235	33.438	17.796	34.004
414941	PRO	 340 	HIS	 339 	PHE	 341 	6	61.7115640784	1	5.49670164735	29.63	17.9	34.569	33.438	17.796	34.004	28.985	18.61	30.886
415156	PRO	 340 	HIS	 339 	GLU	 343 	5	59.9548806484	1	6.86615081396	29.63	17.9	34.569	33.438	17.796	34.004	28.325	13.349	32.897
234942	HIS	 339 	PHE	 342 	PHE	 341 	7	68.8924691114	1	5.75499252823	33.438	17.796	34.004	30.221	15.085	30.077	28.985	18.61	30.886
572840	VAL	 345 	TRP	 347 	THR	 346 	9	89.8836015903	1	5.93224240907	29.534	10.183	28.402	34.744	7.569	27.3	31.153	6.74	28.272
513076	TRP	 347 	THR	 346 	GLU	 348 	5	55.3169786232	1	5.8547692525	34.744	7.569	27.3	31.153	6.74	28.272	36.116	4.063	26.697
659236	ASN	 349 	TRP	 347 	THR	 346 	5	54.2177674737	1	6.81217542346	34.418	3.31	23.375	34.744	7.569	27.3	31.153	6.74	28.272
513150	TRP	 347 	THR	 346 	LEU	 350 	7	74.3007600274	1	6.86811480684	34.744	7.569	27.3	31.153	6.74	28.272	33.203	6.51	21.721
658520	ASN	 349 	TRP	 347 	GLU	 348 	9	89.8500513543	1	5.80094664688	34.418	3.31	23.375	34.744	7.569	27.3	36.116	4.063	26.697
500116	TRP	 347 	LEU	 350 	GLU	 348 	5	60.5003118216	1	6.26370130195	34.744	7.569	27.3	33.203	6.51	21.721	36.116	4.063	26.697
658589	ASN	 349 	TRP	 347 	LEU	 350 	6	64.2869056451	1	5.88399549626	34.418	3.31	23.375	34.744	7.569	27.3	33.203	6.51	21.721
641166	ASN	 349 	GLN	 353 	GLN	 352 	7	70.5915983101	1	6.70034730443	34.418	3.31	23.375	28.948	4.365	19.652	31.963	2.255	18.726
237968	HIS	 351 	GLN	 353 	GLN	 352 	9	89.6463273424	1	5.43792874172	34.089	5.387	18.204	28.948	4.365	19.652	31.963	2.255	18.726
472684	THR	 354 	HIS	 351 	GLN	 352 	5	59.5682030914	1	7.77718374478	26.39	5.568	17.119	34.089	5.387	18.204	31.963	2.255	18.726
472685	THR	 354 	HIS	 351 	GLN	 353 	6	68.1029946028	1	7.77718374478	26.39	5.568	17.119	34.089	5.387	18.204	28.948	4.365	19.652
481976	THR	 354 	PRO	 356 	PRO	 355 	9	89.9878879666	1	6.40109435956	26.39	5.568	17.119	23.572	11.306	17.448	26.763	9.346	16.734
424155	PRO	 355 	PRO	 356 	LYS	 357 	4	46.0219276425	1	6.34237014057	26.763	9.346	16.734	23.572	11.306	17.448	21.848	12.521	14.287
