651247	ASN	   3 	MET	   1 	GLN	   5 	8	82.3269435363	1	7.64366162255	107.834	115.134	91.773	103.332	112.165	93.516	103.097	115.642	86.713
353021	MET	   1 	GLN	   5 	PHE	   4 	6	68.2743219377	1	7.64366162255	103.332	112.165	93.516	103.097	115.642	86.713	105.613	113.946	88.941
507238	TRP	 243 	MET	   1 	CYS	 118 	8	80.0616259649	8	53.427941482	90.525	63.916	74.475	103.332	112.165	93.516	115.794	86.701	83.897
642460	ASN	   3 	GLU	   2 	PHE	   4 	5	60.0421845746	1	5.56981911735	107.834	115.134	91.773	104.917	115.609	94.211	105.613	113.946	88.941
641024	ASN	   3 	GLN	   5 	PHE	   4 	9	89.5059672136	1	6.94988007091	107.834	115.134	91.773	103.097	115.642	86.713	105.613	113.946	88.941
665503	ASN	  23 	ASN	   3 	PHE	   4 	8	77.5811748465	1	6.01774160296	109.389	113.799	86.115	107.834	115.134	91.773	105.613	113.946	88.941
324219	LYS	   6 	GLN	   5 	PHE	   4 	4	50.9290177796	1	6.03241734299	100.652	112.959	85.654	103.097	115.642	86.713	105.613	113.946	88.941
641023	ASN	  23 	GLN	   5 	PHE	   4 	8	76.9608815063	1	6.58357934561	109.389	113.799	86.115	103.097	115.642	86.713	105.613	113.946	88.941
514366	TRP	 243 	TRP	 227 	PHE	   4 	8	76.3052638892	8	54.2209719574	90.525	63.916	74.475	103.381	63.758	81.855	105.613	113.946	88.941
563403	VAL	   7 	LYS	   6 	GLN	   5 	4	48.1906987901	1	6.2090206152	99.822	113.356	81.959	100.652	112.959	85.654	103.097	115.642	86.713
632527	ARG	  22 	VAL	   7 	GLN	   5 	8	79.5487949765	1	7.00923198361	106.65	113.563	83.529	99.822	113.356	81.959	103.097	115.642	86.713
664205	ASN	  23 	ARG	  22 	GLN	   5 	6	67.523154653	1	6.58357934561	109.389	113.799	86.115	106.65	113.563	83.529	103.097	115.642	86.713
535035	TYR	  19 	LYS	   6 	LYS	   9 	4	49.5013789899	1	7.96171953789	99.885	106.802	84.363	100.652	112.959	85.654	95.999	107.196	82.734
602717	ALA	  21 	TYR	  19 	LYS	   6 	6	62.9702109232	1	6.33747733724	103.84	111.068	83.967	99.885	106.802	84.363	100.652	112.959	85.654
331634	LYS	   9 	GLY	  11 	GLU	  12 	3	35.3371862302	1	7.92604125652	95.999	107.196	82.734	95.285	101.98	82.125	94.486	99.781	85.09
535035	TYR	  19 	LYS	   9 	LYS	  20 	4	50.186730121	1	6.30545065796	99.885	106.802	84.363	95.999	107.196	82.734	102.107	108.484	81.844
301392	GLY	  11 	ILE	  10 	GLU	  12 	1	18.7370080888	1	7.35062507546	95.285	101.98	82.125	97.43	104.573	80.357	94.486	99.781	85.09
575211	VAL	  17 	VAL	  18 	ILE	  10 	4	50.9538710771	1	7.8095408956	96.762	102.156	87.753	99.45	103.106	85.224	97.43	104.573	80.357
475633	THR	  14 	GLY	  13 	GLU	  12 	2	24.6737341034	1	7.14536507115	95.742	93.646	88.531	95.759	96.332	85.892	94.486	99.781	85.09
533234	TYR	  15 	GLY	  13 	GLU	  12 	3	36.300638187	1	7.85171236101	98.447	95.56	90.395	95.759	96.332	85.892	94.486	99.781	85.09
475634	THR	 158 	GLY	  13 	GLU	  12 	3	38.1649456932	1	7.92192773257	92.409	93.328	89.189	95.759	96.332	85.892	94.486	99.781	85.09
484280	THR	  14 	THR	 160 	GLU	  12 	9	89.7082569174	1	7.35302787972	95.742	93.646	88.531	89.599	97.507	89.724	94.486	99.781	85.09
544760	TYR	  15 	TYR	 159 	GLU	  12 	9	87.0185133971	1	7.85171236101	98.447	95.56	90.395	92.718	96.293	91.565	94.486	99.781	85.09
542165	TYR	  15 	THR	  14 	GLY	  13 	6	64.1029857026	1	5.30078645108	98.447	95.56	90.395	95.742	93.646	88.531	95.759	96.332	85.892
533526	TYR	  15 	GLY	  13 	GLY	  16 	7	71.1755738568	1	5.30078645108	98.447	95.56	90.395	95.759	96.332	85.892	97.125	99.137	90.094
545047	TYR	 159 	TYR	  15 	GLY	  13 	8	77.241079845	1	6.43677955192	92.718	96.293	91.565	98.447	95.56	90.395	95.759	96.332	85.892
475928	THR	 158 	GLY	  16 	GLY	  13 	9	86.3910020606	1	7.53685358754	92.409	93.328	89.189	97.125	99.137	90.094	95.759	96.332	85.892
631874	ARG	  36 	TYR	  15 	THR	  14 	3	36.6899779446	1	7.90511283917	97.018	98.569	94.583	98.447	95.56	90.395	95.742	93.646	88.531
484566	THR	 160 	THR	  14 	GLY	  16 	7	72.9954784401	1	7.70937585022	89.599	97.507	89.724	95.742	93.646	88.531	97.125	99.137	90.094
542600	TYR	 159 	THR	  14 	THR	 158 	9	83.7023131128	1	5.03550801807	92.718	96.293	91.565	95.742	93.646	88.531	92.409	93.328	89.189
484997	THR	  14 	THR	 160 	THR	 158 	6	65.0755513632	1	7.35302787972	95.742	93.646	88.531	89.599	97.507	89.724	92.409	93.328	89.189
484273	THR	  14 	THR	 158 	GLU	 162 	2	34.0003193589	1	7.66959438302	95.742	93.646	88.531	92.409	93.328	89.189	88.363	93.292	86.47
542594	TYR	 159 	THR	  14 	THR	 160 	3	42.1225365542	1	7.35302787972	92.718	96.293	91.565	95.742	93.646	88.531	89.599	97.507	89.724
545046	TYR	 159 	TYR	  15 	GLY	  16 	7	69.6894376671	1	5.89301535718	92.718	96.293	91.565	98.447	95.56	90.395	97.125	99.137	90.094
574423	VAL	  17 	TYR	 159 	TYR	  15 	8	77.4079792103	1	8.07836920424	96.762	102.156	87.753	92.718	96.293	91.565	98.447	95.56	90.395
545476	TYR	  15 	TYR	 159 	THR	 158 	5	57.5042778586	1	6.5493285152	98.447	95.56	90.395	92.718	96.293	91.565	92.409	93.328	89.189
575282	VAL	  18 	VAL	  17 	GLY	  16 	3	39.3759652373	1	6.69891677811	99.45	103.106	85.224	96.762	102.156	87.753	97.125	99.137	90.094
484568	THR	 160 	THR	 158 	GLY	  16 	9	87.9749155322	1	7.70937585022	89.599	97.507	89.724	92.409	93.328	89.189	97.125	99.137	90.094
575858	VAL	  17 	VAL	  18 	TYR	  19 	3	42.3051458898	1	6.5445049469	96.762	102.156	87.753	99.45	103.106	85.224	99.885	106.802	84.363
573913	VAL	  18 	TYR	  19 	LYS	  20 	2	33.1909289458	1	6.88526927578	99.45	103.106	85.224	99.885	106.802	84.363	102.107	108.484	81.844
606104	ALA	  21 	ALA	  31 	TYR	  19 	9	89.9836992559	1	6.19476827654	103.84	111.068	83.967	105.372	105.091	83.416	99.885	106.802	84.363
634393	ARG	  22 	ALA	  21 	LYS	  20 	2	29.0930474981	1	7.01956658206	106.65	113.563	83.529	103.84	111.068	83.967	102.107	108.484	81.844
665282	ASN	  23 	ARG	  22 	ALA	  21 	3	40.9039609078	1	6.54703490139	109.389	113.799	86.115	106.65	113.563	83.529	103.84	111.068	83.967
664994	ASN	  23 	ARG	  22 	THR	  26 	3	42.8653927767	1	8.02073319591	109.389	113.799	86.115	106.65	113.563	83.529	114.271	115.577	85.011
664567	ASN	  23 	ARG	  22 	GLY	  27 	8	77.6376491628	1	5.79394209498	109.389	113.799	86.115	106.65	113.563	83.529	111.616	116.308	82.357
648437	ASN	  23 	GLY	  27 	GLU	  28 	6	66.3635846587	1	5.54834371682	109.389	113.799	86.115	111.616	116.308	82.357	111.744	112.682	81.217
331634	LYS	  24 	GLY	  27 	GLU	  28 	3	36.3475173228	1	7.82918361006	109.75	117.466	87.085	111.616	116.308	82.357	111.744	112.682	81.217
515298	TRP	 227 	TRP	 167 	THR	  26 	4	47.4917744585	8	53.0448979356	103.381	63.758	81.855	94.549	82.272	78.714	114.271	115.577	85.011
515301	TRP	 243 	TRP	 227 	THR	  26 	7	71.0665252363	8	57.825070108	90.525	63.916	74.475	103.381	63.758	81.855	114.271	115.577	85.011
333146	LYS	  34 	LYS	  33 	LEU	  32 	3	42.5863219466	1	6.43229088273	100.524	103.225	91.768	102.485	102.554	88.622	104.263	105.451	87.031
535039	TYR	  77 	LYS	  33 	LYS	  34 	8	78.6167734276	1	5.40907626125	104.796	103.762	93.361	102.485	102.554	88.622	100.524	103.225	91.768
661756	ASN	  74 	VAL	  44 	LYS	  75 	5	54.9187009051	1	6.91564038973	103.714	104.058	103.348	103.574	97.881	102.797	102.639	103.977	99.668
605954	ALA	 151 	ALA	  48 	THR	  47 	3	36.5002567863	1	7.55977215265	106.549	90.43	95.048	107.615	93.052	98.978	109.286	91.475	102.017
605449	ALA	 151 	ALA	  48 	ILE	  49 	2	32.6816760342	1	7.73822938404	106.549	90.43	95.048	107.615	93.052	98.978	109.812	96.127	99.144
605020	ALA	  48 	ALA	 151 	PHE	 152 	5	54.2134922486	1	6.41592869349	107.615	93.052	98.978	106.549	90.43	95.048	102.771	90.865	95.384
448274	SER	  53 	LYS	  56 	GLU	  57 	3	40.805016606	1	7.55135146845	114.542	96.581	95.046	116.254	97.538	90.135	119.515	95.795	89.418
650239	ASN	  59 	LYS	  56 	LYS	  65 	8	79.6108868913	1	7.59223307071	118.83	95.381	83.596	116.254	97.538	90.135	113.611	99.173	83.208
645626	ASN	  59 	HIS	  60 	LEU	  58 	3	36.2768686884	1	6.81351913478	118.83	95.381	83.596	118.554	94.077	80.029	118.175	93.398	86.798
650019	ASN	  59 	LYS	  65 	HIS	  60 	4	46.7571406961	1	7.77872136022	118.83	95.381	83.596	113.611	99.173	83.208	118.554	94.077	80.029
654341	ASN	  62 	PRO	  61 	HIS	  60 	6	62.9964585237	1	5.46274784335	114.503	93.595	76.396	117.635	95.748	76.68	118.554	94.077	80.029
567939	VAL	  64 	PRO	  61 	HIS	  60 	4	49.9912471936	1	8.0002885573	111.3	97.372	80.755	117.635	95.748	76.68	118.554	94.077	80.029
299741	GLY	 114 	HIS	  60 	PHE	 117 	6	67.4563943623	1	7.532251589	114.886	88.673	77.838	118.554	94.077	80.029	118.428	86.63	81.152
654483	ASN	  62 	PRO	  61 	GLY	 114 	4	46.9209585007	1	7.67812411986	114.503	93.595	76.396	117.635	95.748	76.68	114.886	88.673	77.838
654553	ASN	  62 	PRO	  61 	LYS	 142 	2	32.1084857052	1	7.46550426964	114.503	93.595	76.396	117.635	95.748	76.68	110.31	94.448	76.057
641166	ASN	  62 	GLN	 113 	GLN	 110 	7	74.3037590433	1	7.23660673244	114.503	93.595	76.396	116.65	86.823	75.018	114.021	89.247	71.571
648363	ASN	  62 	GLY	 114 	GLN	 113 	4	44.6907503081	1	7.23660673244	114.503	93.595	76.396	114.886	88.673	77.838	116.65	86.823	75.018
650164	ASN	  62 	LYS	 142 	GLY	 114 	5	53.7036010469	1	7.58039326157	114.503	93.595	76.396	110.31	94.448	76.057	114.886	88.673	77.838
566425	VAL	  69 	ASP	  68 	LEU	  67 	2	24.9530373616	1	7.18764537244	110.491	102.512	93.685	112.471	104.003	90.834	113.781	103.273	87.34
557786	VAL	  79 	LEU	  67 	LEU	  78 	3	39.6251215879	1	7.71475663907	108.521	104.291	88.037	113.781	103.273	87.34	106.934	102.142	90.71
566571	VAL	  69 	ASP	  68 	ILE	  70 	4	44.9800818432	1	6.33647425624	110.491	102.512	93.685	112.471	104.003	90.834	108.867	105.062	95.937
574058	VAL	  69 	TYR	  77 	ASP	  68 	3	38.4935415165	1	8.08389973961	110.491	102.512	93.685	104.796	103.762	93.361	112.471	104.003	90.834
575210	VAL	  79 	VAL	  69 	ILE	  70 	3	43.254274016	1	7.94507123945	108.521	104.291	88.037	110.491	102.512	93.685	108.867	105.062	95.937
531940	TYR	  77 	ILE	  70 	HIS	  71 	5	53.7927531298	1	6.47264853055	104.796	103.762	93.361	108.867	105.062	95.937	107.449	103.949	99.262
472754	THR	  72 	HIS	  71 	GLU	  73 	3	36.8259862753	1	6.74464320776	106.413	107.3	100.73	107.449	103.949	99.262	103.573	107.849	103.168
657221	ASN	  74 	THR	  72 	HIS	  71 	6	66.2723782354	1	5.53692170795	103.714	104.058	103.348	106.413	107.3	100.73	107.449	103.949	99.262
477222	THR	  72 	LYS	  75 	HIS	  71 	7	75.731338214	1	5.13938216131	106.413	107.3	100.73	102.639	103.977	99.668	107.449	103.949	99.262
472827	THR	  72 	HIS	  71 	LEU	  76 	4	48.8111591051	1	6.83465946482	106.413	107.3	100.73	107.449	103.949	99.262	104.278	102.161	96.762
645628	ASN	  74 	HIS	  71 	LEU	  76 	5	60.3803626614	1	6.8769252577	103.714	104.058	103.348	107.449	103.949	99.262	104.278	102.161	96.762
528986	TYR	  77 	LEU	  76 	LEU	  78 	3	39.4925464931	1	6.60919064637	104.796	103.762	93.361	104.278	102.161	96.762	106.934	102.142	90.71
177339	GLU	  81 	PHE	  80 	PHE	  82 	4	48.7893971007	1	6.17010064748	110.699	103.589	81.476	109.334	102.424	84.828	107.8	104.443	79.203
240698	HIS	  84 	LEU	  83 	PHE	  82 	3	40.9081346155	1	6.60987231344	104.39	103.877	73.569	107.077	102.599	75.925	107.8	104.443	79.203
386427	ASP	  86 	HIS	  84 	LEU	  83 	4	49.4214514097	1	7.79260739419	101.77	97.24	73.965	104.39	103.877	73.569	107.077	102.599	75.925
386288	ASP	  86 	HIS	  84 	GLN	  85 	9	88.9364314372	1	7.14639664446	101.77	97.24	73.965	104.39	103.877	73.569	102.47	100.76	72.662
271085	ILE	 135 	HIS	  84 	GLN	  85 	6	67.4715614648	1	6.91756872029	107.213	97.829	71.751	104.39	103.877	73.569	102.47	100.76	72.662
645484	ASN	 136 	HIS	  84 	GLN	  85 	5	55.6074891877	1	6.78076500109	108.844	100.977	70.359	104.39	103.877	73.569	102.47	100.76	72.662
271227	ILE	 135 	HIS	  84 	LEU	 134 	4	51.2875663669	1	7.46224148631	107.213	97.829	71.751	104.39	103.877	73.569	105.85	96.719	75.091
384842	ASP	  86 	LEU	  87 	GLN	  85 	3	38.0676154856	1	6.71912338032	101.77	97.24	73.965	101.557	94.165	71.757	102.47	100.76	72.662
390604	ASP	  86 	LYS	  89 	GLN	  85 	5	54.3698953044	1	6.71046369486	101.77	97.24	73.965	97.075	97.153	70.955	102.47	100.76	72.662
324220	LYS	  89 	GLN	  85 	PHE	  90 	5	55.3952374339	1	7.03173812083	97.075	97.153	70.955	102.47	100.76	72.662	99.464	96.381	68.054
384847	ASP	  86 	LEU	  87 	GLN	 131 	8	80.2547853303	1	6.24657258022	101.77	97.24	73.965	101.557	94.165	71.757	99.509	93.598	77.631
332861	LYS	  88 	LYS	  89 	PHE	  90 	6	64.0593424248	1	5.37185163607	97.834	93.764	72.453	97.075	97.153	70.955	99.464	96.381	68.054
362238	MET	  91 	LYS	  89 	LYS	  88 	7	70.8750238309	1	5.56035808199	97.749	93.062	67.25	97.075	97.153	70.955	97.834	93.764	72.453
333003	LYS	  89 	LYS	  88 	GLN	 131 	4	47.4484366648	1	7.94552433764	97.075	97.153	70.955	97.834	93.764	72.453	99.509	93.598	77.631
361662	MET	  91 	LYS	  88 	PHE	  90 	7	69.3123466611	1	5.37185163607	97.749	93.062	67.25	97.834	93.764	72.453	99.464	96.381	68.054
449500	SER	  94 	MET	  91 	PHE	  90 	5	56.7996032026	1	6.29784677489	97.2	94.498	62.487	97.749	93.062	67.25	99.464	96.381	68.054
450943	SER	  94 	ASP	  92 	PHE	  90 	8	80.5405739245	1	6.29784677489	97.2	94.498	62.487	94.314	94.667	67.284	99.464	96.381	68.054
598107	ALA	  93 	SER	  94 	LEU	  96 	4	51.9537823955	1	8.07233956174	95.756	97.161	64.867	97.2	94.498	62.487	93.227	92.252	58.979
605306	ALA	  93 	ALA	  95 	LEU	  96 	3	38.0671565055	1	8.07233956174	95.756	97.161	64.867	94.206	92.13	62.663	93.227	92.252	58.979
591050	ALA	  95 	GLY	  98 	ILE	  99 	3	38.638273753	1	7.71918512539	94.206	92.13	62.663	98.376	90.084	60.264	101.773	90.837	61.854
475850	THR	  97 	GLY	  98 	ILE	  99 	3	37.0459131054	1	6.80195177872	96.707	92.153	57.51	98.376	90.084	60.264	101.773	90.837	61.854
416812	PRO	 100 	ILE	 104 	ILE	  99 	5	58.378924127	1	6.58969301258	104.313	89.794	59.2	106.946	87.802	64.584	101.773	90.837	61.854
359216	MET	 196 	ILE	 104 	ILE	  99 	9	87.7460371982	1	7.02546802711	100.442	86.266	66.751	106.946	87.802	64.584	101.773	90.837	61.854
423870	PRO	 100 	PRO	 102 	LEU	 103 	7	70.0838317279	1	5.63887027693	104.313	89.794	59.2	109.73	88.399	59.912	108.373	90.762	62.6
424015	PRO	 100 	PRO	 102 	ILE	 104 	8	80.2544677751	1	6.31571128219	104.313	89.794	59.2	109.73	88.399	59.912	106.946	87.802	64.584
453175	SER	 106 	PRO	 292 	PRO	 102 	8	82.3447123533	1	7.35398980146	112.226	89.177	65.587	112.412	94.854	60.916	109.73	88.399	59.912
481755	THR	 290 	PRO	 102 	LYS	 291 	4	47.5990134703	1	7.89033725515	116.341	89.972	61.26	109.73	88.399	59.912	115.228	93.206	62.899
481975	THR	 290 	PRO	 102 	PRO	 292 	8	82.3424586947	1	7.06173951658	116.341	89.972	61.26	109.73	88.399	59.912	112.412	94.854	60.916
424155	PRO	 102 	PRO	 292 	LYS	 291 	4	48.5187855641	1	7.89033725515	109.73	88.399	59.912	112.412	94.854	60.916	115.228	93.206	62.899
358781	MET	 196 	ILE	 104 	PHE	 193 	6	66.120446468	1	7.71720532317	100.442	86.266	66.751	106.946	87.802	64.584	103.503	83.067	69.612
483194	THR	 290 	SER	 106 	LYS	 105 	3	43.6525153143	1	7.86872397533	116.341	89.972	61.26	112.226	89.177	65.587	110.328	86.034	64.462
321343	LYS	 105 	PHE	 286 	PHE	 109 	8	77.553916238	1	7.24212938299	110.328	86.034	64.462	115.708	81.629	64.083	113.693	86.132	69.385
321340	LYS	 105 	PHE	 285 	PHE	 286 	5	57.9108060972	1	8.08065566647	110.328	86.034	64.462	113.4	78.658	63.256	115.708	81.629	64.083
295566	GLY	 114 	GLN	 110 	GLN	 113 	7	74.8662149149	1	6.35240033373	114.886	88.673	77.838	114.021	89.247	71.571	116.65	86.823	75.018
590695	ALA	 116 	GLY	 114 	CYS	 118 	8	80.9773238442	1	6.43620454927	116.861	83.705	79.205	114.886	88.673	77.838	115.794	86.701	83.897
605379	ALA	 277 	ALA	 116 	HIS	 119 	4	51.2265981596	1	8.08679256566	114.558	79.994	76.605	116.861	83.705	79.205	115.687	82.912	84.062
605882	ALA	 116 	ALA	 277 	SER	 276 	3	34.8285293831	1	7.81680503787	116.861	83.705	79.205	114.558	79.994	76.605	114.287	76.439	77.908
236381	HIS	 119 	CYS	 118 	PHE	 117 	6	62.0584377295	1	5.45936855323	115.687	82.912	84.062	115.794	86.701	83.897	118.428	86.63	81.152
236380	HIS	 121 	CYS	 118 	PHE	 117 	5	52.6086703525	1	6.65517648151	118.935	84.959	87.574	115.794	86.701	83.897	118.428	86.63	81.152
242142	HIS	 121 	HIS	 119 	PHE	 117 	7	75.3842102669	1	6.65517648151	118.935	84.959	87.574	115.687	82.912	84.062	118.428	86.63	81.152
443813	SER	 120 	HIS	 119 	CYS	 118 	6	60.9704097282	1	5.51774917879	119.448	82.629	84.613	115.687	82.912	84.062	115.794	86.701	83.897
242214	HIS	 121 	HIS	 119 	CYS	 118 	7	71.8024971395	1	5.20325446235	118.935	84.959	87.574	115.687	82.912	84.062	115.794	86.701	83.897
616612	ARG	 122 	HIS	 119 	CYS	 118 	5	53.7088938227	1	6.43529090252	116.186	82.665	88.894	115.687	82.912	84.062	115.794	86.701	83.897
240772	HIS	 119 	LEU	 124 	CYS	 118 	5	57.1142991578	1	6.65261895797	115.687	82.912	84.062	110.289	84.326	86.78	115.794	86.701	83.897
443816	SER	 120 	HIS	 121 	CYS	 118 	9	83.9444988928	1	5.51774917879	119.448	82.629	84.613	118.935	84.959	87.574	115.794	86.701	83.897
626695	ARG	 122 	SER	 120 	CYS	 118 	8	79.0742295234	1	6.43529090252	116.186	82.665	88.894	119.448	82.629	84.613	115.794	86.701	83.897
569096	VAL	 123 	SER	 120 	CYS	 118 	9	84.2063947093	1	7.38198008667	113.646	85.428	88.218	119.448	82.629	84.613	115.794	86.701	83.897
616614	ARG	 122 	HIS	 121 	CYS	 118 	7	69.118631577	1	6.43529090252	116.186	82.665	88.894	118.935	84.959	87.574	115.794	86.701	83.897
559016	VAL	 123 	HIS	 121 	CYS	 118 	9	88.0666687708	1	5.3486650671	113.646	85.428	88.218	118.935	84.959	87.574	115.794	86.701	83.897
632453	ARG	 122 	VAL	 123 	CYS	 118 	6	66.5598777358	1	6.43529090252	116.186	82.665	88.894	113.646	85.428	88.218	115.794	86.701	83.897
444101	SER	 120 	HIS	 119 	HIS	 121 	6	66.3802785435	1	5.20325446235	119.448	82.629	84.613	115.687	82.912	84.062	118.935	84.959	87.574
616902	ARG	 122 	HIS	 119 	HIS	 121 	7	70.4832159603	1	5.20325446235	116.186	82.665	88.894	115.687	82.912	84.062	118.935	84.959	87.574
559304	VAL	 123 	HIS	 121 	HIS	 119 	9	89.2190672897	1	5.3486650671	113.646	85.428	88.218	118.935	84.959	87.574	115.687	82.912	84.062
558940	VAL	 123 	HIS	 125 	PHE	 146 	5	57.7081684184	1	7.99814534752	113.646	85.428	88.218	107.564	86.501	85.369	108.796	91.126	85.393
240699	HIS	 125 	LEU	 124 	PHE	 146 	4	50.5218052333	1	7.09878989688	107.564	86.501	85.369	110.289	84.326	86.78	108.796	91.126	85.393
590981	ALA	 149 	GLY	 147 	HIS	 125 	6	67.8611843151	1	6.86302870459	103.853	88.492	90.788	108.864	89.74	88.949	107.564	86.501	85.369
619780	ARG	 150 	GLY	 147 	HIS	 125 	5	55.4903290562	1	7.89158703937	106.525	87.161	93.164	108.864	89.74	88.949	107.564	86.501	85.369
442587	SER	 188 	LEU	 128 	LEU	 189 	4	51.4155373842	1	7.00106077677	102.933	81.602	78.099	103.07	86.752	80.584	105.298	82.694	75.332
654128	ASN	 132 	PRO	 130 	GLN	 131 	9	89.6711401774	1	5.43395712166	102.856	93.042	79.432	100.263	90.587	75.336	99.509	93.598	77.631
647065	ASN	 136 	ILE	 135 	LEU	 134 	2	29.4924590774	1	7.03465876927	108.844	100.977	70.359	107.213	97.829	71.751	105.85	96.719	75.091
657289	ASN	 136 	THR	 137 	ILE	 135 	2	30.2670485441	1	7.05930031944	108.844	100.977	70.359	109.239	102.503	66.864	107.213	97.829	71.751
481395	THR	 137 	PRO	 294 	GLU	 138 	4	51.9994435303	1	7.22937936479	109.239	102.503	66.864	107.026	97.961	62.942	112.657	100.912	66.384
481688	THR	 137 	PRO	 294 	GLY	 139 	9	89.0835964683	1	6.39603134764	109.239	102.503	66.864	107.026	97.961	62.942	111.492	97.294	66.282
481539	THR	 137 	PRO	 294 	HIS	 295 	4	44.6933460965	1	7.90850554783	109.239	102.503	66.864	107.026	97.961	62.942	104.169	99.881	61.39
591050	ALA	 140 	GLY	 139 	ILE	 141 	3	37.7544639793	1	6.7334968627	112.361	96.45	69.913	111.492	97.294	66.282	110.054	94.584	72.276
419767	PRO	 292 	LYS	 291 	GLY	 139 	8	81.6767889051	1	6.48953996829	112.412	94.854	60.916	115.228	93.206	62.899	111.492	97.294	66.282
424088	PRO	 292 	PRO	 294 	GLY	 139 	9	86.3334945513	1	6.53965755984	112.412	94.854	60.916	107.026	97.961	62.942	111.492	97.294	66.282
330265	LYS	 142 	ILE	 141 	LEU	 143 	2	27.6396211453	1	7.12927128113	110.31	94.448	76.057	110.054	94.584	72.276	108.886	92.427	78.97
595226	ALA	 144 	ASP	 145 	LEU	 143 	3	35.8840419745	1	6.89897398169	106.965	94.638	81.471	106.077	93.772	85.126	108.886	92.427	78.97
594939	ALA	 149 	ASP	 145 	PHE	 146 	4	51.7418908329	1	8.05498727497	103.853	88.492	90.788	106.077	93.772	85.126	108.796	91.126	85.393
635045	ARG	 150 	ALA	 149 	ALA	 151 	6	62.5202833086	1	5.40109803651	106.525	87.161	93.164	103.853	88.492	90.788	106.549	90.43	95.048
634971	ARG	 150 	ALA	 149 	VAL	 154 	4	46.8836932648	1	7.79134609679	106.525	87.161	93.164	103.853	88.492	90.788	98.841	87.418	91.901
633820	ARG	 150 	ALA	 151 	PHE	 152 	5	57.5538662621	1	5.72193428833	106.525	87.161	93.164	106.549	90.43	95.048	102.771	90.865	95.384
575570	VAL	 164 	VAL	 156 	PRO	 155 	3	42.8839038704	1	7.71743603796	92.098	88.391	85.449	91.84	86.979	90.922	95.087	88.218	92.562
633314	ARG	 157 	VAL	 156 	THR	 158 	3	40.3244951494	1	6.60581947982	90.266	90.373	90.243	91.84	86.979	90.922	92.409	93.328	89.189
633531	ARG	 157 	VAL	 163 	VAL	 156 	4	52.4529174043	1	6.4038749207	90.266	90.373	90.243	88.495	89.504	86.08	91.84	86.979	90.922
628424	ARG	 157 	THR	 158 	HIS	 161 	9	85.5599812466	1	5.06563688	90.266	90.373	90.243	92.409	93.328	89.189	87.512	94.296	90.051
628423	ARG	 157 	THR	 160 	HIS	 161 	8	76.4897511494	1	7.18388516055	90.266	90.373	90.243	89.599	97.507	89.724	87.512	94.296	90.051
616758	ARG	 157 	HIS	 161 	GLU	 162 	7	71.2987581968	1	5.13590293911	90.266	90.373	90.243	87.512	94.296	90.051	88.363	93.292	86.47
542023	TYR	 159 	THR	 158 	HIS	 161 	8	78.557956999	1	5.77777128312	92.718	96.293	91.565	92.409	93.328	89.189	87.512	94.296	90.051
484422	THR	 158 	THR	 160 	HIS	 161 	7	73.2202341754	1	5.06563688	92.409	93.328	89.189	89.599	97.507	89.724	87.512	94.296	90.051
472758	THR	 158 	HIS	 161 	GLU	 162 	7	75.2881930181	1	5.06563688	92.409	93.328	89.189	87.512	94.296	90.051	88.363	93.292	86.47
542020	TYR	 159 	THR	 160 	HIS	 161 	5	57.4187251445	1	5.77777128312	92.718	96.293	91.565	89.599	97.507	89.724	87.512	94.296	90.051
541876	TYR	 159 	THR	 160 	GLU	 162 	5	59.4383680407	1	7.34377634463	92.718	96.293	91.565	89.599	97.507	89.724	88.363	93.292	86.47
530355	TYR	 159 	HIS	 161 	GLU	 162 	4	47.989705896	1	7.34377634463	92.718	96.293	91.565	87.512	94.296	90.051	88.363	93.292	86.47
575714	VAL	 163 	VAL	 164 	THR	 165 	3	41.7470501217	1	6.61191485124	88.495	89.504	86.08	92.098	88.391	85.449	92.903	86.399	82.253
544036	TYR	 168 	TRP	 167 	THR	 165 	5	58.7609423854	1	7.5918352195	98.33	82.142	79.081	94.549	82.272	78.714	92.903	86.399	82.253
510266	TRP	 167 	PRO	 204 	LEU	 166 	3	36.872880838	1	7.77426067224	94.549	82.272	78.714	90.595	81.625	75.46	93.838	82.669	82.448
631948	ARG	 169 	TYR	 168 	TRP	 167 	5	58.1800556455	1	5.67863768874	98.398	80.107	82.284	98.33	82.142	79.081	94.549	82.272	78.714
543172	TYR	 168 	TRP	 167 	CYS	 191 	5	58.0720632883	1	8.05544120455	98.33	82.142	79.081	94.549	82.272	78.714	100.561	80.73	73.579
543100	TYR	 168 	TRP	 167 	PHE	 203 	5	55.7147850815	1	7.63885888075	98.33	82.142	79.081	94.549	82.272	78.714	93.115	78.856	74.569
600776	ALA	 201 	TRP	 167 	CYS	 191 	9	85.2238052522	1	8.05544120455	93.955	83.339	71.153	94.549	82.272	78.714	100.561	80.73	73.579
495582	TRP	 167 	CYS	 191 	PHE	 203 	7	70.4663309168	1	8.05544120455	94.549	82.272	78.714	100.561	80.73	73.579	93.115	78.856	74.569
600704	ALA	 201 	TRP	 167 	PHE	 203 	9	88.6255841303	1	7.65898465856	93.955	83.339	71.153	94.549	82.272	78.714	93.115	78.856	74.569
499901	TRP	 167 	LEU	 202 	PHE	 203 	6	67.0994659051	1	7.78999955071	94.549	82.272	78.714	94.987	79.677	71.382	93.115	78.856	74.569
510270	TRP	 167 	PRO	 204 	LEU	 202 	7	72.1066076255	1	7.78999955071	94.549	82.272	78.714	90.595	81.625	75.46	94.987	79.677	71.382
509981	TRP	 167 	PRO	 204 	PHE	 203 	6	67.2424847572	1	5.55935580801	94.549	82.272	78.714	90.595	81.625	75.46	93.115	78.856	74.569
504224	TRP	 167 	GLY	 205 	PHE	 203 	9	87.8679572605	1	5.73857700131	94.549	82.272	78.714	89.29	80.06	78.674	93.115	78.856	74.569
497023	TRP	 167 	GLN	 211 	PHE	 203 	8	78.9384501326	1	6.81098818087	94.549	82.272	78.714	90.809	76.858	80.472	93.115	78.856	74.569
510485	TRP	 167 	PRO	 204 	GLY	 205 	6	64.7972951169	1	5.70540314088	94.549	82.272	78.714	90.595	81.625	75.46	89.29	80.06	78.674
510128	TRP	 167 	PRO	 204 	GLN	 211 	9	88.6444441234	1	6.92027665632	94.549	82.272	78.714	90.595	81.625	75.46	90.809	76.858	80.472
504364	TRP	 167 	GLY	 205 	GLN	 211 	5	55.9952688392	1	6.81098818087	94.549	82.272	78.714	89.29	80.06	78.674	90.809	76.858	80.472
634898	ARG	 169 	ALA	 170 	TYR	 168 	3	43.6895119284	1	6.47822823	98.398	80.107	82.284	100.499	76.874	82.165	98.33	82.142	79.081
631952	ARG	 169 	TYR	 168 	TRP	 187 	9	86.3817712137	1	7.56335276184	98.398	80.107	82.284	98.33	82.142	79.081	104.306	78.028	78.044
543967	TYR	 168 	TRP	 187 	SER	 188 	8	76.4748909287	1	7.32891131069	98.33	82.142	79.081	104.306	78.028	78.044	102.933	81.602	78.099
543176	TYR	 168 	TRP	 187 	CYS	 191 	9	86.8599131103	1	7.32891131069	98.33	82.142	79.081	104.306	78.028	78.044	100.561	80.73	73.579
540295	TYR	 168 	SER	 188 	CYS	 191 	8	77.6777260979	1	6.10271324904	98.33	82.142	79.081	102.933	81.602	78.099	100.561	80.73	73.579
531653	TYR	 168 	ILE	 192 	CYS	 191 	6	64.1236214531	1	7.55257254186	98.33	82.142	79.081	101.378	84.32	72.523	100.561	80.73	73.579
634610	ARG	 169 	ALA	 170 	PRO	 171 	3	43.6459656999	1	6.52919420756	98.398	80.107	82.284	100.499	76.874	82.165	98.639	73.621	82.994
634828	ARG	 169 	ALA	 170 	TRP	 187 	5	60.5492769154	1	7.56335276184	98.398	80.107	82.284	100.499	76.874	82.165	104.306	78.028	78.044
633389	ARG	 169 	VAL	 184 	TRP	 187 	6	67.8255779815	1	7.56335276184	98.398	80.107	82.284	105.652	78.493	83.06	104.306	78.028	78.044
601420	ALA	 170 	TRP	 187 	ASP	 185 	5	59.7818669869	1	8.08511094544	100.499	76.874	82.165	104.306	78.028	78.044	107.044	81.511	81.15
354535	MET	 233 	GLU	 172 	CYS	 177 	8	77.2424502662	1	8.05303532837	98.564	66.773	90.924	100.755	72.844	86.108	101.108	72.956	91.459
413575	PRO	 234 	LEU	 175 	CYS	 177 	8	78.5541837541	1	6.90653820666	96.35	68.447	93.634	96.431	71.625	88.264	101.108	72.956	91.459
331496	LYS	 178 	GLY	 176 	CYS	 177 	9	89.6751946378	1	6.22972078026	102.618	75.281	94.107	97.31	73.247	91.558	101.108	72.956	91.459
360292	MET	 233 	GLY	 176 	CYS	 177 	5	57.9820709401	1	6.70728335468	98.564	66.773	90.924	97.31	73.247	91.558	101.108	72.956	91.459
417891	PRO	 234 	GLY	 176 	CYS	 177 	4	50.5048714206	1	6.90653820666	96.35	68.447	93.634	97.31	73.247	91.558	101.108	72.956	91.459
421206	PRO	 234 	MET	 233 	GLY	 176 	7	69.2081014131	1	6.62473757971	96.35	68.447	93.634	98.564	66.773	90.924	97.31	73.247	91.558
544615	TYR	 180 	TYR	 179 	CYS	 177 	8	81.7870900824	1	6.36905173476	106.29	75.992	89.339	106.294	75.153	93.042	101.108	72.956	91.459
420776	PRO	 234 	MET	 233 	CYS	 177 	9	86.9727002513	1	6.90653820666	96.35	68.447	93.634	98.564	66.773	90.924	101.108	72.956	91.459
545115	TYR	 180 	TYR	 179 	LYS	 178 	4	51.8499004109	1	6.05994463671	106.29	75.992	89.339	106.294	75.153	93.042	102.618	75.281	94.107
545402	TYR	 179 	TYR	 180 	SER	 181 	3	39.233360736	1	6.6361959736	106.294	75.153	93.042	106.29	75.992	89.339	109.462	76.806	87.45
480171	THR	 182 	ASP	 185 	ILE	 186 	4	50.231558079	1	7.11369390683	110.757	78.979	84.639	107.044	81.511	81.15	107.877	79.314	78.143
604372	ALA	 183 	VAL	 184 	PRO	 271 	5	58.0340769099	1	7.44947206183	108.834	76.657	82.247	105.652	78.493	83.06	107.524	71.3	82.559
665287	ASN	 272 	ARG	 274 	ALA	 183 	8	77.1740487317	1	7.50076889392	110.819	69.435	82.652	109.575	72.034	77.932	108.834	76.657	82.247
507533	TRP	 187 	MET	 266 	ILE	 186 	6	64.8124994472	1	5.80103189097	104.306	78.028	78.044	107.214	75.215	74.092	107.877	79.314	78.143
503068	TRP	 187 	ILE	 186 	LEU	 267 	5	53.0329372531	1	7.81968068402	104.306	78.028	78.044	107.877	79.314	78.143	103.858	73.556	74.702
629932	ARG	 274 	TRP	 187 	ILE	 186 	5	53.6732637865	1	7.9814122184	109.575	72.034	77.932	104.306	78.028	78.044	107.877	79.314	78.143
359066	MET	 266 	ILE	 186 	LEU	 267 	3	41.8664801985	1	7.81968068402	107.214	75.215	74.092	107.877	79.314	78.143	103.858	73.556	74.702
511494	TRP	 187 	SER	 188 	CYS	 191 	7	70.0216221965	1	6.42355462342	104.306	78.028	78.044	102.933	81.602	78.099	100.561	80.73	73.579
507608	TRP	 187 	MET	 266 	GLY	 190 	9	84.6612708869	1	5.65577023932	104.306	78.028	78.044	107.214	75.215	74.092	104.202	79.658	73.337
507461	TRP	 187 	MET	 266 	HIS	 268 	6	65.0099768483	1	8.03031917174	104.306	78.028	78.044	107.214	75.215	74.092	105.082	70.245	76.225
630152	ARG	 274 	TRP	 187 	MET	 266 	9	88.5314431364	1	7.9814122184	109.575	72.034	77.932	104.306	78.028	78.044	107.214	75.215	74.092
501629	TRP	 187 	HIS	 268 	LEU	 267 	6	66.9739517851	1	8.03031917174	104.306	78.028	78.044	105.082	70.245	76.225	103.858	73.556	74.702
629861	ARG	 274 	TRP	 187 	HIS	 268 	6	63.7951078123	1	8.03031917174	109.575	72.034	77.932	104.306	78.028	78.044	105.082	70.245	76.225
360506	MET	 266 	GLY	 190 	LEU	 189 	3	38.602068116	1	7.81946909963	107.214	75.215	74.092	104.202	79.658	73.337	105.298	82.694	75.332
298370	GLY	 190 	LEU	 267 	CYS	 191 	3	43.4090017275	1	7.97481122034	104.202	79.658	73.337	103.858	73.556	74.702	100.561	80.73	73.579
265181	ILE	 192 	CYS	 191 	PHE	 193 	6	62.3144208411	1	5.4638834175	101.378	84.32	72.523	100.561	80.73	73.579	103.503	83.067	69.612
268132	ILE	 192 	GLU	 195 	CYS	 191 	5	56.4713606378	1	6.3177091576	101.378	84.32	72.523	98.145	83.998	68.742	100.561	80.73	73.579
589252	ALA	 201 	ILE	 192 	CYS	 191 	5	53.3758580466	1	7.61184537415	93.955	83.339	71.153	101.378	84.32	72.523	100.561	80.73	73.579
207579	LEU	 202 	CYS	 191 	PHE	 203 	4	44.714526424	1	7.74176284834	94.987	79.677	71.382	100.561	80.73	73.579	93.115	78.856	74.569
586299	ALA	 194 	LEU	 263 	PHE	 193 	4	51.3995417689	1	7.78180872291	100.533	81.016	68.286	105.948	75.688	69.253	103.503	83.067	69.612
605958	ALA	 201 	ALA	 194 	THR	 198 	7	74.2386842287	1	8.0073804081	93.955	83.339	71.153	100.533	81.016	68.286	96.776	82.915	63.671
636488	ARG	 200 	ARG	 199 	ALA	 194 	9	89.3718284427	1	7.99725109022	93.293	84.323	67.51	95.444	86.205	65.054	100.533	81.016	68.286
635044	ARG	 200 	ALA	 194 	ALA	 201 	5	53.5545436226	1	7.99725109022	93.293	84.323	67.51	100.533	81.016	68.286	93.955	83.339	71.153
571108	VAL	 197 	THR	 198 	MET	 196 	5	54.9661824437	1	5.84424135367	100.463	83.801	63.871	96.776	82.915	63.671	100.442	86.266	66.751
633028	ARG	 200 	VAL	 197 	MET	 196 	5	53.8802340951	1	8.05752474399	93.293	84.323	67.51	100.463	83.801	63.871	100.442	86.266	66.751
635908	ARG	 200 	ARG	 199 	MET	 196 	5	53.6492504545	1	7.44711561613	93.293	84.323	67.51	95.444	86.205	65.054	100.442	86.266	66.751
636411	ARG	 200 	ARG	 199 	VAL	 197 	4	49.9931075331	1	8.05752474399	93.293	84.323	67.51	95.444	86.205	65.054	100.463	83.801	63.871
575574	VAL	 197 	VAL	 252 	PRO	 254 	7	75.1408638088	1	7.71522151335	100.463	83.801	63.871	98.631	76.954	63.791	100.282	78.65	58.13
481971	THR	 198 	PRO	 254 	PRO	 253 	4	47.0159416513	1	7.8220804138	96.776	82.915	63.671	100.282	78.65	58.13	98.366	77.398	60.035
636481	ARG	 199 	ARG	 200 	ALA	 201 	2	33.696518586	1	6.90136783544	95.444	86.205	65.054	93.293	84.323	67.51	93.955	83.339	71.153
410620	PRO	 204 	GLN	 211 	PHE	 203 	5	59.4982617375	1	6.92027665632	90.595	81.625	75.46	90.809	76.858	80.472	93.115	78.856	74.569
417962	PRO	 204 	GLY	 205 	GLN	 211 	3	37.4726265233	1	6.92027665632	90.595	81.625	75.46	89.29	80.06	78.674	90.809	76.858	80.472
625684	ARG	 214 	PRO	 204 	GLY	 205 	5	58.6014237298	1	7.75381099847	90.396	73.897	76.06	90.595	81.625	75.46	89.29	80.06	78.674
389163	ASP	 206 	GLY	 205 	GLN	 211 	4	47.8897153789	1	6.38903826879	86.738	81.77	80.817	89.29	80.06	78.674	90.809	76.858	80.472
389449	ASP	 210 	GLY	 205 	ILE	 209 	2	33.1577175927	1	8.05358466771	87.178	75.784	80.912	89.29	80.06	78.674	88.171	74.429	84.322
389168	ASP	 210 	GLY	 205 	GLN	 211 	9	87.5598597682	1	5.2681461635	87.178	75.784	80.912	89.29	80.06	78.674	90.809	76.858	80.472
619566	ARG	 214 	GLY	 205 	GLN	 211 	7	73.4435645738	1	6.78518982785	90.396	73.897	76.06	89.29	80.06	78.674	90.809	76.858	80.472
451153	SER	 207 	ASP	 206 	GLU	 208 	2	29.7791359419	1	6.99111915218	87.226	79.737	84.012	86.738	81.77	80.817	89.947	77.591	85.412
393558	ASP	 206 	ASP	 210 	GLU	 208 	7	74.6946950255	1	6.99111915218	86.738	81.77	80.817	87.178	75.784	80.912	89.947	77.591	85.412
383407	ASP	 206 	GLU	 208 	GLN	 211 	8	76.3859383921	1	6.99111915218	86.738	81.77	80.817	89.947	77.591	85.412	90.809	76.858	80.472
393484	ASP	 206 	ASP	 210 	GLN	 211 	5	59.5789743979	1	6.38903826879	86.738	81.77	80.817	87.178	75.784	80.912	90.809	76.858	80.472
635261	ARG	 217 	ARG	 214 	PHE	 213 	6	61.6283736567	1	5.97932211877	90.718	69.231	73.715	90.396	73.897	76.06	89.58	71.686	79.047
635693	ARG	 217 	ARG	 214 	ILE	 215 	6	64.8621089764	1	5.69683508626	90.718	69.231	73.715	90.396	73.897	76.06	94.033	72.935	76.498
635262	ARG	 214 	ARG	 217 	PHE	 216 	7	69.268916865	1	5.39071804123	90.396	73.897	76.06	90.718	69.231	73.715	93.002	69.235	76.791
636196	ARG	 214 	ARG	 217 	THR	 218 	5	56.1131657535	1	6.46704638919	90.396	73.897	76.06	90.718	69.231	73.715	93.687	70.515	71.638
473982	THR	 218 	ILE	 215 	PHE	 216 	7	70.4421600145	1	5.44019448182	93.687	70.515	71.638	94.033	72.935	76.498	93.002	69.235	76.791
628063	ARG	 217 	THR	 221 	PHE	 216 	8	78.6658308368	1	6.98659759826	90.718	69.231	73.715	94.233	64.956	77.979	93.002	69.235	76.791
629500	ARG	 217 	TRP	 243 	PHE	 216 	5	58.4480234588	1	6.30802235253	90.718	69.231	73.715	90.525	63.916	74.475	93.002	69.235	76.791
633819	ARG	 217 	ALA	 244 	PHE	 216 	4	46.7876423508	1	7.9885994392	90.718	69.231	73.715	92.938	63.07	71.711	93.002	69.235	76.791
635259	ARG	 245 	ARG	 217 	PHE	 216 	4	49.0006888786	1	7.84406183045	95.65	65.386	70.49	90.718	69.231	73.715	93.002	69.235	76.791
512863	TRP	 243 	THR	 218 	PHE	 216 	8	80.6354608851	1	7.84815991172	90.525	63.916	74.475	93.687	70.515	71.638	93.002	69.235	76.791
504221	TRP	 243 	GLY	 220 	PHE	 216 	6	67.6697454133	1	6.30802235253	90.525	63.916	74.475	94.997	65.833	74.374	93.002	69.235	76.791
481178	THR	 221 	PRO	 222 	PHE	 216 	3	43.4362309506	1	7.29820841029	94.233	64.956	77.979	97.631	64.329	79.578	93.002	69.235	76.791
512862	TRP	 243 	THR	 221 	PHE	 216 	7	68.5824745185	1	6.30802235253	90.525	63.916	74.475	94.233	64.956	77.979	93.002	69.235	76.791
599260	ALA	 244 	THR	 221 	PHE	 216 	5	55.3158266039	1	7.9885994392	92.938	63.07	71.711	94.233	64.956	77.979	93.002	69.235	76.791
505661	TRP	 243 	LYS	 242 	PHE	 216 	6	62.5827231766	1	8.007173846	90.525	63.916	74.475	89.752	61.968	77.653	93.002	69.235	76.791
600701	ALA	 244 	TRP	 243 	PHE	 216 	6	62.6922329951	1	7.9885994392	92.938	63.07	71.711	90.525	63.916	74.475	93.002	69.235	76.791
629502	ARG	 245 	TRP	 243 	PHE	 216 	7	74.9953839871	1	7.84406183045	95.65	65.386	70.49	90.525	63.916	74.475	93.002	69.235	76.791
630434	ARG	 217 	TRP	 243 	THR	 218 	3	38.3993028295	1	7.84815991172	90.718	69.231	73.715	90.525	63.916	74.475	93.687	70.515	71.638
636198	ARG	 245 	ARG	 217 	THR	 218 	7	68.815314007	1	7.03628268335	95.65	65.386	70.49	90.718	69.231	73.715	93.687	70.515	71.638
636200	ARG	 245 	ARG	 217 	THR	 221 	9	84.0252381689	1	7.63399698716	95.65	65.386	70.49	90.718	69.231	73.715	94.233	64.956	77.979
636271	ARG	 245 	ARG	 217 	TRP	 243 	8	77.1518783926	1	7.03628268335	95.65	65.386	70.49	90.718	69.231	73.715	90.525	63.916	74.475
636484	ARG	 217 	ARG	 245 	ALA	 244 	5	57.0128221909	1	7.03628268335	90.718	69.231	73.715	95.65	65.386	70.49	92.938	63.07	71.711
635403	ARG	 217 	ARG	 245 	GLN	 246 	4	50.0920075844	1	7.68674189758	90.718	69.231	73.715	95.65	65.386	70.49	94.862	67.55	67.463
513367	TRP	 243 	THR	 218 	GLY	 220 	8	82.0885131956	1	7.84815991172	90.525	63.916	74.475	93.687	70.515	71.638	94.997	65.833	74.374
601640	ALA	 244 	TRP	 243 	THR	 218 	9	84.2105545685	1	7.84815991172	92.938	63.07	71.711	90.525	63.916	74.475	93.687	70.515	71.638
630437	ARG	 245 	TRP	 243 	THR	 218 	6	67.6158075125	1	7.84815991172	95.65	65.386	70.49	90.525	63.916	74.475	93.687	70.515	71.638
599407	ALA	 244 	THR	 218 	GLN	 246 	8	77.9927144331	1	7.48293759161	92.938	63.07	71.711	93.687	70.515	71.638	94.862	67.55	67.463
418106	PRO	 222 	GLY	 220 	LEU	 219 	3	41.3578926173	1	7.99219356622	97.631	64.329	79.578	94.997	65.833	74.374	96.806	68.887	73.065
481683	THR	 221 	PRO	 222 	GLY	 220 	4	51.7331841924	1	6.02341995879	94.233	64.956	77.979	97.631	64.329	79.578	94.997	65.833	74.374
506163	TRP	 243 	LYS	 242 	GLY	 220 	4	48.8627057837	1	7.29383924967	90.525	63.916	74.475	89.752	61.968	77.653	94.997	65.833	74.374
592564	ALA	 244 	LYS	 242 	GLY	 220 	5	59.4687618721	1	7.29383924967	92.938	63.07	71.711	89.752	61.968	77.653	94.997	65.833	74.374
601207	ALA	 244 	TRP	 243 	GLY	 220 	8	81.4042977819	1	4.86660805901	92.938	63.07	71.711	90.525	63.916	74.475	94.997	65.833	74.374
619561	ARG	 245 	GLY	 220 	GLN	 246 	2	31.2450948918	1	7.12237565704	95.65	65.386	70.49	94.997	65.833	74.374	94.862	67.55	67.463
481898	THR	 221 	PRO	 222 	ASP	 223 	3	41.0194644524	1	6.58667814608	94.233	64.956	77.979	97.631	64.329	79.578	98.372	60.964	81.191
481179	THR	 221 	PRO	 241 	PHE	 240 	4	49.2978701932	1	7.87614048884	94.233	64.956	77.979	87.251	63.662	79.965	88.586	64.36	83.437
513655	TRP	 243 	THR	 221 	PRO	 241 	8	78.2978951838	1	7.37339514742	90.525	63.916	74.475	94.233	64.956	77.979	87.251	63.662	79.965
513438	TRP	 243 	THR	 221 	LYS	 242 	7	68.7055360547	1	5.39571876584	90.525	63.916	74.475	94.233	64.956	77.979	89.752	61.968	77.653
601637	ALA	 244 	TRP	 243 	THR	 221 	6	66.0148433386	1	6.67246918314	92.938	63.07	71.711	90.525	63.916	74.475	94.233	64.956	77.979
630437	ARG	 245 	TRP	 243 	THR	 221 	6	65.4263025766	1	7.63399698716	95.65	65.386	70.49	90.525	63.916	74.475	94.233	64.956	77.979
422353	PRO	 222 	ASP	 223 	GLU	 224 	2	29.2466619539	1	7.03011223239	97.631	64.329	79.578	98.372	60.964	81.191	101.312	59.34	82.892
567796	VAL	 225 	PRO	 222 	GLU	 224 	5	56.9915116199	1	7.97337249851	103.039	58.47	79.596	97.631	64.329	79.578	101.312	59.34	82.892
572694	VAL	 225 	TRP	 227 	PRO	 222 	7	70.6582750645	1	7.97337249851	103.039	58.47	79.596	103.381	63.758	81.855	97.631	64.329	79.578
572696	VAL	 226 	TRP	 227 	PRO	 222 	9	88.4035172996	1	6.31477655978	103.418	62.076	78.433	103.381	63.758	81.855	97.631	64.329	79.578
572695	VAL	 230 	TRP	 227 	PRO	 222 	8	76.585972991	1	7.39681559862	100.336	64.409	86.462	103.381	63.758	81.855	97.631	64.329	79.578
543895	TYR	 269 	TRP	 227 	PRO	 222 	8	79.6176428089	1	7.20564153979	102.841	69.29	79.171	103.381	63.758	81.855	97.631	64.329	79.578
572623	VAL	 230 	TRP	 227 	ASP	 223 	8	80.5386690484	1	6.5961171912	100.336	64.409	86.462	103.381	63.758	81.855	98.372	60.964	81.191
568303	VAL	 230 	PRO	 228 	ASP	 223 	8	82.2008856028	1	7.28381026661	100.336	64.409	86.462	104.744	61.536	84.673	98.372	60.964	81.191
574996	VAL	 226 	VAL	 225 	GLU	 224 	5	59.3367006538	1	5.63946921261	103.418	62.076	78.433	103.039	58.47	79.596	101.312	59.34	82.892
572119	VAL	 226 	TRP	 227 	GLU	 224 	8	79.508049795	1	5.63946921261	103.418	62.076	78.433	103.381	63.758	81.855	101.312	59.34	82.892
575788	VAL	 225 	VAL	 226 	TRP	 227 	5	57.0618567688	1	5.76046777614	103.039	58.47	79.596	103.418	62.076	78.433	103.381	63.758	81.855
574349	VAL	 226 	TYR	 269 	TRP	 227 	6	63.3547169183	1	7.27457002166	103.418	62.076	78.433	102.841	69.29	79.171	103.381	63.758	81.855
572620	VAL	 226 	TRP	 227 	ASP	 270 	5	55.3585929934	1	7.09026783697	103.418	62.076	78.433	103.381	63.758	81.855	105.733	68.133	81.301
510483	TRP	 227 	PRO	 228 	GLY	 229 	4	47.8003612008	1	6.26864012366	103.381	63.758	81.855	104.744	61.536	84.673	103.267	62.591	88.013
510699	TRP	 227 	PRO	 228 	ASP	 270 	4	48.3452200972	1	7.4745510902	103.381	63.758	81.855	104.744	61.536	84.673	105.733	68.133	81.301
543822	TYR	 269 	TRP	 227 	ASP	 270 	7	74.0458258282	1	6.1723966172	102.841	69.29	79.171	103.381	63.758	81.855	105.733	68.133	81.301
481685	THR	 231 	PRO	 228 	GLY	 229 	6	67.3350038353	1	7.82782032241	97.745	62.093	88.134	104.744	61.536	84.673	103.267	62.591	88.013
570964	VAL	 230 	THR	 231 	GLY	 229 	5	60.4765374997	1	5.54573070028	100.336	64.409	86.462	97.745	62.093	88.134	103.267	62.591	88.013
478806	THR	 231 	MET	 233 	GLY	 229 	7	73.7637966494	1	6.93406475309	97.745	62.093	88.134	98.564	66.773	90.924	103.267	62.591	88.013
569670	VAL	 230 	SER	 232 	MET	 233 	7	70.3293162342	1	5.47237580946	100.336	64.409	86.462	99.023	63.021	91.59	98.564	66.773	90.924
542312	TYR	 236 	THR	 231 	MET	 233 	9	86.4137959216	1	5.91597033461	93.784	66.421	88.894	97.745	62.093	88.134	98.564	66.773	90.924
542235	TYR	 236 	THR	 231 	LYS	 237 	4	46.2741387418	1	7.56575634025	93.784	66.421	88.894	97.745	62.093	88.134	90.556	64.371	88.742
481756	THR	 231 	PRO	 238 	LYS	 237 	5	53.083641419	1	7.62296687649	97.745	62.093	88.134	90.271	60.771	87.426	90.556	64.371	88.742
453032	SER	 232 	PRO	 234 	MET	 233 	9	89.2990141906	1	6.3846958424	99.023	63.021	91.59	96.35	68.447	93.634	98.564	66.773	90.924
540870	TYR	 236 	SER	 232 	MET	 233 	7	72.7449704304	1	6.80261251285	93.784	66.421	88.894	99.023	63.021	91.59	98.564	66.773	90.924
422788	PRO	 234 	ASP	 235 	MET	 233 	5	59.86781478	1	5.66111322975	96.35	68.447	93.634	93.545	69.372	91.245	98.564	66.773	90.924
539430	TYR	 236 	PRO	 234 	MET	 233 	7	73.0262887883	1	5.75817957344	93.784	66.421	88.894	96.35	68.447	93.634	98.564	66.773	90.924
537991	TYR	 236 	ASP	 235 	MET	 233 	8	82.5661966026	1	5.66111322975	93.784	66.421	88.894	93.545	69.372	91.245	98.564	66.773	90.924
534460	TYR	 236 	LYS	 237 	PHE	 240 	5	54.6412061469	1	7.81317950645	93.784	66.421	88.894	90.556	64.371	88.742	88.586	64.36	83.437
538782	TYR	 236 	PRO	 238 	PHE	 240 	7	68.5495384815	1	7.81317950645	93.784	66.421	88.894	90.271	60.771	87.426	88.586	64.36	83.437
452380	SER	 239 	PRO	 238 	PHE	 240 	5	59.9728235165	1	5.6242570176	86.949	62.011	85.997	90.271	60.771	87.426	88.586	64.36	83.437
419259	PRO	 241 	LYS	 242 	PHE	 240 	4	45.018161867	1	6.3667790915	87.251	63.662	79.965	89.752	61.968	77.653	88.586	64.36	83.437
510560	TRP	 243 	PRO	 241 	LYS	 242 	9	89.9979746964	1	6.39716280862	90.525	63.916	74.475	87.251	63.662	79.965	89.752	61.968	77.653
601274	ALA	 244 	TRP	 243 	LYS	 242 	3	34.7514082776	1	6.83171750001	92.938	63.07	71.711	90.525	63.916	74.475	89.752	61.968	77.653
634826	ARG	 245 	ALA	 244 	TRP	 243 	3	37.9776787074	1	6.65633157227	95.65	65.386	70.49	92.938	63.07	71.711	90.525	63.916	74.475
633962	ARG	 245 	ALA	 244 	GLN	 246 	3	42.9093822562	1	6.46665910652	95.65	65.386	70.49	92.938	63.07	71.711	94.862	67.55	67.463
381819	ASP	 247 	GLN	 246 	PHE	 248 	4	45.4280435444	1	6.38980602209	97.352	68.013	64.642	94.862	67.55	67.463	99.506	71.167	64.977
390603	ASP	 247 	LYS	 250 	GLN	 246 	4	46.4880998255	1	7.18093378329	97.352	68.013	64.642	95.458	72.263	62.078	94.862	67.55	67.463
566283	VAL	 251 	ASP	 247 	GLN	 246 	4	51.4637051574	1	7.33441674573	96.132	74.41	65.2	97.352	68.013	64.642	94.862	67.55	67.463
452378	SER	 249 	PRO	 253 	PHE	 248 	3	39.0639097391	1	8.03419722188	99.157	71.775	61.252	98.366	77.398	60.035	99.506	71.167	64.977
452956	SER	 249 	PRO	 253 	LYS	 250 	5	60.5944864643	1	6.24488094362	99.157	71.775	61.252	98.366	77.398	60.035	95.458	72.263	62.078
453171	SER	 249 	PRO	 254 	PRO	 253 	4	51.1433819927	1	7.63401165836	99.157	71.775	61.252	100.282	78.65	58.13	98.366	77.398	60.035
568374	VAL	 252 	PRO	 254 	PRO	 253 	7	72.4618243269	1	6.13588934059	98.631	76.954	63.791	100.282	78.65	58.13	98.366	77.398	60.035
424300	PRO	 253 	PRO	 254 	ASP	 256 	5	56.4951025092	1	8.04014545888	98.366	77.398	60.035	100.282	78.65	58.13	106.205	76.235	58.678
393626	ASP	 258 	ASP	 256 	LEU	 255 	3	37.9818221146	1	7.9929554609	110.501	74.952	62.001	106.205	76.235	58.678	103.385	78.192	60.342
386431	ASP	 258 	HIS	 283 	LEU	 262 	8	82.1451552001	1	7.97778327607	110.501	74.952	62.001	116.333	76.591	67.192	109.515	75.101	68.09
422499	PRO	 284 	ASP	 258 	HIS	 283 	4	44.9641368641	1	7.97778327607	116.589	76.494	63.352	110.501	74.952	62.001	116.333	76.591	67.192
422143	PRO	 284 	ASP	 258 	PHE	 285 	8	76.6488767358	1	6.42391695152	116.589	76.494	63.352	110.501	74.952	62.001	113.4	78.658	63.256
627486	ARG	 260 	SER	 264 	SER	 261 	7	70.0508012617	1	6.1226415051	105.627	74.2	64.468	105.382	72.017	70.183	108.542	72.149	65.802
453964	SER	 261 	SER	 264 	GLN	 265 	5	55.2220810191	1	6.54627695717	108.542	72.149	65.802	105.382	72.017	70.183	108.493	72.114	72.348
449648	SER	 264 	MET	 266 	GLN	 265 	9	89.882926019	1	5.3724956026	105.382	72.017	70.183	107.214	75.215	74.092	108.493	72.114	72.348
443886	SER	 264 	HIS	 268 	GLN	 265 	7	69.0580031456	1	6.30362974801	105.382	72.017	70.183	105.082	70.245	76.225	108.493	72.114	72.348
449864	SER	 264 	MET	 266 	HIS	 268 	9	84.2061336304	1	6.30362974801	105.382	72.017	70.183	107.214	75.215	74.092	105.082	70.245	76.225
357486	MET	 266 	HIS	 268 	GLN	 265 	7	68.373870801	1	5.81343383896	107.214	75.215	74.092	105.082	70.245	76.225	108.493	72.114	72.348
622445	ARG	 274 	MET	 266 	GLN	 265 	6	65.6421487853	1	5.6884250896	109.575	72.034	77.932	107.214	75.215	74.092	108.493	72.114	72.348
328685	LYS	 273 	HIS	 268 	GLN	 265 	6	65.9111946618	1	7.80324201855	110.477	68.485	78.965	105.082	70.245	76.225	108.493	72.114	72.348
616688	ARG	 274 	HIS	 268 	GLN	 265 	9	87.5712186825	1	5.6884250896	109.575	72.034	77.932	105.082	70.245	76.225	108.493	72.114	72.348
622663	ARG	 274 	MET	 266 	HIS	 268 	8	81.7064137546	1	5.81343383896	109.575	72.034	77.932	107.214	75.215	74.092	105.082	70.245	76.225
530427	TYR	 269 	HIS	 268 	LEU	 267 	4	48.6275168622	1	6.26139010125	102.841	69.29	79.171	105.082	70.245	76.225	103.858	73.556	74.702
537701	TYR	 269 	ASP	 270 	HIS	 268 	6	60.8233140182	1	5.53625514224	102.841	69.29	79.171	105.733	68.133	81.301	105.082	70.245	76.225
539140	TYR	 269 	PRO	 271 	HIS	 268 	5	54.9363364446	1	6.86993049455	102.841	69.29	79.171	107.524	71.3	82.559	105.082	70.245	76.225
534821	TYR	 269 	LYS	 273 	HIS	 268 	6	62.3124377948	1	7.68107785405	102.841	69.29	79.171	110.477	68.485	78.965	105.082	70.245	76.225
422502	PRO	 271 	ASP	 270 	HIS	 268 	7	68.8045601219	1	6.86993049455	107.524	71.3	82.559	105.733	68.133	81.301	105.082	70.245	76.225
390823	ASP	 270 	LYS	 273 	HIS	 268 	8	80.678925773	1	6.30168429866	105.733	68.133	81.301	110.477	68.485	78.965	105.082	70.245	76.225
419624	PRO	 271 	LYS	 273 	HIS	 268 	9	83.4607391273	1	6.86993049455	107.524	71.3	82.559	110.477	68.485	78.965	105.082	70.245	76.225
625541	ARG	 274 	PRO	 271 	HIS	 268 	6	68.124841146	1	6.86993049455	109.575	72.034	77.932	107.524	71.3	82.559	105.082	70.245	76.225
618338	ARG	 274 	ILE	 275 	HIS	 268 	3	38.5486665108	1	8.0493332022	109.575	72.034	77.932	112.297	73.803	75.949	105.082	70.245	76.225
631735	ARG	 274 	TYR	 269 	PRO	 271 	8	79.6106362465	1	7.37640922129	109.575	72.034	77.932	102.841	69.29	79.171	107.524	71.3	82.559
631515	ARG	 274 	TYR	 269 	LYS	 273 	4	51.0726900883	1	7.68107785405	109.575	72.034	77.932	102.841	69.29	79.171	110.477	68.485	78.965
654701	ASN	 272 	PRO	 271 	ASP	 270 	6	63.4859619865	1	5.42105165074	110.819	69.435	82.652	107.524	71.3	82.559	105.733	68.133	81.301
664783	ASN	 272 	ARG	 274 	ASP	 270 	8	78.1134803405	1	6.42875773381	110.819	69.435	82.652	109.575	72.034	77.932	105.733	68.133	81.301
664640	ASN	 272 	ARG	 274 	LYS	 273 	9	89.7746469408	1	5.52998526219	110.819	69.435	82.652	109.575	72.034	77.932	110.477	68.485	78.965
621291	ARG	 274 	LYS	 273 	ILE	 275 	4	45.1920343964	1	6.37885412907	109.575	72.034	77.932	110.477	68.485	78.965	112.297	73.803	75.949
598250	ALA	 277 	SER	 276 	ILE	 275 	3	40.8517067905	1	6.62351402203	114.558	79.994	76.605	114.287	76.439	77.908	112.297	73.803	75.949
605884	ALA	 280 	ALA	 277 	SER	 276 	5	57.6255290269	1	6.24774551338	114.995	78.023	71.906	114.558	79.994	76.605	114.287	76.439	77.908
605595	ALA	 282 	ALA	 279 	LYS	 278 	4	47.9470571584	1	7.20635407123	119.372	78.094	68.943	117.784	76.338	73.896	118.275	79.545	75.916
605381	ALA	 279 	ALA	 280 	HIS	 283 	6	61.3270893812	1	6.86389291875	117.784	76.338	73.896	114.995	78.023	71.906	116.333	76.591	67.192
605379	ALA	 279 	ALA	 282 	HIS	 283 	4	52.1335853693	1	6.86389291875	117.784	76.338	73.896	119.372	78.094	68.943	116.333	76.591	67.192
587887	ALA	 282 	HIS	 283 	GLN	 287 	8	79.4985495083	1	8.07231769692	119.372	78.094	68.943	116.333	76.591	67.192	118.27	80.772	61.408
596382	ALA	 282 	PRO	 284 	PHE	 286 	7	71.4230861538	1	7.03851696027	119.372	78.094	68.943	116.589	76.494	63.352	115.708	81.629	64.083
596524	ALA	 282 	PRO	 284 	GLN	 287 	5	57.994503881	1	8.07231769692	119.372	78.094	68.943	116.589	76.494	63.352	118.27	80.772	61.408
414941	PRO	 284 	HIS	 283 	PHE	 285 	6	65.4555275069	1	5.32607491498	116.589	76.494	63.352	116.333	76.591	67.192	113.4	78.658	63.256
415083	PRO	 284 	HIS	 283 	GLN	 287 	4	49.8553886743	1	7.39509202106	116.589	76.494	63.352	116.333	76.591	67.192	118.27	80.772	61.408
234942	HIS	 283 	PHE	 286 	PHE	 285 	7	71.474079266	1	5.95297824622	116.333	76.591	67.192	115.708	81.629	64.083	113.4	78.658	63.256
410622	PRO	 284 	GLN	 287 	PHE	 286 	7	69.9178604698	1	5.26105949406	116.589	76.494	63.352	118.27	80.772	61.408	115.708	81.629	64.083
148544	GLN	 287 	PHE	 285 	PHE	 286 	9	89.2010351186	1	5.62147667433	118.27	80.772	61.408	113.4	78.658	63.256	115.708	81.629	64.083
381820	ASP	 288 	GLN	 287 	PHE	 285 	5	59.7784713733	1	7.47297410674	117.197	83.825	59.418	118.27	80.772	61.408	113.4	78.658	63.256
566283	VAL	 289 	ASP	 288 	GLN	 287 	4	52.2231516151	1	6.00402023647	115.897	86.253	62.021	117.197	83.825	59.418	118.27	80.772	61.408
571178	VAL	 289 	THR	 290 	ASP	 288 	3	43.1778338702	1	6.47389442299	115.897	86.253	62.021	116.341	89.972	61.26	117.197	83.825	59.418
571033	VAL	 289 	THR	 290 	LYS	 291 	2	30.1567803424	1	7.04007485756	115.897	86.253	62.021	116.341	89.972	61.26	115.228	93.206	62.899
568154	VAL	 293 	PRO	 292 	LYS	 291 	3	39.4100520415	1	6.67808393179	110.748	98.087	62.061	112.412	94.854	60.916	115.228	93.206	62.899
567938	VAL	 293 	PRO	 294 	HIS	 295 	3	34.63755011	1	6.85214696281	110.748	98.087	62.061	107.026	97.961	62.942	104.169	99.881	61.39
