414939	PRO	 146 	HIS	 145 	PHE	 144 	4	47.1015773451	1	6.31597672573	3.55	48.66	54.923	3.693	45.394	56.942	3.049	46.029	60.643
596378	ALA	 147 	PRO	 146 	PHE	 148 	3	43.3352776889	1	6.47042626107	5.298	47.357	51.782	3.55	48.66	54.923	3.138	46.984	48.687
424084	PRO	 146 	PRO	 237 	GLY	 236 	5	53.0210787295	1	7.48458375596	3.55	48.66	54.923	5.134	55.647	56.884	8.351	54.392	55.26
654486	ASN	 238 	PRO	 146 	GLY	 236 	7	69.4462476228	1	7.93375402946	6.325	53.998	60.095	3.55	48.66	54.923	8.351	54.392	55.26
654772	ASN	 238 	PRO	 146 	PRO	 237 	5	53.9453145438	1	7.93375402946	6.325	53.998	60.095	3.55	48.66	54.923	5.134	55.647	56.884
331419	LYS	 149 	GLY	 150 	PHE	 148 	4	49.5913885177	1	6.13243450842	3.402	46.011	45.032	4.41	49.096	43.072	3.138	46.984	48.687
563257	VAL	 161 	LYS	 149 	PHE	 148 	2	29.6676830664	1	8.00156884617	6.87	43.456	42.551	3.402	46.011	45.032	3.138	46.984	48.687
620858	ARG	 162 	LYS	 149 	PHE	 148 	3	43.4176362266	1	7.7294792192	5.984	40.766	45.084	3.402	46.011	45.032	3.138	46.984	48.687
296863	GLY	 150 	GLU	 151 	PHE	 148 	8	80.5338252059	1	6.13243450842	4.41	49.096	43.072	5.93	50.952	46.016	3.138	46.984	48.687
514366	TRP	 659 	TRP	 705 	PHE	 148 	8	76.3170108057	8	52.7868611778	27.317	2.64	64.031	35.753	12.426	45.774	3.138	46.984	48.687
538994	TYR	 153 	PRO	 152 	GLU	 151 	3	37.5035834954	1	6.79551646308	12.49	52.514	46.856	9.16	52.817	45.041	5.93	50.952	46.016
539353	TYR	 153 	PRO	 152 	LYS	 154 	2	30.7221440101	1	7.00965320112	12.49	52.514	46.856	9.16	52.817	45.041	15.733	54.495	46.806
539502	TYR	 153 	PRO	 152 	ASP	 155 	7	68.6698553058	1	6.93558490684	12.49	52.514	46.856	9.16	52.817	45.041	14.304	57.468	44.942
631732	ARG	 157 	TYR	 153 	PRO	 152 	5	53.9354955184	1	6.90028970406	15.071	53.271	41.51	12.49	52.514	46.856	9.16	52.817	45.041
545333	TYR	 158 	TYR	 153 	PRO	 152 	6	63.5505333903	1	5.75348642129	13.586	49.968	42.718	12.49	52.514	46.856	9.16	52.817	45.041
596958	ALA	 156 	PRO	 152 	LYS	 154 	7	70.2943180589	1	7.00965320112	12.12	55.365	42.662	9.16	52.817	45.041	15.733	54.495	46.806
597098	ALA	 156 	PRO	 152 	ASP	 155 	3	43.6617082112	1	6.93558490684	12.12	55.365	42.662	9.16	52.817	45.041	14.304	57.468	44.942
634611	ARG	 157 	ALA	 156 	PRO	 152 	4	50.6110544279	1	6.90028970406	15.071	53.271	41.51	12.12	55.365	42.662	9.16	52.817	45.041
631734	ARG	 157 	TYR	 158 	PRO	 152 	7	71.7561792969	1	6.90028970406	15.071	53.271	41.51	13.586	49.968	42.718	9.16	52.817	45.041
602717	ALA	 156 	TYR	 153 	LYS	 154 	6	66.2391905682	1	5.56627388834	12.12	55.365	42.662	12.49	52.514	46.856	15.733	54.495	46.806
545116	TYR	 158 	TYR	 153 	LYS	 154 	5	54.0978320269	1	6.46645822688	13.586	49.968	42.718	12.49	52.514	46.856	15.733	54.495	46.806
603224	ALA	 156 	TYR	 158 	TYR	 153 	9	88.7616136955	1	5.59284373105	12.12	55.365	42.662	13.586	49.968	42.718	12.49	52.514	46.856
632022	ARG	 157 	TYR	 153 	TYR	 158 	7	74.8233921082	1	5.98450716434	15.071	53.271	41.51	12.49	52.514	46.856	13.586	49.968	42.718
544972	TYR	 153 	TYR	 158 	ILE	 159 	5	56.8814564867	1	6.25985902397	12.49	52.514	46.856	13.586	49.968	42.718	9.905	49.131	42.267
649660	ASN	 233 	LYS	 154 	PHE	 232 	5	58.1643008238	1	7.42480679883	17.695	53.789	53.932	15.733	54.495	46.806	20.132	52.277	51.462
631659	ARG	 157 	TYR	 158 	ASP	 155 	4	50.1650296103	1	7.85567947411	15.071	53.271	41.51	13.586	49.968	42.718	14.304	57.468	44.942
634467	ARG	 157 	ALA	 156 	MET	 178 	4	47.8985968204	1	7.83679105247	15.071	53.271	41.51	12.12	55.365	42.662	14.469	50.572	36.924
601771	ALA	 156 	TRP	 659 	TRP	 581 	5	59.6493090658	8	58.8855550623	12.12	55.365	42.662	27.317	2.64	64.031	33.865	27.48	68.589
631370	ARG	 157 	TYR	 158 	ILE	 159 	3	39.4485642113	1	6.66334788226	15.071	53.271	41.51	13.586	49.968	42.718	9.905	49.131	42.267
633458	ARG	 157 	VAL	 179 	TYR	 158 	3	42.0732167781	1	8.06574739252	15.071	53.271	41.51	17.991	51.868	36.234	13.586	49.968	42.718
630571	ARG	 157 	TRP	 659 	TRP	 166 	5	52.5157361539	8	56.7508424431	15.071	53.271	41.51	27.317	2.64	64.031	9.342	36.59	55.723
624314	ARG	 157 	ASP	 177 	LYS	 176 	3	39.8436545716	1	8.0891911833	15.071	53.271	41.51	15.896	47.844	39.153	12.737	45.784	39.527
630573	ARG	 157 	TRP	 659 	TRP	 732 	7	68.633977622	8	56.7508424431	15.071	53.271	41.51	27.317	2.64	64.031	39.181	28.513	63.515
531866	TYR	 158 	ILE	 159 	LEU	 160 	3	43.2487131501	1	6.47488223831	13.586	49.968	42.718	9.905	49.131	42.267	8.514	46.318	44.414
537771	TYR	 158 	ASP	 177 	ILE	 159 	4	46.4955780733	1	6.87353227969	13.586	49.968	42.718	15.896	47.844	39.153	9.905	49.131	42.267
536331	TYR	 158 	MET	 178 	ILE	 159 	4	50.344186632	1	7.17316011253	13.586	49.968	42.718	14.469	50.572	36.924	9.905	49.131	42.267
392336	ASP	 177 	MET	 178 	ILE	 159 	9	85.2561564891	1	7.17316011253	15.896	47.844	39.153	14.469	50.572	36.924	9.905	49.131	42.267
572188	VAL	 161 	TRP	 173 	LEU	 160 	5	59.2879873436	1	7.1324807746	6.87	43.456	42.551	10.779	41.332	48.126	8.514	46.318	44.414
632953	ARG	 162 	VAL	 161 	LYS	 163 	2	23.7828129113	1	7.24567774608	5.984	40.766	45.084	6.87	43.456	42.551	6.935	39.231	48.437
633389	ARG	 162 	VAL	 161 	TRP	 173 	6	66.9746838217	1	7.1324807746	5.984	40.766	45.084	6.87	43.456	42.551	10.779	41.332	48.126
621146	ARG	 162 	LYS	 163 	LEU	 164 	3	42.6240720281	1	6.51633531979	5.984	40.766	45.084	6.935	39.231	48.437	9.444	36.365	48.419
630079	ARG	 162 	TRP	 173 	LYS	 163 	8	81.8056107883	1	5.70667547702	5.984	40.766	45.084	10.779	41.332	48.126	6.935	39.231	48.437
634832	ARG	 162 	ALA	 175 	TRP	 173 	9	85.794982666	1	7.06575466599	5.984	40.766	45.084	11.705	44.244	42.826	10.779	41.332	48.126
506166	TRP	 173 	LYS	 163 	GLY	 165 	7	73.7918793367	1	7.09984605467	10.779	41.332	48.126	6.935	39.231	48.437	9.79	35.535	52.104
513436	TRP	 173 	THR	 171 	LYS	 163 	5	57.025915692	1	7.51543884281	10.779	41.332	48.126	10.957	40.522	54.653	6.935	39.231	48.437
505948	TRP	 173 	LYS	 163 	LEU	 174 	5	54.6328920273	1	6.12980758262	10.779	41.332	48.126	6.935	39.231	48.437	11.281	40.823	44.418
504504	TRP	 166 	GLY	 165 	LEU	 164 	1	20.9810890845	1	7.30817658517	9.342	36.59	55.723	9.79	35.535	52.104	9.444	36.365	48.419
513149	TRP	 173 	THR	 171 	LEU	 164 	6	64.427821027	1	7.64412022407	10.779	41.332	48.126	10.957	40.522	54.653	9.444	36.365	48.419
500188	TRP	 173 	LEU	 164 	LEU	 174 	5	57.1989805193	1	6.26548753091	10.779	41.332	48.126	9.444	36.365	48.419	11.281	40.823	44.418
504721	TRP	 166 	GLY	 165 	GLY	 167 	2	33.6162667587	1	6.8751530892	9.342	36.59	55.723	9.79	35.535	52.104	11.769	36.452	58.624
513365	TRP	 166 	THR	 171 	GLY	 165 	6	61.1008116651	1	5.72096661413	9.342	36.59	55.723	10.957	40.522	54.653	9.79	35.535	52.104
513367	TRP	 173 	THR	 171 	GLY	 165 	8	76.017166309	1	7.09984605467	10.779	41.332	48.126	10.957	40.522	54.653	9.79	35.535	52.104
504577	TRP	 166 	GLY	 167 	HIS	 168 	2	27.4437653538	1	7.10479823781	9.342	36.59	55.723	11.769	36.452	58.624	11.917	37.392	62.296
511926	TRP	 166 	SER	 170 	GLY	 167 	7	73.8160429055	1	6.23044091538	9.342	36.59	55.723	12.743	41.337	57.895	11.769	36.452	58.624
513364	TRP	 166 	THR	 171 	GLY	 167 	5	60.5734732902	1	5.74396074151	9.342	36.59	55.723	10.957	40.522	54.653	11.769	36.452	58.624
511783	TRP	 166 	SER	 170 	HIS	 168 	8	78.1173865968	1	7.10479823781	9.342	36.59	55.723	12.743	41.337	57.895	11.917	37.392	62.296
572839	VAL	 172 	TRP	 166 	THR	 171 	8	81.3998599313	1	6.32415962797	12.383	39.823	51.218	9.342	36.59	55.723	10.957	40.522	54.653
515333	TRP	 173 	TRP	 556 	TRP	 166 	3	39.3554207803	4	27.3256904213	10.779	41.332	48.126	33.659	37.553	62.58	9.342	36.59	55.723
482616	THR	 171 	SER	 170 	PHE	 169 	1	19.8019199577	1	7.33045851226	10.957	40.522	54.653	12.743	41.337	57.895	13.112	40.941	61.647
569020	VAL	 189 	SER	 170 	PHE	 169 	5	55.9693587111	1	6.08501248972	14.625	45.353	57.739	12.743	41.337	57.895	13.112	40.941	61.647
571321	VAL	 172 	THR	 171 	SER	 170 	2	34.0892328873	1	6.85595544035	12.383	39.823	51.218	10.957	40.522	54.653	12.743	41.337	57.895
572834	VAL	 172 	TRP	 173 	THR	 171 	3	40.4625768685	1	6.57947665092	12.383	39.823	51.218	10.779	41.332	48.126	10.957	40.522	54.653
513439	TRP	 173 	THR	 171 	LYS	 187 	8	82.7147308746	1	6.65241226924	10.779	41.332	48.126	10.957	40.522	54.653	15.913	42.625	52.154
513293	TRP	 173 	THR	 171 	ILE	 188 	6	68.2041716927	1	7.68051834188	10.779	41.332	48.126	10.957	40.522	54.653	13.816	45.204	54.023
572185	VAL	 172 	TRP	 173 	LEU	 174 	2	31.267397203	1	6.96091976681	12.383	39.823	51.218	10.779	41.332	48.126	11.281	40.823	44.418
600991	ALA	 185 	TRP	 173 	LEU	 174 	8	76.4230276627	1	5.73124506543	15.91	40.704	45.651	10.779	41.332	48.126	11.281	40.823	44.418
507388	TRP	 173 	MET	 186 	LEU	 174 	5	55.6285503392	1	6.43664858447	10.779	41.332	48.126	15.686	43.235	48.444	11.281	40.823	44.418
606032	ALA	 175 	ALA	 185 	TRP	 173 	9	85.8427430294	1	6.18014967456	11.705	44.244	42.826	15.91	40.704	45.651	10.779	41.332	48.126
601280	ALA	 185 	TRP	 173 	LYS	 187 	9	88.6257062628	1	6.78080076392	15.91	40.704	45.651	10.779	41.332	48.126	15.913	42.625	52.154
507676	TRP	 173 	MET	 186 	LYS	 187 	5	52.8577808825	1	6.65241226924	10.779	41.332	48.126	15.686	43.235	48.444	15.913	42.625	52.154
507534	TRP	 173 	MET	 186 	ILE	 188 	7	72.5448450997	1	7.68051834188	10.779	41.332	48.126	15.686	43.235	48.444	13.816	45.204	54.023
506091	TRP	 173 	LYS	 187 	ILE	 188 	4	48.8038788122	1	7.68051834188	10.779	41.332	48.126	15.913	42.625	52.154	13.816	45.204	54.023
515345	TRP	 173 	TRP	 588 	TRP	 556 	6	65.0052660523	5	31.2768698402	10.779	41.332	48.126	30.404	20.533	60.795	33.659	37.553	62.58
515364	TRP	 173 	TRP	 659 	TRP	 556 	7	75.0982027913	7	44.9838341296	10.779	41.332	48.126	27.317	2.64	64.031	33.659	37.553	62.58
515364	TRP	 173 	TRP	 659 	TRP	 581 	7	75.2482837024	7	44.9838341296	10.779	41.332	48.126	27.317	2.64	64.031	33.865	27.48	68.589
515362	TRP	 173 	TRP	 659 	TRP	 588 	5	55.0827530155	7	44.9838341296	10.779	41.332	48.126	27.317	2.64	64.031	30.404	20.533	60.795
515363	TRP	 173 	TRP	 659 	TRP	 705 	6	60.619952041	7	44.9838341296	10.779	41.332	48.126	27.317	2.64	64.031	35.753	12.426	45.774
515365	TRP	 173 	TRP	 659 	TRP	 732 	8	78.6842721236	7	44.9838341296	10.779	41.332	48.126	27.317	2.64	64.031	39.181	28.513	63.515
592345	ALA	 175 	LYS	 176 	LEU	 174 	2	27.0796375248	1	7.11711584843	11.705	44.244	42.826	12.737	45.784	39.527	11.281	40.823	44.418
605668	ALA	 175 	ALA	 185 	MET	 186 	5	53.7143822946	1	6.95904921667	11.705	44.244	42.826	15.91	40.704	45.651	15.686	43.235	48.444
392476	ASP	 177 	MET	 178 	LYS	 176 	5	57.2210235702	1	5.71842434592	15.896	47.844	39.153	14.469	50.572	36.924	12.737	45.784	39.527
653115	ASN	 181 	ASP	 177 	LYS	 176 	4	52.4653502479	1	6.70244985061	16.105	47.285	33.93	15.896	47.844	39.153	12.737	45.784	39.527
651679	ASN	 181 	MET	 178 	LYS	 176 	8	77.1025806224	1	6.70244985061	16.105	47.285	33.93	14.469	50.572	36.924	12.737	45.784	39.527
477223	THR	 182 	LYS	 176 	HIS	 183 	8	81.9318017984	1	5.677058129	16.628	44.006	35.795	12.737	45.784	39.527	15.055	42.178	38.72
563623	VAL	 184 	LYS	 176 	HIS	 183 	8	81.9924692504	1	5.98133973287	16.597	42.069	42.187	12.737	45.784	39.527	15.055	42.178	38.72
653189	ASN	 180 	ASP	 177 	MET	 178 	6	65.3847974686	1	5.74402541777	19.503	48.596	34.988	15.896	47.844	39.153	14.469	50.572	36.924
653191	ASN	 181 	ASP	 177 	MET	 178 	8	77.0970979044	1	5.2569849724	16.105	47.285	33.93	15.896	47.844	39.153	14.469	50.572	36.924
480387	THR	 182 	ASP	 177 	MET	 178 	4	47.9475462807	1	7.00344757959	16.628	44.006	35.795	15.896	47.844	39.153	14.469	50.572	36.924
652902	ASN	 181 	ASP	 177 	HIS	 183 	7	73.9704880017	1	7.08011645384	16.105	47.285	33.93	15.896	47.844	39.153	15.055	42.178	38.72
480101	THR	 182 	ASP	 177 	HIS	 183 	6	63.9769886187	1	5.74441694169	16.628	44.006	35.795	15.896	47.844	39.153	15.055	42.178	38.72
661828	ASN	 180 	VAL	 179 	MET	 178 	5	57.4471466068	1	5.74402541777	19.503	48.596	34.988	17.991	51.868	36.234	14.469	50.572	36.924
571108	VAL	 179 	THR	 182 	MET	 178 	5	57.1043466018	1	7.99134118906	17.991	51.868	36.234	16.628	44.006	35.795	14.469	50.572	36.924
666150	ASN	 180 	ASN	 181 	MET	 178 	7	73.5891395031	1	5.74402541777	19.503	48.596	34.988	16.105	47.285	33.93	14.469	50.572	36.924
657510	ASN	 180 	THR	 182 	MET	 178 	7	75.2811076429	1	7.00344757959	19.503	48.596	34.988	16.628	44.006	35.795	14.469	50.572	36.924
657507	ASN	 181 	THR	 182 	MET	 178 	4	51.8902296099	1	7.00344757959	16.105	47.285	33.93	16.628	44.006	35.795	14.469	50.572	36.924
507238	TRP	 659 	MET	 178 	CYS	 288 	8	80.3133645734	8	56.5450013441	27.317	2.64	64.031	14.469	50.572	36.924	37.138	37.474	54.93
662115	ASN	 180 	VAL	 179 	THR	 182 	4	47.4744673122	1	7.99134118906	19.503	48.596	34.988	17.991	51.868	36.234	16.628	44.006	35.795
662114	ASN	 181 	VAL	 179 	THR	 182 	3	36.622421765	1	7.99134118906	16.105	47.285	33.93	17.991	51.868	36.234	16.628	44.006	35.795
666437	ASN	 180 	ASN	 181 	THR	 182 	6	61.8266786336	1	5.47585372339	19.503	48.596	34.988	16.105	47.285	33.93	16.628	44.006	35.795
657217	ASN	 181 	THR	 182 	HIS	 183 	2	28.6781300951	1	7.08011645384	16.105	47.285	33.93	16.628	44.006	35.795	15.055	42.178	38.72
603937	ALA	 185 	VAL	 184 	HIS	 183 	2	26.571752308	1	7.1373988259	15.91	40.704	45.651	16.597	42.069	42.187	15.055	42.178	38.72
559155	VAL	 184 	HIS	 183 	GLU	 247 	4	46.5038720944	1	7.23111996858	16.597	42.069	42.187	15.055	42.178	38.72	20.393	39.352	42.696
604226	ALA	 185 	VAL	 184 	MET	 186 	3	43.3098994842	1	6.42958210151	15.91	40.704	45.651	16.597	42.069	42.187	15.686	43.235	48.444
594074	ALA	 185 	MET	 186 	LYS	 187 	3	35.1826720433	1	6.78080076392	15.91	40.704	45.651	15.686	43.235	48.444	15.913	42.625	52.154
361660	MET	 186 	LYS	 187 	PHE	 246 	5	57.6622262738	1	8.04372898599	15.686	43.235	48.444	15.913	42.625	52.154	20.871	41.219	45.978
565350	VAL	 243 	MET	 186 	MET	 244 	7	70.210846122	1	6.47268584129	17.353	47.817	52.701	15.686	43.235	48.444	19.834	45.341	51.209
361662	MET	 244 	LYS	 187 	PHE	 246 	7	73.527398183	1	8.04372898599	19.834	45.341	51.209	15.913	42.625	52.154	20.871	41.219	45.978
632810	ARG	 190 	VAL	 189 	ILE	 188 	3	35.4097922654	1	6.83124190759	12.38	46.543	60.566	14.625	45.353	57.739	13.816	45.204	54.023
560740	VAL	 242 	ILE	 188 	HIS	 241 	5	58.3545209612	1	6.51911412693	17.579	49.554	56.093	13.816	45.204	54.023	14.184	50.92	57.136
574276	VAL	 189 	TYR	 195 	THR	 196 	5	54.9492272974	1	7.08222549768	14.625	45.353	57.739	17.486	45.714	64.087	19.038	48.608	62.221
631875	ARG	 190 	TYR	 195 	THR	 196 	4	51.8971943484	1	7.16465030549	12.38	46.543	60.566	17.486	45.714	64.087	19.038	48.608	62.221
390962	ASP	 192 	LYS	 193 	GLY	 191 	3	42.2677552895	1	6.50980752404	13.925	49.303	64.997	17.181	50.74	66.353	12.933	50.199	61.45
389376	ASP	 192 	GLY	 191 	HIS	 241 	1	22.3684443208	1	8.0297628234	13.925	49.303	64.997	12.933	50.199	61.45	14.184	50.92	57.136
534968	TYR	 195 	LYS	 193 	GLY	 191 	9	85.4432020994	1	6.91366783987	17.486	45.714	64.087	17.181	50.74	66.353	12.933	50.199	61.45
475780	THR	 196 	GLY	 191 	HIS	 241 	5	59.3752808532	1	7.40026249534	19.038	48.608	62.221	12.933	50.199	61.45	14.184	50.92	57.136
302981	GLY	 239 	GLY	 191 	HIS	 241 	6	67.288971484	1	6.49343175832	9.996	54.964	60.012	12.933	50.199	61.45	14.184	50.92	57.136
542383	TYR	 195 	THR	 196 	ASP	 192 	8	78.2292599289	1	5.85934893994	17.486	45.714	64.087	19.038	48.608	62.221	13.925	49.303	64.997
570819	VAL	 242 	THR	 196 	HIS	 241 	4	50.2080223644	1	7.40026249534	17.579	49.554	56.093	19.038	48.608	62.221	14.184	50.92	57.136
383477	ASP	 201 	GLU	 202 	GLU	 200 	6	63.5425245162	1	5.36457733657	26.486	44.776	60.913	25.498	42.464	58.055	24.366	47.535	59.39
359140	MET	 244 	ILE	 203 	HIS	 231 	5	57.3249605274	1	7.87978533972	19.834	45.341	51.209	26.256	45.187	55.547	21.918	49.14	50.289
212187	LEU	 205 	LEU	 551 	LEU	 206 	4	51.4761055515	1	7.95704725385	30.171	41.725	56.731	24.463	36.194	56.355	28.946	41.685	53.125
503071	TRP	 556 	ILE	 290 	LEU	 205 	8	79.5952932206	1	7.98639649654	33.659	37.553	62.58	33.692	35.673	58.344	30.171	41.725	56.731
499972	TRP	 556 	LEU	 205 	CYS	 555 	5	53.6182892462	1	7.98639649654	33.659	37.553	62.58	30.171	41.725	56.731	29.903	37.002	62.517
623884	ARG	 208 	ASP	 211 	GLN	 207 	5	59.2066371932	1	6.09395782723	34.128	42.628	53.364	36.381	44.187	49.092	31.145	44.638	52.177
661900	ASN	 210 	VAL	 209 	ASP	 211 	5	56.1254815479	1	5.78822002001	33.16	42.428	48.121	32.952	39.92	50.973	36.381	44.187	49.092
603656	ALA	 212 	VAL	 209 	CYS	 288 	9	87.2614078435	1	6.50511383452	38.359	40.978	49.587	32.952	39.92	50.973	37.138	37.474	54.93
564774	VAL	 209 	MET	 284 	CYS	 288 	7	74.7469635545	1	7.36138580703	32.952	39.92	50.973	34.801	33.424	53.901	37.138	37.474	54.93
663339	ASN	 214 	ALA	 212 	ASP	 211 	4	46.9495288252	1	7.37579100843	40.911	40.61	44.5	38.359	40.978	49.587	36.381	44.187	49.092
663342	ASN	 214 	ALA	 212 	ASP	 218 	7	75.0257806153	1	7.26631089343	40.911	40.61	44.5	38.359	40.978	49.587	39.552	34.959	45.695
633892	ARG	 287 	ALA	 212 	CYS	 288 	5	59.9974431894	1	6.63710795452	39.983	35.627	53.162	38.359	40.978	49.587	37.138	37.474	54.93
657578	ASN	 214 	THR	 215 	ASP	 213 	3	43.068829819	1	6.47978008886	40.911	40.61	44.5	42.865	37.708	42.993	37.551	39.783	46.066
480464	THR	 215 	ASP	 213 	ASP	 218 	9	88.2149847005	1	6.47978008886	42.865	37.708	42.993	37.551	39.783	46.066	39.552	34.959	45.695
657434	ASN	 214 	THR	 215 	LYS	 216 	3	36.9463038438	1	6.75923849261	40.911	40.61	44.5	42.865	37.708	42.993	41.44	35.052	40.69
657583	ASN	 214 	THR	 215 	ASP	 218 	8	76.3123773591	1	5.93369252658	40.911	40.61	44.5	42.865	37.708	42.993	39.552	34.959	45.695
450077	SER	 219 	MET	 220 	LYS	 216 	6	67.9135354462	1	6.36178575559	36.965	34.931	42.929	36.901	31.126	42.801	41.44	35.052	40.69
389235	ASP	 218 	GLY	 221 	GLU	 217 	4	50.6834864421	1	7.09634145176	39.552	34.959	45.695	35.13	31.259	46.138	41.611	32.574	43.564
360436	MET	 220 	GLY	 221 	GLU	 217 	5	54.6260197378	1	7.09634145176	36.901	31.126	42.801	35.13	31.259	46.138	41.611	32.574	43.564
598468	ALA	 222 	SER	 219 	MET	 220 	5	60.4961298309	1	5.82257623394	33.69	34.773	46.009	36.965	34.931	42.929	36.901	31.126	42.801
656069	ASN	 223 	SER	 219 	MET	 220 	6	62.4361449249	1	6.00110564813	31.542	33.818	43.019	36.965	34.931	42.929	36.901	31.126	42.801
655928	ASN	 223 	SER	 219 	GLY	 221 	9	87.7553594851	1	5.5367678297	31.542	33.818	43.019	36.965	34.931	42.929	35.13	31.259	46.138
651606	ASN	 223 	MET	 220 	GLY	 221 	7	69.7186934169	1	6.00110564813	31.542	33.818	43.019	36.901	31.126	42.801	35.13	31.259	46.138
360580	MET	 220 	GLY	 221 	HIS	 224 	5	53.9564548389	1	7.57567145539	36.901	31.126	42.801	35.13	31.259	46.138	29.774	31.388	45.356
360727	MET	 220 	GLY	 280 	GLY	 221 	8	77.3492045173	1	7.74652063833	36.901	31.126	42.801	32.831	29.727	49.242	35.13	31.259	46.138
663272	ASN	 223 	ALA	 222 	MET	 220 	9	87.203021225	1	6.00110564813	31.542	33.818	43.019	33.69	34.773	46.009	36.901	31.126	42.801
593861	ALA	 222 	MET	 220 	HIS	 224 	6	63.4889060485	1	7.57567145539	33.69	34.773	46.009	36.901	31.126	42.801	29.774	31.388	45.356
651459	ASN	 223 	MET	 220 	HIS	 224 	4	46.4092084545	1	7.57567145539	31.542	33.818	43.019	36.901	31.126	42.801	29.774	31.388	45.356
360581	MET	 220 	GLY	 280 	HIS	 224 	6	68.1387441686	1	7.74652063833	36.901	31.126	42.801	32.831	29.727	49.242	29.774	31.388	45.356
590904	ALA	 222 	GLY	 221 	LEU	 279 	1	20.7910644681	1	8.04427958241	33.69	34.773	46.009	35.13	31.259	46.138	35.182	27.09	47.868
594003	ALA	 222 	MET	 284 	GLY	 221 	4	49.6099677354	1	8.08317920128	33.69	34.773	46.009	34.801	33.424	53.901	35.13	31.259	46.138
299887	GLY	 221 	HIS	 224 	GLN	 276 	8	82.0977434795	1	7.25213823641	35.13	31.259	46.138	29.774	31.388	45.356	31.494	25.057	45.185
302984	GLY	 221 	GLY	 280 	HIS	 224 	9	87.0703340148	1	5.41432368814	35.13	31.259	46.138	32.831	29.727	49.242	29.774	31.388	45.356
302905	GLY	 221 	GLY	 280 	LEU	 281 	2	29.2819268551	1	7.33826614399	35.13	31.259	46.138	32.831	29.727	49.242	33.493	28.729	52.829
360725	MET	 284 	GLY	 221 	GLY	 280 	6	66.8598437329	1	8.0659553061	34.801	33.424	53.901	35.13	31.259	46.138	32.831	29.727	49.242
662981	ASN	 223 	ALA	 222 	HIS	 224 	6	66.1783133125	1	5.21724927524	31.542	33.818	43.019	33.69	34.773	46.009	29.774	31.388	45.356
602786	ALA	 222 	TYR	 283 	MET	 284 	3	43.0108951532	1	8.08317920128	33.69	34.773	46.009	36.951	32.37	50.957	34.801	33.424	53.901
647066	ASN	 223 	ILE	 225 	LEU	 226 	3	42.9962189179	1	7.73413796101	31.542	33.818	43.019	28.507	33.874	47.92	25.386	35.933	47.196
271226	ILE	 225 	HIS	 224 	LEU	 226 	3	40.8913642667	1	6.58005843439	28.507	33.874	47.92	29.774	31.388	45.356	25.386	35.933	47.196
299888	GLY	 280 	HIS	 224 	GLN	 276 	9	87.1445028883	1	6.56271300607	32.831	29.727	49.242	29.774	31.388	45.356	31.494	25.057	45.185
237967	HIS	 224 	GLN	 545 	GLN	 276 	8	80.5318018062	1	7.67035207797	29.774	31.388	45.356	25.948	27.025	40.34	31.494	25.057	45.185
271083	ILE	 546 	HIS	 224 	GLN	 545 	4	44.8505436288	1	7.67035207797	25.274	27.718	44.007	29.774	31.388	45.356	25.948	27.025	40.34
328687	LYS	 547 	HIS	 224 	GLN	 545 	8	79.8793864938	1	7.67035207797	25.708	30.778	46.204	29.774	31.388	45.356	25.948	27.025	40.34
330408	LYS	 547 	ILE	 225 	ILE	 546 	1	20.2953217591	1	7.97873385945	25.708	30.778	46.204	28.507	33.874	47.92	25.274	27.718	44.007
272813	ILE	 225 	ILE	 546 	ILE	 548 	6	65.250486832	1	7.97873385945	28.507	33.874	47.92	25.274	27.718	44.007	25.906	31.004	49.96
327385	LYS	 227 	LEU	 226 	LEU	 228 	2	34.1796498464	1	6.86749109938	26.857	39.453	47.055	25.386	35.933	47.196	25.347	42.726	48.204
595226	ALA	 549 	ASP	 550 	LEU	 226 	3	43.1896308615	1	8.07715073525	23.066	33.202	51.182	21.596	34.903	54.254	25.386	35.933	47.196
386425	ASP	 230 	HIS	 231 	LEU	 229 	2	24.5594613054	1	7.20593179263	23.405	47.966	46.982	21.918	49.14	50.289	24.702	44.919	45.155
392187	ASP	 230 	MET	 244 	LEU	 229 	4	44.4808612123	1	7.77987300668	23.405	47.966	46.982	19.834	45.341	51.209	24.702	44.919	45.155
564987	VAL	 245 	MET	 244 	LEU	 229 	4	50.7690086271	1	7.77987300668	19.795	44.587	47.483	19.834	45.341	51.209	24.702	44.919	45.155
386137	ASP	 230 	HIS	 231 	PHE	 232 	2	30.3774324683	1	7.02621163928	23.405	47.966	46.982	21.918	49.14	50.289	20.132	52.277	51.462
566788	VAL	 245 	ASP	 230 	MET	 244 	5	58.5247176612	1	6.12455671865	19.795	44.587	47.483	23.405	47.966	46.982	19.834	45.341	51.209
566138	VAL	 245 	ASP	 230 	PHE	 246 	3	43.0337680346	1	7.27675621414	19.795	44.587	47.483	23.405	47.966	46.982	20.871	41.219	45.978
558941	VAL	 242 	HIS	 231 	PHE	 232 	6	65.0739565585	1	7.25842496689	17.579	49.554	56.093	21.918	49.14	50.289	20.132	52.277	51.462
357338	MET	 244 	HIS	 231 	PHE	 232 	3	42.0055090764	1	6.94700719735	19.834	45.341	51.209	21.918	49.14	50.289	20.132	52.277	51.462
661544	ASN	 233 	VAL	 242 	HIS	 231 	9	89.9839136529	1	7.26074231742	17.695	53.789	53.932	17.579	49.554	56.093	21.918	49.14	50.289
565062	VAL	 243 	MET	 244 	HIS	 231 	7	75.2416620824	1	5.32984971646	17.353	47.817	52.701	19.834	45.341	51.209	21.918	49.14	50.289
645338	ASN	 233 	HIS	 234 	PHE	 232 	3	43.6197903488	1	6.42457383801	17.695	53.789	53.932	14.05	53.76	52.906	20.132	52.277	51.462
661180	ASN	 233 	VAL	 242 	PHE	 232 	5	59.5976804438	1	5.94799957969	17.695	53.789	53.932	17.579	49.554	56.093	20.132	52.277	51.462
645702	ASN	 233 	HIS	 241 	HIS	 234 	7	72.6685907132	1	5.55192741307	17.695	53.789	53.932	14.184	50.92	57.136	14.05	53.76	52.906
661543	ASN	 233 	VAL	 243 	HIS	 241 	8	82.0538057489	1	6.2721922005	17.695	53.789	53.932	17.353	47.817	52.701	14.184	50.92	57.136
331779	LYS	 235 	GLY	 236 	HIS	 234 	4	48.0848833067	1	6.1983337277	11.588	56.175	54.469	8.351	54.392	55.26	14.05	53.76	52.906
328902	LYS	 235 	HIS	 241 	HIS	 234 	7	73.156487854	1	6.43949765121	11.588	56.175	54.469	14.184	50.92	57.136	14.05	53.76	52.906
300103	GLY	 236 	HIS	 241 	HIS	 234 	8	78.5883558436	1	7.04258823161	8.351	54.392	55.26	14.184	50.92	57.136	14.05	53.76	52.906
559303	VAL	 243 	HIS	 234 	HIS	 241 	8	77.6885619821	1	6.80228513075	17.353	47.817	52.701	14.05	53.76	52.906	14.184	50.92	57.136
514725	TRP	 659 	TRP	 705 	HIS	 234 	7	72.066283796	8	53.9725236949	27.317	2.64	64.031	35.753	12.426	45.774	14.05	53.76	52.906
661756	ASN	 238 	VAL	 240 	LYS	 235 	5	57.4832377879	1	8.0056463824	6.325	53.998	60.095	13.384	54.434	58.375	11.588	56.175	54.469
654485	ASN	 238 	PRO	 237 	GLY	 236 	6	65.7464099503	1	5.25710348005	6.325	53.998	60.095	5.134	55.647	56.884	8.351	54.392	55.26
302984	GLY	 236 	GLY	 239 	HIS	 241 	9	83.3302287719	1	7.04258823161	8.351	54.392	55.26	9.996	54.964	60.012	14.184	50.92	57.136
562179	VAL	 240 	GLY	 236 	HIS	 241 	4	52.0717756949	1	7.04258823161	13.384	54.434	58.375	8.351	54.392	55.26	14.184	50.92	57.136
654484	ASN	 238 	PRO	 237 	GLY	 239 	5	55.5210261768	1	5.82150470239	6.325	53.998	60.095	5.134	55.647	56.884	9.996	54.964	60.012
562178	VAL	 240 	GLY	 239 	HIS	 241 	3	42.9331910846	1	6.49343175832	13.384	54.434	58.375	9.996	54.964	60.012	14.184	50.92	57.136
564698	VAL	 245 	MET	 244 	PHE	 246 	3	38.3338085482	1	6.74014940487	19.795	44.587	47.483	19.834	45.341	51.209	20.871	41.219	45.978
298513	GLY	 250 	LEU	 249 	GLU	 251 	2	26.3609471472	1	7.11711781552	17.028	30.754	42.127	19.694	33.423	41.924	15.557	28.269	44.565
297075	GLY	 250 	GLU	 303 	GLU	 251 	4	46.0041963289	1	7.2215758668	17.028	30.754	42.127	20.804	27.926	39.615	15.557	28.269	44.565
651607	ASN	 252 	MET	 302 	GLY	 250 	8	76.8587534595	1	6.68804171638	17.342	27.013	47.662	21.054	27.157	43.327	17.028	30.754	42.127
662836	ASN	 252 	ALA	 255 	GLU	 251 	5	58.6277224124	1	6.41558929483	17.342	27.013	47.662	13.585	22.548	46.696	15.557	28.269	44.565
354675	MET	 302 	GLU	 251 	GLU	 303 	4	48.9278839864	1	7.2215758668	21.054	27.157	43.327	15.557	28.269	44.565	20.804	27.926	39.615
665787	ASN	 299 	ASN	 252 	LEU	 253 	4	48.4973960739	1	7.70635880296	20.787	29.11	53.033	17.342	27.013	47.662	18.621	23.493	48.222
651388	ASN	 252 	MET	 302 	LEU	 253 	5	56.0245270787	1	6.58068461484	17.342	27.013	47.662	21.054	27.157	43.327	18.621	23.493	48.222
666295	ASN	 252 	ASN	 299 	PRO	 297 	8	78.9287944814	1	6.71662675753	17.342	27.013	47.662	20.787	29.11	53.033	20.03	23.69	52.648
665718	ASN	 252 	ASN	 299 	GLU	 298 	7	71.0534952145	1	6.71662675753	17.342	27.013	47.662	20.787	29.11	53.033	17.817	26.745	52.953
272667	ILE	 265 	ILE	 257 	LEU	 256 	4	50.1564226666	1	7.49800326754	20.148	13.939	44.865	15.885	17.923	48.012	16.238	20.332	45.113
271156	ILE	 257 	HIS	 262 	GLU	 261 	5	54.5357367289	1	6.67356823596	15.885	17.923	48.012	13.917	13.04	49.755	11.329	13.159	46.971
618416	ARG	 263 	ILE	 257 	ILE	 265 	9	86.4056992974	1	8.02630425538	15.391	9.913	48.144	15.885	17.923	48.012	20.148	13.939	44.865
333220	LYS	 259 	LYS	 258 	HIS	 262 	5	55.098673798	1	7.66999126466	12.443	17.541	43.722	12.112	17.788	47.494	13.917	13.04	49.755
328759	LYS	 258 	HIS	 262 	GLU	 261 	8	77.5497471084	1	5.5600044964	12.112	17.788	47.494	13.917	13.04	49.755	11.329	13.159	46.971
534819	TYR	 260 	LYS	 259 	HIS	 262 	4	52.1472319799	1	7.66999126466	13.993	14.168	44.46	12.443	17.541	43.722	13.917	13.04	49.755
328757	LYS	 259 	HIS	 262 	GLU	 261 	6	67.6654593891	1	7.66999126466	12.443	17.541	43.722	13.917	13.04	49.755	11.329	13.159	46.971
299954	GLY	 264 	HIS	 262 	GLU	 261 	3	42.988260758	1	7.57380927935	18.722	11.596	47.484	13.917	13.04	49.755	11.329	13.159	46.971
299952	GLY	 600 	HIS	 262 	GLU	 261 	1	13.5475903166	1	7.94517551726	17.754	12.774	51.629	13.917	13.04	49.755	11.329	13.159	46.971
619781	ARG	 263 	GLY	 264 	HIS	 262 	6	61.2760405106	1	5.50732257998	15.391	9.913	48.144	18.722	11.596	47.484	13.917	13.04	49.755
628419	ARG	 263 	THR	 599 	HIS	 262 	4	49.2192740607	1	7.4347000612	15.391	9.913	48.144	20.729	10.475	51.269	13.917	13.04	49.755
301539	GLY	 264 	ILE	 265 	HIS	 262 	4	48.2376983854	1	7.97155329908	18.722	11.596	47.484	20.148	13.939	44.865	13.917	13.04	49.755
475781	THR	 599 	GLY	 264 	HIS	 262 	6	62.8073231529	1	7.4347000612	20.729	10.475	51.269	18.722	11.596	47.484	13.917	13.04	49.755
302982	GLY	 264 	GLY	 600 	HIS	 262 	7	72.0518860336	1	5.50732257998	18.722	11.596	47.484	17.754	12.774	51.629	13.917	13.04	49.755
389383	ASP	 601 	GLY	 264 	HIS	 262 	8	77.1382195694	1	7.98647362733	17.791	12.238	55.39	18.722	11.596	47.484	13.917	13.04	49.755
301540	GLY	 600 	ILE	 265 	HIS	 262 	5	53.7014937836	1	7.97155329908	17.754	12.774	51.629	20.148	13.939	44.865	13.917	13.04	49.755
475777	THR	 599 	GLY	 600 	HIS	 262 	2	31.9050408387	1	7.4347000612	20.729	10.475	51.269	17.754	12.774	51.629	13.917	13.04	49.755
619849	ARG	 263 	GLY	 264 	ILE	 265 	2	29.3623171941	1	7.04198594148	15.391	9.913	48.144	18.722	11.596	47.484	20.148	13.939	44.865
624243	ARG	 263 	ASP	 601 	GLY	 264 	4	49.8780796335	1	7.98647362733	15.391	9.913	48.144	17.791	12.238	55.39	18.722	11.596	47.484
628781	ARG	 263 	THR	 599 	ASP	 601 	6	62.2993386984	1	7.97935717962	15.391	9.913	48.144	20.729	10.475	51.269	17.791	12.238	55.39
475850	THR	 599 	GLY	 264 	ILE	 265 	3	35.1826907896	1	7.30397651968	20.729	10.475	51.269	18.722	11.596	47.484	20.148	13.939	44.865
303050	GLY	 600 	GLY	 264 	ILE	 265 	3	35.7053557519	1	7.26912353726	17.754	12.774	51.629	18.722	11.596	47.484	20.148	13.939	44.865
660171	ASN	 542 	TYR	 269 	ILE	 268 	4	50.3841270556	1	7.902221966	24.249	19.273	33.785	24.877	17.539	41.339	26.763	14.669	39.695
474127	THR	 709 	ILE	 268 	GLN	 272 	8	78.935584428	1	6.75305864035	33.024	17.106	39.78	26.763	14.669	39.695	29.152	20.473	42.187
573488	VAL	 270 	TYR	 269 	GLN	 272 	9	84.4838284866	1	5.59860161112	25.84	16.909	44.957	24.877	17.539	41.339	29.152	20.473	42.187
327242	LYS	 271 	LEU	 706 	GLN	 272 	3	41.0515643976	1	8.04350029527	29.511	17.145	43.969	35.43	15.85	44.165	29.152	20.473	42.187
448636	SER	 274 	LYS	 271 	LYS	 275 	5	60.42571631	1	5.96132292365	29.859	20.442	47.618	29.511	17.145	43.969	32.99	21.618	45.82
477146	THR	 709 	LYS	 271 	LEU	 710 	3	40.4667112923	1	7.74071295166	33.024	17.106	39.78	29.511	17.145	43.969	31.394	18.343	36.557
266763	ILE	 273 	GLN	 545 	GLN	 272 	4	51.9490850624	1	7.5236778905	27.266	21.821	45.195	25.948	27.025	40.34	29.152	20.473	42.187
439568	SER	 274 	GLN	 272 	GLN	 276 	9	84.1101120379	1	5.95701468858	29.859	20.442	47.618	29.152	20.473	42.187	31.494	25.057	45.185
324365	LYS	 275 	GLN	 272 	GLN	 276 	6	62.4000159793	1	5.95701468858	32.99	21.618	45.82	29.152	20.473	42.187	31.494	25.057	45.185
361806	MET	 712 	LYS	 275 	GLN	 272 	7	70.5344490489	1	8.05593749976	35.428	21.669	38.142	32.99	21.618	45.82	29.152	20.473	42.187
151566	GLN	 276 	GLN	 545 	GLN	 272 	7	75.6617247679	1	7.62267439945	31.494	25.057	45.185	25.948	27.025	40.34	29.152	20.473	42.187
266763	ILE	 544 	GLN	 272 	GLN	 545 	4	51.3341212984	1	7.5236778905	24.712	24.156	38.182	29.152	20.473	42.187	25.948	27.025	40.34
478445	THR	 709 	MET	 712 	GLN	 272 	6	67.6749818291	1	7.56178662751	33.024	17.106	39.78	35.428	21.669	38.142	29.152	20.473	42.187
272816	ILE	 273 	ILE	 544 	ILE	 546 	9	85.27405249	1	7.82031393232	27.266	21.821	45.195	24.712	24.156	38.182	25.274	27.718	44.007
272523	ILE	 273 	ILE	 546 	GLN	 545 	4	51.6603341949	1	7.2380774381	27.266	21.821	45.195	25.274	27.718	44.007	25.948	27.025	40.34
266763	ILE	 546 	GLN	 276 	GLN	 545 	4	49.859588382	1	7.62267439945	25.274	27.718	44.007	31.494	25.057	45.185	25.948	27.025	40.34
631658	ARG	 287 	TYR	 283 	ASP	 282 	3	40.4965525663	1	7.39944274929	39.983	35.627	53.162	36.951	32.37	50.957	37.247	28.811	52.263
392262	ASP	 282 	MET	 284 	HIS	 285 	7	70.899417042	1	5.47226909061	37.247	28.811	52.263	34.801	33.424	53.901	36.967	31.81	56.593
635981	ARG	 287 	ARG	 286 	ASP	 282 	6	65.2783930534	1	7.39944274929	39.983	35.627	53.162	40.497	32.597	55.359	37.247	28.811	52.263
595659	ALA	 697 	ASP	 282 	ASP	 696 	4	46.5912191419	1	7.24535168229	36.917	23.578	53.472	37.247	28.811	52.263	39.019	23.327	56.654
536260	TYR	 283 	MET	 284 	HIS	 285 	5	58.6709947656	1	5.66377541928	36.951	32.37	50.957	34.801	33.424	53.901	36.967	31.81	56.593
535973	TYR	 283 	MET	 284 	CYS	 288 	6	62.3067135643	1	6.47074292489	36.951	32.37	50.957	34.801	33.424	53.901	37.138	37.474	54.93
631301	ARG	 286 	TYR	 283 	HIS	 285 	6	66.7168170899	1	5.66377541928	40.497	32.597	55.359	36.951	32.37	50.957	36.967	31.81	56.593
631016	ARG	 286 	TYR	 283 	CYS	 288 	9	83.8771053953	1	6.47074292489	40.497	32.597	55.359	36.951	32.37	50.957	37.138	37.474	54.93
631012	ARG	 287 	TYR	 283 	CYS	 288 	5	54.2343365583	1	6.47074292489	39.983	35.627	53.162	36.951	32.37	50.957	37.138	37.474	54.93
622661	ARG	 287 	MET	 284 	HIS	 285 	6	63.4735492167	1	5.95294095385	39.983	35.627	53.162	34.801	33.424	53.901	36.967	31.81	56.593
357414	MET	 284 	HIS	 285 	CYS	 288 	7	71.7780960249	1	5.90556567993	34.801	33.424	53.901	36.967	31.81	56.593	37.138	37.474	54.93
360583	MET	 284 	GLY	 289 	HIS	 285 	8	76.5170682083	1	5.99175867338	34.801	33.424	53.901	37.435	36.224	58.497	36.967	31.81	56.593
359142	MET	 284 	ILE	 290 	HIS	 285 	7	69.0187227607	1	5.35858143542	34.801	33.424	53.901	33.692	35.673	58.344	36.967	31.81	56.593
635912	ARG	 286 	ARG	 287 	MET	 284 	9	85.8969299098	1	5.93751707366	40.497	32.597	55.359	39.983	35.627	53.162	34.801	33.424	53.901
622732	ARG	 286 	MET	 284 	ILE	 290 	5	57.4506867056	1	8.04238932159	40.497	32.597	55.359	34.801	33.424	53.901	33.692	35.673	58.344
360295	MET	 284 	GLY	 289 	CYS	 288 	8	76.7791478846	1	5.99175867338	34.801	33.424	53.901	37.435	36.224	58.497	37.138	37.474	54.93
358856	MET	 284 	ILE	 290 	CYS	 288 	9	84.8959528204	1	5.17435145695	34.801	33.424	53.901	33.692	35.673	58.344	37.138	37.474	54.93
635620	ARG	 287 	ARG	 286 	HIS	 285 	5	53.489281891	1	5.95294095385	39.983	35.627	53.162	40.497	32.597	55.359	36.967	31.81	56.593
616616	ARG	 286 	HIS	 285 	CYS	 288 	9	89.5420007049	1	5.93734376637	40.497	32.597	55.359	36.967	31.81	56.593	37.138	37.474	54.93
616613	ARG	 287 	HIS	 285 	CYS	 288 	6	64.6954466214	1	5.95294095385	39.983	35.627	53.162	36.967	31.81	56.593	37.138	37.474	54.93
299813	GLY	 289 	HIS	 285 	CYS	 288 	6	60.6266343686	1	5.90556567993	37.435	36.224	58.497	36.967	31.81	56.593	37.138	37.474	54.93
533380	TYR	 557 	GLY	 289 	HIS	 285 	5	52.7960941964	1	7.82052255287	36.516	35.276	63.589	37.435	36.224	58.497	36.967	31.81	56.593
531942	TYR	 557 	ILE	 291 	HIS	 285 	7	74.4360096225	1	7.82052255287	36.516	35.276	63.589	31.745	32.792	59.889	36.967	31.81	56.593
543464	TYR	 557 	TRP	 732 	HIS	 285 	9	88.5347475747	1	7.98035644567	36.516	35.276	63.589	39.181	28.513	63.515	36.967	31.81	56.593
501414	TRP	 732 	HIS	 285 	CYS	 583 	7	73.6032820715	1	7.98035644567	39.181	28.513	63.515	36.967	31.81	56.593	35.019	29.018	61.667
503144	TRP	 732 	ILE	 729 	HIS	 285 	9	86.1900206828	1	7.98035644567	39.181	28.513	63.515	43.302	29.842	60.389	36.967	31.81	56.593
635332	ARG	 286 	ARG	 287 	CYS	 288 	5	53.8468776466	1	5.93734376637	40.497	32.597	55.359	39.983	35.627	53.162	37.138	37.474	54.93
619850	ARG	 286 	GLY	 289 	ILE	 290 	3	37.902513773	1	8.04238932159	40.497	32.597	55.359	37.435	36.224	58.497	33.692	35.673	58.344
625686	ARG	 286 	PRO	 730 	GLY	 289 	7	73.3315708717	1	7.69014765788	40.497	32.597	55.359	42.516	32.74	62.778	37.435	36.224	58.497
625613	ARG	 286 	PRO	 730 	ILE	 729 	6	61.9791362702	1	7.69014765788	40.497	32.597	55.359	42.516	32.74	62.778	43.302	29.842	60.389
301253	GLY	 289 	ILE	 290 	CYS	 288 	6	66.5364608338	1	5.17435145695	37.435	36.224	58.497	33.692	35.673	58.344	37.138	37.474	54.93
504655	TRP	 556 	GLY	 289 	ILE	 290 	8	78.4927962917	1	5.71798093736	33.659	37.553	62.58	37.435	36.224	58.497	33.692	35.673	58.344
504655	TRP	 556 	GLY	 289 	ILE	 291 	8	78.7283993351	1	6.78913750045	33.659	37.553	62.58	37.435	36.224	58.497	31.745	32.792	59.889
543607	TYR	 557 	TRP	 556 	GLY	 289 	8	82.5668966222	1	5.71798093736	36.516	35.276	63.589	33.659	37.553	62.58	37.435	36.224	58.497
539285	TYR	 557 	PRO	 730 	GLY	 289 	6	66.9808222364	1	7.50211823421	36.516	35.276	63.589	42.516	32.74	62.778	37.435	36.224	58.497
533523	TYR	 557 	GLY	 289 	GLY	 731 	4	47.7538310427	1	7.83038543113	36.516	35.276	63.589	37.435	36.224	58.497	39.401	32.058	64.829
389527	ASP	 558 	GLY	 289 	GLY	 731 	8	76.4618510679	1	7.93520226585	37.392	37.839	66.266	37.435	36.224	58.497	39.401	32.058	64.829
418323	PRO	 730 	GLY	 289 	GLY	 731 	4	50.0218802473	1	7.83038543113	42.516	32.74	62.778	37.435	36.224	58.497	39.401	32.058	64.829
272738	ILE	 290 	ILE	 291 	HIS	 292 	3	41.7089658381	1	6.56963058322	33.692	35.673	58.344	31.745	32.792	59.889	28.261	31.982	58.546
272455	ILE	 290 	ILE	 291 	CYS	 555 	8	82.0508952752	1	5.79108720363	33.692	35.673	58.344	31.745	32.792	59.889	29.903	37.002	62.517
503215	TRP	 556 	ILE	 291 	ILE	 290 	8	78.7871042316	1	5.79413479305	33.659	37.553	62.58	31.745	32.792	59.889	33.692	35.673	58.344
272451	ILE	 290 	ILE	 291 	CYS	 583 	4	52.4625041103	1	7.55594355458	33.692	35.673	58.344	31.745	32.792	59.889	35.019	29.018	61.667
271016	ILE	 290 	HIS	 292 	CYS	 583 	9	85.5603321109	1	8.01227190003	33.692	35.673	58.344	28.261	31.982	58.546	35.019	29.018	61.667
502853	TRP	 556 	ILE	 290 	CYS	 555 	6	61.3685237143	1	5.79108720363	33.659	37.553	62.58	33.692	35.673	58.344	29.903	37.002	62.517
543533	TYR	 557 	TRP	 556 	ILE	 290 	6	68.0770818887	1	5.97014321436	36.516	35.276	63.589	33.659	37.553	62.58	33.692	35.673	58.344
271010	ILE	 291 	HIS	 292 	CYS	 583 	3	43.5423583879	1	8.01227190003	31.745	32.792	59.889	28.261	31.982	58.546	35.019	29.018	61.667
474053	THR	 293 	ILE	 291 	CYS	 555 	6	64.5328470187	1	7.51928121565	27.105	30.077	61.648	31.745	32.792	59.889	29.903	37.002	62.517
474052	THR	 293 	ILE	 291 	CYS	 583 	5	59.2779603667	1	7.98456248019	27.105	30.077	61.648	31.745	32.792	59.889	35.019	29.018	61.667
601136	ALA	 554 	TRP	 556 	ILE	 291 	9	86.2843708649	1	7.16154040692	27.163	35.71	60.194	33.659	37.553	62.58	31.745	32.792	59.889
502854	TRP	 556 	ILE	 291 	CYS	 555 	7	70.8035123931	1	5.79413479305	33.659	37.553	62.58	31.745	32.792	59.889	29.903	37.002	62.517
387656	ASP	 586 	ILE	 291 	CYS	 583 	9	83.5860534557	1	7.10399077984	30.533	25.802	59.518	31.745	32.792	59.889	35.019	29.018	61.667
480101	THR	 293 	ASP	 294 	HIS	 292 	6	60.7275387214	1	5.55545407685	27.105	30.077	61.648	23.926	28.808	59.959	28.261	31.982	58.546
474340	THR	 293 	ILE	 295 	HIS	 292 	5	58.8582152985	1	6.51970720201	27.105	30.077	61.648	24.83	26.671	56.956	28.261	31.982	58.546
657220	ASN	 553 	THR	 293 	HIS	 292 	5	59.2407608175	1	6.55836732732	23.57	35.532	61.445	27.105	30.077	61.648	28.261	31.982	58.546
472614	THR	 293 	HIS	 292 	CYS	 555 	7	75.7221924424	1	7.51928121565	27.105	30.077	61.648	28.261	31.982	58.546	29.903	37.002	62.517
472616	THR	 293 	HIS	 292 	CYS	 583 	9	89.5260736477	1	8.01227190003	27.105	30.077	61.648	28.261	31.982	58.546	35.019	29.018	61.667
652903	ASN	 553 	ASP	 294 	HIS	 292 	8	79.9029757349	1	6.89544110264	23.57	35.532	61.445	23.926	28.808	59.959	28.261	31.982	58.546
662979	ASN	 553 	ALA	 554 	HIS	 292 	4	50.3099061952	1	6.55836732732	23.57	35.532	61.445	27.163	35.71	60.194	28.261	31.982	58.546
645416	ASN	 553 	HIS	 292 	CYS	 555 	9	89.7647381611	1	6.60798040251	23.57	35.532	61.445	28.261	31.982	58.546	29.903	37.002	62.517
587811	ALA	 554 	HIS	 292 	CYS	 555 	4	45.9966738214	1	6.60798040251	27.163	35.71	60.194	28.261	31.982	58.546	29.903	37.002	62.517
386214	ASP	 586 	HIS	 292 	CYS	 583 	7	69.3247133019	1	8.01227190003	30.533	25.802	59.518	28.261	31.982	58.546	35.019	29.018	61.667
480171	THR	 293 	ASP	 294 	ILE	 295 	4	48.2009402343	1	6.22826821837	27.105	30.077	61.648	23.926	28.808	59.959	24.83	26.671	56.956
657580	ASN	 553 	THR	 293 	ASP	 294 	5	55.959043152	1	6.89544110264	23.57	35.532	61.445	27.105	30.077	61.648	23.926	28.808	59.959
599979	ALA	 554 	THR	 293 	ASP	 294 	4	44.8430017718	1	7.62699141208	27.163	35.71	60.194	27.105	30.077	61.648	23.926	28.808	59.959
479886	THR	 293 	ASP	 294 	GLN	 566 	7	73.919358611	1	5.28428859923	27.105	30.077	61.648	23.926	28.808	59.959	23.386	27.033	63.845
480459	THR	 293 	ASP	 586 	ASP	 294 	4	49.3476535868	1	7.27206751894	27.105	30.077	61.648	30.533	25.802	59.518	23.926	28.808	59.959
656935	ASN	 553 	THR	 293 	CYS	 555 	8	80.7008627958	1	7.51928121565	23.57	35.532	61.445	27.105	30.077	61.648	29.903	37.002	62.517
599331	ALA	 554 	THR	 293 	CYS	 555 	4	46.0727333869	1	7.51928121565	27.163	35.71	60.194	27.105	30.077	61.648	29.903	37.002	62.517
599981	ALA	 585 	THR	 293 	ASP	 586 	6	65.7885007404	1	6.68356529107	31.495	25.273	63.171	27.105	30.077	61.648	30.533	25.802	59.518
387722	ASP	 294 	ILE	 295 	GLN	 566 	3	41.9779357571	1	7.04801397558	23.926	28.808	59.959	24.83	26.671	56.956	23.386	27.033	63.845
480170	THR	 567 	ASP	 294 	ILE	 295 	3	43.1706383567	1	7.89888606071	20.122	25.262	63.14	23.926	28.808	59.959	24.83	26.671	56.956
393773	ASP	 586 	ASP	 294 	ILE	 295 	6	62.0521949077	1	7.27206751894	30.533	25.802	59.518	23.926	28.808	59.959	24.83	26.671	56.956
479887	THR	 567 	ASP	 294 	GLN	 566 	8	82.4357661897	1	6.09617035523	20.122	25.262	63.14	23.926	28.808	59.959	23.386	27.033	63.845
451084	SER	 589 	ASP	 294 	GLN	 566 	5	56.7538763182	1	7.7526549001	27.201	21.996	59.353	23.926	28.808	59.959	23.386	27.033	63.845
419689	PRO	 297 	LYS	 296 	ILE	 295 	2	28.7223473734	1	7.10529556035	20.03	23.69	52.648	21.883	24.521	55.896	24.83	26.671	56.956
477291	THR	 567 	LYS	 296 	ILE	 295 	4	49.6130807148	1	7.89888606071	20.122	25.262	63.14	21.883	24.521	55.896	24.83	26.671	56.956
646994	ASN	 299 	ILE	 295 	GLU	 298 	3	41.3072181058	1	8.07537330406	20.787	29.11	53.033	24.83	26.671	56.956	17.817	26.745	52.953
661466	ASN	 299 	VAL	 300 	LEU	 301 	3	43.1272381005	1	6.45121120411	20.787	29.11	53.033	22.31	27.818	49.833	20.802	29.06	46.582
356113	MET	 302 	LEU	 301 	GLU	 303 	2	28.7262479193	1	7.05868606753	21.054	27.157	43.327	20.802	29.06	46.582	20.804	27.926	39.615
354607	MET	 302 	GLU	 303 	GLN	 545 	8	82.5939393134	1	5.73505265887	21.054	27.157	43.327	20.804	27.926	39.615	25.948	27.025	40.34
358995	MET	 302 	ILE	 546 	GLU	 303 	4	52.1948616101	1	6.27007400275	21.054	27.157	43.327	25.274	27.718	44.007	20.804	27.926	39.615
361807	MET	 302 	LYS	 547 	GLN	 545 	8	77.3699095436	1	6.96628344241	21.054	27.157	43.327	25.708	30.778	46.204	25.948	27.025	40.34
661611	ASN	 542 	VAL	 304A	ILE	 304 	4	51.9972413761	1	7.93132763161	24.249	19.273	33.785	24.22	27.182	34.379	21.29	25.89	36.431
445613	SER	 539 	ILE	 544 	ILE	 304 	6	66.5570871697	1	7.90187528375	21.493	22.062	31.276	24.712	24.156	38.182	21.29	25.89	36.431
453100	SER	 539 	PRO	 540 	ASP	 304B	5	58.4465396559	1	5.65826740266	21.493	22.062	31.276	23.086	20.097	28.412	24.213	24.691	31.517
652758	ASN	 542 	ASP	 304B	GLU	 541 	7	68.7394622214	1	5.87365678262	24.249	19.273	33.785	24.213	24.691	31.517	26.216	19.66	30.547
654266	ASN	 542 	PRO	 540 	LEU	 543 	3	40.8322065863	1	7.74845952432	24.249	19.273	33.785	23.086	20.097	28.412	26.1	22.262	35.214
269641	ILE	 544 	LEU	 543 	GLN	 545 	2	30.4643536	1	6.9989391339	24.712	24.156	38.182	26.1	22.262	35.214	25.948	27.025	40.34
330121	LYS	 547 	ILE	 546 	GLN	 545 	2	31.4707507262	1	6.96628344241	25.708	30.778	46.204	25.274	27.718	44.007	25.948	27.025	40.34
330409	LYS	 547 	ILE	 546 	ILE	 548 	2	34.2490472184	1	6.82901376481	25.708	30.778	46.204	25.274	27.718	44.007	25.906	31.004	49.96
595369	ALA	 549 	ASP	 550 	ILE	 548 	2	24.1434365955	1	7.22611493128	23.066	33.202	51.182	21.596	34.903	54.254	25.906	31.004	49.96
595227	ALA	 549 	ASP	 550 	LEU	 551 	4	49.5622795817	1	6.13706786666	23.066	33.202	51.182	21.596	34.903	54.254	24.463	36.194	56.355
662690	ASN	 553 	ALA	 554 	CYS	 555 	3	41.2753419095	1	6.58915571223	23.57	35.532	61.445	27.163	35.71	60.194	29.903	37.002	62.517
600776	ALA	 554 	TRP	 556 	CYS	 555 	9	89.5563672507	1	7.16154040692	27.163	35.71	60.194	33.659	37.553	62.58	29.903	37.002	62.517
543169	TYR	 557 	TRP	 556 	CYS	 555 	2	32.8084264212	1	6.91809431852	36.516	35.276	63.589	33.659	37.553	62.58	29.903	37.002	62.517
498532	TRP	 556 	GLU	 559 	CYS	 555 	5	54.3526378317	1	6.34397462164	33.659	37.553	62.58	33.82	38.707	67.207	29.903	37.002	62.517
501414	TRP	 556 	HIS	 560 	CYS	 555 	7	69.1772350705	1	5.9987826265	33.659	37.553	62.58	31.031	36.2	67.8	29.903	37.002	62.517
530214	TYR	 557 	HIS	 560 	CYS	 555 	7	75.5457531667	1	6.97649783201	36.516	35.276	63.589	31.031	36.2	67.8	29.903	37.002	62.517
530215	TYR	 561 	HIS	 560 	CYS	 555 	8	76.3205019863	1	6.31956691554	27.596	37.763	68.351	31.031	36.2	67.8	29.903	37.002	62.517
543462	TYR	 557 	TRP	 556 	HIS	 560 	7	74.4393658867	1	6.97649783201	36.516	35.276	63.589	33.659	37.553	62.58	31.031	36.2	67.8
543315	TYR	 557 	TRP	 556 	GLU	 735 	4	46.7661377842	1	8.0761448724	36.516	35.276	63.589	33.659	37.553	62.58	37.025	33.845	68.916
508759	TRP	 556 	ASP	 558 	GLU	 559 	8	76.563856159	1	5.25392053613	33.659	37.553	62.58	37.392	37.839	66.266	33.82	38.707	67.207
508903	TRP	 556 	ASP	 558 	HIS	 560 	8	80.9936913346	1	6.74550205693	33.659	37.553	62.58	37.392	37.839	66.266	31.031	36.2	67.8
508755	TRP	 556 	ASP	 558 	GLU	 735 	4	48.9876144275	1	8.0761448724	33.659	37.553	62.58	37.392	37.839	66.266	37.025	33.845	68.916
501559	TRP	 556 	HIS	 560 	GLU	 559 	8	77.0521115857	1	5.9987826265	33.659	37.553	62.58	31.031	36.2	67.8	33.82	38.707	67.207
501558	TRP	 556 	HIS	 560 	GLU	 735 	7	73.7951932513	1	8.0761448724	33.659	37.553	62.58	31.031	36.2	67.8	37.025	33.845	68.916
515320	TRP	 556 	TRP	 588 	TRP	 732 	8	82.1405315413	2	17.4201506882	33.659	37.553	62.58	30.404	20.533	60.795	39.181	28.513	63.515
537556	TYR	 557 	ASP	 558 	GLU	 559 	5	58.3376120053	1	5.66834199745	36.516	35.276	63.589	37.392	37.839	66.266	33.82	38.707	67.207
537559	TYR	 557 	ASP	 558 	GLU	 735 	8	78.1424180236	1	5.53929336649	36.516	35.276	63.589	37.392	37.839	66.266	37.025	33.845	68.916
530357	TYR	 557 	HIS	 560 	GLU	 559 	6	67.6391483856	1	6.97649783201	36.516	35.276	63.589	31.031	36.2	67.8	33.82	38.707	67.207
530359	TYR	 557 	HIS	 560 	GLU	 735 	8	79.9200668395	1	6.97649783201	36.516	35.276	63.589	31.031	36.2	67.8	37.025	33.845	68.916
543605	TYR	 557 	TRP	 732 	GLY	 582 	6	68.0297403861	1	7.26951649011	36.516	35.276	63.589	39.181	28.513	63.515	35.211	29.11	65.455
533095	TYR	 557 	GLY	 731 	CYS	 583 	8	83.0257952707	1	6.7154789107	36.516	35.276	63.589	39.401	32.058	64.829	35.019	29.018	61.667
543173	TYR	 557 	TRP	 732 	CYS	 583 	6	68.1779024277	1	7.26951649011	36.516	35.276	63.589	39.181	28.513	63.515	35.019	29.018	61.667
543895	TYR	 557 	TRP	 732 	PRO	 730 	8	78.85376738	1	7.26951649011	36.516	35.276	63.589	39.181	28.513	63.515	42.516	32.74	62.778
543607	TYR	 557 	TRP	 732 	GLY	 731 	8	78.4834958622	1	7.26951649011	36.516	35.276	63.589	39.181	28.513	63.515	39.401	32.058	64.829
527477	TYR	 557 	GLU	 734 	GLU	 735 	6	67.9533593596	1	7.6246120557	36.516	35.276	63.589	37.741	30.116	69.067	37.025	33.845	68.916
383476	ASP	 558 	GLU	 735 	GLU	 559 	5	58.3453741919	1	6.06891670729	37.392	37.839	66.266	37.025	33.845	68.916	33.82	38.707	67.207
566353	VAL	 736 	ASP	 558 	GLU	 559 	2	33.6760823673	1	7.08164754842	40.204	35.897	68.431	37.392	37.839	66.266	33.82	38.707	67.207
386358	ASP	 558 	HIS	 560 	GLU	 735 	7	71.6926457271	1	6.74550205693	37.392	37.839	66.266	31.031	36.2	67.8	37.025	33.845	68.916
568299	VAL	 736 	PRO	 730 	ASP	 558 	4	49.107543099	1	8.02628936682	40.204	35.897	68.431	42.516	32.74	62.778	37.392	37.839	66.266
530355	TYR	 561 	HIS	 560 	GLU	 559 	4	44.8550681359	1	6.39828477016	27.596	37.763	68.351	31.031	36.2	67.8	33.82	38.707	67.207
239477	HIS	 560 	GLU	 735 	GLU	 559 	6	63.6067990989	1	6.53601690634	31.031	36.2	67.8	37.025	33.845	68.916	33.82	38.707	67.207
542020	TYR	 561 	THR	 562 	HIS	 560 	5	56.5438495121	1	5.78571948853	27.596	37.763	68.351	25.904	34.839	70.11	31.031	36.2	67.8
657221	ASN	 563 	THR	 562 	HIS	 560 	6	63.7239915725	1	7.40591608108	26.631	31.272	71.147	25.904	34.839	70.11	31.031	36.2	67.8
660680	ASN	 563 	TYR	 561 	THR	 562 	9	89.4011099641	1	7.13315652429	26.631	31.272	71.147	27.596	37.763	68.351	25.904	34.839	70.11
662043	ASN	 563 	VAL	 575 	SER	 564 	4	49.5856268012	1	7.65440454902	26.631	31.272	71.147	28.057	24.571	70.401	23.09	30.389	70.137
445321	SER	 564 	ILE	 565 	GLN	 566 	2	26.6310700289	1	7.13719945076	23.09	30.389	70.137	24.12	29.55	66.583	23.386	27.033	63.845
628202	ARG	 568 	THR	 567 	GLN	 566 	3	43.4339491415	1	6.45918462346	19.417	22.125	65.216	20.122	25.262	63.14	23.386	27.033	63.845
541804	TYR	 570 	THR	 567 	GLN	 566 	5	59.416284997	1	6.18987770477	23.437	21.221	61.716	20.122	25.262	63.14	23.386	27.033	63.845
626762	ARG	 571 	SER	 572 	GLN	 566 	3	39.9187705596	1	7.82088927169	24.688	22.414	65.104	28.184	21.282	66.097	23.386	27.033	63.845
635477	ARG	 571 	ARG	 568 	GLU	 569 	6	64.5886783401	1	5.76508855092	24.688	22.414	65.104	19.417	22.125	65.216	20.399	19.253	62.902
636342	ARG	 568 	ARG	 571 	TYR	 570 	7	68.7878600835	1	5.4062571156	19.417	22.125	65.216	24.688	22.414	65.104	23.437	21.221	61.716
527333	TYR	 570 	GLU	 569 	CYS	 592 	6	64.4679389736	1	7.41053371897	23.437	21.221	61.716	20.399	19.253	62.902	25.416	17.418	57.766
527259	TYR	 570 	GLU	 569 	PHE	 604 	4	52.0640466097	1	7.82931759478	23.437	21.221	61.716	20.399	19.253	62.902	21.348	13.788	63.014
181663	GLU	 569 	GLU	 605 	PHE	 602 	8	79.8161213217	1	6.92331611296	20.399	19.253	62.902	17.668	13.982	63.943	19.28	14.297	58.199
181662	GLU	 569 	GLU	 605 	PHE	 604 	7	68.4150074584	1	6.02706255153	20.399	19.253	62.902	17.668	13.982	63.943	21.348	13.788	63.014
631802	ARG	 571 	TYR	 570 	SER	 572 	3	43.579797667	1	6.45994512361	24.688	22.414	65.104	23.437	21.221	61.716	28.184	21.282	66.097
631952	ARG	 571 	TYR	 570 	TRP	 588 	9	84.7278960681	1	7.40123624809	24.688	22.414	65.104	23.437	21.221	61.716	30.404	20.533	60.795
631804	ARG	 571 	TYR	 570 	SER	 589 	5	60.553480691	1	6.28998362478	24.688	22.414	65.104	23.437	21.221	61.716	27.201	21.996	59.353
543968	TYR	 570 	TRP	 588 	SER	 572 	9	83.4570829161	1	7.06120910326	23.437	21.221	61.716	30.404	20.533	60.795	28.184	21.282	66.097
543967	TYR	 570 	TRP	 588 	SER	 589 	8	79.2673866398	1	7.06120910326	23.437	21.221	61.716	30.404	20.533	60.795	27.201	21.996	59.353
544037	TYR	 570 	TRP	 588 	THR	 590 	6	67.4192714318	1	7.74874273673	23.437	21.221	61.716	30.404	20.533	60.795	28.472	21.463	55.831
543175	TYR	 570 	TRP	 588 	CYS	 592 	8	82.2080133064	1	7.06120910326	23.437	21.221	61.716	30.404	20.533	60.795	25.416	17.418	57.766
540295	TYR	 570 	SER	 589 	CYS	 592 	8	80.7482251261	1	5.8293867602	23.437	21.221	61.716	27.201	21.996	59.353	25.416	17.418	57.766
541736	TYR	 570 	THR	 590 	CYS	 592 	9	85.9363602095	1	7.74874273673	23.437	21.221	61.716	28.472	21.463	55.831	25.416	17.418	57.766
627410	ARG	 571 	SER	 572 	PRO	 573 	3	37.8475374809	1	6.75847223861	24.688	22.414	65.104	28.184	21.282	66.097	29.025	19.451	69.357
627484	ARG	 571 	SER	 589 	SER	 572 	5	55.5022500608	1	6.85256309712	24.688	22.414	65.104	27.201	21.996	59.353	28.184	21.282	66.097
512284	TRP	 588 	SER	 572 	SER	 589 	5	53.5646253639	1	6.85256309712	30.404	20.533	60.795	28.184	21.282	66.097	27.201	21.996	59.353
567796	VAL	 575 	PRO	 580 	GLU	 574 	5	60.2181174831	1	7.41990694012	28.057	24.571	70.401	34.52	27.666	72.326	31.115	22.346	70.676
572117	VAL	 575 	TRP	 581 	GLU	 574 	6	62.6725066627	1	6.74377409171	28.057	24.571	70.401	33.865	27.48	68.589	31.115	22.346	70.676
600919	ALA	 579 	TRP	 581 	GLU	 574 	8	76.5829590979	1	6.46150826046	32.668	25.118	74.483	33.865	27.48	68.589	31.115	22.346	70.676
604371	ALA	 579 	VAL	 575 	PRO	 580 	4	49.2874558976	1	7.41990694012	32.668	25.118	74.483	28.057	24.571	70.401	34.52	27.666	72.326
596882	ALA	 579 	PRO	 580 	GLY	 578 	3	42.5212078501	1	6.50416182148	32.668	25.118	74.483	34.52	27.666	72.326	29.029	25.818	75.282
663122	ASN	 636 	ALA	 579 	GLY	 578 	3	38.0349007827	1	7.64594140705	35.669	23.564	78.33	32.668	25.118	74.483	29.029	25.818	75.282
654487	ASN	 636 	PRO	 580 	GLY	 578 	8	79.6236848057	1	7.64594140705	35.669	23.564	78.33	34.52	27.666	72.326	29.029	25.818	75.282
650164	ASN	 636 	LYS	 638 	GLY	 578 	5	57.4491350604	1	7.64594140705	35.669	23.564	78.33	29.96	25.206	79.823	29.029	25.818	75.282
475928	THR	 640 	GLY	 578 	GLY	 637 	9	88.033914567	1	7.86248930047	28.856	19.79	80.327	29.029	25.818	75.282	32.007	22.651	77.887
663410	ASN	 636 	ALA	 579 	PRO	 580 	3	42.85408764	1	7.36169959996	35.669	23.564	78.33	32.668	25.118	74.483	34.52	27.666	72.326
596880	ALA	 579 	PRO	 580 	GLY	 637 	1	16.4799669361	1	7.89874135543	32.668	25.118	74.483	34.52	27.666	72.326	32.007	22.651	77.887
663128	ASN	 636 	ALA	 579 	GLY	 637 	9	83.3503695923	1	5.12057867824	35.669	23.564	78.33	32.668	25.118	74.483	32.007	22.651	77.887
510481	TRP	 581 	PRO	 580 	GLY	 582 	2	28.7551408694	1	7.05501651309	33.865	27.48	68.589	34.52	27.666	72.326	35.211	29.11	65.455
509980	TRP	 581 	PRO	 580 	PHE	 733 	5	57.2549437813	1	6.57679466001	33.865	27.48	68.589	34.52	27.666	72.326	38.118	27.026	66.858
654483	ASN	 636 	PRO	 580 	GLY	 637 	4	49.1585481007	1	7.89874135543	35.669	23.564	78.33	34.52	27.666	72.326	32.007	22.651	77.887
412060	PRO	 580 	GLU	 734 	PHE	 733 	5	54.1309909215	1	6.57679466001	34.52	27.666	72.326	37.741	30.116	69.067	38.118	27.026	66.858
504289	TRP	 581 	GLY	 582 	CYS	 583 	2	24.8665454386	1	7.18409660291	33.865	27.48	68.589	35.211	29.11	65.455	35.019	29.018	61.667
510483	TRP	 581 	PRO	 691 	GLY	 582 	4	48.3406861069	1	7.81323268564	33.865	27.48	68.589	37.125	21.63	66.652	35.211	29.11	65.455
514807	TRP	 732 	TRP	 581 	GLY	 582 	8	78.1053740922	1	7.42107950368	39.181	28.513	63.515	33.865	27.48	68.589	35.211	29.11	65.455
504440	TRP	 581 	GLY	 582 	GLU	 734 	9	86.9117568869	1	4.711725374	33.865	27.48	68.589	35.211	29.11	65.455	37.741	30.116	69.067
600774	ALA	 585 	TRP	 581 	CYS	 583 	7	70.6648456223	1	7.18409660291	31.495	25.273	63.171	33.865	27.48	68.589	35.019	29.018	61.667
514373	TRP	 581 	TRP	 732 	CYS	 583 	6	64.2736257999	1	7.42107950368	33.865	27.48	68.589	39.181	28.513	63.515	35.019	29.018	61.667
495582	TRP	 581 	CYS	 583 	PHE	 733 	7	71.5595584207	1	7.18409660291	33.865	27.48	68.589	35.019	29.018	61.667	38.118	27.026	66.858
498535	TRP	 581 	GLU	 734 	CYS	 583 	8	79.9748873172	1	7.96083462961	33.865	27.48	68.589	37.741	30.116	69.067	35.019	29.018	61.667
504222	TRP	 581 	GLY	 584 	PHE	 733 	7	74.616706697	1	7.10909333178	33.865	27.48	68.589	35.087	25.23	61.957	38.118	27.026	66.858
600700	ALA	 585 	TRP	 581 	PHE	 733 	5	56.0604803205	1	7.78017396978	31.495	25.273	63.171	33.865	27.48	68.589	38.118	27.026	66.858
515335	TRP	 581 	TRP	 659 	TRP	 588 	5	57.2232935269	4	26.0897924101	33.865	27.48	68.589	27.317	2.64	64.031	30.404	20.533	60.795
515318	TRP	 588 	TRP	 732 	TRP	 581 	6	67.750796026	2	12.1702312632	30.404	20.533	60.795	39.181	28.513	63.515	33.865	27.48	68.589
515338	TRP	 581 	TRP	 705 	TRP	 659 	8	80.5983151007	4	27.3991183252	33.865	27.48	68.589	35.753	12.426	45.774	27.317	2.64	64.031
515332	TRP	 659 	TRP	 732 	TRP	 581 	2	31.2881024881	4	28.4681028697	27.317	2.64	64.031	39.181	28.513	63.515	33.865	27.48	68.589
515095	TRP	 732 	TRP	 581 	PRO	 691 	8	82.3001796854	1	7.83859643048	39.181	28.513	63.515	33.865	27.48	68.589	37.125	21.63	66.652
509983	TRP	 581 	PRO	 691 	PHE	 733 	8	80.0210728389	1	6.97151841423	33.865	27.48	68.589	37.125	21.63	66.652	38.118	27.026	66.858
515332	TRP	 581 	TRP	 705 	TRP	 732 	2	32.7249121234	4	27.3991183252	33.865	27.48	68.589	35.753	12.426	45.774	39.181	28.513	63.515
514303	TRP	 581 	TRP	 732 	PHE	 733 	8	77.0702482062	1	7.42107950368	33.865	27.48	68.589	39.181	28.513	63.515	38.118	27.026	66.858
514519	TRP	 732 	TRP	 581 	GLU	 734 	8	76.7241443399	1	7.42107950368	39.181	28.513	63.515	33.865	27.48	68.589	37.741	30.116	69.067
514520	TRP	 732 	TRP	 581 	GLU	 735 	9	83.1436409242	1	7.88982642395	39.181	28.513	63.515	33.865	27.48	68.589	37.025	33.845	68.916
498461	TRP	 581 	GLU	 735 	PHE	 733 	6	63.8401487793	1	7.2061622241	33.865	27.48	68.589	37.025	33.845	68.916	38.118	27.026	66.858
302696	GLY	 584 	GLY	 582 	CYS	 583 	9	89.9592464434	1	5.22549327815	35.087	25.23	61.957	35.211	29.11	65.455	35.019	29.018	61.667
302692	GLY	 731 	GLY	 582 	CYS	 583 	5	58.4224278837	1	6.20014257901	39.401	32.058	64.829	35.211	29.11	65.455	35.019	29.018	61.667
296928	GLY	 582 	GLU	 734 	CYS	 583 	1	21.2156860445	1	7.96083462961	35.211	29.11	65.455	37.741	30.116	69.067	35.019	29.018	61.667
504727	TRP	 732 	GLY	 584 	GLY	 582 	8	80.2193060548	1	5.47414733086	39.181	28.513	63.515	35.087	25.23	61.957	35.211	29.11	65.455
510484	TRP	 732 	PRO	 691 	GLY	 582 	5	58.3313409048	1	7.83859643048	39.181	28.513	63.515	37.125	21.63	66.652	35.211	29.11	65.455
504224	TRP	 732 	GLY	 582 	PHE	 733 	9	89.4471848901	1	4.45880129631	39.181	28.513	63.515	35.211	29.11	65.455	38.118	27.026	66.858
504437	TRP	 732 	GLY	 582 	GLU	 735 	6	65.7932224207	1	7.88982642395	39.181	28.513	63.515	35.211	29.11	65.455	37.025	33.845	68.916
297079	GLY	 582 	GLU	 735 	GLU	 734 	8	80.0780941941	1	6.13916460115	35.211	29.11	65.455	37.025	33.845	68.916	37.741	30.116	69.067
389093	ASP	 586 	GLY	 584 	CYS	 583 	6	62.1227805544	1	5.92326371184	30.533	25.802	59.518	35.087	25.23	61.957	35.019	29.018	61.667
301250	GLY	 584 	ILE	 587 	CYS	 583 	3	39.148266733	1	7.56806091413	35.087	25.23	61.957	32.423	22.695	58.418	35.019	29.018	61.667
595015	ALA	 585 	ASP	 586 	CYS	 583 	8	80.8989877306	1	5.92326371184	31.495	25.273	63.171	30.533	25.802	59.518	35.019	29.018	61.667
387653	ASP	 586 	ILE	 587 	CYS	 583 	6	63.3529605332	1	7.56806091413	30.533	25.802	59.518	32.423	22.695	58.418	35.019	29.018	61.667
504293	TRP	 732 	GLY	 731 	CYS	 583 	6	63.1538296359	1	6.20014257901	39.181	28.513	63.515	39.401	32.058	64.829	35.019	29.018	61.667
495580	TRP	 732 	CYS	 583 	PHE	 733 	5	52.9732923942	1	6.36540226537	39.181	28.513	63.515	35.019	29.018	61.667	38.118	27.026	66.858
498531	TRP	 732 	GLU	 734 	CYS	 583 	4	51.876619531	1	7.96083462961	39.181	28.513	63.515	37.741	30.116	69.067	35.019	29.018	61.667
509046	TRP	 588 	ASP	 586 	GLY	 584 	7	71.6917975512	1	6.73368710292	30.404	20.533	60.795	30.533	25.802	59.518	35.087	25.23	61.957
504221	TRP	 732 	GLY	 584 	PHE	 733 	6	61.7734974541	1	6.03592395578	39.181	28.513	63.515	35.087	25.23	61.957	38.118	27.026	66.858
601422	ALA	 585 	TRP	 588 	ASP	 586 	7	68.9322345806	1	5.42307394381	31.495	25.273	63.171	30.404	20.533	60.795	30.533	25.802	59.518
596382	ALA	 585 	PRO	 691 	PHE	 733 	7	68.8875052089	1	7.78017396978	31.495	25.273	63.171	37.125	21.63	66.652	38.118	27.026	66.858
513583	TRP	 588 	THR	 590 	ASP	 586 	8	82.3464854546	1	6.05546125411	30.404	20.533	60.795	28.472	21.463	55.831	30.533	25.802	59.518
513294	TRP	 588 	THR	 590 	ILE	 587 	7	75.2585383119	1	5.40729322305	30.404	20.533	60.795	28.472	21.463	55.831	32.423	22.695	58.418
601132	ALA	 591 	TRP	 588 	ILE	 587 	5	57.5226196838	1	6.32499660079	28.998	17.729	56.517	30.404	20.533	60.795	32.423	22.695	58.418
507533	TRP	 588 	MET	 686 	ILE	 587 	6	67.6274416312	1	5.52829829152	30.404	20.533	60.795	34.548	17.596	58.634	32.423	22.695	58.418
503068	TRP	 588 	ILE	 587 	LEU	 687 	5	53.8725002033	1	7.6329610244	30.404	20.533	60.795	32.423	22.695	58.418	32.925	15.742	61.527
478735	THR	 590 	MET	 686 	ILE	 587 	8	82.7952047224	1	7.72840695098	28.472	21.463	55.831	34.548	17.596	58.634	32.423	22.695	58.418
359066	MET	 686 	ILE	 587 	LEU	 687 	3	42.2267210436	1	7.6329610244	34.548	17.596	58.634	32.423	22.695	58.418	32.925	15.742	61.527
601638	ALA	 591 	TRP	 588 	THR	 590 	7	69.1562317641	1	5.40729322305	28.998	17.729	56.517	30.404	20.533	60.795	28.472	21.463	55.831
512935	TRP	 588 	THR	 590 	CYS	 592 	8	75.8841418166	1	6.61499886621	30.404	20.533	60.795	28.472	21.463	55.831	25.416	17.418	57.766
513509	TRP	 588 	THR	 590 	MET	 686 	6	63.8291260265	1	7.72840695098	30.404	20.533	60.795	28.472	21.463	55.831	34.548	17.596	58.634
600772	ALA	 591 	TRP	 588 	CYS	 592 	5	53.9893588215	1	6.61499886621	28.998	17.729	56.517	30.404	20.533	60.795	25.416	17.418	57.766
601352	ALA	 591 	TRP	 588 	MET	 686 	9	84.9023987758	1	5.94153835299	28.998	17.729	56.517	30.404	20.533	60.795	34.548	17.596	58.634
515330	TRP	 659 	TRP	 705 	TRP	 588 	9	88.237817633	3	22.3662679274	27.317	2.64	64.031	35.753	12.426	45.774	30.404	20.533	60.795
515335	TRP	 659 	TRP	 732 	TRP	 588 	5	58.468592174	4	28.4681028697	27.317	2.64	64.031	39.181	28.513	63.515	30.404	20.533	60.795
507390	TRP	 588 	MET	 686 	LEU	 687 	7	68.5589778512	1	5.51983930926	30.404	20.533	60.795	34.548	17.596	58.634	32.925	15.742	61.527
507245	TRP	 588 	MET	 686 	GLN	 688 	6	62.5516449763	1	7.9222078362	30.404	20.533	60.795	34.548	17.596	58.634	36.058	15.783	63.664
500042	TRP	 588 	LEU	 687 	GLN	 688 	3	37.4762586688	1	7.9222078362	30.404	20.533	60.795	32.925	15.742	61.527	36.058	15.783	63.664
515327	TRP	 705 	TRP	 732 	TRP	 588 	6	67.748901442	3	24.192681414	35.753	12.426	45.774	39.181	28.513	63.515	30.404	20.533	60.795
482696	THR	 590 	SER	 589 	CYS	 592 	9	85.7795381598	1	5.42636029029	28.472	21.463	55.831	27.201	21.996	59.353	25.416	17.418	57.766
471173	THR	 590 	LEU	 593 	CYS	 592 	6	67.8602285766	1	5.42636029029	28.472	21.463	55.831	24.141	19.202	54.661	25.416	17.418	57.766
474056	THR	 590 	ILE	 594 	CYS	 592 	9	87.5580747247	1	6.18869485433	28.472	21.463	55.831	26.07	17.087	52.173	25.416	17.418	57.766
581983	ALA	 591 	CYS	 592 	PHE	 595 	8	76.0518706024	1	6.0960054954	28.998	17.729	56.517	25.416	17.418	57.766	25.035	13.884	53.934
207579	LEU	 603 	CYS	 592 	PHE	 602 	4	51.7317238166	1	6.89772614707	22.606	12.981	59.502	25.416	17.418	57.766	19.28	14.297	58.199
207578	LEU	 603 	CYS	 592 	PHE	 604 	3	43.383627414	1	7.56749813347	22.606	12.981	59.502	25.416	17.418	57.766	21.348	13.788	63.014
296857	GLY	 600 	GLU	 596 	PHE	 595 	2	32.7725487745	1	7.71738854795	17.754	12.774	51.629	21.466	15.116	53.603	25.035	13.884	53.934
383258	ASP	 601 	GLU	 596 	PHE	 595 	3	37.8642665438	1	7.56999260237	17.791	12.238	55.39	21.466	15.116	53.603	25.035	13.884	53.934
177339	GLU	 596 	PHE	 602 	PHE	 595 	4	45.3229545842	1	7.17501351915	21.466	15.116	53.603	19.28	14.297	58.199	25.035	13.884	53.934
473982	THR	 599 	ILE	 598 	PHE	 595 	7	75.0690975308	1	6.1045181628	20.729	10.475	51.269	23.279	12.467	49.275	25.035	13.884	53.934
292544	GLY	 600 	PHE	 595 	PHE	 602 	9	87.6431815762	1	7.71738854795	17.754	12.774	51.629	25.035	13.884	53.934	19.28	14.297	58.199
378940	ASP	 601 	PHE	 595 	PHE	 602 	5	55.2637746235	1	7.56999260237	17.791	12.238	55.39	25.035	13.884	53.934	19.28	14.297	58.199
206139	LEU	 603 	PHE	 595 	PHE	 602 	4	51.5858017158	1	7.17501351915	22.606	12.981	59.502	25.035	13.884	53.934	19.28	14.297	58.199
475851	THR	 599 	GLY	 600 	ILE	 598 	4	51.8700766482	1	6.01341749756	20.729	10.475	51.269	17.754	12.774	51.629	23.279	12.467	49.275
480248	THR	 599 	ASP	 601 	GLY	 600 	9	89.6184621551	1	5.35935201307	20.729	10.475	51.269	17.791	12.238	55.39	17.754	12.774	51.629
479737	THR	 599 	ASP	 601 	PHE	 602 	2	34.2920779525	1	8.04563142333	20.729	10.475	51.269	17.791	12.238	55.39	19.28	14.297	58.199
389017	ASP	 601 	GLY	 600 	PHE	 602 	2	32.7520566377	1	6.91470209047	17.791	12.238	55.39	17.754	12.774	51.629	19.28	14.297	58.199
412059	PRO	 606 	GLU	 605 	PHE	 604 	4	52.4384302435	1	6.0332415831	17.708	14.49	67.774	17.668	13.982	63.943	21.348	13.788	63.014
239260	HIS	 618 	GLU	 605 	PHE	 604 	5	56.9310357557	1	7.21732928444	21.709	14.926	69.848	17.668	13.982	63.943	21.348	13.788	63.014
422354	PRO	 606 	ASP	 607 	GLU	 605 	3	36.3750215054	1	6.85066047911	17.708	14.49	67.774	14.978	13.475	70.223	17.668	13.982	63.943
415154	PRO	 606 	HIS	 618 	GLU	 605 	3	39.5686287386	1	7.21732928444	17.708	14.49	67.774	21.709	14.926	69.848	17.668	13.982	63.943
422862	PRO	 606 	ASP	 617 	ASP	 607 	7	70.3331061382	1	5.27530605747	17.708	14.49	67.774	19.766	12.847	72.345	14.978	13.475	70.223
422499	PRO	 606 	ASP	 607 	HIS	 618 	4	49.7962122379	1	6.89582388116	17.708	14.49	67.774	14.978	13.475	70.223	21.709	14.926	69.848
422860	PRO	 606 	ASP	 616 	ASP	 615 	5	57.9121798477	1	7.82327476189	17.708	14.49	67.774	20.742	15.456	74.92	20.122	18.516	72.77
422864	PRO	 606 	ASP	 615 	ASP	 617 	9	85.4489258793	1	6.85536928254	17.708	14.49	67.774	20.122	18.516	72.77	19.766	12.847	72.345
422504	PRO	 606 	ASP	 615 	HIS	 618 	9	85.4988882156	1	6.85536928254	17.708	14.49	67.774	20.122	18.516	72.77	21.709	14.926	69.848
422862	PRO	 606 	ASP	 616 	ASP	 617 	7	69.1573465229	1	7.82327476189	17.708	14.49	67.774	20.742	15.456	74.92	19.766	12.847	72.345
422287	PRO	 606 	ASP	 617 	GLN	 621 	8	78.7005828659	1	7.25658859244	17.708	14.49	67.774	19.766	12.847	72.345	23.631	10.308	68.069
415085	PRO	 606 	HIS	 618 	GLN	 621 	6	62.9729741754	1	7.25658859244	17.708	14.49	67.774	21.709	14.926	69.848	23.631	10.308	68.069
394059	ASP	 607 	ASP	 616 	ASP	 615 	4	52.0340269043	1	7.6947947341	14.978	13.475	70.223	20.742	15.456	74.92	20.122	18.516	72.77
394062	ASP	 607 	ASP	 616 	ASP	 617 	7	69.6927360574	1	7.6947947341	14.978	13.475	70.223	20.742	15.456	74.92	19.766	12.847	72.345
393699	ASP	 607 	ASP	 617 	HIS	 618 	4	50.0123025351	1	6.89582388116	14.978	13.475	70.223	19.766	12.847	72.345	21.709	14.926	69.848
393704	ASP	 616 	ASP	 615 	HIS	 618 	9	85.1931071491	1	5.19048870531	20.742	15.456	74.92	20.122	18.516	72.77	21.709	14.926	69.848
393776	ASP	 616 	ASP	 617 	ILE	 619 	9	86.6262941369	1	5.4749909589	20.742	15.456	74.92	19.766	12.847	72.345	24.876	13.917	71.677
595301	ALA	 620 	ASP	 617 	HIS	 618 	6	66.0590301651	1	5.50891550126	23.864	10.275	71.866	19.766	12.847	72.345	21.709	14.926	69.848
595084	ALA	 620 	ASP	 617 	GLN	 621 	5	55.6535339552	1	6.2983269207	23.864	10.275	71.866	19.766	12.847	72.345	23.631	10.308	68.069
587886	ALA	 620 	HIS	 618 	GLN	 621 	7	70.3273282481	1	5.50891550126	23.864	10.275	71.866	21.709	14.926	69.848	23.631	10.308	68.069
268274	ILE	 623 	GLU	 628 	GLU	 624 	3	35.4812857754	1	7.81333302759	28.881	9.667	70.098	33.306	9.007	72.631	27.103	6.749	68.451
268057	ILE	 623 	GLU	 624 	PHE	 658 	2	31.0717771606	1	7.75543628689	28.881	9.667	70.098	27.103	6.749	68.451	27.951	2.333	67.754
210459	LEU	 626 	GLU	 624 	PHE	 658 	4	49.1452519241	1	8.0765114994	31.744	9.268	66.096	27.103	6.749	68.451	27.951	2.333	67.754
297074	GLY	 627 	GLU	 624 	GLU	 628 	3	39.7212354729	1	7.81333302759	32.512	7.353	69.289	27.103	6.749	68.451	33.306	9.007	72.631
499900	TRP	 659 	LEU	 625 	PHE	 658 	5	60.3793343019	1	6.08767648615	27.317	2.64	64.031	28.42	7.763	65.042	27.951	2.333	67.754
510271	TRP	 659 	PRO	 660 	LEU	 625 	8	82.1466697637	1	5.33702716875	27.317	2.64	64.031	30.079	4.379	61.994	28.42	7.763	65.042
331705	LYS	 638 	GLY	 637 	LEU	 634 	2	25.5771992484	1	7.98722605164	29.96	25.206	79.823	32.007	22.651	77.887	33.972	18.512	78.123
664564	ASN	 636 	ARG	 635 	GLY	 637 	5	55.479585669	1	5.83565523313	35.669	23.564	78.33	37.033	20.231	79.601	32.007	22.651	77.887
542236	TYR	 639 	THR	 640 	LYS	 638 	5	60.4597888499	1	5.55030521683	26.876	22.974	79.737	28.856	19.79	80.327	29.96	25.206	79.823
628636	ARG	 641 	THR	 640 	LYS	 638 	5	57.6665200032	1	7.52351307568	27.397	19.368	83.817	28.856	19.79	80.327	29.96	25.206	79.823
541659	TYR	 639 	THR	 642 	PHE	 643 	4	47.6379431699	1	7.14850823599	26.876	22.974	79.737	23.933	19.27	82.242	24.449	16.254	79.966
484061	THR	 640 	THR	 642 	PHE	 643 	6	65.8810395858	1	5.66173701261	28.856	19.79	80.327	23.933	19.27	82.242	24.449	16.254	79.966
484063	THR	 640 	THR	 642 	PHE	 644 	8	82.3757885329	1	7.35690621117	28.856	19.79	80.327	23.933	19.27	82.242	26.09	13.022	81.144
609341	ARG	 641 	PHE	 644 	PHE	 643 	6	66.9763822397	1	7.00891532264	27.397	19.368	83.817	26.09	13.022	81.144	24.449	16.254	79.966
465344	THR	 642 	PHE	 644 	PHE	 643 	9	89.9926700225	1	6.70042961309	23.933	19.27	82.242	26.09	13.022	81.144	24.449	16.254	79.966
448346	SER	 654 	LYS	 655 	LEU	 656 	3	39.4606416396	1	6.68233768976	21.766	5.739	78.856	22.35	2.986	76.281	24.584	3.507	73.223
327098	LYS	 657 	LEU	 656 	PHE	 658 	3	42.2483430112	1	6.52877676138	25.337	1.209	70.296	24.584	3.507	73.223	27.951	2.333	67.754
505664	TRP	 659 	LYS	 657 	PHE	 658 	9	89.4713641678	1	6.72446176285	27.317	2.64	64.031	25.337	1.209	70.296	27.951	2.333	67.754
509978	TRP	 659 	PRO	 660 	PHE	 658 	3	43.5383493148	1	6.47241067918	27.317	2.64	64.031	30.079	4.379	61.994	27.951	2.333	67.754
510266	TRP	 659 	PRO	 660 	LEU	 661 	3	38.7446285847	1	6.71358279907	27.317	2.64	64.031	30.079	4.379	61.994	29.345	6.547	58.962
510702	TRP	 659 	PRO	 660 	ASP	 663 	7	74.052078129	1	6.23481683773	27.317	2.64	64.031	30.079	4.379	61.994	28.515	1.304	58.06
515339	TRP	 659 	TRP	 732 	TRP	 705 	9	85.3071545531	4	28.4681028697	27.317	2.64	64.031	39.181	28.513	63.515	35.753	12.426	45.774
445395	SER	 680 	ILE	 679 	GLU	 662 	4	51.8065538621	1	8.01510586331	33.384	8.681	54.665	32.545	9.374	51.02	30.878	3.942	56.673
566715	VAL	 664 	ASP	 663 	LYS	 668 	4	51.289195249	1	7.53961179372	25.58	3.684	57.693	28.515	1.304	58.06	21.526	1.461	55.236
469657	THR	 666 	GLU	 667 	PHE	 671 	2	34.3727804123	1	7.64953828672	27.031	0.572	53.255	24.388	-1.026	55.461	26.882	2.172	48.975
477439	THR	 666 	LYS	 668 	LYS	 670 	8	75.8765518361	1	5.91774509421	27.031	0.572	53.255	21.526	1.461	55.236	23.782	0.302	50.135
476863	THR	 666 	LYS	 670 	PHE	 671 	8	78.4214825934	1	4.57171751096	27.031	0.572	53.255	23.782	0.302	50.135	26.882	2.172	48.975
483196	THR	 666 	SER	 672 	LYS	 673 	5	60.0142312852	1	6.36522890398	27.031	0.572	53.255	29.674	-0.135	47.793	32.524	-0.615	50.266
534460	TYR	 669 	LYS	 670 	PHE	 671 	5	58.1969579452	1	5.67974400832	22.134	3.23	51.907	23.782	0.302	50.135	26.882	2.172	48.975
448059	SER	 672 	LYS	 673 	PHE	 671 	4	44.3910126639	1	6.42387842351	29.674	-0.135	47.793	32.524	-0.615	50.266	26.882	2.172	48.975
502996	TRP	 705 	ILE	 679 	GLU	 678 	5	60.1619718684	1	6.86487319621	35.753	12.426	45.774	32.545	9.374	51.02	35.592	7.401	49.897
502782	TRP	 705 	ILE	 679 	PHE	 682 	7	69.1075004466	1	7.02132943252	35.753	12.426	45.774	32.545	9.374	51.02	35.402	13.047	52.759
453823	SER	 684 	SER	 680 	PHE	 682 	8	80.9692294419	1	5.93255939709	34.636	12.363	58.602	33.384	8.681	54.665	35.402	13.047	52.759
422140	PRO	 685 	ASP	 681 	PHE	 682 	5	60.2652390506	1	6.9081646622	37.359	15.016	58.627	36.976	9.847	54.06	35.402	13.047	52.759
453102	SER	 684 	PRO	 685 	ASP	 681 	7	70.4973214057	1	6.9081646622	34.636	12.363	58.602	37.359	15.016	58.627	36.976	9.847	54.06
355898	MET	 686 	LEU	 683 	PHE	 682 	3	41.4139087166	1	7.47919394053	34.548	17.596	58.634	32.895	13.808	55.517	35.402	13.047	52.759
420702	PRO	 685 	MET	 686 	PHE	 682 	7	74.3800611769	1	7.47919394053	37.359	15.016	58.627	34.548	17.596	58.634	35.402	13.047	52.759
501344	TRP	 705 	HIS	 703 	PHE	 682 	9	87.099025735	1	7.02132943252	35.753	12.426	45.774	39.525	15.625	48.057	35.402	13.047	52.759
453029	SER	 684 	PRO	 685 	MET	 686 	6	66.135706898	1	5.23383769332	34.636	12.363	58.602	37.359	15.016	58.627	34.548	17.596	58.634
452526	SER	 684 	PRO	 685 	GLN	 688 	7	73.7030910029	1	6.27234629146	34.636	12.363	58.602	37.359	15.016	58.627	36.058	15.783	63.664
420848	PRO	 685 	MET	 686 	GLN	 688 	9	85.1763643642	1	5.55589497741	37.359	15.016	58.627	34.548	17.596	58.634	36.058	15.783	63.664
625829	ARG	 694 	PRO	 685 	MET	 686 	6	66.5612636385	1	5.95182677839	38.578	19.661	62.143	37.359	15.016	58.627	34.548	17.596	58.634
597029	ALA	 695 	PRO	 685 	MET	 686 	6	65.8671136641	1	5.72352496282	39.705	20.076	58.517	37.359	15.016	58.627	34.548	17.596	58.634
413646	PRO	 685 	LEU	 687 	GLN	 688 	7	70.5777524189	1	5.34765668307	37.359	15.016	58.627	32.925	15.742	61.527	36.058	15.783	63.664
595588	ALA	 695 	ASP	 696 	MET	 686 	5	60.5248290924	1	7.53356502594	39.705	20.076	58.517	39.019	23.327	56.654	34.548	17.596	58.634
633962	ARG	 694 	ALA	 695 	GLN	 688 	3	42.2235555718	1	7.63033859013	38.578	19.661	62.143	39.705	20.076	58.517	36.058	15.783	63.664
625901	ARG	 692 	PRO	 691 	ASP	 690 	6	63.8065817554	1	5.39014990515	40.866	22.223	66.881	37.125	21.63	66.652	37.586	18.163	68.227
635983	ARG	 694 	ARG	 692 	ASP	 690 	8	79.2520392522	1	6.34374684236	38.578	19.661	62.143	40.866	22.223	66.881	37.586	18.163	68.227
636054	ARG	 694 	ARG	 692 	PRO	 691 	7	72.7886502038	1	5.8521305522	38.578	19.661	62.143	40.866	22.223	66.881	37.125	21.63	66.652
630291	ARG	 692 	TRP	 732 	PRO	 691 	4	49.5086954432	1	7.83859643048	40.866	22.223	66.881	39.181	28.513	63.515	37.125	21.63	66.652
509981	TRP	 732 	PRO	 691 	PHE	 733 	6	67.7581875477	1	7.83859643048	39.181	28.513	63.515	37.125	21.63	66.652	38.118	27.026	66.858
635840	ARG	 692 	ARG	 694 	LYS	 693 	9	89.9152173158	1	5.8521305522	40.866	22.223	66.881	38.578	19.661	62.143	41.546	19.343	64.489
635767	ARG	 692 	ARG	 694 	GLY	 726 	8	79.4579965304	1	7.53821291819	40.866	22.223	66.881	38.578	19.661	62.143	42.084	24.716	59.872
627122	ARG	 692 	SER	 727 	GLY	 726 	3	43.5091417601	1	7.53821291819	40.866	22.223	66.881	43.623	25.341	63.31	42.084	24.716	59.872
629502	ARG	 692 	TRP	 732 	PHE	 733 	7	68.7240122012	1	7.33029883429	40.866	22.223	66.881	39.181	28.513	63.515	38.118	27.026	66.858
448563	SER	 725 	LYS	 693 	GLY	 726 	4	45.9141873488	1	7.10459442896	43.1	21.07	59.933	41.546	19.343	64.489	42.084	24.716	59.872
454398	SER	 727 	SER	 725 	LYS	 693 	7	74.0151841846	1	6.456002943	43.623	25.341	63.31	43.1	21.07	59.933	41.546	19.343	64.489
448564	SER	 727 	LYS	 693 	GLY	 726 	5	53.6884359425	1	7.10459442896	43.623	25.341	63.31	41.546	19.343	64.489	42.084	24.716	59.872
595444	ALA	 697 	ASP	 696 	GLY	 698 	5	60.4227538148	1	5.53965016946	36.917	23.578	53.472	39.019	23.327	56.654	39.841	24.721	51.356
389528	ASP	 696 	GLY	 724 	GLY	 699 	9	86.041758055	1	6.98927671508	39.019	23.327	56.654	44.857	19.495	56.943	41.866	21.549	51.747
302834	GLY	 698 	GLY	 699 	GLU	 721 	3	35.5260688671	1	8.0415553222	39.841	24.721	51.356	41.866	21.549	51.747	46.797	20.761	52.13
302904	GLY	 698 	GLY	 699 	LEU	 722 	1	3.77516551336	1	8.0135334279	39.841	24.721	51.356	41.866	21.549	51.747	44.187	18.002	51.785
661683	ASN	 702 	VAL	 701 	GLY	 698 	4	52.4454758759	1	7.47398180356	41.093	18.871	46.876	38.212	21.086	47.971	39.841	24.721	51.356
648579	ASN	 702 	GLY	 699 	HIS	 703 	4	46.3089036846	1	7.36139640286	41.093	18.871	46.876	41.866	21.549	51.747	39.525	15.625	48.057
533524	TYR	 723 	GLY	 699 	GLY	 724 	5	60.1302428028	1	6.33746108469	43.066	16.647	55.179	41.866	21.549	51.747	44.857	19.495	56.943
662332	ASN	 702 	VAL	 717 	VAL	 701 	5	59.6071457146	1	6.57410381725	41.093	18.871	46.876	43.022	25.133	46.342	38.212	21.086	47.971
633532	ARG	 716 	VAL	 701 	VAL	 717 	5	58.6583233547	1	6.49368539429	41.899	23.024	43.397	38.212	21.086	47.971	43.022	25.133	46.342
650020	ASN	 702 	LYS	 707 	HIS	 703 	5	58.0508401697	1	7.29254948561	41.093	18.871	46.876	37.979	15.102	41.465	39.525	15.625	48.057
664490	ASN	 702 	ARG	 716 	ILE	 715 	3	36.2860089579	1	8.01892224679	41.093	18.871	46.876	41.899	23.024	43.397	39.97	23.047	40.123
510341	TRP	 705 	PRO	 704 	HIS	 703 	6	62.6867486081	1	5.4473547709	35.753	12.426	45.774	39.508	12.836	45.434	39.525	15.625	48.057
419619	PRO	 704 	LYS	 707 	HIS	 703 	4	48.7630569975	1	6.79103151222	39.508	12.836	45.434	37.979	15.102	41.465	39.525	15.625	48.057
501629	TRP	 705 	HIS	 703 	LEU	 706 	6	66.0132235306	1	5.65396444984	35.753	12.426	45.774	39.525	15.625	48.057	35.43	15.85	44.165
506022	TRP	 705 	LYS	 707 	HIS	 703 	7	74.2825347156	1	6.79103151222	35.753	12.426	45.774	37.979	15.102	41.465	39.525	15.625	48.057
510269	TRP	 705 	PRO	 704 	LEU	 706 	6	65.7733867448	1	5.22729767662	35.753	12.426	45.774	39.508	12.836	45.434	35.43	15.85	44.165
510559	TRP	 705 	PRO	 704 	LYS	 707 	8	78.3016294984	1	5.53927188356	35.753	12.426	45.774	39.508	12.836	45.434	37.979	15.102	41.465
508829	TRP	 705 	ASP	 708 	LEU	 706 	6	68.2357617556	1	7.21119629465	35.753	12.426	45.774	35.385	14.284	38.816	35.43	15.85	44.165
513150	TRP	 705 	THR	 709 	LEU	 706 	7	68.3309540308	1	8.07947256942	35.753	12.426	45.774	33.024	17.106	39.78	35.43	15.85	44.165
513440	TRP	 705 	THR	 709 	LYS	 707 	9	89.2852727439	1	8.07947256942	35.753	12.426	45.774	33.024	17.106	39.78	37.979	15.102	41.465
513580	TRP	 705 	THR	 709 	ASP	 708 	5	55.6412865355	1	8.07947256942	35.753	12.426	45.774	33.024	17.106	39.78	35.385	14.284	38.816
480316	THR	 709 	ASP	 708 	LYS	 707 	5	59.4648573258	1	5.6042185896	33.024	17.106	39.78	35.385	14.284	38.816	37.979	15.102	41.465
392475	ASP	 708 	MET	 712 	LYS	 707 	4	50.1884144993	1	7.78944279137	35.385	14.284	38.816	35.428	21.669	38.142	37.979	15.102	41.465
478877	THR	 709 	MET	 712 	LYS	 707 	6	64.1817313149	1	7.78944279137	33.024	17.106	39.78	35.428	21.669	38.142	37.979	15.102	41.465
480388	THR	 709 	ASP	 708 	MET	 712 	5	56.943245327	1	7.41581755439	33.024	17.106	39.78	35.385	14.284	38.816	35.428	21.669	38.142
478804	THR	 709 	MET	 712 	GLY	 711 	5	57.915790123	1	6.3483052069	33.024	17.106	39.78	35.428	21.669	38.142	32.895	21.599	35.297
632809	ARG	 716 	VAL	 717 	ILE	 715 	2	23.6501897252	1	7.2347813374	41.899	23.024	43.397	43.022	25.133	46.342	39.97	23.047	40.123
447122	SER	 725 	GLY	 724 	GLY	 726 	3	40.2887823117	1	6.59753067443	43.1	21.07	59.933	44.857	19.495	56.943	42.084	24.716	59.872
454539	SER	 725 	SER	 727 	ASP	 728 	4	44.8627453129	1	7.41198765514	43.1	21.07	59.933	43.623	25.341	63.31	46.144	27.619	61.601
511925	TRP	 732 	SER	 727 	GLY	 726 	6	62.248425085	1	6.00966446651	39.181	28.513	63.515	43.623	25.341	63.31	42.084	24.716	59.872
509047	TRP	 732 	ASP	 728 	GLY	 726 	8	82.5549802974	1	7.27640027761	39.181	28.513	63.515	46.144	27.619	61.601	42.084	24.716	59.872
504656	TRP	 732 	GLY	 726 	ILE	 729 	9	89.5084926671	1	6.00966446651	39.181	28.513	63.515	42.084	24.716	59.872	43.302	29.842	60.389
512139	TRP	 732 	SER	 727 	ASP	 728 	4	46.5864904565	1	7.27640027761	39.181	28.513	63.515	43.623	25.341	63.31	46.144	27.619	61.601
511856	TRP	 732 	SER	 727 	ILE	 729 	9	89.5291375091	1	5.46213996525	39.181	28.513	63.515	43.623	25.341	63.31	43.302	29.842	60.389
452883	SER	 727 	PRO	 730 	GLY	 731 	4	48.0824016364	1	8.07779264403	43.623	25.341	63.31	42.516	32.74	62.778	39.401	32.058	64.829
512213	TRP	 732 	SER	 727 	PRO	 730 	6	65.6802918538	1	7.50024492933	39.181	28.513	63.515	43.623	25.341	63.31	42.516	32.74	62.778
511922	TRP	 732 	SER	 727 	GLY	 731 	3	34.8923770955	1	8.07779264403	39.181	28.513	63.515	43.623	25.341	63.31	39.401	32.058	64.829
511420	TRP	 732 	SER	 727 	PHE	 733 	5	53.0515726901	1	6.76258486084	39.181	28.513	63.515	43.623	25.341	63.31	38.118	27.026	66.858
422576	PRO	 730 	ASP	 728 	ILE	 729 	9	89.5415777908	1	6.38532332776	42.516	32.74	62.778	46.144	27.619	61.601	43.302	29.842	60.389
508974	TRP	 732 	ASP	 728 	ILE	 729 	7	70.4410849382	1	7.27640027761	39.181	28.513	63.515	46.144	27.619	61.601	43.302	29.842	60.389
510488	TRP	 732 	PRO	 730 	GLY	 731 	9	89.8885912322	1	5.43442020827	39.181	28.513	63.515	42.516	32.74	62.778	39.401	32.058	64.829
504220	TRP	 732 	GLY	 731 	PHE	 733 	5	60.0057719019	1	5.57529855703	39.181	28.513	63.515	39.401	32.058	64.829	38.118	27.026	66.858
504434	TRP	 732 	GLY	 731 	GLU	 735 	3	40.2627355921	1	7.88982642395	39.181	28.513	63.515	39.401	32.058	64.829	37.025	33.845	68.916
498464	TRP	 732 	GLU	 734 	PHE	 733 	9	89.8470401156	1	5.95549435396	39.181	28.513	63.515	37.741	30.116	69.067	38.118	27.026	66.858
498460	TRP	 732 	GLU	 735 	PHE	 733 	5	55.5920235288	1	7.88982642395	39.181	28.513	63.515	37.025	33.845	68.916	38.118	27.026	66.858
498677	TRP	 732 	GLU	 735 	GLU	 734 	6	64.2593655204	1	7.88982642395	39.181	28.513	63.515	37.025	33.845	68.916	37.741	30.116	69.067
181657	GLU	 735 	GLU	 734 	PHE	 733 	2	25.4725819527	1	7.2061622241	37.025	33.845	68.916	37.741	30.116	69.067	38.118	27.026	66.858
