604371	ALA	   2 	VAL	   3 	PRO	   4 	4	49.0042396114	1	6.24385842248	-0.258	8.824	-12.949	3.284	7.427	-13.149	3.112	3.672	-13.991
567579	VAL	   3 	PRO	   4 	PHE	   5 	4	47.5631844903	1	6.30904763019	3.284	7.427	-13.149	3.112	3.672	-13.991	5.591	1.699	-11.856
632380	ARG	  29 	VAL	   6 	PHE	   5 	5	56.917676268	1	6.80709688487	11.771	0.981	-9.094	5.994	4.011	-8.842	5.591	1.699	-11.856
514367	TRP	 208 	TRP	 264 	PHE	   5 	9	89.138906372	8	51.535533392	24.759	-6.768	35.227	26.39	16.4	32.531	5.591	1.699	-11.856
575715	VAL	   6 	VAL	  30 	THR	  31 	4	47.4756073854	1	7.18337323268	5.994	4.011	-8.842	11.178	4.548	-10.291	12.427	6.97	-7.633
508754	TRP	   9 	ASP	   8 	GLU	   7 	3	40.8785455036	1	6.59359006915	9.837	-1.939	-4.883	7.052	-1.204	-7.367	4.408	1.411	-6.55
658519	ASN	  28 	TRP	   9 	GLU	   7 	8	79.4880449069	1	7.35763861575	11.657	2.014	-5.444	9.837	-1.939	-4.883	4.408	1.411	-6.55
629719	ARG	  29 	TRP	   9 	GLU	   7 	8	76.2946011589	1	7.80196161231	11.771	0.981	-9.094	9.837	-1.939	-4.883	4.408	1.411	-6.55
509258	TRP	   9 	ASP	  10 	ASP	   8 	3	34.4782116928	1	6.8693675837	9.837	-1.939	-4.883	12.893	-4.173	-5.304	7.052	-1.204	-7.367
659020	ASN	  28 	TRP	   9 	ASP	   8 	5	58.0817253939	1	5.93796918146	11.657	2.014	-5.444	9.837	-1.939	-4.883	7.052	-1.204	-7.367
630222	ARG	  29 	TRP	   9 	ASP	   8 	7	68.3267992688	1	5.47957251982	11.771	0.981	-9.094	9.837	-1.939	-4.883	7.052	-1.204	-7.367
664783	ASN	  28 	ARG	  29 	ASP	   8 	8	82.6905925898	1	5.93796918146	11.657	2.014	-5.444	11.771	0.981	-9.094	7.052	-1.204	-7.367
508826	TRP	   9 	ASP	  10 	LEU	  11 	3	42.4035271852	1	6.53100283264	9.837	-1.939	-4.883	12.893	-4.173	-5.304	14.148	-6.078	-2.249
601422	ALA	  26 	TRP	   9 	ASP	  10 	7	70.7067960649	1	5.70185908279	13.485	-1.976	-0.501	9.837	-1.939	-4.883	12.893	-4.173	-5.304
659019	ASN	  28 	TRP	   9 	ASP	  10 	4	52.4203515537	1	6.31080541611	11.657	2.014	-5.444	9.837	-1.939	-4.883	12.893	-4.173	-5.304
630220	ARG	  29 	TRP	   9 	ASP	  10 	5	56.4269771369	1	6.49512894406	11.771	0.981	-9.094	9.837	-1.939	-4.883	12.893	-4.173	-5.304
663630	ASN	  28 	ALA	  26 	TRP	   9 	7	74.9188655098	1	6.61021429305	11.657	2.014	-5.444	13.485	-1.976	-0.501	9.837	-1.939	-4.883
633392	ARG	  29 	VAL	  27 	TRP	   9 	9	88.1781690906	1	6.32951577927	11.771	0.981	-9.094	14.366	0.373	-3.353	9.837	-1.939	-4.883
543239	TYR	 227 	TRP	   9 	CYS	 168 	9	83.9616202216	8	53.4042928799	35.658	1.56	41.733	9.837	-1.939	-4.883	8.744	-8.018	29.071
515362	TRP	   9 	TRP	 264 	TRP	 208 	5	56.5180818588	7	44.8344524445	9.837	-1.939	-4.883	26.39	16.4	32.531	24.759	-6.768	35.227
603723	ALA	  26 	VAL	  12 	GLN	  13 	4	45.7627518334	1	7.66912022334	13.485	-1.976	-0.501	17.909	-5.563	-2.557	19.195	-6.94	0.752
468365	THR	  14 	GLN	  24 	GLN	  13 	6	62.7794059952	1	5.61893913475	18.365	-8.31	4.192	14.518	-6.172	3.77	19.195	-6.94	0.752
209165	LEU	  25 	GLN	  13 	GLN	  24 	6	65.9350895914	1	5.61893913475	15.952	-3.036	2.189	19.195	-6.94	0.752	14.518	-6.172	3.77
583568	ALA	  26 	GLN	  13 	GLN	  24 	9	85.5239774892	1	7.66912022334	13.485	-1.976	-0.501	19.195	-6.94	0.752	14.518	-6.172	3.77
475635	THR	  14 	GLY	  16 	GLU	  17 	4	47.1632736875	1	7.27685165439	18.365	-8.31	4.192	18.227	-8.458	9.752	16.257	-11.655	10.301
469876	THR	  14 	GLU	  22 	GLU	  17 	5	57.2437985001	1	7.34441672293	18.365	-8.31	4.192	12.831	-10.455	8.518	16.257	-11.655	10.301
298513	GLY	  16 	LEU	  15 	GLU	  17 	2	26.3301945604	1	7.13741269649	18.227	-8.458	9.752	18.977	-5.903	7.067	16.257	-11.655	10.301
533234	TYR	  20 	GLY	  18 	GLU	  17 	3	36.3438658386	1	7.7619870523	9.648	-13.236	14.052	14.445	-11.429	13.618	16.257	-11.655	10.301
527476	TYR	  20 	GLU	  17 	GLU	  22 	5	60.2429670104	1	7.7619870523	9.648	-13.236	14.052	16.257	-11.655	10.301	12.831	-10.455	8.518
590835	ALA	  19 	GLY	  18 	GLU	  22 	4	46.0254239739	1	8.01644715569	12.973	-14.37	15.512	14.445	-11.429	13.618	12.831	-10.455	8.518
533525	TYR	  20 	GLY	  18 	GLY	  21 	6	67.9621037116	1	5.42704431528	9.648	-13.236	14.052	14.445	-11.429	13.618	10.222	-12.488	10.378
533233	TYR	  20 	GLY	  21 	GLU	  22 	2	31.6328231845	1	6.96351965604	9.648	-13.236	14.052	10.222	-12.488	10.378	12.831	-10.455	8.518
556202	VAL	  23 	GLU	  22 	GLN	  24 	3	40.0655490274	1	6.61313556492	13.656	-6.925	7.393	12.831	-10.455	8.518	14.518	-6.172	3.77
563403	VAL	  23 	LYS	  38 	GLN	  24 	4	50.2300198109	1	6.44119763709	13.656	-6.925	7.393	9.451	-5.655	7.713	14.518	-6.172	3.77
560523	VAL	  23 	ILE	  39 	GLN	  24 	4	46.3326810806	1	7.59874687037	13.656	-6.925	7.393	8.03	-8.983	6.553	14.518	-6.172	3.77
663847	ASN	  28 	ALA	  26 	ALA	  34 	8	80.7128716135	1	6.61021429305	11.657	2.014	-5.444	13.485	-1.976	-0.501	15.115	3.403	-0.069
665211	ASN	  28 	ARG	  29 	VAL	  27 	4	45.8732500945	1	6.32951577927	11.657	2.014	-5.444	11.771	0.981	-9.094	14.366	0.373	-3.353
662115	ASN	  28 	VAL	  27 	THR	  31 	4	44.9634641653	1	8.09929194436	11.657	2.014	-5.444	14.366	0.373	-3.353	12.427	6.97	-7.633
663775	ASN	  28 	ALA	  34 	VAL	  27 	8	79.5862465486	1	6.5404671087	11.657	2.014	-5.444	15.115	3.403	-0.069	14.366	0.373	-3.353
642679	ASN	  28 	GLU	  33 	GLU	  32 	8	81.2412100227	1	5.18825654724	11.657	2.014	-5.444	13.876	5.833	-2.722	15.088	4.702	-6.136
633315	ARG	  29 	VAL	  30 	THR	  31 	4	48.9003749152	1	6.19943368381	11.771	0.981	-9.094	11.178	4.548	-10.291	12.427	6.97	-7.633
515298	TRP	 221 	TRP	 208 	THR	  31 	4	50.4542635271	8	52.6554867037	26.247	-1.016	42.545	24.759	-6.768	35.227	12.427	6.97	-7.633
603794	ALA	  34 	VAL	  35 	GLU	  33 	3	38.8856829266	1	6.67763506041	15.115	3.403	-0.069	12.901	2.132	2.75	13.876	5.833	-2.722
604730	ALA	  36 	VAL	  35 	VAL	  37 	3	42.1310302448	1	6.49793090145	12.902	-0.797	5.152	12.901	2.132	2.75	10.24	-3.456	4.729
602209	ALA	  36 	TYR	  86 	CYS	  87 	2	26.250028599	1	8.00325971089	12.902	-0.797	5.152	15.421	3.059	6.378	18.303	3.914	8.714
534602	TYR	  81 	LYS	  38 	GLN	  80 	3	41.1750536247	1	7.8899065267	4.436	-5.829	4.805	9.451	-5.655	7.713	2.191	-8.455	6.408
566570	VAL	  40 	ASP	  41 	ILE	  39 	3	36.2518178388	1	6.78880151426	6.09	-11.046	9.089	4.327	-14.352	8.437	8.03	-8.983	6.553
272525	ILE	  39 	ILE	  79 	GLN	  80 	6	65.9964133144	1	6.80392739526	8.03	-8.983	6.553	2.136	-11.947	4.889	2.191	-8.455	6.408
566788	VAL	  40 	ASP	  41 	MET	  42 	5	53.0234028722	1	5.98402715569	6.09	-11.046	9.089	4.327	-14.352	8.437	1.142	-14.092	10.52
564846	VAL	  40 	MET	  42 	GLN	  80 	7	71.7083840369	1	7.05582837093	6.09	-11.046	9.089	1.142	-14.092	10.52	2.191	-8.455	6.408
624389	ARG	  44 	ASP	  41 	MET	  42 	6	66.1614705587	1	5.59823338206	4.555	-18.404	11.568	4.327	-14.352	8.437	1.142	-14.092	10.52
391970	ASP	  41 	MET	  42 	CYS	  48 	3	37.666885359	1	7.86021303783	4.327	-14.352	8.437	1.142	-14.092	10.52	0.697	-13.32	15.332
390535	ASP	  41 	LYS	  43 	CYS	  48 	8	77.1560584464	1	7.86021303783	4.327	-14.352	8.437	0.983	-17.898	10.358	0.697	-13.32	15.332
652688	ASN	  78 	ASP	  41 	GLN	  80 	9	87.1904836799	1	6.59196070983	-1.174	-13.732	5.477	4.327	-14.352	8.437	2.191	-8.455	6.408
387723	ASP	  41 	ILE	  79 	GLN	  80 	4	51.3830460673	1	6.59196070983	4.327	-14.352	8.437	2.136	-11.947	4.889	2.191	-8.455	6.408
361732	MET	  42 	LYS	  43 	CYS	  48 	5	59.1221249939	1	6.76613301672	1.142	-14.092	10.52	0.983	-17.898	10.358	0.697	-13.32	15.332
421274	PRO	  49 	MET	  42 	LYS	  43 	3	37.0146113403	1	7.98838713383	-2.389	-11.562	13.865	1.142	-14.092	10.52	0.983	-17.898	10.358
622372	ARG	  44 	MET	  42 	CYS	  48 	5	60.5705171287	1	7.40938027098	4.555	-18.404	11.568	1.142	-14.092	10.52	0.697	-13.32	15.332
420775	PRO	  49 	MET	  42 	CYS	  48 	8	75.8620896075	1	5.48250727314	-2.389	-11.562	13.865	1.142	-14.092	10.52	0.697	-13.32	15.332
358855	MET	  42 	ILE	  52 	CYS	  48 	8	78.3301177541	1	7.77728365176	1.142	-14.092	10.52	1.318	-7.409	14.494	0.697	-13.32	15.332
651247	ASN	  78 	MET	  42 	GLN	  80 	8	81.6858420091	1	7.05582837093	-1.174	-13.732	5.477	1.142	-14.092	10.52	2.191	-8.455	6.408
620935	ARG	  44 	LYS	  43 	CYS	  48 	8	79.944887386	1	7.40938027098	4.555	-18.404	11.568	0.983	-17.898	10.358	0.697	-13.32	15.332
419332	PRO	  49 	LYS	  43 	CYS	  48 	5	59.0755284751	1	7.98838713383	-2.389	-11.562	13.865	0.983	-17.898	10.358	0.697	-13.32	15.332
412132	PRO	  49 	GLU	  50 	CYS	  48 	5	59.6990148395	1	5.63534683937	-2.389	-11.562	13.865	-3.104	-9.502	16.985	0.697	-13.32	15.332
654054	ASN	  51 	PRO	  49 	CYS	  48 	7	71.1763416384	1	5.77057302181	0.487	-8.701	17.969	-2.389	-11.562	13.865	0.697	-13.32	15.332
416453	PRO	  49 	ILE	  52 	CYS	  48 	6	63.006823198	1	6.0023167194	-2.389	-11.562	13.865	1.318	-7.409	14.494	0.697	-13.32	15.332
646855	ASN	  51 	ILE	  52 	CYS	  48 	8	79.0283962364	1	6.0023167194	0.487	-8.701	17.969	1.318	-7.409	14.494	0.697	-13.32	15.332
654413	ASN	  51 	PRO	  49 	ILE	  52 	6	67.3272817581	1	5.77057302181	0.487	-8.701	17.969	-2.389	-11.562	13.865	1.318	-7.409	14.494
332934	LYS	  53 	LYS	  54 	CYS	  57 	7	68.6547787068	1	6.20478468603	-2.012	-5.548	14.412	-1.155	-3.685	17.612	-1.794	0.587	15.314
272456	ILE	  56 	ILE	  58 	CYS	  57 	9	89.9582635577	1	5.49669227809	0.741	-1.3	13.203	0.896	2.076	17.538	-1.794	0.587	15.314
646853	ASN	  59 	ILE	  56 	CYS	  57 	6	67.7359942879	1	5.41834670356	3.046	2.882	14.498	0.741	-1.3	13.203	-1.794	0.587	15.314
646853	ASN	  59 	ILE	  58 	CYS	  57 	6	62.6726623319	1	5.41834670356	3.046	2.882	14.498	0.896	2.076	17.538	-1.794	0.587	15.314
358851	MET	  61 	ILE	  58 	CYS	  57 	4	49.4777403837	1	7.01009992796	0.402	7.214	15.948	0.896	2.076	17.538	-1.794	0.587	15.314
649736	ASN	  59 	LYS	  60 	CYS	  57 	9	88.2965010307	1	5.41834670356	3.046	2.882	14.498	0.207	4.892	12.936	-1.794	0.587	15.314
651174	ASN	  59 	MET	  61 	CYS	  57 	7	70.686823682	1	7.01009992796	3.046	2.882	14.498	0.402	7.214	15.948	-1.794	0.587	15.314
361733	MET	  61 	LYS	  60 	CYS	  57 	6	62.3427780231	1	7.01009992796	0.402	7.214	15.948	0.207	4.892	12.936	-1.794	0.587	15.314
359067	MET	  61 	ILE	  58 	LEU	  62 	4	49.9816402398	1	6.97102323909	0.402	7.214	15.948	0.896	2.076	17.538	4.112	7.921	15.516
331423	LYS	  60 	GLY	  72 	PHE	  70 	8	80.976921055	1	7.89038718949	0.207	4.892	12.936	2.163	2.149	5.801	5.915	4.307	9.527
645626	ASN	  63 	HIS	  64 	LEU	  62 	3	43.3598981246	1	6.45198434592	5.576	11.064	13.981	8.869	12.279	15.433	4.112	7.921	15.516
645553	ASN	  63 	HIS	  64 	GLU	  65 	2	30.0063333063	1	7.04341579065	5.576	11.064	13.981	8.869	12.279	15.433	12.397	12.816	14.1
650019	ASN	  63 	LYS	  69 	HIS	  64 	4	49.3709929317	1	7.55742720772	5.576	11.064	13.981	8.833	6.528	10.53	8.869	12.279	15.433
645560	ASN	  66 	HIS	  64 	GLU	  65 	9	89.9885586471	1	5.48470974619	13.873	10.383	16.636	8.869	12.279	15.433	12.397	12.816	14.1
559155	VAL	  68 	HIS	  64 	GLU	  65 	4	52.0464429439	1	7.87837470548	11.449	5.247	12.991	8.869	12.279	15.433	12.397	12.816	14.1
328755	LYS	  69 	HIS	  64 	GLU	  65 	4	48.5967771052	1	8.06138573696	8.833	6.528	10.53	8.869	12.279	15.433	12.397	12.816	14.1
299955	GLY	 117 	HIS	  64 	GLU	  65 	4	50.9285398148	1	7.63107489152	12.379	10.322	21.312	8.869	12.279	15.433	12.397	12.816	14.1
661544	ASN	  66 	VAL	  67 	HIS	  64 	9	87.8197968731	1	5.48470974619	13.873	10.383	16.636	11.356	7.582	16.01	8.869	12.279	15.433
648434	ASN	  66 	GLY	 117 	GLU	  65 	3	36.0367418507	1	7.63107489152	13.873	10.383	16.636	12.379	10.322	21.312	12.397	12.816	14.1
649874	ASN	  66 	LYS	 145 	GLU	  65 	3	35.0078111111	1	7.23802604306	13.873	10.383	16.636	15.737	6.605	15.73	12.397	12.816	14.1
574996	VAL	  68 	VAL	  67 	GLU	  65 	5	56.6144539479	1	7.70832965045	11.449	5.247	12.991	11.356	7.582	16.01	12.397	12.816	14.1
665647	ASN	 143 	ASN	  66 	GLN	 113 	8	80.6799135207	1	7.45119701793	20.563	10.733	13.999	13.873	10.383	16.636	18.294	12.283	20.925
563258	VAL	  68 	LYS	  69 	PHE	  70 	3	40.8447346233	1	6.59606337144	11.449	5.247	12.991	8.833	6.528	10.53	5.915	4.307	9.527
325660	LYS	  69 	GLU	  85 	PHE	  70 	5	53.4423386734	1	6.46308185002	8.833	6.528	10.53	12.072	4.404	7.564	5.915	4.307	9.527
522940	TYR	  71 	PHE	  83 	PHE	  70 	5	58.612285781	1	6.20409131138	4.959	4.718	5.87	7.083	0.008	5.209	5.915	4.307	9.527
292543	GLY	  72 	PHE	  70 	PHE	  83 	8	80.6503964917	1	6.20409131138	2.163	2.149	5.801	5.915	4.307	9.527	7.083	0.008	5.209
206140	LEU	  84 	PHE	  70 	PHE	  83 	5	55.9891621839	1	6.20409131138	9.408	1.715	7.67	5.915	4.307	9.527	7.083	0.008	5.209
533377	TYR	  71 	GLY	  72 	HIS	  73 	2	24.8656829591	1	7.20377602373	4.959	4.718	5.87	2.163	2.149	5.801	1.463	-1.564	5.413
635618	ARG	  75 	ARG	  74 	HIS	  73 	3	36.8222260101	1	6.78305344222	-2.138	-7.002	3.55	0.176	-4.056	2.837	1.463	-1.564	5.413
530283	TYR	  81 	HIS	  73 	GLN	  80 	4	48.6064717187	1	7.00042070164	4.436	-5.829	4.805	1.463	-1.564	5.413	2.191	-8.455	6.408
530143	TYR	  81 	HIS	  73 	PHE	  83 	8	82.981981204	1	6.4218684197	4.436	-5.829	4.805	1.463	-1.564	5.413	7.083	0.008	5.209
631084	ARG	  74 	TYR	  81 	GLN	  80 	5	60.3820225778	1	6.0136068212	0.176	-4.056	2.837	4.436	-5.829	4.805	2.191	-8.455	6.408
664565	ASN	  78 	ARG	  75 	GLY	  77 	6	66.9712400162	1	7.06650727021	-1.174	-13.732	5.477	-2.138	-7.002	3.55	-2.978	-12.551	2.343
664492	ASN	  78 	ARG	  75 	ILE	  79 	5	58.9409285848	1	7.06650727021	-1.174	-13.732	5.477	-2.138	-7.002	3.55	2.136	-11.947	4.889
642608	ASN	  78 	GLU	  76 	GLN	  80 	9	88.1347789674	1	6.49924949513	-1.174	-13.732	5.477	-1.109	-9.565	0.92	2.191	-8.455	6.408
648365	ASN	  78 	GLY	  77 	GLN	  80 	6	67.2651531395	1	7.74725770838	-1.174	-13.732	5.477	-2.978	-12.551	2.343	2.191	-8.455	6.408
301322	GLY	  77 	ILE	  79 	GLN	  80 	3	42.6721528253	1	7.74725770838	-2.978	-12.551	2.343	2.136	-11.947	4.889	2.191	-8.455	6.408
646923	ASN	  78 	ILE	  79 	GLN	  80 	4	46.4182379632	1	6.3274572302	-1.174	-13.732	5.477	2.136	-11.947	4.889	2.191	-8.455	6.408
528842	TYR	  81 	LEU	  82 	GLN	  80 	3	43.793330026	1	6.45203270295	4.436	-5.829	4.805	5.372	-2.874	7.01	2.191	-8.455	6.408
210457	LEU	  84 	GLU	  85 	PHE	  83 	2	28.8247130785	1	7.05414502261	9.408	1.715	7.67	12.072	4.404	7.564	7.083	0.008	5.209
527331	TYR	  86 	GLU	  85 	CYS	  87 	4	45.6559575356	1	6.35515231918	15.421	3.059	6.378	12.072	4.404	7.564	18.303	3.914	8.714
537415	TYR	  86 	ASP	 139 	CYS	  87 	8	81.6139042962	1	7.41215548946	15.421	3.059	6.378	20.298	7.481	9.784	18.303	3.914	8.714
440932	SER	  88 	GLU	 140 	CYS	  87 	5	52.6102537948	1	6.83380391876	21.519	3.452	6.729	22.857	8.808	7.296	18.303	3.914	8.714
302695	GLY	  90 	GLY	  89 	CYS	  87 	8	82.3158090435	1	6.00092417882	22.7	0.733	11.275	23.72	4.053	9.764	18.303	3.914	8.714
211975	LEU	 137 	LEU	 138 	CYS	  87 	8	77.5410044981	1	6.14245276742	19.002	2.884	14.729	21.03	5.605	13.012	18.303	3.914	8.714
383331	ASP	 139 	GLU	 140 	CYS	  87 	4	44.874699819	1	6.83380391876	20.298	7.481	9.784	22.857	8.808	7.296	18.303	3.914	8.714
390532	ASP	 139 	LYS	 145 	CYS	  87 	5	54.131548567	1	7.94040886857	20.298	7.481	9.784	15.737	6.605	15.73	18.303	3.914	8.714
302834	GLY	  89 	GLY	  90 	GLU	  91 	3	36.6637088946	1	6.76379227948	23.72	4.053	9.764	22.7	0.733	11.275	22.325	-0.017	14.983
624244	ARG	 141 	ASP	 139 	GLY	  89 	5	55.7702824374	1	7.70529545183	23.715	11.756	9.576	20.298	7.481	9.784	23.72	4.053	9.764
211898	LEU	 136 	LEU	  92 	PHE	  93 	3	41.4027633446	1	7.72289071527	18.149	2.356	18.399	23.712	2.02	17.864	24.895	-1.322	19.178
387794	ASP	  94 	ILE	  96 	GLU	  97 	3	43.1872317842	1	7.50455201861	27.474	-1.429	16.379	29.811	0.68	20.806	33.318	-0.751	21.038
622803	ARG	  95 	MET	 102 	GLY	 101 	4	47.7076339305	1	8.04057218113	28.87	1.991	17.363	32.583	5.506	22.486	32.334	2.355	24.61
301610	GLY	 101 	ILE	  96 	ILE	 100 	3	35.1876409186	1	7.63509384356	32.334	2.355	24.61	29.811	0.68	20.806	35.532	0.721	25.862
389239	ASP	  99 	GLY	 204 	GLU	  97 	8	79.499185019	1	6.35807919108	34.919	-2.918	26.797	31.279	-0.756	26.283	33.318	-0.751	21.038
389527	ASP	  99 	GLY	 101 	GLY	 204 	8	81.4793717103	1	6.26655591214	34.919	-2.918	26.797	32.334	2.355	24.61	31.279	-0.756	26.283
360650	MET	 102 	GLY	 101 	ILE	 100 	3	41.6434389973	1	6.55669139124	32.583	5.506	22.486	32.334	2.355	24.61	35.532	0.721	25.862
303055	GLY	 204 	GLY	 101 	ILE	 100 	8	77.5419494988	1	4.52181147329	31.279	-0.756	26.283	32.334	2.355	24.61	35.532	0.721	25.862
301393	GLY	 204 	ILE	 100 	GLU	 205 	2	31.6925097516	1	7.54704452087	31.279	-0.756	26.283	35.532	0.721	25.862	29.806	-3.302	28.688
421201	PRO	 103 	MET	 102 	GLY	 101 	2	27.8945332371	1	7.14586055	33.749	9.138	22.863	32.583	5.506	22.486	32.334	2.355	24.61
363607	MET	 201 	MET	 102 	GLY	 101 	8	76.7001691414	1	5.87305593367	27.792	3.742	25.389	32.583	5.506	22.486	32.334	2.355	24.61
360727	MET	 102 	GLY	 204 	GLY	 101 	8	82.4213413713	1	7.4384318912	32.583	5.506	22.486	31.279	-0.756	26.283	32.334	2.355	24.61
302832	GLY	 101 	GLY	 204 	GLU	 205 	1	10.447135655	1	7.41771642758	32.334	2.355	24.61	31.279	-0.756	26.283	29.806	-3.302	28.688
420915	PRO	 103 	MET	 102 	GLU	 104 	4	47.8404328794	1	6.26635412341	33.749	9.138	22.863	32.583	5.506	22.486	31.771	10.873	25.617
422788	PRO	 103 	ASP	 106 	MET	 102 	5	52.562213475	1	6.80324988517	33.749	9.138	22.863	29.119	11.153	20.938	32.583	5.506	22.486
597028	ALA	 107 	PRO	 103 	MET	 102 	5	58.9306464155	1	6.59084979346	27.392	9.348	23.802	33.749	9.138	22.863	32.583	5.506	22.486
363606	MET	 102 	MET	 201 	GLY	 204 	7	71.6308344264	1	7.4384318912	32.583	5.506	22.486	27.792	3.742	25.389	31.279	-0.756	26.283
594004	ALA	 203 	MET	 102 	GLY	 204 	5	53.4232324003	1	7.64008887383	31.906	1.721	29.088	32.583	5.506	22.486	31.279	-0.756	26.283
423800	PRO	 105 	PRO	 103 	GLU	 104 	9	89.7583821575	1	5.57887354221	30.607	13.723	23.342	33.749	9.138	22.863	31.771	10.873	25.617
597176	ALA	 107 	PRO	 103 	PRO	 105 	9	88.5259159759	1	6.42940666003	27.392	9.348	23.802	33.749	9.138	22.863	30.607	13.723	23.342
422357	PRO	 105 	ASP	 106 	GLU	 104 	6	63.8063451462	1	5.38558678326	30.607	13.723	23.342	29.119	11.153	20.938	31.771	10.873	25.617
383407	ASP	 106 	GLU	 104 	GLN	 108 	8	81.5863856656	1	6.12166104909	29.119	11.153	20.938	31.771	10.873	25.617	25.932	12.63	25.075
596526	ALA	 107 	PRO	 105 	GLN	 108 	7	72.7901479519	1	5.44871085671	27.392	9.348	23.802	30.607	13.723	23.342	25.932	12.63	25.075
595085	ALA	 107 	ASP	 106 	GLN	 108 	6	62.6702838068	1	5.42708641907	27.392	9.348	23.802	29.119	11.153	20.938	25.932	12.63	25.075
237822	HIS	 112 	GLN	 108 	PHE	 111 	7	75.1709170134	1	6.10954941055	20.027	13.742	23.97	25.932	12.63	25.075	21.554	10.325	24.743
530287	TYR	 265 	HIS	 112 	GLN	 108 	8	82.3640872429	1	7.60477606508	23.342	16.447	30.257	20.027	13.742	23.97	25.932	12.63	25.075
616541	ARG	 109 	HIS	 112 	PHE	 110 	6	68.0972772802	1	5.42817179168	24.526	13.555	21.649	20.027	13.742	23.97	22.963	10.099	21.218
616542	ARG	 109 	HIS	 112 	PHE	 111 	7	68.9912279045	1	5.37015083587	24.526	13.555	21.649	20.027	13.742	23.97	21.554	10.325	24.743
234944	HIS	 112 	PHE	 110 	PHE	 111 	9	89.7632783458	1	5.42817179168	20.027	13.742	23.97	22.963	10.099	21.218	21.554	10.325	24.743
357340	MET	 115 	HIS	 112 	PHE	 111 	5	59.8481051481	1	6.14076917006	15.568	11.476	25.486	20.027	13.742	23.97	21.554	10.325	24.743
207581	LEU	 114 	CYS	 194 	PHE	 111 	6	60.741037933	1	8.03757905093	17.177	9.217	22.863	17.886	4.463	28.84	21.554	10.325	24.743
357486	MET	 115 	HIS	 112 	GLN	 113 	7	68.9397472029	1	5.3744809982	15.568	11.476	25.486	20.027	13.742	23.97	18.294	12.283	20.925
587886	ALA	 116 	HIS	 112 	GLN	 113 	7	74.9831604762	1	6.29142567309	13.859	13.509	22.752	20.027	13.742	23.97	18.294	12.283	20.925
593862	ALA	 116 	MET	 115 	HIS	 112 	7	72.8988642151	1	6.29142567309	13.859	13.509	22.752	15.568	11.476	25.486	20.027	13.742	23.97
593647	ALA	 116 	MET	 115 	GLN	 113 	8	83.0881052182	1	5.3744809982	13.859	13.509	22.752	15.568	11.476	25.486	18.294	12.283	20.925
533381	TYR	 120 	GLY	 123 	HIS	 122 	6	66.5940035677	1	5.50949298938	7.737	12.226	22.61	3.818	12.439	25.755	5.594	9.234	26.71
302982	GLY	 125 	GLY	 123 	HIS	 122 	7	75.6262484388	1	5.43413461372	0.989	7.816	26.148	3.818	12.439	25.755	5.594	9.234	26.71
472760	THR	 127 	HIS	 122 	GLU	 187 	9	88.5400319996	1	7.07501703178	5.884	3.077	26.301	5.594	9.234	26.71	7.665	5.694	32.475
303050	GLY	 123 	GLY	 125 	ILE	 126 	3	43.0043840173	1	7.49906800876	3.818	12.439	25.755	0.989	7.816	26.148	3.098	5.054	24.669
619849	ARG	 156 	GLY	 125 	ILE	 124 	2	26.3779893633	1	7.76934656197	-2.096	6.622	29.204	0.989	7.816	26.148	1.468	10.489	23.485
619850	ARG	 156 	GLY	 125 	ILE	 126 	3	40.3158155677	1	7.07124352572	-2.096	6.622	29.204	0.989	7.816	26.148	3.098	5.054	24.669
474338	THR	 127 	ILE	 126 	HIS	 128 	3	40.7951787973	1	6.5936335203	5.884	3.077	26.301	3.098	5.054	24.669	8.415	1.189	24.152
560380	VAL	 154 	ILE	 126 	PHE	 155 	5	60.2238393324	1	5.77758444335	-0.401	2.543	25.547	3.098	5.054	24.669	-0.061	3.414	29.22
628424	ARG	 129 	THR	 127 	HIS	 128 	9	89.7972451863	1	5.66644315245	9.283	-1.427	26.82	5.884	3.077	26.301	8.415	1.189	24.152
484420	THR	 153 	THR	 127 	HIS	 128 	5	53.4339288567	1	6.82063325506	1.796	-0.397	24.593	5.884	3.077	26.301	8.415	1.189	24.152
628420	ARG	 129 	THR	 153 	HIS	 128 	5	58.6433206669	1	7.87880688937	9.283	-1.427	26.82	1.796	-0.397	24.593	8.415	1.189	24.152
599619	ALA	 152 	THR	 153 	HIS	 128 	4	45.8408991773	1	6.82063325506	5.102	-1.199	22.915	1.796	-0.397	24.593	8.415	1.189	24.152
634754	ARG	 129 	ALA	 152 	THR	 153 	3	40.5694223496	1	7.87880688937	9.283	-1.427	26.82	5.102	-1.199	22.915	1.796	-0.397	24.593
619491	ARG	 129 	GLY	 169 	CYS	 168 	4	51.1899563201	1	6.98561400308	9.283	-1.427	26.82	11.867	-6.422	27.671	8.744	-8.018	29.071
389449	ASP	 130 	GLY	 169 	ILE	 131 	2	25.8391119098	1	7.79259918127	12.427	-2.743	25.126	11.867	-6.422	27.671	14.874	0.146	24.748
389089	ASP	 130 	GLY	 169 	CYS	 168 	2	31.0362676917	1	7.54673035162	12.427	-2.743	25.126	11.867	-6.422	27.671	8.744	-8.018	29.071
479815	THR	 170 	ASP	 130 	CYS	 168 	8	83.0141047915	1	7.54673035162	15.473	-7.649	27.811	12.427	-2.743	25.126	8.744	-8.018	29.071
566216	VAL	 174 	ASP	 130 	CYS	 168 	9	85.726592023	1	8.06034993037	14.95	-4.171	32.485	12.427	-2.743	25.126	8.744	-8.018	29.071
419689	PRO	 133 	LYS	 132 	ILE	 131 	2	28.5031580925	1	7.13627395775	21.188	-0.397	21.467	18.405	-1.096	24.02	14.874	0.146	24.748
330055	LYS	 132 	ILE	 131 	CYS	 194 	8	78.9226327631	1	7.37592312867	18.405	-1.096	24.02	14.874	0.146	24.748	17.886	4.463	28.84
387656	ASP	 190 	ILE	 131 	CYS	 194 	9	85.7705744991	1	6.82149404456	11.882	3.237	30.042	14.874	0.146	24.748	17.886	4.463	28.84
448131	SER	 193 	LYS	 132 	CYS	 194 	4	52.2312947199	1	7.37592312867	16.676	1.118	30.221	18.405	-1.096	24.02	17.886	4.463	28.84
624026	ARG	 141 	ASP	 139 	LEU	 138 	3	43.2218317897	1	7.53990198875	23.715	11.756	9.576	20.298	7.481	9.784	21.03	5.605	13.012
393557	ASP	 142 	ASP	 139 	GLU	 140 	6	66.8707441995	1	5.51781695963	23.909	9.532	12.664	20.298	7.481	9.784	22.857	8.808	7.296
599546	ALA	 152 	THR	 153 	LEU	 151 	3	39.0787039267	1	6.66763226341	5.102	-1.199	22.915	1.796	-0.397	24.593	6.396	-4.763	22.535
633459	ARG	 156 	VAL	 154 	TYR	 157 	4	50.3798466045	1	7.07711537281	-2.096	6.622	29.204	-0.401	2.543	25.547	-5.493	7.016	27.584
630938	ARG	 156 	TYR	 157 	PHE	 155 	3	37.469929354	1	6.71993482111	-2.096	6.622	29.204	-5.493	7.016	27.584	-0.061	3.414	29.22
635262	ARG	 162 	ARG	 156 	PHE	 155 	7	73.1772905833	1	5.96144059771	-2.754	2.505	33.465	-2.096	6.622	29.204	-0.061	3.414	29.22
636342	ARG	 160 	ARG	 156 	TYR	 157 	7	68.6473326985	1	5.44543965167	-5.788	8.265	32.854	-2.096	6.622	29.204	-5.493	7.016	27.584
636338	ARG	 162 	ARG	 156 	TYR	 157 	3	42.0227393607	1	7.90173417675	-2.754	2.505	33.465	-2.096	6.622	29.204	-5.493	7.016	27.584
666799	ASN	 158 	ASN	 159 	ARG	 156 	8	78.1173525988	1	6.82474365819	-8.041	9.797	28.13	-5.624	11.353	30.63	-2.096	6.622	29.204
665360	ASN	 158 	ARG	 156 	ARG	 160 	9	89.9602487099	1	6.82474365819	-8.041	9.797	28.13	-2.096	6.622	29.204	-5.788	8.265	32.854
665358	ASN	 159 	ARG	 156 	ARG	 160 	7	69.5970777533	1	6.07145954446	-5.624	11.353	30.63	-2.096	6.622	29.204	-5.788	8.265	32.854
636560	ARG	 160 	ARG	 162 	ARG	 156 	9	84.4334021763	1	6.5388131186	-5.788	8.265	32.854	-2.754	2.505	33.465	-2.096	6.622	29.204
666581	ASN	 159 	ASN	 158 	TYR	 157 	6	64.956623661	1	5.30140038103	-5.624	11.353	30.63	-8.041	9.797	28.13	-5.493	7.016	27.584
666797	ASN	 158 	ASN	 159 	ARG	 160 	6	62.3343233131	1	5.45336675825	-8.041	9.797	28.13	-5.624	11.353	30.63	-5.788	8.265	32.854
664274	ASN	 159 	ARG	 160 	GLU	 161 	3	41.4405904252	1	6.5583347734	-5.624	11.353	30.63	-5.788	8.265	32.854	-2.613	6.298	33.527
642459	ASN	 165 	GLU	 183 	PHE	 184 	4	51.8113954582	1	6.4570514943	2.139	-5.818	34.978	2.406	-3.673	39.085	4.567	-0.717	38.105
361731	MET	 167 	LYS	 166 	CYS	 168 	4	51.7116210252	1	6.01976361662	6.973	-8.835	32.32	3.425	-7.57	31.854	8.744	-8.018	29.071
475489	THR	 170 	GLY	 169 	CYS	 168 	2	34.2656538634	1	6.85588812628	15.473	-7.649	27.811	11.867	-6.422	27.671	8.744	-8.018	29.071
561890	VAL	 174 	GLY	 169 	CYS	 168 	3	41.3244365471	1	8.06034993037	14.95	-4.171	32.485	11.867	-6.422	27.671	8.744	-8.018	29.071
570535	VAL	 174 	THR	 170 	CYS	 168 	8	77.1548830302	1	8.06034993037	14.95	-4.171	32.485	15.473	-7.649	27.811	8.744	-8.018	29.071
542453	TYR	 173 	THR	 170 	PRO	 172 	6	63.4538327105	1	5.91766592501	18.073	-3.506	30.421	15.473	-7.649	27.811	20.156	-6.589	31.27
413647	PRO	 172 	LEU	 171 	GLN	 210 	8	82.0876691233	1	5.2760988429	20.156	-6.589	31.27	16.938	-8.697	31.19	19.775	-8.522	35.635
413646	PRO	 211 	LEU	 171 	GLN	 210 	7	69.2780687975	1	7.93398834131	18.815	-6.108	38.451	16.938	-8.697	31.19	19.775	-8.522	35.635
567725	VAL	 174 	PRO	 172 	GLN	 210 	6	62.4740096266	1	7.22041037615	14.95	-4.171	32.485	20.156	-6.589	31.27	19.775	-8.522	35.635
568375	VAL	 174 	PRO	 211 	PRO	 172 	8	76.3081571725	1	7.36772352901	14.95	-4.171	32.485	18.815	-6.108	38.451	20.156	-6.589	31.27
424016	PRO	 172 	PRO	 207 	ILE	 196 	9	89.2688640772	1	7.84824018491	20.156	-6.589	31.27	26.76	-3.646	34.323	21.673	1.1	30.899
510271	TRP	 208 	PRO	 172 	LEU	 206 	8	77.1281563301	1	6.94678609142	24.759	-6.768	35.227	20.156	-6.589	31.27	26.562	-4.013	30.505
510770	TRP	 208 	PRO	 172 	PRO	 207 	3	43.816479894	1	7.84824018491	24.759	-6.768	35.227	20.156	-6.589	31.27	26.76	-3.646	34.323
424301	PRO	 207 	PRO	 172 	ASP	 209 	6	68.06410188	1	7.84824018491	26.76	-3.646	34.323	20.156	-6.589	31.27	22.901	-9.8	33.865
510702	TRP	 208 	PRO	 172 	ASP	 209 	7	74.9759209338	1	6.07268466166	24.759	-6.768	35.227	20.156	-6.589	31.27	22.901	-9.8	33.865
510128	TRP	 208 	PRO	 172 	GLN	 210 	9	84.0138550956	1	6.07268466166	24.759	-6.768	35.227	20.156	-6.589	31.27	19.775	-8.522	35.635
510775	TRP	 208 	PRO	 211 	PRO	 172 	8	77.7111097808	1	7.32095642659	24.759	-6.768	35.227	18.815	-6.108	38.451	20.156	-6.589	31.27
422287	PRO	 172 	ASP	 209 	GLN	 210 	8	76.2319007843	1	4.95777883734	20.156	-6.589	31.27	22.901	-9.8	33.865	19.775	-8.522	35.635
423727	PRO	 172 	PRO	 211 	GLN	 210 	8	76.005957989	1	7.32095642659	20.156	-6.589	31.27	18.815	-6.108	38.451	19.775	-8.522	35.635
604658	ALA	 175 	VAL	 174 	TYR	 173 	3	39.1102485507	1	6.68870996531	14.099	-2.152	35.628	14.95	-4.171	32.485	18.073	-3.506	30.421
574352	VAL	 174 	TYR	 173 	TRP	 192 	9	86.4870754192	1	7.37711129101	14.95	-4.171	32.485	18.073	-3.506	30.421	15.958	2.833	33.546
573488	VAL	 174 	TYR	 173 	GLN	 210 	9	86.6408682377	1	7.43255380068	14.95	-4.171	32.485	18.073	-3.506	30.421	19.775	-8.522	35.635
543536	TYR	 173 	TRP	 192 	ILE	 196 	9	83.5077161383	1	7.37711129101	18.073	-3.506	30.421	15.958	2.833	33.546	21.673	1.1	30.899
568374	VAL	 174 	PRO	 211 	PRO	 176 	7	75.1185510639	1	7.36772352901	14.95	-4.171	32.485	18.815	-6.108	38.451	14.247	-3.941	39.022
601494	ALA	 175 	TRP	 192 	PRO	 188 	7	69.6512586779	1	7.97099090452	14.099	-2.152	35.628	15.958	2.833	33.546	10.369	4.868	35.042
601420	ALA	 175 	TRP	 192 	ASP	 190 	5	59.6118918339	1	8.07216241165	14.099	-2.152	35.628	15.958	2.833	33.546	11.882	3.237	30.042
412275	PRO	 176 	GLU	 248 	GLU	 177 	4	49.4106977785	1	7.43944890432	14.247	-3.941	39.022	16.078	0.864	42.613	10.578	-3.294	39.819
423721	PRO	 176 	PRO	 211 	GLN	 210 	2	33.4202207147	1	7.93826895488	14.247	-3.941	39.022	18.815	-6.108	38.451	19.775	-8.522	35.635
452526	SER	 212 	PRO	 176 	GLN	 210 	7	68.3437997856	1	7.93826895488	18.303	-8.678	41.214	14.247	-3.941	39.022	19.775	-8.522	35.635
453174	SER	 212 	PRO	 176 	PRO	 211 	7	73.5135390965	1	6.61023214418	18.303	-8.678	41.214	14.247	-3.941	39.022	18.815	-6.108	38.451
642676	ASN	 249 	GLU	 177 	GLU	 248 	5	53.4561439664	1	7.54907663228	12.94	2.611	43.886	10.578	-3.294	39.819	16.078	0.864	42.613
412279	PRO	 250 	GLU	 177 	GLU	 248 	8	77.0888718343	1	7.43944890432	11.08	3.774	40.737	10.578	-3.294	39.819	16.078	0.864	42.613
635833	ARG	 182 	ARG	 181 	LYS	 180 	2	32.8809903451	1	6.92421417924	3.214	-7.141	40.452	6.507	-5.985	41.953	9.908	-7.666	42.143
635477	ARG	 181 	ARG	 182 	GLU	 183 	6	61.3430067152	1	5.51261906901	6.507	-5.985	41.953	3.214	-7.141	40.452	2.406	-3.673	39.085
635264	ARG	 182 	ARG	 181 	PHE	 184 	9	87.442426153	1	6.97185728483	3.214	-7.141	40.452	6.507	-5.985	41.953	4.567	-0.717	38.105
613657	ARG	 182 	GLU	 183 	PHE	 184 	2	31.7531917135	1	6.97185728483	3.214	-7.141	40.452	2.406	-3.673	39.085	4.567	-0.717	38.105
587739	ALA	 186 	HIS	 185 	PHE	 184 	4	45.2231524096	1	6.40502701009	5.5	2.584	32.696	4.499	2.688	36.38	4.567	-0.717	38.105
603939	ALA	 186 	VAL	 189 	HIS	 185 	4	48.122863571	1	7.22551825131	5.5	2.584	32.696	10.934	1.508	33.313	4.499	2.688	36.38
415157	PRO	 188 	HIS	 185 	GLU	 187 	6	65.8122178351	1	6.40308862972	10.369	4.868	35.042	4.499	2.688	36.38	7.665	5.694	32.475
567943	VAL	 189 	PRO	 188 	HIS	 185 	8	77.1065731676	1	7.22551825131	10.934	1.508	33.313	10.369	4.868	35.042	4.499	2.688	36.38
423942	PRO	 250 	PRO	 188 	HIS	 185 	7	73.1239824324	1	7.96695713557	11.08	3.774	40.737	10.369	4.868	35.042	4.499	2.688	36.38
567796	VAL	 191 	PRO	 188 	GLU	 187 	5	54.8681020388	1	6.36270296336	14.009	5.716	31.988	10.369	4.868	35.042	7.665	5.694	32.475
572692	VAL	 189 	TRP	 192 	PRO	 188 	5	59.7326502074	1	6.1332016109	10.934	1.508	33.313	15.958	2.833	33.546	10.369	4.868	35.042
572694	VAL	 191 	TRP	 192 	PRO	 188 	7	68.6829351113	1	6.1332016109	14.009	5.716	31.988	15.958	2.833	33.546	10.369	4.868	35.042
453173	SER	 251 	PRO	 188 	PRO	 250 	6	64.7825470136	1	7.93766949425	9.296	6.46	42.744	10.369	4.868	35.042	11.08	3.774	40.737
625975	ARG	 253 	PRO	 188 	PRO	 250 	8	79.9290046788	1	7.05660456594	14.227	7.52	40.322	10.369	4.868	35.042	11.08	3.774	40.737
627415	ARG	 253 	SER	 251 	PRO	 188 	8	80.1969117026	1	7.93766949425	14.227	7.52	40.322	9.296	6.46	42.744	10.369	4.868	35.042
575647	VAL	 189 	VAL	 191 	SER	 193 	8	78.9370798533	1	6.53323258426	10.934	1.508	33.313	14.009	5.716	31.988	16.676	1.118	30.221
508615	TRP	 192 	ASP	 190 	CYS	 194 	8	79.0673470687	1	6.24466940678	15.958	2.833	33.546	11.882	3.237	30.042	17.886	4.463	28.84
571976	VAL	 191 	TRP	 192 	CYS	 194 	9	86.8617058427	1	5.34046065429	14.009	5.716	31.988	15.958	2.833	33.546	17.886	4.463	28.84
504294	TRP	 192 	GLY	 195 	CYS	 194 	7	69.1658560025	1	5.34046065429	15.958	2.833	33.546	20.324	4.541	31.776	17.886	4.463	28.84
502856	TRP	 192 	ILE	 196 	CYS	 194 	9	88.557944515	1	6.53231375548	15.958	2.833	33.546	21.673	1.1	30.899	17.886	4.463	28.84
504656	TRP	 192 	GLY	 195 	ILE	 245 	9	87.5602092266	1	6.06275853057	15.958	2.833	33.546	20.324	4.541	31.776	18.812	7.023	36.871
515318	TRP	 192 	TRP	 231 	TRP	 221 	6	63.5140634152	2	16.1024210291	15.958	2.833	33.546	31.757	2.462	36.635	26.247	-1.016	42.545
515320	TRP	 221 	TRP	 264 	TRP	 192 	8	79.0277727641	2	20.0902389483	26.247	-1.016	42.545	26.39	16.4	32.531	15.958	2.833	33.546
503069	TRP	 192 	ILE	 245 	LEU	 246 	6	63.3771424828	1	6.06275853057	15.958	2.833	33.546	18.812	7.023	36.871	19.765	3.574	38.173
446696	SER	 193 	GLY	 195 	CYS	 194 	9	89.9351552822	1	5.23859313175	16.676	1.118	30.221	20.324	4.541	31.776	17.886	4.463	28.84
301253	GLY	 195 	ILE	 196 	CYS	 194 	6	62.0809676831	1	5.46723138343	20.324	4.541	31.776	21.673	1.1	30.899	17.886	4.463	28.84
571111	VAL	 197 	THR	 199 	MET	 201 	8	81.6585177124	1	6.22078692771	22.054	2.257	27.278	26.25	2.909	30.623	27.792	3.742	25.389
471387	THR	 199 	LEU	 242 	LEU	 198 	4	49.6152204192	1	7.91254990506	26.25	2.909	30.623	23.734	7.303	36.194	24.06	5.244	28.561
599762	ALA	 200 	THR	 199 	GLY	 204 	3	42.1976252801	1	7.58674277935	26.866	0.736	27.546	26.25	2.909	30.623	31.279	-0.756	26.283
478806	THR	 199 	MET	 201 	GLY	 204 	7	68.9816939996	1	7.58674277935	26.25	2.909	30.623	27.792	3.742	25.389	31.279	-0.756	26.283
478519	THR	 199 	MET	 201 	GLU	 205 	8	83.0401442681	1	8.03477025185	26.25	2.909	30.623	27.792	3.742	25.389	29.806	-3.302	28.688
481975	THR	 199 	PRO	 230 	PRO	 207 	8	77.3188881426	1	7.87758554381	26.25	2.909	30.623	32.103	-0.675	34.49	26.76	-3.646	34.323
593714	ALA	 200 	MET	 201 	GLU	 205 	3	38.9423552478	1	8.03477025185	26.866	0.736	27.546	27.792	3.742	25.389	29.806	-3.302	28.688
360434	MET	 201 	GLY	 204 	GLU	 205 	3	38.8701470315	1	8.03477025185	27.792	3.742	25.389	31.279	-0.756	26.283	29.806	-3.302	28.688
601280	ALA	 203 	TRP	 231 	LYS	 233 	9	83.7435044688	1	7.5847538523	31.906	1.721	29.088	31.757	2.462	36.635	35.638	3.852	33.228
601135	ALA	 203 	TRP	 231 	ILE	 234 	8	82.3544719214	1	7.5847538523	31.906	1.721	29.088	31.757	2.462	36.635	32.933	6.504	33.062
423800	PRO	 230 	PRO	 207 	GLU	 205 	9	86.2806232073	1	6.77056437825	32.103	-0.675	34.49	26.76	-3.646	34.323	29.806	-3.302	28.688
510268	TRP	 208 	PRO	 207 	LEU	 206 	5	57.7143372306	1	5.75657172282	24.759	-6.768	35.227	26.76	-3.646	34.323	26.562	-4.013	30.505
508828	TRP	 208 	ASP	 209 	LEU	 206 	5	59.4615621696	1	7.62770542168	24.759	-6.768	35.227	22.901	-9.8	33.865	26.562	-4.013	30.505
510696	TRP	 208 	PRO	 207 	ASP	 209 	1	23.1816477584	1	7.27828008529	24.759	-6.768	35.227	26.76	-3.646	34.323	22.901	-9.8	33.865
510198	TRP	 208 	PRO	 207 	GLU	 217 	7	70.341482663	1	6.61400188993	24.759	-6.768	35.227	26.76	-3.646	34.323	27.176	-6.937	40.045
543891	TYR	 218 	TRP	 208 	PRO	 207 	4	48.3661280976	1	7.40135588929	23.858	-5.303	40.927	24.759	-6.768	35.227	26.76	-3.646	34.323
508685	TRP	 208 	ASP	 209 	GLN	 210 	6	65.0139326515	1	5.29936184837	24.759	-6.768	35.227	22.901	-9.8	33.865	19.775	-8.522	35.635
510700	TRP	 208 	PRO	 211 	ASP	 209 	5	54.0273548088	1	7.16642560835	24.759	-6.768	35.227	18.815	-6.108	38.451	22.901	-9.8	33.865
508616	TRP	 208 	ASP	 209 	CYS	 215 	9	88.9009394414	1	7.23264737147	24.759	-6.768	35.227	22.901	-9.8	33.865	23.159	-10.632	41.045
508755	TRP	 208 	ASP	 209 	GLU	 217 	4	44.6623559694	1	8.04144228357	24.759	-6.768	35.227	22.901	-9.8	33.865	27.176	-6.937	40.045
510126	TRP	 208 	PRO	 211 	GLN	 210 	7	71.7081918502	1	6.79418221716	24.759	-6.768	35.227	18.815	-6.108	38.451	19.775	-8.522	35.635
497096	TRP	 208 	GLN	 210 	CYS	 215 	9	84.8433503309	1	7.16516712994	24.759	-6.768	35.227	19.775	-8.522	35.635	23.159	-10.632	41.045
543245	TYR	 218 	TRP	 208 	GLN	 210 	6	66.7139333935	1	7.41876768743	23.858	-5.303	40.927	24.759	-6.768	35.227	19.775	-8.522	35.635
510056	TRP	 208 	PRO	 211 	CYS	 215 	9	86.3935137862	1	7.16516712994	24.759	-6.768	35.227	18.815	-6.108	38.451	23.159	-10.632	41.045
543895	TYR	 218 	TRP	 208 	PRO	 211 	8	77.6645022281	1	6.79418221716	23.858	-5.303	40.927	24.759	-6.768	35.227	18.815	-6.108	38.451
498534	TRP	 208 	GLU	 217 	CYS	 215 	7	70.9034657818	1	7.16516712994	24.759	-6.768	35.227	27.176	-6.937	40.045	23.159	-10.632	41.045
543174	TYR	 218 	TRP	 208 	CYS	 215 	7	70.2471885085	1	7.16516712994	23.858	-5.303	40.927	24.759	-6.768	35.227	23.159	-10.632	41.045
515325	TRP	 208 	TRP	 264 	TRP	 221 	4	49.9134167624	3	23.381291688	24.759	-6.768	35.227	26.39	16.4	32.531	26.247	-1.016	42.545
381895	ASP	 209 	GLN	 210 	CYS	 215 	8	82.0284153046	1	7.23264737147	22.901	-9.8	33.865	19.775	-8.522	35.635	23.159	-10.632	41.045
422216	PRO	 211 	ASP	 209 	CYS	 215 	9	85.8076224982	1	7.23264737147	18.815	-6.108	38.451	22.901	-9.8	33.865	23.159	-10.632	41.045
383334	ASP	 209 	GLU	 217 	CYS	 215 	7	74.6349529294	1	8.04144228357	22.901	-9.8	33.865	27.176	-6.937	40.045	23.159	-10.632	41.045
452524	SER	 212 	PRO	 211 	GLN	 210 	5	57.1975007741	1	5.77203265757	18.303	-8.678	41.214	18.815	-6.108	38.451	19.775	-8.522	35.635
439494	SER	 212 	GLN	 210 	CYS	 215 	7	73.0497601218	1	6.72098623715	18.303	-8.678	41.214	19.775	-8.522	35.635	23.159	-10.632	41.045
525895	TYR	 218 	GLN	 210 	CYS	 215 	8	76.8098449327	1	7.41876768743	23.858	-5.303	40.927	19.775	-8.522	35.635	23.159	-10.632	41.045
453097	SER	 212 	PRO	 211 	ASP	 213 	2	32.5819694665	1	6.94409079722	18.303	-8.678	41.214	18.815	-6.108	38.451	19.706	-8.912	44.741
452453	SER	 212 	PRO	 211 	CYS	 215 	6	64.7765179558	1	6.78717525927	18.303	-8.678	41.214	18.815	-6.108	38.451	23.159	-10.632	41.045
422214	PRO	 211 	ASP	 213 	CYS	 215 	7	75.4951789903	1	6.94409079722	18.815	-6.108	38.451	19.706	-8.912	44.741	23.159	-10.632	41.045
540940	TYR	 218 	SER	 212 	ASP	 213 	5	57.7338025653	1	6.69407058523	23.858	-5.303	40.927	18.303	-8.678	41.214	19.706	-8.912	44.741
453894	SER	 212 	SER	 214 	CYS	 215 	7	70.8006917492	1	5.23711876894	18.303	-8.678	41.214	21.047	-12.329	43.721	23.159	-10.632	41.045
454685	SER	 212 	SER	 219 	SER	 214 	6	67.6545141461	1	7.71531347386	18.303	-8.678	41.214	24.47	-5.6	44.681	21.047	-12.329	43.721
453895	SER	 219 	SER	 212 	CYS	 215 	8	79.029948039	1	7.71531347386	24.47	-5.6	44.681	18.303	-8.678	41.214	23.159	-10.632	41.045
541083	TYR	 218 	SER	 212 	SER	 219 	4	47.7204057992	1	7.71531347386	23.858	-5.303	40.927	18.303	-8.678	41.214	24.47	-5.6	44.681
540940	TYR	 218 	SER	 214 	ASP	 213 	5	59.160043901	1	8.06677339461	23.858	-5.303	40.927	21.047	-12.329	43.721	19.706	-8.912	44.741
381894	ASP	 213 	GLN	 216 	CYS	 215 	7	70.5390726875	1	7.16195692531	19.706	-8.912	44.741	26.497	-9.687	42.602	23.159	-10.632	41.045
537416	TYR	 218 	ASP	 213 	CYS	 215 	9	89.6786586613	1	6.69407058523	23.858	-5.303	40.927	19.706	-8.912	44.741	23.159	-10.632	41.045
451015	SER	 219 	ASP	 213 	CYS	 215 	8	78.6144742955	1	6.34509582276	24.47	-5.6	44.681	19.706	-8.912	44.741	23.159	-10.632	41.045
540943	TYR	 218 	SER	 219 	ASP	 213 	8	75.8724629956	1	6.69407058523	23.858	-5.303	40.927	24.47	-5.6	44.681	19.706	-8.912	44.741
439496	SER	 214 	GLN	 216 	CYS	 215 	9	89.9586046427	1	6.15912534375	21.047	-12.329	43.721	26.497	-9.687	42.602	23.159	-10.632	41.045
453893	SER	 219 	SER	 214 	CYS	 215 	6	61.9213596172	1	7.61038566697	24.47	-5.6	44.681	21.047	-12.329	43.721	23.159	-10.632	41.045
540367	TYR	 218 	SER	 214 	GLN	 216 	8	82.2660672108	1	8.06677339461	23.858	-5.303	40.927	21.047	-12.329	43.721	26.497	-9.687	42.602
453967	SER	 214 	SER	 219 	GLN	 216 	8	78.2900213451	1	7.61038566697	21.047	-12.329	43.721	24.47	-5.6	44.681	26.497	-9.687	42.602
541084	TYR	 218 	SER	 214 	SER	 219 	5	52.9602708027	1	8.06677339461	23.858	-5.303	40.927	21.047	-12.329	43.721	24.47	-5.6	44.681
180293	GLU	 217 	GLN	 216 	CYS	 215 	6	60.61931591	1	5.54881194491	27.176	-6.937	40.045	26.497	-9.687	42.602	23.159	-10.632	41.045
525894	TYR	 218 	GLN	 216 	CYS	 215 	7	69.3639856714	1	5.38418071762	23.858	-5.303	40.927	26.497	-9.687	42.602	23.159	-10.632	41.045
439492	SER	 219 	GLN	 216 	CYS	 215 	5	55.9384945308	1	6.34509582276	24.47	-5.6	44.681	26.497	-9.687	42.602	23.159	-10.632	41.045
383404	ASP	 220 	GLU	 217 	GLN	 216 	5	60.1875849044	1	6.09521935618	27.904	-3.992	44.257	27.176	-6.937	40.045	26.497	-9.687	42.602
540368	TYR	 218 	SER	 219 	GLN	 216 	9	84.0507636181	1	5.38418071762	23.858	-5.303	40.927	24.47	-5.6	44.681	26.497	-9.687	42.602
537487	TYR	 218 	ASP	 220 	GLN	 216 	8	81.3917267411	1	6.09521935618	23.858	-5.303	40.927	27.904	-3.992	44.257	26.497	-9.687	42.602
543316	TYR	 218 	TRP	 221 	GLU	 217 	5	54.7337711642	1	6.49394194615	23.858	-5.303	40.927	26.247	-1.016	42.545	27.176	-6.937	40.045
543822	TYR	 218 	TRP	 221 	ASP	 220 	7	68.7078081597	1	5.40164206515	23.858	-5.303	40.927	26.247	-1.016	42.545	27.904	-3.992	44.257
543676	TYR	 218 	TRP	 221 	LYS	 222 	5	54.7731064367	1	6.49441490821	23.858	-5.303	40.927	26.247	-1.016	42.545	23.721	-0.543	45.343
511998	TRP	 221 	SER	 219 	LYS	 222 	7	71.870272371	1	5.36034336587	26.247	-1.016	42.545	24.47	-5.6	44.681	23.721	-0.543	45.343
508760	TRP	 221 	ASP	 220 	GLU	 223 	9	85.8069216189	1	5.2152013384	26.247	-1.016	42.545	27.904	-3.992	44.257	26.691	-0.674	47.73
513579	TRP	 221 	THR	 226 	ASP	 220 	4	45.6963072863	1	8.0151797235	26.247	-1.016	42.545	31.957	2.424	41.678	27.904	-3.992	44.257
506234	TRP	 221 	LYS	 225 	LYS	 222 	3	42.6077459948	1	7.67648845502	26.247	-1.016	42.545	31.336	0.172	44.688	23.721	-0.543	45.343
513440	TRP	 221 	THR	 226 	LYS	 224 	9	83.9455553371	1	6.72230533374	26.247	-1.016	42.545	31.957	2.424	41.678	28.272	2.178	45.745
660675	ASN	 229 	TYR	 227 	THR	 226 	4	47.3421256243	1	7.86824561132	35.041	-2.348	36.235	35.658	1.56	41.733	31.957	2.424	41.678
513151	TRP	 231 	THR	 226 	LEU	 228 	8	79.1014885047	1	5.98932667334	31.757	2.462	36.635	31.957	2.424	41.678	34.59	-1.634	39.962
657651	ASN	 229 	THR	 226 	PRO	 230 	4	50.995348362	1	7.86824561132	35.041	-2.348	36.235	31.957	2.424	41.678	32.103	-0.675	34.49
659236	ASN	 229 	TRP	 231 	THR	 226 	5	58.280303508	1	7.86824561132	35.041	-2.348	36.235	31.757	2.462	36.635	31.957	2.424	41.678
513650	TRP	 231 	THR	 226 	PRO	 230 	3	34.430219643	1	7.82895018505	31.757	2.462	36.635	31.957	2.424	41.678	32.103	-0.675	34.49
660752	ASN	 229 	TYR	 227 	TRP	 231 	9	83.4232309045	1	6.77356309486	35.041	-2.348	36.235	35.658	1.56	41.733	31.757	2.462	36.635
543678	TYR	 227 	TRP	 231 	LYS	 232 	7	74.5432544158	1	6.4823613753	35.658	1.56	41.733	31.757	2.462	36.635	35.487	3.199	36.992
658589	ASN	 229 	TRP	 231 	LEU	 228 	6	63.4847793742	1	5.98932667334	35.041	-2.348	36.235	31.757	2.462	36.635	34.59	-1.634	39.962
510272	TRP	 231 	PRO	 230 	LEU	 228 	9	88.4128068385	1	6.08667676158	31.757	2.462	36.635	32.103	-0.675	34.49	34.59	-1.634	39.962
659096	ASN	 229 	TRP	 231 	PRO	 230 	9	89.7825280222	1	5.8378725577	35.041	-2.348	36.235	31.757	2.462	36.635	32.103	-0.675	34.49
658877	ASN	 229 	TRP	 231 	LYS	 232 	6	67.6472529343	1	5.8378725577	35.041	-2.348	36.235	31.757	2.462	36.635	35.487	3.199	36.992
510556	TRP	 231 	PRO	 230 	LYS	 232 	5	57.8506000349	1	5.7200818176	31.757	2.462	36.635	32.103	-0.675	34.49	35.487	3.199	36.992
510559	TRP	 231 	PRO	 230 	LYS	 233 	8	81.4261284839	1	5.88069706753	31.757	2.462	36.635	32.103	-0.675	34.49	35.638	3.852	33.228
510412	TRP	 231 	PRO	 230 	ILE	 234 	5	59.8984986596	1	7.36655448633	31.757	2.462	36.635	32.103	-0.675	34.49	32.933	6.504	33.062
419691	PRO	 230 	LYS	 233 	ILE	 234 	4	48.0110905303	1	7.36655448633	32.103	-0.675	34.49	35.638	3.852	33.228	32.933	6.504	33.062
506240	TRP	 231 	LYS	 233 	LYS	 232 	9	89.8887912216	1	5.34807535474	31.757	2.462	36.635	35.638	3.852	33.228	35.487	3.199	36.992
509116	TRP	 231 	ASP	 235 	LYS	 232 	5	52.999853154	1	7.94082684612	31.757	2.462	36.635	33.136	10.025	34.646	35.487	3.199	36.992
509119	TRP	 231 	ASP	 235 	LYS	 233 	8	76.0537305762	1	7.94082684612	31.757	2.462	36.635	33.136	10.025	34.646	35.638	3.852	33.228
508973	TRP	 231 	ASP	 235 	ILE	 234 	6	68.2535522302	1	7.94082684612	31.757	2.462	36.635	33.136	10.025	34.646	32.933	6.504	33.062
503071	TRP	 231 	ILE	 234 	LEU	 239 	8	78.3019031849	1	7.17358620217	31.757	2.462	36.635	32.933	6.504	33.062	28.434	8.819	36.554
453102	SER	 236 	PRO	 238 	ASP	 235 	7	68.4203032391	1	5.87799787343	32.144	11.667	37.793	27.999	11.252	33.646	33.136	10.025	34.646
597100	ALA	 240 	PRO	 238 	ASP	 235 	5	59.6166963138	1	7.90033068928	26.508	11.254	38.766	27.999	11.252	33.646	33.136	10.025	34.646
598612	ALA	 237 	SER	 236 	PRO	 238 	5	55.641125332	1	5.87799787343	29.816	13.944	35.639	32.144	11.667	37.793	27.999	11.252	33.646
605885	ALA	 240 	ALA	 237 	SER	 236 	6	66.2270433035	1	5.73426490494	26.508	11.254	38.766	29.816	13.944	35.639	32.144	11.667	37.793
605307	ALA	 237 	ALA	 240 	LEU	 241 	4	51.3579151819	1	6.83522018665	29.816	13.944	35.639	26.508	11.254	38.766	23.627	11.111	36.264
606028	ALA	 240 	ALA	 237 	TRP	 264 	5	55.1716967624	1	8.08520036857	26.508	11.254	38.766	29.816	13.944	35.639	26.39	16.4	32.531
510269	TRP	 264 	PRO	 238 	LEU	 241 	6	67.127243301	1	7.03867736155	26.39	16.4	32.531	27.999	11.252	33.646	23.627	11.111	36.264
543892	TYR	 265 	TRP	 264 	PRO	 238 	5	52.5991926077	1	7.75635191311	23.342	16.447	30.257	26.39	16.4	32.531	27.999	11.252	33.646
600988	ALA	 240 	TRP	 264 	LEU	 241 	5	56.8898831087	1	8.08520036857	26.508	11.254	38.766	26.39	16.4	32.531	23.627	11.111	36.264
543390	TYR	 265 	TRP	 264 	LEU	 241 	7	74.2905667349	1	8.03978668871	23.342	16.447	30.257	26.39	16.4	32.531	23.627	11.111	36.264
618413	ARG	 253 	ILE	 245 	ILE	 254 	6	68.2352999933	1	5.76008984305	14.227	7.52	40.322	18.812	7.023	36.871	14.952	10.684	38.346
632809	ARG	 253 	VAL	 247 	ILE	 254 	2	34.3995062321	1	7.92366493486	14.227	7.52	40.322	17.881	4.0	41.433	14.952	10.684	38.346
654195	ASN	 249 	PRO	 250 	GLU	 248 	4	51.424126085	1	6.08008881514	12.94	2.611	43.886	11.08	3.774	40.737	16.078	0.864	42.613
662834	ASN	 249 	ALA	 252 	GLU	 248 	3	35.694055656	1	8.02075008961	12.94	2.611	43.886	12.638	8.02	43.749	16.078	0.864	42.613
663414	ASN	 249 	ALA	 252 	PRO	 250 	7	69.1438143477	1	5.43396945152	12.94	2.611	43.886	12.638	8.02	43.749	11.08	3.774	40.737
634250	ARG	 253 	ALA	 252 	ILE	 254 	3	43.6743105135	1	6.45320858178	14.227	7.52	40.322	12.638	8.02	43.749	14.952	10.684	38.346
474410	THR	 255 	ILE	 254 	ILE	 256 	3	37.8990817236	1	6.7087629262	12.292	11.692	35.8	14.952	10.684	38.346	13.07	12.954	32.32
474412	THR	 255 	ILE	 259 	ILE	 254 	5	58.100799166	1	6.5938754917	12.292	11.692	35.8	17.392	14.471	33.531	14.952	10.684	38.346
481902	THR	 255 	PRO	 257 	ASP	 258 	7	69.772070178	1	5.60317240499	12.292	11.692	35.8	12.256	16.59	33.079	14.958	16.373	35.76
416815	PRO	 257 	ILE	 259 	ILE	 256 	8	77.2857458347	1	5.57431260336	12.256	16.59	33.079	17.392	14.471	33.531	13.07	12.954	32.32
419692	PRO	 257 	LYS	 260 	ILE	 256 	5	59.0220284645	1	6.20937138525	12.256	16.59	33.079	17.152	17.499	31.208	13.07	12.954	32.32
388015	ASP	 258 	ILE	 256 	ILE	 259 	8	77.071049546	1	5.20458499786	14.958	16.373	35.76	13.07	12.954	32.32	17.392	14.471	33.531
422572	PRO	 257 	ASP	 258 	ILE	 259 	5	60.2778038663	1	5.57431260336	12.256	16.59	33.079	14.958	16.373	35.76	17.392	14.471	33.531
419838	PRO	 257 	LYS	 261 	LYS	 260 	7	71.3239707986	1	6.93579555639	12.256	16.59	33.079	18.402	19.628	34.129	17.152	17.499	31.208
650236	ASN	 266 	LYS	 260 	LYS	 261 	5	56.7730354798	1	7.40022871268	23.897	20.193	29.79	17.152	17.499	31.208	18.402	19.628	34.129
624314	ARG	 263 	ASP	 262 	LYS	 261 	3	42.4735685303	1	6.5118406768	24.825	18.91	34.925	21.352	17.371	34.95	18.402	19.628	34.129
664640	ASN	 266 	ARG	 263 	LYS	 261 	9	84.0833508118	1	7.02432708521	23.897	20.193	29.79	24.825	18.91	34.925	18.402	19.628	34.129
630220	ARG	 263 	TRP	 264 	ASP	 262 	5	58.2337685321	1	5.67237569278	24.825	18.91	34.925	26.39	16.4	32.531	21.352	17.371	34.95
664780	ASN	 266 	ARG	 263 	ASP	 262 	5	56.8685743018	1	6.40830000858	23.897	20.193	29.79	24.825	18.91	34.925	21.352	17.371	34.95
543823	TYR	 265 	TRP	 264 	ASP	 262 	8	82.0230939844	1	5.67237569278	23.342	16.447	30.257	26.39	16.4	32.531	21.352	17.371	34.95
659023	ASN	 266 	TRP	 264 	ASP	 262 	8	81.1758653375	1	6.40830000858	23.897	20.193	29.79	26.39	16.4	32.531	21.352	17.371	34.95
660462	ASN	 266 	TYR	 265 	ASP	 262 	7	70.2411132531	1	6.40830000858	23.897	20.193	29.79	23.342	16.447	30.257	21.352	17.371	34.95
631952	ARG	 263 	TYR	 265 	TRP	 264 	9	89.9879891217	1	5.482324507	24.825	18.91	34.925	23.342	16.447	30.257	26.39	16.4	32.531
630078	ARG	 263 	TRP	 264 	LYS	 267 	7	70.3912076204	1	6.22172026051	24.825	18.91	34.925	26.39	16.4	32.531	27.716	20.221	29.574
664636	ASN	 266 	ARG	 263 	LYS	 267 	5	59.410402428	1	6.22172026051	23.897	20.193	29.79	24.825	18.91	34.925	27.716	20.221	29.574
660749	ASN	 266 	TYR	 265 	TRP	 264 	6	64.8307351311	1	5.30235598579	23.897	20.193	29.79	23.342	16.447	30.257	26.39	16.4	32.531
543679	TYR	 265 	TRP	 264 	LYS	 267 	8	76.9798141448	1	5.81733968408	23.342	16.447	30.257	26.39	16.4	32.531	27.716	20.221	29.574
333145	LYS	 271 	LYS	 270 	LEU	 269 	2	31.6237805046	1	6.94708672754	31.018	20.349	18.124	30.595	18.128	21.158	31.155	18.667	24.863
333362	LYS	 270 	LYS	 271 	GLY	 272 	3	41.198474448	1	6.54741063322	30.595	18.128	21.158	31.018	20.349	18.124	28.407	20.287	15.377
592635	ALA	 273 	LYS	 271 	LYS	 274 	4	44.9422742296	1	8.04516339175	28.85	18.175	12.24	31.018	20.349	18.124	32.101	18.707	10.323
592562	ALA	 273 	LYS	 274 	GLY	 272 	3	43.7812710681	1	6.45638846415	28.85	18.175	12.24	32.101	18.707	10.323	28.407	20.287	15.377
596883	ALA	 273 	PRO	 276 	GLY	 272 	4	49.0795288946	1	7.26119246405	28.85	18.175	12.24	27.959	22.553	8.493	28.407	20.287	15.377
419767	PRO	 276 	LYS	 274 	GLY	 272 	8	81.4159050723	1	7.26119246405	27.959	22.553	8.493	32.101	18.707	10.323	28.407	20.287	15.377
625756	ARG	 275 	PRO	 276 	LYS	 274 	5	53.6643035744	1	5.94110932402	31.653	21.751	8.073	27.959	22.553	8.493	32.101	18.707	10.323
