453823	SER	 981 	SER	 982 	PHE	 984 	8	81.1256824592	1	6.03766817571	-58.563	28.226	-6.542	-55.316	28.495	-4.564	-55.278	33.232	-7.318
515231	TRP	1246 	TRP	1200 	SER	 981 	9	84.3850818747	8	55.7109543447	-17.591	45.739	26.899	-11.823	40.322	18.986	-58.563	28.226	-6.542
569811	VAL	 985 	SER	 982 	PRO	 986 	4	47.3948435664	1	7.39713890636	-53.398	33.917	-4.079	-55.316	28.495	-4.564	-49.68	33.283	-4.732
515231	TRP	1246 	TRP	1200 	SER	 982 	9	83.8083994371	8	52.0619969844	-17.591	45.739	26.899	-11.823	40.322	18.986	-55.316	28.495	-4.564
567579	VAL	 985 	PRO	 986 	PHE	 984 	4	49.6453559026	1	6.16665233332	-53.398	33.917	-4.079	-49.68	33.283	-4.732	-55.278	33.232	-7.318
514367	TRP	1246 	TRP	1200 	PHE	 984 	9	84.2211313318	8	52.4169639239	-17.591	45.739	26.899	-11.823	40.322	18.986	-55.278	33.232	-7.318
568297	VAL	 985 	PRO	 986 	ASP	 987 	2	31.6765158378	1	6.95533241477	-53.398	33.917	-4.079	-49.68	33.283	-4.732	-46.583	33.899	-2.689
508760	TRP	 989 	ASP	 987 	GLU	 988 	9	89.8991565509	1	5.43633571443	-41.267	35.008	-2.942	-46.583	33.899	-2.689	-44.449	36.588	-4.323
383477	ASP	 987 	GLU	 990 	GLU	 988 	6	67.6811878566	1	5.51948937856	-46.583	33.899	-2.689	-42.0	31.649	-4.594	-44.449	36.588	-4.323
498677	TRP	 989 	GLU	 990 	GLU	 988 	6	61.1874614021	1	5.51948937856	-41.267	35.008	-2.942	-42.0	31.649	-4.594	-44.449	36.588	-4.323
572120	VAL	 991 	TRP	 989 	GLU	 990 	9	89.7776821803	1	6.41540996352	-39.377	30.501	-7.098	-41.267	35.008	-2.942	-42.0	31.649	-4.594
504437	TRP	 989 	GLY	1064 	GLU	 990 	6	61.8208226203	1	5.86623183995	-41.267	35.008	-2.942	-36.614	33.477	-3.158	-42.0	31.649	-4.594
575791	VAL	 991 	VAL	1065 	TRP	 989 	8	82.4858141238	1	6.41540996352	-39.377	30.501	-7.098	-38.125	30.326	-1.729	-41.267	35.008	-2.942
504506	TRP	 989 	GLY	1064 	LEU	1063 	3	37.9308538711	1	7.50022939649	-41.267	35.008	-2.942	-36.614	33.477	-3.158	-33.847	36.068	-3.213
575641	VAL	 991 	VAL	1066 	SER	1067 	2	33.5349462249	1	7.8207132667	-39.377	30.501	-7.098	-38.899	27.072	-3.49	-41.773	25.475	-1.606
477075	THR	 997 	LYS	 995 	GLU	 994 	4	47.3141233725	1	7.88312311207	-29.076	24.347	-10.234	-34.658	27.63	-12.226	-36.659	24.392	-12.388
621291	ARG	1016 	LYS	 995 	ILE	 996 	4	50.4050992596	1	6.71776726301	-32.039	31.425	-13.993	-34.658	27.63	-12.226	-32.236	26.363	-9.581
390891	ASP	1017 	LYS	 995 	ILE	1018 	4	49.3490887387	1	7.84091608168	-34.118	34.598	-14.292	-34.658	27.63	-12.226	-34.802	35.305	-10.628
474266	THR	 997 	ILE	 996 	LEU	 998 	3	40.1970432528	1	6.64272331202	-29.076	24.347	-10.234	-32.236	26.363	-9.581	-26.865	23.157	-7.345
475851	THR	 997 	GLY	1013 	ILE	 996 	4	50.287555721	1	6.94836973685	-29.076	24.347	-10.234	-25.817	27.272	-7.081	-32.236	26.363	-9.581
664496	ASN	1014 	ARG	1016 	ILE	 996 	9	83.1646850523	1	6.75635293631	-26.959	29.253	-10.104	-32.039	31.425	-13.993	-32.236	26.363	-9.581
615312	ARG	1000 	LEU	 999 	GLU	1001 	1	21.6768598232	1	7.23855855817	-21.386	22.303	-4.546	-23.085	23.051	-7.832	-21.598	22.307	-0.787
297002	GLY	1003 	GLU	1001 	GLN	1004 	3	40.2865754304	1	7.74239116811	-21.305	24.432	4.342	-21.598	22.307	-0.787	-23.382	22.433	6.746
536116	TYR	1011 	MET	1009 	GLU	1001 	5	58.4796037343	1	7.33793744863	-25.114	24.873	-1.445	-27.097	22.181	4.07	-21.598	22.307	-0.787
527476	TYR	1011 	GLU	1001 	GLU	1012 	5	53.7295280794	1	6.19882295279	-25.114	24.873	-1.445	-21.598	22.307	-0.787	-23.604	27.21	-4.006
298440	GLY	1003 	LEU	1002 	GLN	1004 	1	20.894351195	1	7.24121840577	-21.305	24.432	4.342	-20.724	25.635	0.82	-23.382	22.433	6.746
360506	MET	1009 	GLY	1003 	LEU	1002 	3	43.091993673	1	7.94403833072	-27.097	22.181	4.07	-21.305	24.432	4.342	-20.724	25.635	0.82
564987	VAL	1010 	MET	1009 	LEU	1002 	4	48.328135899	1	7.94403833072	-26.011	25.323	2.238	-27.097	22.181	4.07	-20.724	25.635	0.82
360727	MET	1009 	GLY	1003 	GLY	1005 	8	80.78317989	1	6.59101001365	-27.097	22.181	4.07	-21.305	24.432	4.342	-25.647	24.064	9.287
536407	TYR	1011 	MET	1009 	GLY	1003 	8	82.6772848104	1	6.94206964817	-25.114	24.873	-1.445	-27.097	22.181	4.07	-21.305	24.432	4.342
446762	SER	1006 	GLY	1005 	GLN	1004 	3	36.2557559177	1	6.75872473178	-27.02	22.463	12.442	-25.647	24.064	9.287	-23.382	22.433	6.746
295419	GLY	1005 	GLN	1004 	PHE	1007 	4	48.8933106171	1	7.92911079504	-25.647	24.064	9.287	-23.382	22.433	6.746	-30.18	21.246	10.651
302764	GLY	1008 	GLY	1005 	GLN	1004 	5	58.1184019516	1	6.18045847814	-29.515	21.696	6.949	-25.647	24.064	9.287	-23.382	22.433	6.746
439419	SER	1006 	GLN	1004 	PHE	1007 	4	46.952436601	1	7.92911079504	-27.02	22.463	12.442	-23.382	22.433	6.746	-30.18	21.246	10.651
360216	MET	1009 	GLY	1008 	PHE	1007 	1	19.8476327893	1	7.3272556254	-27.097	22.181	4.07	-29.515	21.696	6.949	-30.18	21.246	10.651
565201	VAL	1010 	MET	1009 	GLY	1008 	2	33.1986229412	1	6.90120757549	-26.011	25.323	2.238	-27.097	22.181	4.07	-29.515	21.696	6.949
362164	MET	1009 	LYS	1030 	GLY	1008 	5	53.0182699237	1	6.8136978213	-27.097	22.181	4.07	-30.193	26.459	2.124	-29.515	21.696	6.949
478806	THR	1031 	MET	1009 	GLY	1008 	7	70.454219363	1	5.40642367929	-32.209	23.288	2.702	-27.097	22.181	4.07	-29.515	21.696	6.949
651606	ASN	1033 	MET	1009 	GLY	1008 	7	74.4977317405	1	7.44843748715	-32.811	18.188	6.694	-27.097	22.181	4.07	-29.515	21.696	6.949
573986	VAL	1010 	TYR	1011 	MET	1009 	3	43.7507535942	1	6.44937035686	-26.011	25.323	2.238	-25.114	24.873	-1.445	-27.097	22.181	4.07
478877	THR	1031 	MET	1009 	LYS	1030 	6	66.2889613962	1	5.62791400076	-32.209	23.288	2.702	-27.097	22.181	4.07	-30.193	26.459	2.124
657510	ASN	1033 	THR	1031 	MET	1009 	7	69.0605464385	1	7.44843748715	-32.811	18.188	6.694	-32.209	23.288	2.702	-27.097	22.181	4.07
573553	VAL	1010 	TYR	1011 	GLU	1012 	2	32.0719487404	1	6.95283783789	-26.011	25.323	2.238	-25.114	24.873	-1.445	-23.604	27.21	-4.006
648432	ASN	1014 	GLY	1013 	GLU	1012 	1	22.6367557918	1	7.253652735	-26.959	29.253	-10.104	-25.817	27.272	-7.081	-23.604	27.21	-4.006
663122	ASN	1014 	ALA	1015 	GLY	1013 	3	37.4854859048	1	6.7260741893	-26.959	29.253	-10.104	-30.505	30.525	-10.642	-25.817	27.272	-7.081
664564	ASN	1014 	ARG	1026 	GLY	1013 	5	57.6433810605	1	6.01267062128	-26.959	29.253	-10.104	-25.073	33.068	-8.497	-25.817	27.272	-7.081
664997	ASN	1014 	ARG	1026 	THR	1025 	6	64.2323397217	1	5.5891638015	-26.959	29.253	-10.104	-25.073	33.068	-8.497	-27.591	34.761	-10.812
613879	ARG	1016 	GLU	1022 	GLU	1024 	8	77.3153256957	1	8.07359238505	-32.039	31.425	-13.993	-29.942	39.179	-14.806	-28.507	33.987	-14.432
595369	ALA	1023 	ASP	1017 	ILE	1018 	2	31.7153799487	1	7.90168899666	-30.274	36.129	-17.051	-34.118	34.598	-14.292	-34.802	35.305	-10.628
599981	ALA	1023 	THR	1025 	ASP	1017 	6	65.6615897848	1	7.39856053567	-30.274	36.129	-17.051	-27.591	34.761	-10.812	-34.118	34.598	-14.292
589612	ALA	1023 	ILE	1018 	ILE	1019 	5	52.81253442	1	7.90168899666	-30.274	36.129	-17.051	-34.802	35.305	-10.628	-33.59	38.926	-10.778
474412	THR	1025 	ILE	1019 	ILE	1018 	5	54.8833638109	1	7.30317615836	-27.591	34.761	-10.812	-33.59	38.926	-10.778	-34.802	35.305	-10.628
331851	LYS	1020 	GLY	1021 	ILE	1019 	4	47.0946997192	1	6.29235607702	-34.75	41.368	-13.493	-31.945	42.264	-15.852	-33.59	38.926	-10.778
589395	ALA	1023 	ILE	1019 	GLU	1024 	4	49.4894539427	1	7.97385264474	-30.274	36.129	-17.051	-33.59	38.926	-10.778	-28.507	33.987	-14.432
592564	ALA	1023 	LYS	1020 	GLY	1021 	5	60.4398496901	1	7.75506679533	-30.274	36.129	-17.051	-34.75	41.368	-13.493	-31.945	42.264	-15.852
628273	ARG	1026 	THR	1025 	GLU	1024 	2	33.7669808951	1	6.91817475928	-25.073	33.068	-8.497	-27.591	34.761	-10.812	-28.507	33.987	-14.432
633315	ARG	1026 	VAL	1027 	THR	1025 	4	48.4224499259	1	6.22597654991	-25.073	33.068	-8.497	-26.811	31.989	-5.292	-27.591	34.761	-10.812
565274	VAL	1029 	MET	1076 	LYS	1030 	3	42.8723286811	1	7.91697505364	-29.306	27.702	-1.325	-30.066	33.782	-0.882	-30.193	26.459	2.124
571033	VAL	1032 	THR	1031 	LYS	1030 	2	32.9087759032	1	6.92782657115	-33.692	21.797	5.868	-32.209	23.288	2.702	-30.193	26.459	2.124
662114	ASN	1033 	VAL	1032 	THR	1031 	3	42.653435132	1	6.50449598355	-32.811	18.188	6.694	-33.692	21.797	5.868	-32.209	23.288	2.702
484852	THR	1031 	THR	1072 	PRO	1071 	5	56.580526778	1	6.70379631254	-32.209	23.288	2.702	-37.917	23.41	0.68	-37.179	19.729	-0.05
655640	ASN	1033 	SER	1035 	GLU	1034 	9	89.745332531	1	5.08720050716	-32.811	18.188	6.694	-34.781	14.885	10.024	-35.738	15.779	6.443
598036	ALA	1036 	SER	1035 	GLU	1034 	5	60.0930899158	1	5.59131451449	-35.055	18.476	11.293	-34.781	14.885	10.024	-35.738	15.779	6.443
598683	ALA	1036 	SER	1035 	SER	1037 	4	45.434193876	1	6.37053035469	-35.055	18.476	11.293	-34.781	14.885	10.024	-37.006	18.791	14.538
635694	ARG	1039 	ARG	1041 	ILE	1042 	7	72.3014479846	1	5.54241039621	-37.913	23.529	16.991	-38.229	24.145	11.492	-39.854	26.901	13.58
181660	GLU	1040 	GLU	1043 	PHE	1044 	5	57.6708124726	1	6.22083475106	-35.465	23.696	14.083	-36.455	28.613	13.775	-35.855	28.394	10.024
181663	GLU	1047 	GLU	1043 	PHE	1044 	8	75.9328278078	1	6.15735016058	-35.196	33.227	9.897	-36.455	28.613	13.775	-35.855	28.394	10.024
642676	ASN	1046 	GLU	1043 	GLU	1047 	5	59.2457715546	1	6.15735016058	-38.575	32.919	11.574	-36.455	28.613	13.775	-35.196	33.227	9.897
354679	MET	1153 	GLU	1047 	GLU	1043 	8	78.0434866671	1	7.615680206	-32.28	33.979	16.892	-35.196	33.227	9.897	-36.455	28.613	13.775
360436	MET	1153 	GLY	1152 	GLU	1043 	5	58.2895855912	1	7.47932283031	-32.28	33.979	16.892	-32.371	32.339	13.45	-36.455	28.613	13.775
648223	ASN	1046 	GLY	1152 	PHE	1044 	8	81.7346915178	1	6.50733370898	-38.575	32.919	11.574	-32.371	32.339	13.45	-35.855	28.394	10.024
642458	ASN	1046 	GLU	1047 	PHE	1151 	3	39.4112671493	1	7.69719962064	-38.575	32.919	11.574	-35.196	33.227	9.897	-31.328	35.511	11.671
657367	ASN	1046 	THR	1154 	GLY	1152 	8	81.9243535409	1	7.9234329681	-38.575	32.919	11.574	-33.513	37.394	15.713	-32.371	32.339	13.45
584858	ALA	1048 	GLU	1047 	PHE	1151 	3	37.2271239001	1	7.79877336509	-36.596	33.282	6.37	-35.196	33.227	9.897	-31.328	35.511	11.671
360434	MET	1153 	GLY	1152 	GLU	1047 	3	36.9663766433	1	7.615680206	-32.28	33.979	16.892	-32.371	32.339	13.45	-35.196	33.227	9.897
478520	THR	1154 	MET	1153 	GLU	1047 	9	85.8250605988	1	7.615680206	-33.513	37.394	15.713	-32.28	33.979	16.892	-35.196	33.227	9.897
594076	ALA	1048 	MET	1051 	LYS	1052 	5	56.4802976777	1	6.38949090304	-36.596	33.282	6.37	-34.934	38.196	5.993	-37.868	38.933	3.673
569669	VAL	1050 	SER	1049 	MET	1051 	6	62.428427182	1	5.47408019671	-37.294	38.254	9.014	-39.481	35.527	7.465	-34.934	38.196	5.993
450078	SER	1049 	MET	1051 	LYS	1052 	7	70.0294134444	1	5.47408019671	-39.481	35.527	7.465	-34.934	38.196	5.993	-37.868	38.933	3.673
448563	SER	1049 	LYS	1052 	GLY	1053 	4	46.8325485003	1	7.18504961709	-39.481	35.527	7.465	-37.868	38.933	3.673	-38.308	42.299	5.37
622302	ARG	1061 	MET	1051 	PHE	1054 	7	70.2755229989	1	7.36472748987	-30.327	39.227	0.891	-34.934	38.196	5.993	-34.698	43.466	5.034
466779	THR	1055 	CYS	1056 	PHE	1054 	4	46.9178274487	1	6.28901876289	-33.113	45.556	2.279	-29.557	46.566	3.16	-34.698	43.466	5.034
610783	ARG	1061 	CYS	1056 	PHE	1054 	8	80.3593865031	1	7.7202449443	-30.327	39.227	0.891	-29.557	46.566	3.16	-34.698	43.466	5.034
472616	THR	1055 	HIS	1057 	CYS	1056 	9	89.7630739868	1	6.94074491679	-33.113	45.556	2.279	-26.273	46.222	1.307	-29.557	46.566	3.16
628131	ARG	1061 	THR	1055 	CYS	1056 	4	49.8085199763	1	7.7202449443	-30.327	39.227	0.891	-33.113	45.556	2.279	-29.557	46.566	3.16
628423	ARG	1061 	THR	1055 	HIS	1057 	8	79.3967818384	1	8.09555415027	-30.327	39.227	0.891	-33.113	45.556	2.279	-26.273	46.222	1.307
242213	HIS	1058 	HIS	1057 	CYS	1056 	6	64.3664795321	1	5.31128722628	-24.687	44.952	4.534	-26.273	46.222	1.307	-29.557	46.566	3.16
559011	VAL	1060 	HIS	1057 	CYS	1056 	4	50.3652126398	1	7.81805723949	-27.48	39.033	3.409	-26.273	46.222	1.307	-29.557	46.566	3.16
616611	ARG	1061 	HIS	1057 	CYS	1056 	4	51.9876508215	1	8.09555415027	-30.327	39.227	0.891	-26.273	46.222	1.307	-29.557	46.566	3.16
299812	GLY	1119 	HIS	1057 	CYS	1056 	5	58.4349998003	1	7.47630751106	-25.795	46.209	8.768	-26.273	46.222	1.307	-29.557	46.566	3.16
443811	SER	1275 	HIS	1057 	CYS	1056 	4	49.762084483	1	7.51956288623	-24.636	52.247	3.392	-26.273	46.222	1.307	-29.557	46.566	3.16
236382	HIS	1057 	CYS	1056 	PHE	1276 	7	73.1740397434	1	7.70954149091	-26.273	46.222	1.307	-29.557	46.566	3.16	-27.728	52.493	5.549
559016	VAL	1059 	HIS	1058 	CYS	1056 	9	89.7901204035	1	5.31128722628	-27.282	42.307	5.348	-24.687	44.952	4.534	-29.557	46.566	3.16
559013	VAL	1060 	HIS	1058 	CYS	1056 	6	64.7403437082	1	7.81805723949	-27.48	39.033	3.409	-24.687	44.952	4.534	-29.557	46.566	3.16
299814	GLY	1119 	HIS	1058 	CYS	1056 	7	70.0841247222	1	6.76237805805	-25.795	46.209	8.768	-24.687	44.952	4.534	-29.557	46.566	3.16
443814	SER	1275 	HIS	1058 	CYS	1056 	7	69.0669452342	1	7.51956288623	-24.636	52.247	3.392	-24.687	44.952	4.534	-29.557	46.566	3.16
574851	VAL	1060 	VAL	1059 	CYS	1056 	4	47.4258925074	1	7.81805723949	-27.48	39.033	3.409	-27.282	42.307	5.348	-29.557	46.566	3.16
632453	ARG	1061 	VAL	1059 	CYS	1056 	6	64.3504037898	1	7.7202449443	-30.327	39.227	0.891	-27.282	42.307	5.348	-29.557	46.566	3.16
559304	VAL	1059 	HIS	1057 	HIS	1058 	9	89.656295551	1	5.71620389769	-27.282	42.307	5.348	-26.273	46.222	1.307	-24.687	44.952	4.534
559300	VAL	1060 	HIS	1057 	HIS	1058 	5	59.7559371346	1	7.58663126822	-27.48	39.033	3.409	-26.273	46.222	1.307	-24.687	44.952	4.534
300103	GLY	1119 	HIS	1057 	HIS	1058 	8	77.5444720058	1	7.47630751106	-25.795	46.209	8.768	-26.273	46.222	1.307	-24.687	44.952	4.534
328903	LYS	1147 	HIS	1057 	HIS	1058 	8	80.2737649544	1	7.49243058026	-22.687	41.31	5.683	-26.273	46.222	1.307	-24.687	44.952	4.534
444100	SER	1275 	HIS	1058 	HIS	1057 	5	60.1455499239	1	7.38402261643	-24.636	52.247	3.392	-24.687	44.952	4.534	-26.273	46.222	1.307
632743	ARG	1061 	VAL	1060 	HIS	1057 	8	82.1228078275	1	8.09555415027	-30.327	39.227	0.891	-27.48	39.033	3.409	-26.273	46.222	1.307
299744	GLY	1119 	HIS	1057 	PHE	1276 	9	86.5136508661	1	7.70954149091	-25.795	46.209	8.768	-26.273	46.222	1.307	-27.728	52.493	5.549
443739	SER	1275 	HIS	1057 	PHE	1276 	4	47.6726390759	1	7.70954149091	-24.636	52.247	3.392	-26.273	46.222	1.307	-27.728	52.493	5.549
575138	VAL	1060 	VAL	1059 	HIS	1058 	3	39.6442367982	1	6.64086101345	-27.48	39.033	3.409	-27.282	42.307	5.348	-24.687	44.952	4.534
563623	VAL	1059 	LYS	1147 	HIS	1058 	8	82.2227478998	1	4.71383697215	-27.282	42.307	5.348	-22.687	41.31	5.683	-24.687	44.952	4.534
560740	VAL	1059 	ILE	1148 	HIS	1058 	5	54.0645978681	1	6.27094458595	-27.282	42.307	5.348	-24.868	40.183	8.602	-24.687	44.952	4.534
386359	ASP	1118 	HIS	1058 	GLU	1115 	8	80.4818431322	1	6.6342210545	-23.91	49.446	9.352	-24.687	44.952	4.534	-19.879	47.151	7.279
299960	GLY	1119 	HIS	1058 	GLU	1115 	9	87.1155897945	1	6.172806574	-25.795	46.209	8.768	-24.687	44.952	4.534	-19.879	47.151	7.279
472759	THR	1145 	HIS	1058 	GLU	1115 	8	77.7490650389	1	7.78950094679	-17.712	42.962	1.694	-24.687	44.952	4.534	-19.879	47.151	7.279
328759	LYS	1147 	HIS	1058 	GLU	1115 	8	79.8618034931	1	6.67453077002	-22.687	41.31	5.683	-24.687	44.952	4.534	-19.879	47.151	7.279
477220	THR	1145 	LYS	1147 	HIS	1058 	5	53.4768768184	1	7.78950094679	-17.712	42.962	1.694	-22.687	41.31	5.683	-24.687	44.952	4.534
562104	VAL	1065 	GLY	1064 	LEU	1063 	1	19.9883652977	1	7.31259899078	-38.125	30.326	-1.729	-36.614	33.477	-3.158	-33.847	36.068	-3.213
575282	VAL	1066 	VAL	1065 	GLY	1064 	3	34.8068751392	1	6.80848544098	-38.899	27.072	-3.49	-38.125	30.326	-1.729	-36.614	33.477	-3.158
575643	VAL	1065 	VAL	1066 	SER	1067 	4	50.688478429	1	6.07085117591	-38.125	30.326	-1.729	-38.899	27.072	-3.49	-41.773	25.475	-1.606
483194	THR	1072 	SER	1067 	LYS	1068 	3	35.8603975185	1	7.6411442206	-37.917	23.41	0.68	-41.773	25.475	-1.606	-43.523	23.767	-4.5
452887	SER	1067 	PRO	1071 	GLY	1069 	8	82.526447776	1	7.51947391777	-41.773	25.475	-1.606	-37.179	19.729	-0.05	-42.43	20.312	-3.394
452523	SER	1067 	PRO	1071 	GLN	1070 	4	45.1048154436	1	7.51947391777	-41.773	25.475	-1.606	-37.179	19.729	-0.05	-39.646	18.855	-1.274
483410	THR	1072 	SER	1067 	PRO	1071 	3	38.4955674766	1	7.51947391777	-37.917	23.41	0.68	-41.773	25.475	-1.606	-37.179	19.729	-0.05
331561	LYS	1068 	GLY	1069 	GLN	1070 	2	29.3278195566	1	7.04030887107	-43.523	23.767	-4.5	-42.43	20.312	-3.394	-39.646	18.855	-1.274
417965	PRO	1071 	GLY	1069 	GLN	1070 	6	67.4571115889	1	6.25261753188	-37.179	19.729	-0.05	-42.43	20.312	-3.394	-39.646	18.855	-1.274
481467	THR	1072 	PRO	1071 	LEU	1073 	4	48.1222985784	1	6.26005063877	-37.917	23.41	0.68	-37.179	19.729	-0.05	-35.107	25.6	-0.703
593785	ALA	1141 	MET	1079 	LEU	1078 	2	32.7628404134	1	7.24084953579	-18.708	38.468	-0.516	-21.335	35.207	-0.285	-24.074	34.113	-2.677
593860	ALA	1080 	MET	1079 	HIS	1081 	5	58.2520380927	1	5.69094552777	-18.457	33.541	-2.193	-21.335	35.207	-0.285	-15.963	33.596	0.681
593861	ALA	1080 	MET	1079 	HIS	1142 	6	67.6113846171	1	6.42880089908	-18.457	33.541	-2.193	-21.335	35.207	-0.285	-16.651	38.01	-3.681
360581	MET	1079 	GLY	1082 	HIS	1081 	6	66.0384495281	1	5.69094552777	-21.335	35.207	-0.285	-18.339	32.011	3.186	-15.963	33.596	0.681
363462	MET	1139 	MET	1079 	HIS	1081 	7	72.4921770912	1	7.32125542513	-20.593	36.436	5.59	-21.335	35.207	-0.285	-15.963	33.596	0.681
565063	VAL	1140 	MET	1079 	HIS	1081 	8	82.3247887933	1	5.69094552777	-17.915	37.597	3.11	-21.335	35.207	-0.285	-15.963	33.596	0.681
357704	MET	1079 	HIS	1142 	HIS	1081 	9	84.1028875261	1	6.42880089908	-21.335	35.207	-0.285	-16.651	38.01	-3.681	-15.963	33.596	0.681
565064	VAL	1140 	MET	1079 	HIS	1142 	9	84.3214977639	1	6.91996719645	-17.915	37.597	3.11	-21.335	35.207	-0.285	-16.651	38.01	-3.681
593859	ALA	1141 	MET	1079 	HIS	1142 	4	48.5645015642	1	6.42880089908	-18.708	38.468	-0.516	-21.335	35.207	-0.285	-16.651	38.01	-3.681
605381	ALA	1141 	ALA	1080 	HIS	1081 	6	64.7866614013	1	5.71876018032	-18.708	38.468	-0.516	-18.457	33.541	-2.193	-15.963	33.596	0.681
389378	ASP	1083 	GLY	1082 	HIS	1081 	3	37.4108691984	1	6.7330992121	-18.563	32.939	6.857	-18.339	32.011	3.186	-15.963	33.596	0.681
533380	TYR	1087 	GLY	1082 	HIS	1081 	5	59.5878128964	1	6.74971614218	-12.393	33.197	6.152	-18.339	32.011	3.186	-15.963	33.596	0.681
360579	MET	1139 	GLY	1082 	HIS	1081 	4	46.3338567779	1	7.32125542513	-20.593	36.436	5.59	-18.339	32.011	3.186	-15.963	33.596	0.681
590981	ALA	1141 	GLY	1082 	HIS	1081 	6	66.8346541062	1	7.45210131439	-18.708	38.468	-0.516	-18.339	32.011	3.186	-15.963	33.596	0.681
386427	ASP	1083 	HIS	1081 	LEU	1084 	4	45.9699233872	1	7.97638169849	-18.563	32.939	6.857	-15.963	33.596	0.681	-16.121	35.37	8.456
565060	VAL	1140 	MET	1139 	HIS	1081 	5	52.5833063035	1	7.32125542513	-17.915	37.597	3.11	-20.593	36.436	5.59	-15.963	33.596	0.681
593862	ALA	1141 	MET	1139 	HIS	1081 	7	73.9350251909	1	7.32125542513	-18.708	38.468	-0.516	-20.593	36.436	5.59	-15.963	33.596	0.681
559303	VAL	1140 	HIS	1142 	HIS	1081 	8	77.6898151659	1	6.91996719645	-17.915	37.597	3.11	-16.651	38.01	-3.681	-15.963	33.596	0.681
558941	VAL	1140 	HIS	1081 	PHE	1144 	6	63.2869045896	1	7.46606810845	-17.915	37.597	3.11	-15.963	33.596	0.681	-14.718	40.954	0.453
242142	HIS	1081 	HIS	1142 	PHE	1144 	7	68.5271525995	1	7.46606810845	-15.963	33.596	0.681	-16.651	38.01	-3.681	-14.718	40.954	0.453
653117	ASN	1137 	ASP	1083 	LYS	1085 	6	64.5304939032	1	8.06528003234	-22.684	34.531	11.369	-18.563	32.939	6.857	-14.801	32.864	11.011
390533	ASP	1083 	LYS	1085 	CYS	1138 	6	63.4122809778	1	7.94632153893	-18.563	32.939	6.857	-14.801	32.864	11.011	-21.152	37.312	9.272
540943	TYR	1087 	SER	1086 	ASP	1083 	8	81.2546787902	1	6.21550392165	-12.393	33.197	6.152	-13.724	30.374	8.308	-18.563	32.939	6.857
624387	ARG	1136 	ASP	1083 	MET	1139 	4	47.0430869584	1	7.66810517664	-19.489	32.586	12.129	-18.563	32.939	6.857	-20.593	36.436	5.59
653189	ASN	1137 	ASP	1083 	MET	1139 	6	65.3165616836	1	6.43413918096	-22.684	34.531	11.369	-18.563	32.939	6.857	-20.593	36.436	5.59
391973	ASP	1083 	MET	1139 	CYS	1138 	6	62.3232898822	1	5.62656867016	-18.563	32.939	6.857	-20.593	36.436	5.59	-21.152	37.312	9.272
592132	ALA	1135 	LYS	1085 	CYS	1138 	5	53.2975456553	1	7.94632153893	-17.896	35.934	13.085	-14.801	32.864	11.011	-21.152	37.312	9.272
605599	ALA	1206 	ALA	1135 	LYS	1085 	8	82.4013820115	1	7.56590523335	-10.869	33.706	14.788	-17.896	35.934	13.085	-14.801	32.864	11.011
664633	ASN	1137 	ARG	1136 	LYS	1085 	2	30.8220044449	1	8.06528003234	-22.684	34.531	11.369	-19.489	32.586	12.129	-14.801	32.864	11.011
620933	ARG	1136 	LYS	1085 	CYS	1138 	6	61.5533206078	1	7.94632153893	-19.489	32.586	12.129	-14.801	32.864	11.011	-21.152	37.312	9.272
649731	ASN	1137 	LYS	1085 	CYS	1138 	4	50.4888285587	1	8.06528003234	-22.684	34.531	11.369	-14.801	32.864	11.011	-21.152	37.312	9.272
541084	TYR	1087 	SER	1090 	SER	1086 	5	57.5871929305	1	6.26609351989	-12.393	33.197	6.152	-7.834	30.732	6.2	-13.724	30.374	8.308
627484	ARG	1089 	SER	1086 	SER	1090 	5	57.9264241492	1	6.26609351989	-8.78	31.263	9.837	-13.724	30.374	8.308	-7.834	30.732	6.2
635547	ARG	1092 	ARG	1089 	LEU	1088 	4	49.2289212765	1	7.06180069104	-3.509	32.54	9.119	-8.78	31.263	9.837	-10.246	34.652	8.973
627410	ARG	1092 	SER	1090 	PRO	1093 	3	37.0256922	1	8.04972732457	-3.509	32.54	9.119	-7.834	30.732	6.2	-0.047	32.347	7.446
656214	ASN	1098 	SER	1090 	PRO	1093 	7	75.0197415963	1	8.04972732457	-4.466	30.037	2.738	-7.834	30.732	6.2	-0.047	32.347	7.446
598034	ALA	1095 	SER	1090 	GLU	1096 	3	43.6492536214	1	7.50212996422	-3.284	27.787	6.958	-7.834	30.732	6.2	-3.543	24.78	4.637
666367	ASN	1097 	ASN	1098 	SER	1090 	8	78.7218398939	1	5.57952202254	-6.245	26.656	2.737	-4.466	30.037	2.738	-7.834	30.732	6.2
656215	ASN	1097 	SER	1090 	PRO	1099 	8	80.6132148272	1	6.98840317955	-6.245	26.656	2.737	-7.834	30.732	6.2	-5.727	31.971	-0.347
656211	ASN	1098 	SER	1090 	PRO	1099 	4	46.7376718211	1	6.98840317955	-4.466	30.037	2.738	-7.834	30.732	6.2	-5.727	31.971	-0.347
625467	ARG	1092 	PRO	1093 	LEU	1091 	4	52.0670970286	1	6.03391133511	-3.509	32.54	9.119	-0.047	32.347	7.446	-5.777	33.932	6.415
423866	PRO	1104 	PRO	1103 	LEU	1091 	3	42.2067800596	1	7.80360173253	-6.423	41.66	7.285	-4.091	38.621	7.021	-5.777	33.932	6.415
664852	ASN	1098 	ARG	1092 	PRO	1093 	5	57.718879743	1	6.9208394722	-4.466	30.037	2.738	-3.509	32.54	9.119	-0.047	32.347	7.446
625971	ARG	1092 	PRO	1103 	PRO	1093 	4	50.3775601018	1	7.4764722296	-3.509	32.54	9.119	-4.091	38.621	7.021	-0.047	32.347	7.446
654196	ASN	1098 	PRO	1093 	GLU	1094 	5	52.8628043403	1	7.33285606023	-4.466	30.037	2.738	-0.047	32.347	7.446	0.253	28.613	8.167
663414	ASN	1098 	ALA	1095 	PRO	1093 	7	74.1734077002	1	6.85776384837	-4.466	30.037	2.738	-3.284	27.787	6.958	-0.047	32.347	7.446
424372	PRO	1093 	PRO	1103 	PRO	1102 	5	54.0259518383	1	7.4764722296	-0.047	32.347	7.446	-4.091	38.621	7.021	-1.88	38.554	3.907
662834	ASN	1098 	ALA	1095 	GLU	1094 	3	41.5730300319	1	7.33285606023	-4.466	30.037	2.738	-3.284	27.787	6.958	0.253	28.613	8.167
642679	ASN	1098 	GLU	1094 	GLU	1096 	8	82.2783912241	1	7.33285606023	-4.466	30.037	2.738	0.253	28.613	8.167	-3.543	24.78	4.637
666728	ASN	1097 	ASN	1098 	ALA	1095 	9	84.3389356055	1	5.27859100518	-6.245	26.656	2.737	-4.466	30.037	2.738	-3.284	27.787	6.958
665716	ASN	1098 	ASN	1097 	GLU	1096 	5	58.5633821205	1	5.66517245986	-4.466	30.037	2.738	-6.245	26.656	2.737	-3.543	24.78	4.637
666291	ASN	1097 	ASN	1098 	PRO	1099 	4	50.5681516503	1	6.16673373837	-6.245	26.656	2.737	-4.466	30.037	2.738	-5.727	31.971	-0.347
654485	ASN	1098 	PRO	1099 	GLY	1100 	6	60.8823744557	1	5.54767005147	-4.466	30.037	2.738	-5.727	31.971	-0.347	-2.317	33.516	-1.011
664853	ASN	1098 	ARG	1101 	PRO	1099 	6	66.9880120058	1	7.39288854238	-4.466	30.037	2.738	-2.859	36.921	0.574	-5.727	31.971	-0.347
664565	ASN	1098 	ARG	1101 	GLY	1100 	6	68.2725146381	1	7.39288854238	-4.466	30.037	2.738	-2.859	36.921	0.574	-2.317	33.516	-1.011
625681	ARG	1101 	PRO	1102 	GLY	1100 	2	30.1172372279	1	7.05401566485	-2.859	36.921	0.574	-1.88	38.554	3.907	-2.317	33.516	-1.011
625976	ARG	1101 	PRO	1103 	PRO	1102 	9	89.7036667881	1	6.78023841764	-2.859	36.921	0.574	-4.091	38.621	7.021	-1.88	38.554	3.907
424376	PRO	1102 	PRO	1104 	PRO	1103 	9	89.6236938631	1	6.45731902573	-1.88	38.554	3.907	-6.423	41.66	7.285	-4.091	38.621	7.021
481976	THR	1105 	PRO	1103 	PRO	1104 	9	89.9431914855	1	6.45053571419	-4.606	45.04	7.396	-4.091	38.621	7.021	-6.423	41.66	7.285
481466	THR	1105 	PRO	1104 	LEU	1106 	3	40.6589271724	1	6.65196234205	-4.606	45.04	7.396	-6.423	41.66	7.285	-5.728	47.753	9.862
412202	PRO	1104 	GLU	1108 	GLN	1107 	3	39.1484066859	1	7.88030119983	-6.423	41.66	7.285	-9.37	46.184	6.046	-7.638	49.441	7.004
420845	PRO	1104 	MET	1109 	GLN	1107 	6	63.700613973	1	7.88030119983	-6.423	41.66	7.285	-10.348	45.53	9.668	-7.638	49.441	7.004
420918	PRO	1104 	MET	1109 	GLU	1108 	7	68.5865136185	1	6.00509900002	-6.423	41.66	7.285	-10.348	45.53	9.668	-9.37	46.184	6.046
478448	THR	1105 	MET	1109 	GLN	1107 	9	88.8876538457	1	6.19456600578	-4.606	45.04	7.396	-10.348	45.53	9.668	-7.638	49.441	7.004
354605	MET	1109 	GLU	1108 	GLN	1107 	6	62.3697041193	1	5.45315660879	-10.348	45.53	9.668	-9.37	46.184	6.046	-7.638	49.441	7.004
180364	GLU	1108 	GLN	1111 	GLN	1107 	5	57.39534345	1	6.24293728945	-9.37	46.184	6.046	-13.798	48.462	6.739	-7.638	49.441	7.004
353167	MET	1109 	GLN	1107 	GLN	1111 	8	79.8147565468	1	6.24293728945	-10.348	45.53	9.668	-7.638	49.441	7.004	-13.798	48.462	6.739
266764	ILE	1110 	GLN	1107 	GLN	1111 	5	58.7059177892	1	6.24293728945	-11.887	49.003	10.021	-7.638	49.441	7.004	-13.798	48.462	6.739
363316	MET	1112 	MET	1109 	GLU	1108 	5	58.2136142246	1	6.20131607	-15.141	45.122	8.052	-10.348	45.53	9.668	-9.37	46.184	6.046
363533	MET	1112 	MET	1109 	ILE	1110 	6	68.1042243818	1	5.43393393408	-15.141	45.122	8.052	-10.348	45.53	9.668	-11.887	49.003	10.021
363246	MET	1109 	MET	1112 	GLN	1111 	7	68.8777923538	1	5.39241736144	-10.348	45.53	9.668	-15.141	45.122	8.052	-13.798	48.462	6.739
593648	ALA	1113 	MET	1109 	GLN	1111 	9	89.3511149626	1	6.13557935325	-16.125	46.724	11.355	-10.348	45.53	9.668	-13.798	48.462	6.739
478732	THR	1203 	MET	1109 	ILE	1202 	5	56.2806449942	1	7.89081833526	-7.999	40.768	15.505	-10.348	45.53	9.668	-11.14	39.652	13.631
603793	ALA	1114 	VAL	1260 	GLU	1115 	2	33.4721936448	1	8.05513190457	-17.973	49.541	9.588	-20.089	53.794	11.83	-19.879	47.151	7.279
451156	SER	1275 	ASP	1118 	GLU	1115 	5	60.5588854837	1	7.98166862254	-24.636	52.247	3.392	-23.91	49.446	9.352	-19.879	47.151	7.279
359216	MET	1120 	ILE	1148 	ILE	1116 	9	87.8062714982	1	7.16753939647	-26.47	45.982	12.498	-24.868	40.183	8.602	-20.938	44.888	10.158
272452	ILE	1116 	ILE	1148 	CYS	1138 	5	59.1956675564	1	7.63063352547	-20.938	44.888	10.158	-24.868	40.183	8.602	-21.152	37.312	9.272
605743	ALA	1121 	ALA	1117 	ASP	1118 	8	76.1648886473	1	5.92587048458	-27.576	49.638	12.559	-21.904	47.952	12.24	-23.91	49.446	9.352
392408	ASP	1118 	MET	1120 	GLY	1119 	9	89.8595660986	1	5.33387401426	-23.91	49.446	9.352	-26.47	45.982	12.498	-25.795	46.209	8.768
595590	ALA	1121 	ASP	1118 	MET	1120 	7	68.8385806329	1	5.33387401426	-27.576	49.638	12.559	-23.91	49.446	9.352	-26.47	45.982	12.498
537992	TYR	1122 	ASP	1118 	MET	1120 	9	89.7858575003	1	6.29166655188	-30.152	48.844	9.862	-23.91	49.446	9.352	-26.47	45.982	12.498
450943	SER	1275 	ASP	1118 	PHE	1277 	8	78.8182175698	1	6.62527561691	-24.636	52.247	3.392	-23.91	49.446	9.352	-25.849	55.154	7.571
663268	ASN	1124 	ALA	1121 	MET	1120 	5	59.2523398174	1	6.13661510933	-31.731	47.964	14.958	-27.576	49.638	12.559	-26.47	45.982	12.498
660391	ASN	1124 	TYR	1122 	MET	1120 	8	80.6639765555	1	6.13661510933	-31.731	47.964	14.958	-30.152	48.844	9.862	-26.47	45.982	12.498
663702	ASN	1124 	ALA	1121 	TYR	1122 	7	68.435621294	1	5.40711170589	-31.731	47.964	14.958	-27.576	49.638	12.559	-30.152	48.844	9.862
602144	ALA	1121 	TYR	1122 	PHE	1277 	9	84.6922875945	1	7.97374378821	-27.576	49.638	12.559	-30.152	48.844	9.862	-25.849	55.154	7.571
663844	ASN	1124 	ALA	1121 	ALA	1125 	5	59.6518500996	1	6.09849866771	-31.731	47.964	14.958	-27.576	49.638	12.559	-33.577	50.647	12.961
580540	ALA	1121 	PHE	1277 	PHE	1276 	5	52.956437985	1	7.63471865886	-27.576	49.638	12.559	-25.849	55.154	7.571	-27.728	52.493	5.549
660319	ASN	1124 	TYR	1122 	LYS	1126 	8	79.0799980548	1	6.28842436545	-31.731	47.964	14.958	-30.152	48.844	9.862	-36.082	48.035	11.792
592058	ALA	1125 	LYS	1127 	PHE	1128 	3	41.1975536861	1	7.50560610477	-33.577	50.647	12.961	-36.586	47.252	15.492	-35.01	43.794	15.666
570458	VAL	1129 	THR	1188 	PHE	1128 	3	38.2014887996	1	8.07707112758	-32.326	42.396	17.946	-29.347	46.464	20.769	-35.01	43.794	15.666
472544	THR	1154 	HIS	1130 	PHE	1128 	9	87.883283002	1	6.57291548706	-33.513	37.394	15.713	-30.02	39.813	16.35	-35.01	43.794	15.666
616543	ARG	1155 	HIS	1130 	PHE	1128 	8	79.922431829	1	6.6060920369	-36.438	38.901	17.622	-30.02	39.813	16.35	-35.01	43.794	15.666
570818	VAL	1129 	THR	1188 	HIS	1130 	3	39.4226492709	1	8.01350678542	-32.326	42.396	17.946	-29.347	46.464	20.769	-30.02	39.813	16.35
622660	ARG	1131 	MET	1153 	HIS	1130 	5	60.2796663838	1	6.2798821645	-28.97	37.936	19.52	-32.28	33.979	16.892	-30.02	39.813	16.35
628424	ARG	1131 	THR	1154 	HIS	1130 	9	83.3775777266	1	5.95196286951	-28.97	37.936	19.52	-33.513	37.394	15.713	-30.02	39.813	16.35
635620	ARG	1155 	ARG	1131 	HIS	1130 	5	60.2285283698	1	7.76560705934	-36.438	38.901	17.622	-28.97	37.936	19.52	-30.02	39.813	16.35
357343	MET	1153 	HIS	1130 	PHE	1151 	8	79.6051019867	1	6.48930728198	-32.28	33.979	16.892	-30.02	39.813	16.35	-31.328	35.511	11.671
472541	THR	1154 	HIS	1130 	PHE	1151 	6	67.6904054067	1	6.48930728198	-33.513	37.394	15.713	-30.02	39.813	16.35	-31.328	35.511	11.671
478660	THR	1154 	MET	1153 	HIS	1130 	5	56.8285490892	1	6.2798821645	-33.513	37.394	15.713	-32.28	33.979	16.892	-30.02	39.813	16.35
628419	ARG	1155 	THR	1154 	HIS	1130 	4	50.831202943	1	6.6060920369	-36.438	38.901	17.622	-33.513	37.394	15.713	-30.02	39.813	16.35
624391	ARG	1131 	ASP	1132 	MET	1153 	8	82.6925874862	1	6.24589313069	-28.97	37.936	19.52	-26.371	35.829	17.712	-32.28	33.979	16.892
628709	ARG	1131 	THR	1154 	MET	1153 	6	65.9288359662	1	5.95196286951	-28.97	37.936	19.52	-33.513	37.394	15.713	-32.28	33.979	16.892
635912	ARG	1155 	ARG	1131 	MET	1153 	9	83.4259011431	1	7.76560705934	-36.438	38.901	17.622	-28.97	37.936	19.52	-32.28	33.979	16.892
623743	ARG	1131 	ASP	1191 	PHE	1186 	8	80.7269952515	1	7.57979122404	-28.97	37.936	19.52	-25.779	43.103	20.285	-31.498	41.108	24.842
508828	TRP	1175 	ASP	1132 	LEU	1133 	5	53.1604232421	1	7.58512017044	-20.695	36.225	22.728	-26.371	35.829	17.712	-23.829	38.255	16.203
663342	ASN	1137 	ALA	1134 	ASP	1132 	7	74.8142772126	1	7.45066587628	-22.684	34.531	11.369	-20.532	36.393	15.808	-26.371	35.829	17.712
393991	ASP	1150 	ASP	1132 	MET	1153 	8	76.8896904172	1	7.73420881539	-28.102	34.009	10.397	-26.371	35.829	17.712	-32.28	33.979	16.892
480389	THR	1154 	ASP	1132 	MET	1153 	6	62.7290199829	1	7.57980144859	-33.513	37.394	15.713	-26.371	35.829	17.712	-32.28	33.979	16.892
605305	ALA	1135 	ALA	1134 	LEU	1133 	2	28.999589779	1	7.09291576152	-17.896	35.934	13.085	-20.532	36.393	15.808	-23.829	38.255	16.203
662692	ASN	1137 	ALA	1134 	CYS	1138 	5	53.6181002859	1	6.629348158	-22.684	34.531	11.369	-20.532	36.393	15.808	-21.152	37.312	9.272
662694	ASN	1137 	ALA	1135 	CYS	1138 	7	71.2554104321	1	5.27617370829	-22.684	34.531	11.369	-17.896	35.934	13.085	-21.152	37.312	9.272
663270	ASN	1137 	ALA	1135 	MET	1139 	7	71.7037154163	1	7.98128047371	-22.684	34.531	11.369	-17.896	35.934	13.085	-20.593	36.436	5.59
593574	ALA	1135 	MET	1139 	CYS	1138 	7	69.5152115683	1	7.98128047371	-17.896	35.934	13.085	-20.593	36.436	5.59	-21.152	37.312	9.272
664132	ASN	1137 	ARG	1136 	CYS	1138 	5	56.767929904	1	5.76741657937	-22.684	34.531	11.369	-19.489	32.586	12.129	-21.152	37.312	9.272
651176	ASN	1137 	MET	1139 	CYS	1138 	9	89.6099635249	1	6.43413918096	-22.684	34.531	11.369	-20.593	36.436	5.59	-21.152	37.312	9.272
646855	ASN	1137 	ILE	1148 	CYS	1138 	8	77.1565603372	1	6.66117474624	-22.684	34.531	11.369	-24.868	40.183	8.602	-21.152	37.312	9.272
648294	ASN	1137 	GLY	1149 	CYS	1138 	7	69.1556870686	1	5.37212713923	-22.684	34.531	11.369	-26.407	36.727	8.322	-21.152	37.312	9.272
652610	ASN	1137 	ASP	1150 	CYS	1138 	3	40.3283180054	1	7.77675600749	-22.684	34.531	11.369	-28.102	34.009	10.397	-21.152	37.312	9.272
651607	ASN	1137 	MET	1139 	GLY	1149 	8	77.7704844627	1	6.43413918096	-22.684	34.531	11.369	-20.593	36.436	5.59	-26.407	36.727	8.322
564769	VAL	1140 	MET	1139 	CYS	1138 	2	33.1497384064	1	6.966321698	-17.915	37.597	3.11	-20.593	36.436	5.59	-21.152	37.312	9.272
564772	VAL	1146 	MET	1139 	CYS	1138 	5	57.3557638604	1	6.43632301862	-18.939	41.626	5.039	-20.593	36.436	5.59	-21.152	37.312	9.272
361733	MET	1139 	LYS	1147 	CYS	1138 	6	66.8603876918	1	5.58758892547	-20.593	36.436	5.59	-22.687	41.31	5.683	-21.152	37.312	9.272
358855	MET	1139 	ILE	1148 	CYS	1138 	8	77.6419730408	1	6.4333333506	-20.593	36.436	5.59	-24.868	40.183	8.602	-21.152	37.312	9.272
574855	VAL	1140 	VAL	1146 	CYS	1138 	8	82.9792393172	1	6.966321698	-17.915	37.597	3.11	-18.939	41.626	5.039	-21.152	37.312	9.272
330055	LYS	1147 	ILE	1148 	CYS	1138 	8	76.3154448544	1	5.58758892547	-22.687	41.31	5.683	-24.868	40.183	8.602	-21.152	37.312	9.272
331496	LYS	1147 	GLY	1149 	CYS	1138 	9	87.679842123	1	6.46580312104	-22.687	41.31	5.683	-26.407	36.727	8.322	-21.152	37.312	9.272
387652	ASP	1150 	ILE	1148 	CYS	1138 	5	60.43508536	1	7.77675600749	-28.102	34.009	10.397	-24.868	40.183	8.602	-21.152	37.312	9.272
389091	ASP	1150 	GLY	1149 	CYS	1138 	4	49.732531764	1	7.77675600749	-28.102	34.009	10.397	-26.407	36.727	8.322	-21.152	37.312	9.272
604226	ALA	1141 	VAL	1140 	MET	1139 	3	39.0824557729	1	6.70563084281	-18.708	38.468	-0.516	-17.915	37.597	3.11	-20.593	36.436	5.59
603937	ALA	1141 	VAL	1140 	HIS	1142 	2	33.267905794	1	6.91996719645	-18.708	38.468	-0.516	-17.915	37.597	3.11	-16.651	38.01	-3.681
599618	ALA	1141 	THR	1145 	HIS	1142 	3	42.0304975781	1	7.38502877449	-18.708	38.468	-0.516	-17.712	42.962	1.694	-16.651	38.01	-3.681
480099	THR	1145 	ASP	1143 	HIS	1142 	4	46.7050268823	1	7.38502877449	-17.712	42.962	1.694	-15.377	41.584	-3.264	-16.651	38.01	-3.681
472542	THR	1145 	HIS	1142 	PHE	1144 	7	69.4675793559	1	7.38502877449	-17.712	42.962	1.694	-16.651	38.01	-3.681	-14.718	40.954	0.453
571034	VAL	1146 	THR	1145 	LYS	1147 	3	41.1405076306	1	6.58724904645	-18.939	41.626	5.039	-17.712	42.962	1.694	-22.687	41.31	5.683
389449	ASP	1150 	GLY	1149 	ILE	1148 	2	25.4552978901	1	7.19715617449	-28.102	34.009	10.397	-26.407	36.727	8.322	-24.868	40.183	8.602
389019	ASP	1150 	GLY	1149 	PHE	1151 	4	50.6962799674	1	6.07541751652	-28.102	34.009	10.397	-26.407	36.727	8.322	-31.328	35.511	11.671
478303	THR	1154 	MET	1153 	PHE	1151 	8	80.9334516344	1	5.52378212822	-33.513	37.394	15.713	-32.28	33.979	16.892	-31.328	35.511	11.671
478804	THR	1154 	MET	1153 	GLY	1152 	5	58.9979383553	1	5.65494102533	-33.513	37.394	15.713	-32.28	33.979	16.892	-32.371	32.339	13.45
628706	ARG	1155 	THR	1154 	MET	1153 	3	43.4077131148	1	6.48443891173	-36.438	38.901	17.622	-33.513	37.394	15.713	-32.28	33.979	16.892
628777	ARG	1155 	THR	1154 	ASP	1156 	2	29.9441086151	1	7.05399354976	-36.438	38.901	17.622	-33.513	37.394	15.713	-38.855	41.8	17.058
479955	THR	1160 	ASP	1161 	GLU	1159 	4	49.7573510984	1	6.17384888056	-40.624	47.408	24.12	-37.051	47.771	22.752	-43.023	47.82	21.187
632380	ARG	1164 	VAL	1185 	PHE	1186 	5	53.1564584657	1	6.35384301034	-36.752	38.685	27.468	-32.587	40.292	28.405	-31.498	41.108	24.842
331922	LYS	1168 	GLY	1169 	GLY	1167 	3	37.7154588739	1	6.6945459144	-34.549	27.151	28.014	-32.586	27.164	24.777	-37.796	29.018	28.55
331704	LYS	1168 	GLY	1169 	LEU	1170 	1	22.2960943203	1	7.27242050489	-34.549	27.151	28.014	-32.586	27.164	24.777	-29.157	27.157	23.134
630296	ARG	1174 	TRP	1175 	PRO	1172 	9	88.9354724079	1	5.72651691694	-19.05	33.435	24.766	-20.695	36.225	22.728	-23.968	31.619	22.462
633389	ARG	1174 	VAL	1173 	TRP	1175 	6	62.4169887541	1	5.4746160596	-19.05	33.435	24.766	-22.484	32.175	25.948	-20.695	36.225	22.728
633532	ARG	1174 	VAL	1218 	VAL	1173 	5	53.5677899227	1	7.20914363846	-19.05	33.435	24.766	-17.342	31.953	30.996	-22.484	32.175	25.948
631733	ARG	1174 	TYR	1210 	PRO	1209 	6	62.5082009694	1	7.26852515989	-19.05	33.435	24.766	-12.067	32.423	26.511	-13.023	33.373	22.935
601352	ALA	1177 	TRP	1175 	MET	1176 	9	89.9002626564	1	6.95784585917	-23.53	40.46	27.465	-20.695	36.225	22.728	-23.268	37.308	25.332
514948	TRP	1193 	TRP	1175 	MET	1176 	5	58.4050296943	1	7.3649758316	-21.377	43.533	23.337	-20.695	36.225	22.728	-23.268	37.308	25.332
512068	TRP	1175 	SER	1194 	MET	1176 	5	59.3471720213	1	6.09401042008	-20.695	36.225	22.728	-21.339	40.757	20.693	-23.268	37.308	25.332
515166	TRP	1175 	TRP	1193 	SER	1194 	7	73.753031468	1	7.3649758316	-20.695	36.225	22.728	-21.377	43.533	23.337	-21.339	40.757	20.693
572911	VAL	1197 	TRP	1193 	TRP	1175 	8	78.1012371373	1	7.3649758316	-16.361	39.978	20.489	-21.377	43.533	23.337	-20.695	36.225	22.728
597026	ALA	1177 	PRO	1178 	MET	1176 	3	42.3624744401	1	6.5555114217	-23.53	40.46	27.465	-23.544	40.035	31.287	-23.268	37.308	25.332
598468	ALA	1177 	SER	1180 	MET	1176 	5	56.8695656278	1	6.41528573019	-23.53	40.46	27.465	-28.339	38.667	29.019	-23.268	37.308	25.332
598467	ALA	1177 	SER	1190 	MET	1176 	4	50.537579366	1	6.86485323951	-23.53	40.46	27.465	-26.321	43.328	24.081	-23.268	37.308	25.332
601348	ALA	1177 	TRP	1193 	MET	1176 	5	53.2084232901	1	6.80489022689	-23.53	40.46	27.465	-21.377	43.533	23.337	-23.268	37.308	25.332
453032	SER	1180 	PRO	1178 	MET	1176 	9	88.3353658538	1	6.5555114217	-28.339	38.667	29.019	-23.544	40.035	31.287	-23.268	37.308	25.332
512072	TRP	1193 	SER	1190 	MET	1176 	9	89.2161616357	1	6.86485323951	-21.377	43.533	23.337	-26.321	43.328	24.081	-23.268	37.308	25.332
509190	TRP	1193 	ASP	1191 	MET	1176 	7	75.2173243715	1	8.08451328158	-21.377	43.533	23.337	-25.779	43.103	20.285	-23.268	37.308	25.332
601420	ALA	1177 	TRP	1193 	ASP	1191 	5	59.9110507888	1	7.97470062134	-23.53	40.46	27.465	-21.377	43.533	23.337	-25.779	43.103	20.285
601563	ALA	1177 	TRP	1193 	SER	1194 	4	49.7115989082	1	7.12381035682	-23.53	40.46	27.465	-21.377	43.533	23.337	-21.339	40.757	20.693
601712	ALA	1177 	TRP	1246 	TRP	1193 	9	89.2547100282	1	7.9661733599	-23.53	40.46	27.465	-17.591	45.739	26.899	-21.377	43.533	23.337
420914	PRO	1178 	MET	1223 	GLU	1179 	3	38.1917652709	1	7.36496069236	-23.544	40.035	31.287	-21.389	38.117	34.96	-27.18	41.214	31.626
421279	PRO	1178 	MET	1223 	LYS	1182 	8	80.5329180175	1	6.78213034378	-23.544	40.035	31.287	-21.389	38.117	34.96	-28.023	37.027	34.066
422790	PRO	1178 	ASP	1224 	MET	1223 	7	72.3689856395	1	8.00972671194	-23.544	40.035	31.287	-18.704	38.904	37.568	-21.389	38.117	34.96
421205	PRO	1178 	MET	1223 	GLY	1225 	6	60.9761153638	1	7.48487341242	-23.544	40.035	31.287	-21.389	38.117	34.96	-17.476	41.73	35.328
422644	PRO	1178 	ASP	1224 	GLY	1225 	5	53.8032954172	1	8.00972671194	-23.544	40.035	31.287	-18.704	38.904	37.568	-17.476	41.73	35.328
454035	SER	1190 	SER	1180 	GLU	1179 	4	48.7471054899	1	7.88250607358	-26.321	43.328	24.081	-28.339	38.667	29.019	-27.18	41.214	31.626
569305	VAL	1185 	SER	1180 	LEU	1181 	2	24.4752186101	1	7.91237372727	-32.587	40.292	28.405	-28.339	38.667	29.019	-26.472	35.875	30.793
566714	VAL	1185 	ASP	1183 	LYS	1182 	3	36.4458939104	1	7.97102515364	-32.587	40.292	28.405	-31.609	38.001	33.196	-28.023	37.027	34.066
561818	VAL	1185 	GLY	1184 	PHE	1186 	3	42.8859580312	1	6.49946682429	-32.587	40.292	28.405	-31.992	36.745	29.634	-31.498	41.108	24.842
484057	THR	1188 	THR	1187 	PHE	1186 	2	29.1053784906	1	7.06419606183	-29.347	46.464	20.769	-31.309	44.648	23.449	-31.498	41.108	24.842
482618	THR	1187 	SER	1189 	PHE	1186 	3	37.6265360232	1	7.65133570039	-31.309	44.648	23.449	-26.854	47.067	23.631	-31.498	41.108	24.842
484926	THR	1187 	THR	1188 	SER	1189 	7	69.2633085312	1	5.07264329517	-31.309	44.648	23.449	-29.347	46.464	20.769	-26.854	47.067	23.631
484928	THR	1188 	THR	1187 	SER	1190 	9	85.5830355808	1	5.47362000873	-29.347	46.464	20.769	-31.309	44.648	23.449	-26.321	43.328	24.081
484924	THR	1255 	THR	1188 	SER	1189 	5	55.9444610277	1	7.56547189539	-24.934	52.414	19.233	-29.347	46.464	20.769	-26.854	47.067	23.631
483271	THR	1188 	SER	1190 	MET	1192 	8	77.4424916588	1	6.32744442884	-29.347	46.464	20.769	-26.321	43.328	24.081	-23.057	45.777	20.747
480388	THR	1188 	ASP	1191 	MET	1192 	5	56.3069721876	1	6.32744442884	-29.347	46.464	20.769	-25.779	43.103	20.285	-23.057	45.777	20.747
484712	THR	1255 	THR	1188 	MET	1192 	9	83.3033037032	1	7.56547189539	-24.934	52.414	19.233	-29.347	46.464	20.769	-23.057	45.777	20.747
512286	TRP	1193 	SER	1189 	SER	1190 	7	74.4675352658	1	6.52480811978	-21.377	43.533	23.337	-26.854	47.067	23.631	-26.321	43.328	24.081
453029	SER	1189 	PRO	1254 	MET	1192 	6	67.5228532119	1	7.59480460578	-26.854	47.067	23.631	-22.308	52.913	21.946	-23.057	45.777	20.747
452955	SER	1189 	PRO	1250 	LYS	1251 	4	48.9674675853	1	7.05949353707	-26.854	47.067	23.631	-25.569	48.334	28.697	-26.703	51.975	28.703
627411	ARG	1253 	SER	1189 	PRO	1254 	4	48.5335609458	1	7.59480460578	-22.255	51.147	25.342	-26.854	47.067	23.631	-22.308	52.913	21.946
483411	THR	1255 	SER	1189 	PRO	1254 	4	51.3274871026	1	7.59480460578	-24.934	52.414	19.233	-26.854	47.067	23.631	-22.308	52.913	21.946
512142	TRP	1193 	SER	1190 	ASP	1191 	7	69.0694131916	1	5.37375176204	-21.377	43.533	23.337	-26.321	43.328	24.081	-25.779	43.103	20.285
512284	TRP	1193 	SER	1190 	SER	1194 	5	53.5164871017	1	6.55048921837	-21.377	43.533	23.337	-26.321	43.328	24.081	-21.339	40.757	20.693
508543	TRP	1193 	ASP	1191 	PHE	1195 	8	80.5453801378	1	6.20627633932	-21.377	43.533	23.337	-25.779	43.103	20.285	-19.968	43.207	18.108
507103	TRP	1193 	MET	1192 	PHE	1195 	8	80.0128434435	1	5.42531086667	-21.377	43.533	23.337	-23.057	45.777	20.747	-19.968	43.207	18.108
507175	TRP	1193 	MET	1192 	CYS	1245 	8	77.7584098577	1	5.6324997115	-21.377	43.533	23.337	-23.057	45.777	20.747	-18.543	47.493	23.646
420775	PRO	1254 	MET	1192 	CYS	1245 	8	78.5652747618	1	7.27468885933	-22.308	52.913	21.946	-23.057	45.777	20.747	-18.543	47.493	23.646
625832	ARG	1253 	PRO	1254 	MET	1192 	9	87.4412301997	1	7.27468885933	-22.255	51.147	25.342	-22.308	52.913	21.946	-23.057	45.777	20.747
420704	PRO	1254 	MET	1192 	PHE	1256 	9	85.3867377198	1	7.27468885933	-22.308	52.913	21.946	-23.057	45.777	20.747	-24.19	50.909	15.839
478300	THR	1255 	MET	1192 	PHE	1256 	5	54.2305802432	1	7.19093714338	-24.934	52.414	19.233	-23.057	45.777	20.747	-24.19	50.909	15.839
511421	TRP	1193 	SER	1194 	PHE	1195 	6	63.0942892618	1	5.42531086667	-21.377	43.533	23.337	-21.339	40.757	20.693	-19.968	43.207	18.108
511490	TRP	1193 	SER	1194 	CYS	1245 	3	37.3822410523	1	7.86838744598	-21.377	43.533	23.337	-21.339	40.757	20.693	-18.543	47.493	23.646
504222	TRP	1193 	GLY	1196 	PHE	1195 	7	68.4507064011	1	5.42531086667	-21.377	43.533	23.337	-17.006	43.725	20.433	-19.968	43.207	18.108
495581	TRP	1193 	CYS	1245 	PHE	1195 	6	67.6987319001	1	7.14631828286	-21.377	43.533	23.337	-18.543	47.493	23.646	-19.968	43.207	18.108
504296	TRP	1193 	GLY	1196 	CYS	1245 	9	86.0441678631	1	5.2512589919	-21.377	43.533	23.337	-17.006	43.725	20.433	-18.543	47.493	23.646
514375	TRP	1193 	TRP	1246 	CYS	1245 	8	75.8917144332	1	5.6469528066	-21.377	43.533	23.337	-17.591	45.739	26.899	-18.543	47.493	23.646
629576	ARG	1253 	TRP	1193 	CYS	1245 	9	83.3345032119	1	7.92236738608	-22.255	51.147	25.342	-21.377	43.533	23.337	-18.543	47.493	23.646
360507	MET	1242 	GLY	1196 	LEU	1241 	4	44.1432317423	1	7.06959425993	-13.779	46.785	22.181	-17.006	43.725	20.433	-13.777	50.006	20.114
622801	ARG	1243 	MET	1242 	GLY	1196 	2	32.7656587454	1	7.94423249912	-13.481	48.839	25.386	-13.779	46.785	22.181	-17.006	43.725	20.433
363603	MET	1244 	MET	1242 	GLY	1196 	4	49.5902789728	1	8.06722635111	-16.66	50.733	24.414	-13.779	46.785	22.181	-17.006	43.725	20.433
507607	TRP	1246 	MET	1244 	GLY	1196 	8	75.9588018951	1	8.06722635111	-17.591	45.739	26.899	-16.66	50.733	24.414	-17.006	43.725	20.433
504294	TRP	1246 	GLY	1196 	CYS	1245 	7	72.5368420736	1	6.79761553782	-17.591	45.739	26.899	-17.006	43.725	20.433	-18.543	47.493	23.646
575791	VAL	1198 	VAL	1197 	TRP	1200 	8	82.9526549245	1	5.22889701562	-16.499	39.96	16.674	-16.361	39.978	20.489	-11.823	40.322	18.986
572696	VAL	1197 	TRP	1200 	PRO	1209 	9	86.3397184604	1	8.08227703064	-16.361	39.978	20.489	-11.823	40.322	18.986	-13.023	33.373	22.935
513148	TRP	1200 	THR	1203 	LEU	1199 	5	59.2457677846	1	6.16550079069	-11.823	40.322	18.986	-7.999	40.768	15.505	-13.765	42.63	16.645
507388	TRP	1200 	MET	1242 	LEU	1199 	5	57.4927038486	1	7.47022958148	-11.823	40.322	18.986	-13.779	46.785	22.181	-13.765	42.63	16.645
510196	TRP	1200 	PRO	1209 	GLU	1201 	5	52.9021730928	1	8.08227703064	-11.823	40.322	18.986	-13.023	33.373	22.935	-12.286	37.44	16.52
513294	TRP	1200 	THR	1203 	ILE	1202 	7	68.4566412446	1	5.43979907717	-11.823	40.322	18.986	-7.999	40.768	15.505	-11.14	39.652	13.631
511856	TRP	1200 	SER	1204 	ILE	1202 	9	88.7088102122	1	6.08593271405	-11.823	40.322	18.986	-7.167	37.193	16.626	-11.14	39.652	13.631
601136	ALA	1206 	TRP	1200 	ILE	1202 	9	83.8230820478	1	7.89333744369	-10.869	33.706	14.788	-11.823	40.322	18.986	-11.14	39.652	13.631
513725	TRP	1200 	THR	1203 	SER	1204 	6	60.6168155808	1	6.08593271405	-11.823	40.322	18.986	-7.999	40.768	15.505	-7.167	37.193	16.626
601637	ALA	1206 	TRP	1200 	THR	1203 	6	67.4036514394	1	7.89333744369	-10.869	33.706	14.788	-11.823	40.322	18.986	-7.999	40.768	15.505
513656	TRP	1200 	THR	1203 	PRO	1231 	9	83.3198967997	1	6.83487936982	-11.823	40.322	18.986	-7.999	40.768	15.505	-5.347	39.832	21.116
512214	TRP	1200 	SER	1204 	PRO	1231 	7	75.7379800906	1	6.83487936982	-11.823	40.322	18.986	-7.167	37.193	16.626	-5.347	39.832	21.116
510272	TRP	1200 	PRO	1209 	LEU	1228 	9	83.2923308807	1	8.08227703064	-11.823	40.322	18.986	-13.023	33.373	22.935	-11.516	39.219	26.981
510124	TRP	1200 	PRO	1231 	GLN	1230 	5	54.4276909003	1	7.16169951897	-11.823	40.322	18.986	-5.347	39.832	21.116	-6.763	42.324	23.642
441079	SER	1204 	GLU	1207 	GLU	1201 	8	76.7073162828	1	6.26947988273	-7.167	37.193	16.626	-9.387	32.041	17.844	-12.286	37.44	16.52
181803	GLU	1201 	GLU	1207 	GLN	1208 	4	45.9177958474	1	7.76610365627	-12.286	37.44	16.52	-9.387	32.041	17.844	-11.863	30.741	20.426
412203	PRO	1209 	GLU	1201 	GLN	1208 	4	51.1369797227	1	7.76610365627	-13.023	33.373	22.935	-12.286	37.44	16.52	-11.863	30.741	20.426
482692	THR	1203 	SER	1204 	CYS	1234 	5	57.847005654	1	7.95533965334	-7.999	40.768	15.505	-7.167	37.193	16.626	-4.171	44.355	18.363
481256	THR	1203 	PRO	1231 	CYS	1234 	9	84.0267011862	1	6.27634615043	-7.999	40.768	15.505	-5.347	39.832	21.116	-4.171	44.355	18.363
481253	THR	1203 	PRO	1235 	CYS	1234 	6	64.4596255689	1	7.99829894415	-7.999	40.768	15.505	-4.386	47.804	16.694	-4.171	44.355	18.363
570535	VAL	1238 	THR	1203 	CYS	1234 	8	81.0814369675	1	8.07467237725	-9.762	48.402	17.458	-7.999	40.768	15.505	-4.171	44.355	18.363
453099	SER	1204 	PRO	1231 	ASP	1232 	4	45.7333831874	1	7.37790735914	-7.167	37.193	16.626	-5.347	39.832	21.116	-1.585	40.001	20.549
452452	SER	1204 	PRO	1231 	CYS	1234 	5	60.4846202007	1	7.95533965334	-7.167	37.193	16.626	-5.347	39.832	21.116	-4.171	44.355	18.363
586515	ALA	1206 	LEU	1205 	GLU	1207 	4	52.3994667015	1	5.97871332312	-10.869	33.706	14.788	-7.941	35.577	13.245	-9.387	32.041	17.844
585002	ALA	1206 	GLU	1207 	GLN	1208 	3	43.6445605233	1	6.4471935755	-10.869	33.706	14.788	-9.387	32.041	17.844	-11.863	30.741	20.426
412208	PRO	1209 	GLU	1207 	GLN	1208 	9	89.8710210436	1	6.39632714923	-13.023	33.373	22.935	-9.387	32.041	17.844	-11.863	30.741	20.426
180365	GLU	1207 	GLN	1211 	GLN	1208 	6	68.1474583418	1	7.945510808	-9.387	32.041	17.844	-10.093	29.396	25.303	-11.863	30.741	20.426
412205	PRO	1209 	GLU	1207 	GLN	1211 	6	64.5060174459	1	7.945510808	-13.023	33.373	22.935	-9.387	32.041	17.844	-10.093	29.396	25.303
410766	PRO	1209 	GLN	1211 	GLN	1208 	7	69.8470234457	1	5.47803368007	-13.023	33.373	22.935	-10.093	29.396	25.303	-11.863	30.741	20.426
525966	TYR	1210 	GLN	1208 	GLN	1211 	7	70.7037969214	1	6.31648359453	-12.067	32.423	26.511	-11.863	30.741	20.426	-10.093	29.396	25.303
538925	TYR	1210 	PRO	1209 	GLN	1211 	6	61.9209498034	1	5.47803368007	-12.067	32.423	26.511	-13.023	33.373	22.935	-10.093	29.396	25.303
533168	TYR	1210 	GLY	1212 	GLN	1211 	9	89.7062986228	1	6.06071563431	-12.067	32.423	26.511	-9.43	27.299	28.388	-10.093	29.396	25.303
442443	SER	1214 	LEU	1213 	GLN	1211 	4	50.0330510729	1	8.05025440592	-15.849	26.04	29.821	-12.679	28.104	30.176	-10.093	29.396	25.303
655568	ASN	1215 	SER	1214 	GLN	1217 	9	84.5631968913	1	5.47502821911	-19.175	27.696	28.946	-15.849	26.04	29.821	-16.902	29.269	33.672
573339	VAL	1222 	TYR	1227 	PHE	1221 	4	45.6140105408	1	7.61084975545	-18.544	37.687	32.47	-14.066	40.312	29.586	-16.619	35.181	34.594
533019	TYR	1227 	GLY	1226 	PHE	1221 	4	49.3040713273	1	7.61084975545	-14.066	40.312	29.586	-14.873	39.896	33.276	-16.619	35.181	34.594
389528	ASP	1224 	GLY	1226 	GLY	1225 	9	89.7185074425	1	5.83796959567	-18.704	38.904	37.568	-14.873	39.896	33.276	-17.476	41.73	35.328
533305	TYR	1227 	GLY	1226 	LEU	1228 	2	26.267596161	1	7.16622655238	-14.066	40.312	29.586	-14.873	39.896	33.276	-11.516	39.219	26.981
384842	ASP	1229 	LEU	1228 	GLN	1230 	3	40.554152775	1	6.58642201806	-7.92	40.474	26.73	-11.516	39.219	26.981	-6.763	42.324	23.642
422282	PRO	1231 	ASP	1232 	GLN	1230 	3	43.8718203468	1	6.46333211277	-5.347	39.832	21.116	-1.585	40.001	20.549	-6.763	42.324	23.642
654122	ASN	1233 	PRO	1231 	GLN	1230 	3	43.62095982	1	8.00518481985	-0.601	43.118	18.594	-5.347	39.832	21.116	-6.763	42.324	23.642
410695	PRO	1231 	GLN	1230 	CYS	1234 	8	77.2097581486	1	6.22183783138	-5.347	39.832	21.116	-6.763	42.324	23.642	-4.171	44.355	18.363
381895	ASP	1232 	GLN	1230 	CYS	1234 	8	82.4498140519	1	6.46333211277	-1.585	40.001	20.549	-6.763	42.324	23.642	-4.171	44.355	18.363
641093	ASN	1233 	GLN	1230 	CYS	1234 	6	61.9052075741	1	8.00518481985	-0.601	43.118	18.594	-6.763	42.324	23.642	-4.171	44.355	18.363
468296	THR	1239 	GLN	1230 	CYS	1234 	9	86.8388547683	1	6.53502501908	-8.863	47.957	21.141	-6.763	42.324	23.642	-4.171	44.355	18.363
422216	PRO	1231 	ASP	1232 	CYS	1234 	9	88.4808910014	1	5.5157327709	-5.347	39.832	21.116	-1.585	40.001	20.549	-4.171	44.355	18.363
654054	ASN	1233 	PRO	1231 	CYS	1234 	7	69.6734754478	1	6.29942822802	-0.601	43.118	18.594	-5.347	39.832	21.116	-4.171	44.355	18.363
654056	ASN	1233 	PRO	1235 	CYS	1234 	9	89.1059708535	1	6.31623471698	-0.601	43.118	18.594	-4.386	47.804	16.694	-4.171	44.355	18.363
412131	PRO	1235 	GLU	1236 	CYS	1234 	4	47.9757999533	1	6.28337958427	-4.386	47.804	16.694	-5.056	50.502	19.318	-4.171	44.355	18.363
567651	VAL	1238 	PRO	1235 	CYS	1234 	4	51.0905421456	1	6.96107139742	-9.762	48.402	17.458	-4.386	47.804	16.694	-4.171	44.355	18.363
481252	THR	1239 	PRO	1235 	CYS	1234 	5	59.24965824	1	6.53502501908	-8.863	47.957	21.141	-4.386	47.804	16.694	-4.171	44.355	18.363
570536	VAL	1238 	THR	1239 	CYS	1234 	9	83.3635466951	1	6.96107139742	-9.762	48.402	17.458	-8.863	47.957	21.141	-4.171	44.355	18.363
625400	ARG	1237 	PRO	1235 	GLU	1236 	9	89.7054109951	1	5.4523379389	-8.027	51.812	17.332	-4.386	47.804	16.694	-5.056	50.502	19.318
566791	VAL	1238 	ASP	1240 	MET	1242 	8	79.1148318746	1	6.4076288126	-9.762	48.402	17.458	-10.623	51.28	21.847	-13.779	46.785	22.181
480392	THR	1239 	ASP	1240 	MET	1242 	9	84.4469620413	1	5.5024464559	-8.863	47.957	21.141	-10.623	51.28	21.847	-13.779	46.785	22.181
624389	ARG	1243 	ASP	1240 	MET	1242 	6	67.4298541433	1	5.5024464559	-13.481	48.839	25.386	-10.623	51.28	21.847	-13.779	46.785	22.181
392552	ASP	1240 	MET	1244 	MET	1242 	9	88.633653352	1	6.58286161179	-10.623	51.28	21.847	-16.66	50.733	24.414	-13.779	46.785	22.181
624388	ARG	1243 	ASP	1240 	MET	1244 	5	53.9038747902	1	6.58286161179	-13.481	48.839	25.386	-10.623	51.28	21.847	-16.66	50.733	24.414
622949	ARG	1243 	MET	1244 	MET	1242 	6	63.8715365824	1	5.37337454492	-13.481	48.839	25.386	-16.66	50.733	24.414	-13.779	46.785	22.181
363174	MET	1242 	MET	1244 	CYS	1245 	7	73.8438794769	1	5.37337454492	-13.779	46.785	22.181	-16.66	50.733	24.414	-18.543	47.493	23.646
507752	TRP	1246 	MET	1242 	MET	1244 	9	86.8815916585	1	6.15507790365	-17.591	45.739	26.899	-13.779	46.785	22.181	-16.66	50.733	24.414
630149	ARG	1243 	TRP	1246 	MET	1244 	6	66.1993795223	1	5.65526498053	-13.481	48.839	25.386	-17.591	45.739	26.899	-16.66	50.733	24.414
629644	ARG	1243 	TRP	1246 	GLN	1247 	5	52.9778780037	1	6.71147800414	-13.481	48.839	25.386	-17.591	45.739	26.899	-18.82	48.293	29.416
507176	TRP	1246 	MET	1244 	CYS	1245 	9	89.819673735	1	5.65526498053	-17.591	45.739	26.899	-16.66	50.733	24.414	-18.543	47.493	23.646
353093	MET	1244 	GLN	1247 	CYS	1245 	6	65.5241000839	1	5.96985795476	-16.66	50.733	24.414	-18.82	48.293	29.416	-18.543	47.493	23.646
622374	ARG	1253 	MET	1244 	CYS	1245 	7	69.0407559328	1	5.68652837855	-22.255	51.147	25.342	-16.66	50.733	24.414	-18.543	47.493	23.646
420772	PRO	1254 	MET	1244 	CYS	1245 	5	56.9367423885	1	6.81480924164	-22.308	52.913	21.946	-16.66	50.733	24.414	-18.543	47.493	23.646
507245	TRP	1246 	MET	1244 	GLN	1247 	6	62.8113562852	1	5.96985795476	-17.591	45.739	26.899	-16.66	50.733	24.414	-18.82	48.293	29.416
630152	ARG	1253 	TRP	1246 	MET	1244 	9	89.7249868597	1	7.3091455725	-22.255	51.147	25.342	-17.591	45.739	26.899	-16.66	50.733	24.414
363248	MET	1252 	MET	1244 	GLN	1247 	9	84.253620336	1	7.99108509528	-23.096	53.217	28.447	-16.66	50.733	24.414	-18.82	48.293	29.416
622448	ARG	1253 	MET	1244 	GLN	1247 	9	89.1857439805	1	6.0449993383	-22.255	51.147	25.342	-16.66	50.733	24.414	-18.82	48.293	29.416
622946	ARG	1253 	MET	1244 	MET	1252 	3	39.0922624907	1	7.99108509528	-22.255	51.147	25.342	-16.66	50.733	24.414	-23.096	53.217	28.447
421350	PRO	1254 	MET	1252 	MET	1244 	7	75.655475733	1	7.99108509528	-22.308	52.913	21.946	-23.096	53.217	28.447	-16.66	50.733	24.414
497092	TRP	1246 	GLN	1247 	CYS	1245 	5	55.6173042035	1	5.83177751633	-17.591	45.739	26.899	-18.82	48.293	29.416	-18.543	47.493	23.646
629574	ARG	1253 	TRP	1246 	CYS	1245 	7	69.3337321662	1	7.3091455725	-22.255	51.147	25.342	-17.591	45.739	26.899	-18.543	47.493	23.646
625254	ARG	1253 	PRO	1254 	CYS	1245 	7	68.5276500227	1	6.81480924164	-22.255	51.147	25.342	-22.308	52.913	21.946	-18.543	47.493	23.646
497019	TRP	1246 	GLN	1247 	PHE	1248 	4	48.3409598012	1	6.21717813803	-17.591	45.739	26.899	-18.82	48.293	29.416	-20.829	46.557	32.143
641024	ASN	1249 	GLN	1247 	PHE	1248 	9	89.9884402683	1	5.63242354586	-23.765	48.982	32.023	-18.82	48.293	29.416	-20.829	46.557	32.143
353019	MET	1252 	GLN	1247 	PHE	1248 	4	45.7488531913	1	7.94703120668	-23.096	53.217	28.447	-18.82	48.293	29.416	-20.829	46.557	32.143
651247	ASN	1249 	MET	1252 	GLN	1247 	8	78.8403438796	1	6.59309585855	-23.765	48.982	32.023	-23.096	53.217	28.447	-18.82	48.293	29.416
664208	ASN	1249 	ARG	1253 	GLN	1247 	9	85.7788265178	1	7.18352879858	-23.765	48.982	32.023	-22.255	51.147	25.342	-18.82	48.293	29.416
420848	PRO	1250 	MET	1252 	GLN	1247 	9	87.8181049	1	6.78731485935	-25.569	48.334	28.697	-23.096	53.217	28.447	-18.82	48.293	29.416
653979	ASN	1249 	PRO	1250 	PHE	1248 	4	50.6158450485	1	6.12374436109	-23.765	48.982	32.023	-25.569	48.334	28.697	-20.829	46.557	32.143
651098	ASN	1249 	MET	1252 	PHE	1248 	3	38.49954652	1	7.94703120668	-23.765	48.982	32.023	-23.096	53.217	28.447	-20.829	46.557	32.143
420702	PRO	1250 	MET	1252 	PHE	1248 	7	68.9811728576	1	7.94703120668	-25.569	48.334	28.697	-23.096	53.217	28.447	-20.829	46.557	32.143
654632	ASN	1249 	PRO	1250 	MET	1252 	9	88.3922177643	1	5.58306027193	-23.765	48.982	32.023	-25.569	48.334	28.697	-23.096	53.217	28.447
651678	ASN	1249 	MET	1252 	LYS	1251 	7	70.3365426853	1	5.58306027193	-23.765	48.982	32.023	-23.096	53.217	28.447	-26.703	51.975	28.703
664640	ASN	1249 	ARG	1253 	LYS	1251 	9	86.9260337282	1	7.18352879858	-23.765	48.982	32.023	-22.255	51.147	25.342	-26.703	51.975	28.703
421280	PRO	1250 	MET	1252 	LYS	1251 	9	89.805523609	1	5.47922604024	-25.569	48.334	28.697	-23.096	53.217	28.447	-26.703	51.975	28.703
625830	ARG	1253 	PRO	1250 	MET	1252 	7	68.5749334728	1	5.49104634837	-22.255	51.147	25.342	-25.569	48.334	28.697	-23.096	53.217	28.447
625826	ARG	1253 	PRO	1254 	MET	1252 	3	42.3421562821	1	6.55563581966	-22.255	51.147	25.342	-22.308	52.913	21.946	-23.096	53.217	28.447
481178	THR	1255 	PRO	1254 	PHE	1256 	3	38.1019279442	1	6.69726727852	-24.934	52.414	19.233	-22.308	52.913	21.946	-24.19	50.909	15.839
416382	PRO	1254 	ILE	1259 	PHE	1256 	7	73.309305305	1	6.93709031223	-22.308	52.913	21.946	-19.63	53.086	15.549	-24.19	50.909	15.839
473982	THR	1255 	ILE	1259 	PHE	1256 	7	73.5228766745	1	6.49275411517	-24.934	52.414	19.233	-19.63	53.086	15.549	-24.19	50.909	15.839
393916	ASP	1266 	ASP	1265 	LYS	1264 	5	59.3103185523	1	5.63176588647	-11.46	56.313	6.564	-13.788	59.182	7.448	-16.741	56.964	8.409
393627	ASP	1265 	ASP	1266 	LEU	1267 	4	52.3245747638	1	6.03440345022	-13.788	59.182	7.448	-11.46	56.313	6.564	-13.613	53.932	4.478
415227	PRO	1269 	HIS	1268 	LEU	1267 	4	44.6574213078	1	6.45851035456	-15.291	55.648	-1.518	-13.826	52.93	0.803	-13.613	53.932	4.478
452741	SER	1270 	PRO	1269 	HIS	1268 	6	63.5652468885	1	5.43495979746	-18.238	53.392	-2.337	-15.291	55.648	-1.518	-13.826	52.93	0.803
452380	SER	1270 	PRO	1269 	PHE	1271 	5	60.4873907657	1	5.57822668955	-18.238	53.392	-2.337	-15.291	55.648	-1.518	-19.402	53.152	1.308
453171	SER	1270 	PRO	1272 	PRO	1269 	4	52.0570897007	1	6.96626248429	-18.238	53.392	-2.337	-21.625	56.307	1.306	-15.291	55.648	-1.518
452594	SER	1270 	PRO	1269 	GLU	1273 	3	43.3858291913	1	7.91409002981	-18.238	53.392	-2.337	-15.291	55.648	-1.518	-23.17	55.032	-1.936
423582	PRO	1269 	PRO	1272 	PHE	1271 	7	69.3605157723	1	6.96626248429	-15.291	55.648	-1.518	-21.625	56.307	1.306	-19.402	53.152	1.308
423795	PRO	1269 	PRO	1272 	GLU	1273 	4	47.8440044876	1	7.91409002981	-15.291	55.648	-1.518	-21.625	56.307	1.306	-23.17	55.032	-1.936
567582	VAL	1274 	PRO	1272 	PHE	1271 	7	69.5266601235	1	5.56215614668	-24.415	51.798	-0.374	-21.625	56.307	1.306	-19.402	53.152	1.308
452596	SER	1275 	PRO	1272 	GLU	1273 	5	60.062922873	1	6.18813097793	-24.636	52.247	3.392	-21.625	56.307	1.306	-23.17	55.032	-1.936
415154	PRO	1272 	HIS	1278 	GLU	1273 	3	43.3643343366	1	7.40643537743	-21.625	56.307	1.306	-25.538	57.551	4.614	-23.17	55.032	-1.936
452595	SER	1279 	PRO	1272 	GLU	1273 	4	49.655861754	1	7.95511420408	-28.995	56.671	3.228	-21.625	56.307	1.306	-23.17	55.032	-1.936
567941	VAL	1274 	PRO	1272 	HIS	1278 	6	61.8416046878	1	7.69664095564	-24.415	51.798	-0.374	-21.625	56.307	1.306	-25.538	57.551	4.614
452744	SER	1275 	PRO	1272 	HIS	1278 	9	87.0729790634	1	5.51718261434	-24.636	52.247	3.392	-21.625	56.307	1.306	-25.538	57.551	4.614
414938	PRO	1272 	HIS	1278 	PHE	1277 	3	40.1456899242	1	7.64341612108	-21.625	56.307	1.306	-25.538	57.551	4.614	-25.849	55.154	7.571
452382	SER	1279 	PRO	1272 	PHE	1277 	7	70.8911025434	1	7.64341612108	-28.995	56.671	3.228	-21.625	56.307	1.306	-25.849	55.154	7.571
569018	VAL	1274 	SER	1275 	PHE	1276 	3	34.8991755963	1	6.82209080854	-24.415	51.798	-0.374	-24.636	52.247	3.392	-27.728	52.493	5.549
569380	VAL	1274 	SER	1275 	HIS	1278 	5	53.850568095	1	7.69664095564	-24.415	51.798	-0.374	-24.636	52.247	3.392	-25.538	57.551	4.614
569379	VAL	1274 	SER	1279 	HIS	1278 	4	51.8148065727	1	7.69664095564	-24.415	51.798	-0.374	-28.995	56.671	3.228	-25.538	57.551	4.614
436544	SER	1275 	PHE	1277 	PHE	1276 	9	89.1093783852	1	5.23316911632	-24.636	52.247	3.392	-25.849	55.154	7.571	-27.728	52.493	5.549
453822	SER	1279 	SER	1275 	PHE	1276 	7	74.8041256233	1	6.2128538531	-28.995	56.671	3.228	-24.636	52.247	3.392	-27.728	52.493	5.549
234944	HIS	1278 	PHE	1276 	PHE	1277 	9	89.7309622548	1	5.5904998882	-25.538	57.551	4.614	-27.728	52.493	5.549	-25.849	55.154	7.571
436542	SER	1279 	PHE	1277 	PHE	1276 	7	75.2946326212	1	5.57317270502	-28.995	56.671	3.228	-25.849	55.154	7.571	-27.728	52.493	5.549
638141	ASN	1282 	PHE	1276 	PHE	1277 	6	65.5296919778	1	6.26549008458	-31.499	56.694	8.267	-27.728	52.493	5.549	-25.849	55.154	7.571
440858	SER	1279 	GLU	1280 	PHE	1276 	3	34.9550660623	1	8.01192579846	-28.995	56.671	3.228	-32.151	58.792	3.324	-27.728	52.493	5.549
181662	GLU	1280 	GLU	1281 	PHE	1276 	7	73.3956875498	1	8.01192579846	-32.151	58.792	3.324	-33.757	55.95	5.281	-27.728	52.493	5.549
443954	SER	1279 	HIS	1278 	GLU	1280 	3	35.2660391916	1	6.85098168148	-28.995	56.671	3.228	-25.538	57.551	4.614	-32.151	58.792	3.324
655779	ASN	1282 	SER	1279 	HIS	1278 	4	50.8710143618	1	7.04360553978	-31.499	56.694	8.267	-28.995	56.671	3.228	-25.538	57.551	4.614
645558	ASN	1282 	HIS	1278 	GLU	1280 	7	75.6154189139	1	7.04360553978	-31.499	56.694	8.267	-25.538	57.551	4.614	-32.151	58.792	3.324
642680	ASN	1282 	GLU	1280 	GLU	1281 	9	89.8833699457	1	5.40924735985	-31.499	56.694	8.267	-32.151	58.792	3.324	-33.757	55.95	5.281
