622873	ARG	   5 	MET	   4 	LYS	   3 	2	28.7925070552	1	7.08723514496	9.023	7.59	66.125	6.178	9.247	64.236	2.542	8.469	63.395
627268	ARG	   5 	SER	   7 	MET	   4 	5	56.9326394014	1	6.91729094371	9.023	7.59	66.125	7.226	13.209	69.737	6.178	9.247	64.236
624387	ARG	   5 	ASP	  83 	MET	   4 	4	47.3470350467	1	7.69150635441	9.023	7.59	66.125	5.123	4.544	70.23	6.178	9.247	64.236
624170	ARG	   5 	ASP	  83 	ILE	   6 	3	43.6546862652	1	8.05507690839	9.023	7.59	66.125	5.123	4.544	70.23	9.669	10.822	68.038
629931	ARG	   5 	TRP	  85 	ILE	   6 	4	46.499831771	1	7.76909969044	9.023	7.59	66.125	10.474	3.664	70.949	9.669	10.822	68.038
629863	ARG	   5 	TRP	  85 	HIS	  82 	8	76.9869441255	1	6.38669343244	9.023	7.59	66.125	10.474	3.664	70.949	7.075	7.252	72.076
630223	ARG	   5 	TRP	  85 	ASP	  83 	8	79.834250281	1	6.4295521617	9.023	7.59	66.125	10.474	3.664	70.949	5.123	4.544	70.23
387941	ASP	  83 	ILE	   6 	HIS	  82 	6	63.7993847078	1	8.05507690839	5.123	4.544	70.23	9.669	10.822	68.038	7.075	7.252	72.076
503143	TRP	  85 	ILE	   6 	HIS	  82 	8	80.5088408175	1	7.76909969044	10.474	3.664	70.949	9.669	10.822	68.038	7.075	7.252	72.076
658736	ASN	  87 	TRP	  85 	ILE	   6 	9	84.4939217555	1	7.76909969044	14.345	7.996	72.787	10.474	3.664	70.949	9.669	10.822	68.038
419838	PRO	   8 	LYS	  12 	LYS	  11 	7	74.4417166966	1	6.17044196148	6.394	16.746	68.507	11.069	20.694	67.712	11.106	16.996	66.838
621075	ARG	  18 	LYS	  16 	GLU	  15 	4	48.9923692289	1	7.75778660444	21.437	18.235	60.6	18.11	23.275	63.878	15.029	21.025	63.967
631513	ARG	  18 	TYR	  17 	LYS	  16 	2	34.141307017	1	6.87137635412	21.437	18.235	60.6	20.323	20.192	63.65	18.11	23.275	63.878
534964	TYR	  17 	LYS	  16 	GLY	  36 	5	58.8056583573	1	6.39877027248	20.323	20.192	63.65	18.11	23.275	63.878	24.304	21.987	64.837
631011	ARG	  18 	TYR	  17 	CYS	  19 	4	48.402888231	1	6.21382748393	21.437	18.235	60.6	20.323	20.192	63.65	20.765	14.524	61.142
662259	ASN	  40 	VAL	  35 	TYR	  17 	4	49.4547851645	1	8.0056870411	26.685	18.333	68.14	24.993	18.496	63.559	20.323	20.192	63.65
533233	TYR	  17 	GLY	  36 	GLU	  37 	2	29.2519716183	1	7.64354740942	20.323	20.192	63.65	24.304	21.987	64.837	25.973	25.313	64.176
620933	ARG	  18 	LYS	  33 	CYS	  19 	6	64.1037391101	1	7.98580928898	21.437	18.235	60.6	24.654	12.55	65.194	20.765	14.524	61.142
633532	ARG	  18 	VAL	  20 	VAL	  35 	5	60.1073062496	1	7.46318524492	21.437	18.235	60.6	23.476	12.089	60.045	24.993	18.496	63.559
563330	VAL	  20 	LYS	  21 	CYS	  19 	3	43.2090389885	1	6.48179018482	23.476	12.089	60.045	22.913	8.414	60.882	20.765	14.524	61.142
573412	VAL	  20 	TYR	  32 	CYS	  19 	5	59.47094949	1	6.29258174361	23.476	12.089	60.045	22.069	9.761	65.042	20.765	14.524	61.142
574853	VAL	  35 	VAL	  20 	CYS	  19 	6	62.4100743832	1	7.46318524492	24.993	18.496	63.559	23.476	12.089	60.045	20.765	14.524	61.142
332936	LYS	  21 	LYS	  33 	CYS	  19 	9	84.4186447841	1	6.48179018482	22.913	8.414	60.882	24.654	12.55	65.194	20.765	14.524	61.142
563836	VAL	  20 	LYS	  33 	LYS	  21 	5	58.8973571962	1	6.22341714816	23.476	12.089	60.045	24.654	12.55	65.194	22.913	8.414	60.882
480314	THR	  23 	ASP	  22 	LYS	  21 	3	43.5664435726	1	6.49220293891	27.794	4.171	60.315	25.802	6.551	62.548	22.913	8.414	60.882
391035	ASP	  22 	LYS	  30 	LYS	  21 	4	51.6824158378	1	7.70696016598	25.802	6.551	62.548	19.588	3.653	65.949	22.913	8.414	60.882
566714	VAL	  31 	ASP	  22 	LYS	  30 	3	40.708233393	1	7.65369198492	22.259	6.297	66.577	25.802	6.551	62.548	19.588	3.653	65.949
421204	PRO	  28 	MET	  26 	GLY	  25 	5	52.8346844761	1	7.43944178013	19.559	-2.843	67.529	26.337	-2.995	65.182	25.148	0.364	63.811
452884	SER	  27 	PRO	  28 	GLY	  25 	5	56.6343385529	1	7.43944178013	23.392	-3.069	67.591	19.559	-2.843	67.529	25.148	0.364	63.811
453025	SER	  27 	PRO	  28 	MET	  26 	2	27.0586984772	1	7.17445447403	23.392	-3.069	67.591	19.559	-2.843	67.529	26.337	-2.995	65.182
598394	ALA	  29 	SER	  27 	LYS	  30 	3	37.1368812051	1	7.89631964905	19.789	0.847	68.497	23.392	-3.069	67.591	19.588	3.653	65.949
596954	ALA	  29 	PRO	  28 	LYS	  30 	3	38.791033166	1	6.68545114409	19.789	0.847	68.497	19.559	-2.843	67.529	19.588	3.653	65.949
600051	ALA	  29 	THR	  46 	PRO	  28 	4	50.3531819375	1	6.64379424727	19.789	0.847	68.497	15.558	1.497	70.578	19.559	-2.843	67.529
602932	ALA	  29 	TYR	  55 	PRO	  28 	5	52.8010259119	1	7.50089921276	19.789	0.847	68.497	19.862	-2.639	75.021	19.559	-2.843	67.529
481899	THR	  46 	PRO	  28 	ASP	  47 	4	45.6917455048	1	7.96305343446	15.558	1.497	70.578	19.559	-2.843	67.529	12.321	-0.213	69.555
539502	TYR	  50 	PRO	  28 	ASP	  47 	7	72.6337250088	1	8.0477969035	14.214	-4.446	73.328	19.559	-2.843	67.529	12.321	-0.213	69.555
599835	ALA	  29 	THR	  46 	LYS	  30 	4	51.9530270463	1	6.50514235048	19.789	0.847	68.497	15.558	1.497	70.578	19.588	3.653	65.949
594076	ALA	  29 	MET	  45 	LYS	  44 	5	56.1107220873	1	6.48437136506	19.789	0.847	68.497	16.742	5.083	70.131	19.957	7.059	70.349
595591	ALA	  29 	ASP	  47 	MET	  45 	8	76.0885899765	1	7.61669140769	19.789	0.847	68.497	12.321	-0.213	69.555	16.742	5.083	70.131
599977	ALA	  29 	THR	  46 	ASP	  47 	2	34.1486383848	1	7.61669140769	19.789	0.847	68.497	15.558	1.497	70.578	12.321	-0.213	69.555
535039	TYR	  32 	LYS	  30 	LYS	  44 	8	82.3306589005	1	6.65474822965	22.069	9.761	65.042	19.588	3.653	65.949	19.957	7.059	70.349
333146	LYS	  30 	LYS	  44 	LEU	  43 	3	37.4457578298	1	7.99645790335	19.588	3.653	65.949	19.957	7.059	70.349	20.011	10.766	69.578
477439	THR	  46 	LYS	  44 	LYS	  30 	8	80.7766361874	1	7.09503248759	15.558	1.497	70.578	19.957	7.059	70.349	19.588	3.653	65.949
574421	VAL	  31 	TYR	  42 	TYR	  32 	6	67.9901099576	1	7.13692952186	22.259	6.297	66.577	23.302	12.632	69.694	22.069	9.761	65.042
545119	TYR	  42 	TYR	  32 	LYS	  33 	8	77.9197950837	1	5.60393022797	23.302	12.632	69.694	22.069	9.761	65.042	24.654	12.55	65.194
562033	VAL	  35 	GLY	  36 	GLU	  37 	2	32.2489287672	1	6.91466398316	24.993	18.496	63.559	24.304	21.987	64.837	25.973	25.313	64.176
661467	ASN	  40 	VAL	  35 	LEU	  41 	4	49.1146196075	1	6.74786788549	26.685	18.333	68.14	24.993	18.496	63.559	23.977	16.349	69.875
297077	GLY	  36 	GLU	  39 	GLU	  37 	6	61.1011283725	1	5.94033938424	24.304	21.987	64.837	27.381	21.981	68.888	25.973	25.313	64.176
648434	ASN	  40 	GLY	  36 	GLU	  37 	3	35.2576935472	1	8.05857555651	26.685	18.333	68.14	24.304	21.987	64.837	25.973	25.313	64.176
642676	ASN	  38 	GLU	  39 	GLU	  37 	5	53.5314837684	1	5.94033938424	27.383	25.605	67.69	27.381	21.981	68.888	25.973	25.313	64.176
665715	ASN	  40 	ASN	  38 	GLU	  37 	4	47.7176608738	1	8.05857555651	26.685	18.333	68.14	27.383	25.605	67.69	25.973	25.313	64.176
665720	ASN	  38 	ASN	  40 	GLU	  39 	9	89.2239751702	1	7.31926826944	27.383	25.605	67.69	26.685	18.333	68.14	27.381	21.981	68.888
642674	ASN	  40 	GLU	  92 	GLU	  39 	3	40.6699626098	1	7.93912123601	26.685	18.333	68.14	28.42	15.091	72.693	27.381	21.981	68.888
660607	ASN	  40 	TYR	  42 	SER	  91 	8	82.1826245681	1	6.99744589118	26.685	18.333	68.14	23.302	12.632	69.694	25.236	15.951	74.558
528985	TYR	  42 	LEU	  43 	LEU	  41 	2	33.8373163434	1	6.85472493978	23.302	12.632	69.694	20.011	10.766	69.578	23.977	16.349	69.875
540870	TYR	  42 	SER	  91 	MET	  90 	7	71.6931663097	1	6.19795232315	23.302	12.632	69.694	25.236	15.951	74.558	22.209	13.681	74.709
540436	TYR	  42 	SER	  91 	GLU	  92 	5	59.473305519	1	6.42141775623	23.302	12.632	69.694	25.236	15.951	74.558	28.42	15.091	72.693
478873	THR	  46 	MET	  45 	LYS	  44 	2	27.7838072017	1	7.09503248759	15.558	1.497	70.578	16.742	5.083	70.131	19.957	7.059	70.349
480385	THR	  46 	ASP	  47 	MET	  45 	2	32.9796908542	1	6.92276194882	15.558	1.497	70.578	12.321	-0.213	69.555	16.742	5.083	70.131
513508	TRP	  85 	THR	  46 	MET	  45 	5	56.8092849552	1	6.47846501881	10.474	3.664	70.949	15.558	1.497	70.578	16.742	5.083	70.131
657511	ASN	  87 	THR	  46 	MET	  45 	8	78.2354693888	1	6.97051296534	14.345	7.996	72.787	15.558	1.497	70.578	16.742	5.083	70.131
658950	ASN	  87 	TRP	  85 	MET	  45 	7	68.9010050534	1	6.47846501881	14.345	7.996	72.787	10.474	3.664	70.949	16.742	5.083	70.131
656071	ASN	  87 	SER	  86 	MET	  45 	8	76.1794679172	1	5.45744857969	14.345	7.996	72.787	12.742	4.692	73.823	16.742	5.083	70.131
651388	ASN	  87 	MET	  45 	LEU	  88 	5	54.7766140966	1	6.23436492355	14.345	7.996	72.787	16.742	5.083	70.131	17.386	9.646	74.33
480458	THR	  46 	ASP	  56 	ASP	  47 	3	41.9168993217	1	7.90773210219	15.558	1.497	70.578	16.864	-0.48	76.022	12.321	-0.213	69.555
513583	TRP	  85 	THR	  46 	ASP	  47 	8	80.1563840279	1	5.53900586748	10.474	3.664	70.949	15.558	1.497	70.578	12.321	-0.213	69.555
513727	TRP	  85 	THR	  46 	SER	  48 	8	77.5370955278	1	6.85756006171	10.474	3.664	70.949	15.558	1.497	70.578	9.794	-2.018	71.781
542235	TYR	  50 	THR	  46 	LYS	  51 	4	46.2465080485	1	7.9322603336	14.214	-4.446	73.328	15.558	1.497	70.578	12.214	-2.976	76.211
545479	TYR	  55 	TYR	  50 	THR	  46 	8	82.2213928178	1	7.44118008114	19.862	-2.639	75.021	14.214	-4.446	73.328	15.558	1.497	70.578
659238	ASN	  87 	TRP	  85 	THR	  46 	7	74.5687205485	1	6.97051296534	14.345	7.996	72.787	10.474	3.664	70.949	15.558	1.497	70.578
657726	ASN	  87 	THR	  46 	SER	  86 	7	70.7413086276	1	6.97051296534	14.345	7.996	72.787	15.558	1.497	70.578	12.742	4.692	73.823
451663	SER	  86 	ASP	  56 	ASP	  47 	8	76.8398558152	1	7.90773210219	12.742	4.692	73.823	16.864	-0.48	76.022	12.321	-0.213	69.555
509044	TRP	  85 	ASP	  47 	GLY	  84 	5	59.733079027	1	5.88025084499	10.474	3.664	70.949	12.321	-0.213	69.555	7.251	1.794	71.756
512140	TRP	  85 	SER	  86 	ASP	  47 	5	56.5535819072	1	6.51552683979	10.474	3.664	70.949	12.742	4.692	73.823	12.321	-0.213	69.555
454397	SER	  86 	SER	  48 	LYS	  51 	6	63.1496647612	1	8.04857453218	12.742	4.692	73.823	9.794	-2.018	71.781	12.214	-2.976	76.211
512283	TRP	  85 	SER	  48 	SER	  86 	4	44.5376692873	1	7.60819084934	10.474	3.664	70.949	9.794	-2.018	71.781	12.742	4.692	73.823
534963	TYR	  50 	LYS	  51 	GLY	  52 	4	46.5043293061	1	6.31650773767	14.214	-4.446	73.328	12.214	-2.976	76.211	13.675	-3.903	79.598
545115	TYR	  55 	TYR	  50 	LYS	  51 	4	45.5012102086	1	7.74735909843	19.862	-2.639	75.021	14.214	-4.446	73.328	12.214	-2.976	76.211
545046	TYR	  55 	TYR	  50 	GLY	  52 	7	74.643708823	1	7.79907648379	19.862	-2.639	75.021	14.214	-4.446	73.328	13.675	-3.903	79.598
542597	TYR	  50 	THR	  54 	THR	  53 	6	66.1243361694	1	8.03978625338	14.214	-4.446	73.328	20.355	-4.157	78.509	16.823	-5.448	78.114
545480	TYR	  50 	TYR	  55 	THR	  53 	9	85.7730666129	1	6.16696051552	14.214	-4.446	73.328	19.862	-2.639	75.021	16.823	-5.448	78.114
545474	TYR	  50 	TYR	  55 	THR	  54 	3	42.5489467814	1	8.03978625338	14.214	-4.446	73.328	19.862	-2.639	75.021	20.355	-4.157	78.509
534963	TYR	  55 	LYS	  51 	GLY	  52 	4	51.0635258397	1	7.79907648379	19.862	-2.639	75.021	12.214	-2.976	76.211	13.675	-3.903	79.598
484562	THR	  54 	THR	  53 	GLY	  52 	3	36.4850476554	1	6.77294891462	20.355	-4.157	78.509	16.823	-5.448	78.114	13.675	-3.903	79.598
542162	TYR	  55 	THR	  53 	GLY	  52 	3	36.3720827311	1	7.79907648379	19.862	-2.639	75.021	16.823	-5.448	78.114	13.675	-3.903	79.598
542600	TYR	  55 	THR	  53 	THR	  54 	9	89.2214091592	1	5.16649310461	19.862	-2.639	75.021	16.823	-5.448	78.114	20.355	-4.157	78.509
484784	THR	  54 	THR	  53 	ASP	  56 	9	85.9010801699	1	5.64735150314	20.355	-4.157	78.509	16.823	-5.448	78.114	16.864	-0.48	76.022
628996	ARG	  59 	THR	  53 	THR	  54 	5	57.758748065	1	7.7991143728	17.849	1.767	80.892	16.823	-5.448	78.114	20.355	-4.157	78.509
479959	THR	  54 	ASP	  56 	GLU	  60 	8	76.4890159848	1	7.82623338522	20.355	-4.157	78.509	16.864	-0.48	76.022	20.807	3.606	79.393
628275	ARG	  59 	THR	  54 	GLU	  60 	4	47.9139653944	1	7.82623338522	17.849	1.767	80.892	20.355	-4.157	78.509	20.807	3.606	79.393
636198	ARG	  59 	ARG	 211 	THR	  54 	7	70.0553345067	1	8.07483975073	17.849	1.767	80.892	24.622	-2.545	80.034	20.355	-4.157	78.509
475634	THR	  54 	GLY	 210 	GLU	  60 	3	35.2000701711	1	7.82623338522	20.355	-4.157	78.509	22.644	0.32	78.526	20.807	3.606	79.393
628921	ARG	 211 	THR	  54 	SER	 212 	2	27.382862214	1	8.0210793538	24.622	-2.545	80.034	20.355	-4.157	78.509	25.874	-0.469	83.012
636344	ARG	  59 	ARG	 211 	TYR	  55 	9	84.0843053278	1	8.07483975073	17.849	1.767	80.892	24.622	-2.545	80.034	19.862	-2.639	75.021
533234	TYR	  55 	GLY	 210 	GLU	  60 	3	41.1686890601	1	7.68162964481	19.862	-2.639	75.021	22.644	0.32	78.526	20.807	3.606	79.393
562034	VAL	  57 	GLY	 210 	GLU	  58 	3	43.2566348073	1	7.87480507695	18.031	3.166	75.857	22.644	0.32	78.526	15.701	4.029	78.751
181660	GLU	  58 	GLU	  80 	PHE	  79 	5	53.0897690322	1	8.01866609855	15.701	4.029	78.751	10.78	9.811	76.172	14.164	11.235	77.101
613875	ARG	  81 	GLU	  58 	GLU	  80 	4	49.4000518201	1	8.02310974623	8.921	6.646	75.352	15.701	4.029	78.751	10.78	9.811	76.172
624388	ARG	  59 	ASP	  62 	MET	  63 	5	56.1350405316	1	6.4176332865	17.849	1.767	80.892	18.704	5.896	84.0	22.359	4.881	84.231
635765	ARG	  59 	ARG	 211 	GLY	 210 	6	66.2162326511	1	8.07483975073	17.849	1.767	80.892	24.622	-2.545	80.034	22.644	0.32	78.526
361876	MET	  64 	LYS	  61 	GLU	  60 	5	60.3160096582	1	6.01404797121	23.489	8.038	82.448	19.2	6.96	80.359	20.807	3.606	79.393
363319	MET	  64 	MET	  63 	GLU	  60 	8	77.5416898865	1	6.01404797121	23.489	8.038	82.448	22.359	4.881	84.231	20.807	3.606	79.393
384915	ASP	 208 	LEU	 209 	GLU	  60 	4	51.7244822062	1	7.24920926722	26.932	3.153	75.542	25.645	2.582	79.099	20.807	3.606	79.393
389235	ASP	 208 	GLY	 210 	GLU	  60 	4	50.6564671748	1	7.24920926722	26.932	3.153	75.542	22.644	0.32	78.526	20.807	3.606	79.393
619633	ARG	 211 	GLY	 210 	GLU	  60 	2	24.8717561379	1	7.26635445048	24.622	-2.545	80.034	22.644	0.32	78.526	20.807	3.606	79.393
363679	MET	  63 	MET	  64 	LYS	  61 	8	81.5604717159	1	5.41238450223	22.359	4.881	84.231	23.489	8.038	82.448	19.2	6.96	80.359
331707	LYS	  61 	GLY	 210 	LEU	 209 	4	50.2239729892	1	7.8925603577	19.2	6.96	80.359	22.644	0.32	78.526	25.645	2.582	79.099
392552	ASP	  62 	MET	  64 	MET	  63 	9	89.9940411771	1	5.46745763587	18.704	5.896	84.0	23.489	8.038	82.448	22.359	4.881	84.231
509190	TRP	  66 	ASP	  62 	MET	  63 	7	74.4164003733	1	6.20199306675	22.882	8.143	87.995	18.704	5.896	84.0	22.359	4.881	84.231
422788	PRO	 131 	ASP	  62 	MET	  63 	5	57.6467412557	1	7.09193161276	19.597	1.437	89.442	18.704	5.896	84.0	22.359	4.881	84.231
507750	TRP	  66 	MET	  64 	MET	  63 	7	74.0117706973	1	5.58110051871	22.882	8.143	87.995	23.489	8.038	82.448	22.359	4.881	84.231
510630	TRP	  66 	PRO	 131 	MET	  63 	7	72.102557128	1	7.6062783278	22.882	8.143	87.995	19.597	1.437	89.442	22.359	4.881	84.231
539430	TYR	 132 	PRO	 131 	MET	  63 	7	71.16425629	1	8.0305898289	20.432	-1.981	87.931	19.597	1.437	89.442	22.359	4.881	84.231
540871	TYR	 132 	SER	 212 	MET	  63 	8	76.4999994784	1	8.0305898289	20.432	-1.981	87.931	25.874	-0.469	83.012	22.359	4.881	84.231
450003	SER	 212 	MET	  63 	GLY	 213 	4	51.2202617772	1	7.33673476418	25.874	-0.469	83.012	22.359	4.881	84.231	25.093	-1.514	86.567
361947	MET	  64 	LYS	  75 	LEU	  65 	4	51.3234399794	1	7.73260066213	23.489	8.038	82.448	24.333	15.032	79.654	21.633	10.165	85.022
507390	TRP	  66 	MET	  64 	LEU	  67 	7	72.3852823139	1	5.58110051871	22.882	8.143	87.995	23.489	8.038	82.448	26.451	8.273	86.66
507319	TRP	  66 	MET	  64 	GLU	  68 	8	77.6601195664	1	6.50772533225	22.882	8.143	87.995	23.489	8.038	82.448	26.393	12.086	86.635
421275	PRO	  74 	MET	  64 	LYS	  75 	4	51.2324556985	1	7.57857559176	27.044	12.765	78.31	23.489	8.038	82.448	24.333	15.032	79.654
504437	TRP	  66 	GLY	  69 	GLU	  68 	6	66.9134126074	1	8.04270880985	22.882	8.143	87.995	28.98	13.258	89.151	26.393	12.086	86.635
506163	TRP	  66 	LYS	  70 	GLY	  69 	4	49.7769959546	1	8.04270880985	22.882	8.143	87.995	30.503	9.759	89.363	28.98	13.258	89.151
510052	TRP	  66 	PRO	 131 	CYS	 130 	5	53.9186963904	1	7.6062783278	22.882	8.143	87.995	19.597	1.437	89.442	22.775	1.593	91.658
515340	TRP	  66 	TRP	 251 	TRP	 218 	1	11.2266358935	5	31.6351906585	22.882	8.143	87.995	41.156	-17.263	83.371	36.015	-9.825	85.997
419764	PRO	  72 	LYS	  70 	GLY	  69 	5	52.8327615916	1	7.400921294	32.424	11.52	82.835	30.503	9.759	89.363	28.98	13.258	89.151
418105	PRO	  72 	GLY	 205 	LEU	  71 	2	34.0390427901	1	7.56966188148	32.424	11.52	82.835	33.946	10.221	78.636	31.835	9.205	85.834
568369	VAL	  73 	PRO	  74 	PRO	  72 	2	27.7294608987	1	7.13933120117	29.254	10.908	80.827	27.044	12.765	78.31	32.424	11.52	82.835
567582	VAL	  73 	PRO	  72 	PHE	 206 	7	74.6468470072	1	6.15633040049	29.254	10.908	80.827	32.424	11.52	82.835	31.952	7.012	78.669
424085	PRO	  74 	PRO	  72 	GLY	 205 	6	62.9871017742	1	7.36313900453	27.044	12.765	78.31	32.424	11.52	82.835	33.946	10.221	78.636
423583	PRO	  74 	PRO	  72 	PHE	 206 	8	76.7260841209	1	7.57062441282	27.044	12.765	78.31	32.424	11.52	82.835	31.952	7.012	78.669
569812	VAL	 203 	SER	 204 	PRO	  72 	5	55.4262141929	1	7.93013953219	39.572	9.28	80.232	37.131	12.097	79.451	32.424	11.52	82.835
452887	SER	 204 	PRO	  72 	GLY	 205 	8	78.2055247473	1	5.82582474848	37.131	12.097	79.451	32.424	11.52	82.835	33.946	10.221	78.636
568154	VAL	  73 	PRO	  74 	LYS	  75 	3	42.0925460386	1	6.52683276942	29.254	10.908	80.827	27.044	12.765	78.31	24.333	15.032	79.654
567579	VAL	  73 	PRO	  74 	PHE	 206 	4	50.5130892332	1	7.57062441282	29.254	10.908	80.827	27.044	12.765	78.31	31.952	7.012	78.669
421277	PRO	  74 	MET	  90 	LYS	  75 	6	68.1286081116	1	6.09782600605	27.044	12.765	78.31	22.209	13.681	74.709	24.333	15.032	79.654
453028	SER	  91 	PRO	  74 	MET	  90 	5	59.8573383855	1	6.09782600605	25.236	15.951	74.558	27.044	12.765	78.31	22.209	13.681	74.709
452596	SER	  91 	PRO	  74 	GLU	  92 	5	58.2098332446	1	6.23332503565	25.236	15.951	74.558	27.044	12.765	78.31	28.42	15.091	72.693
597098	ALA	  93 	PRO	  74 	ASP	  94 	3	35.7906864632	1	7.97084368182	31.053	13.329	74.796	27.044	12.765	78.31	34.106	15.408	75.726
596384	ALA	  93 	PRO	  74 	PHE	 206 	9	88.7350808663	1	7.57062441282	31.053	13.329	74.796	27.044	12.765	78.31	31.952	7.012	78.669
417819	PRO	  74 	GLY	 205 	PHE	 206 	4	51.7299417395	1	7.57062441282	27.044	12.765	78.31	33.946	10.221	78.636	31.952	7.012	78.669
416379	PRO	  74 	ILE	 207 	PHE	 206 	4	51.3102188777	1	7.57062441282	27.044	12.765	78.31	29.0	6.267	76.373	31.952	7.012	78.669
448273	SER	  91 	LYS	  75 	GLU	  92 	2	32.4459797364	1	8.07233367744	25.236	15.951	74.558	24.333	15.032	79.654	28.42	15.091	72.693
565062	VAL	  76 	MET	  90 	HIS	  78 	7	75.1551728365	1	6.88617702357	20.718	13.877	79.371	22.209	13.681	74.709	15.7	14.673	76.726
569670	VAL	  76 	SER	  91 	MET	  90 	7	74.9610549695	1	6.9194486052	20.718	13.877	79.371	25.236	15.951	74.558	22.209	13.681	74.709
240697	HIS	  78 	LEU	  77 	PHE	  79 	2	25.8155251882	1	7.15437858937	15.7	14.673	76.726	18.926	16.568	77.361	14.164	11.235	77.101
240986	HIS	  78 	LEU	  88 	LEU	  77 	3	43.3914973664	1	7.71185094514	15.7	14.673	76.726	17.386	9.646	74.33	18.926	16.568	77.361
645558	ASN	  87 	HIS	  78 	GLU	  80 	7	73.7917556631	1	7.86982051892	14.345	7.996	72.787	15.7	14.673	76.726	10.78	9.811	76.172
613657	ARG	  81 	GLU	  80 	PHE	  79 	2	24.0795887831	1	7.18379920376	8.921	6.646	75.352	10.78	9.811	76.172	14.164	11.235	77.101
655420	ASN	  87 	SER	  86 	PHE	  79 	5	56.0957739475	1	7.45507994592	14.345	7.996	72.787	12.742	4.692	73.823	14.164	11.235	77.101
616755	ARG	  81 	HIS	  82 	GLU	  80 	4	50.0284883357	1	6.0870947093	8.921	6.646	75.352	7.075	7.252	72.076	10.78	9.811	76.172
629714	ARG	  81 	TRP	  85 	GLU	  80 	3	35.4211560419	1	8.07211087634	8.921	6.646	75.352	10.474	3.664	70.949	10.78	9.811	76.172
501557	TRP	  85 	HIS	  82 	GLU	  80 	6	65.5308231652	1	8.07211087634	10.474	3.664	70.949	7.075	7.252	72.076	10.78	9.811	76.172
645559	ASN	  87 	HIS	  82 	GLU	  80 	8	81.2816231284	1	7.34247621719	14.345	7.996	72.787	7.075	7.252	72.076	10.78	9.811	76.172
511636	TRP	  85 	SER	  86 	GLU	  80 	5	55.3489555934	1	8.07211087634	10.474	3.664	70.949	12.742	4.692	73.823	10.78	9.811	76.172
658516	ASN	  87 	TRP	  85 	GLU	  80 	5	59.385276492	1	8.07211087634	14.345	7.996	72.787	10.474	3.664	70.949	10.78	9.811	76.172
655639	ASN	  87 	SER	  86 	GLU	  80 	8	78.3370612565	1	5.96417689208	14.345	7.996	72.787	12.742	4.692	73.823	10.78	9.811	76.172
629862	ARG	  81 	TRP	  85 	HIS	  82 	7	73.2995508173	1	5.53990451181	8.921	6.646	75.352	10.474	3.664	70.949	7.075	7.252	72.076
626979	ARG	  81 	SER	  86 	HIS	  82 	4	51.3424808586	1	6.45914065492	8.921	6.646	75.352	12.742	4.692	73.823	7.075	7.252	72.076
664419	ASN	  87 	ARG	  81 	HIS	  82 	4	49.9412356689	1	7.34247621719	14.345	7.996	72.787	8.921	6.646	75.352	7.075	7.252	72.076
630222	ARG	  81 	TRP	  85 	ASP	  83 	7	75.5360826597	1	6.71402204346	8.921	6.646	75.352	10.474	3.664	70.949	5.123	4.544	70.23
630004	ARG	  81 	TRP	  85 	GLY	  84 	5	59.4361419863	1	6.26594127007	8.921	6.646	75.352	10.474	3.664	70.949	7.251	1.794	71.756
630367	ARG	  81 	TRP	  85 	SER	  86 	8	79.6554198577	1	5.53990451181	8.921	6.646	75.352	10.474	3.664	70.949	12.742	4.692	73.823
665072	ASN	  87 	ARG	  81 	TRP	  85 	9	83.9661450765	1	6.14991877995	14.345	7.996	72.787	8.921	6.646	75.352	10.474	3.664	70.949
508902	TRP	  85 	ASP	  83 	HIS	  82 	7	73.3880179084	1	5.47033472468	10.474	3.664	70.949	5.123	4.544	70.23	7.075	7.252	72.076
504584	TRP	  85 	GLY	  84 	HIS	  82 	9	83.4790640662	1	5.47020474937	10.474	3.664	70.949	7.251	1.794	71.756	7.075	7.252	72.076
511781	TRP	  85 	SER	  86 	HIS	  82 	6	67.3576472161	1	6.45914065492	10.474	3.664	70.949	12.742	4.692	73.823	7.075	7.252	72.076
658661	ASN	  87 	TRP	  85 	HIS	  82 	6	65.2574254797	1	7.34247621719	14.345	7.996	72.787	10.474	3.664	70.949	7.075	7.252	72.076
655783	ASN	  87 	SER	  86 	HIS	  82 	8	76.1308787004	1	7.34247621719	14.345	7.996	72.787	12.742	4.692	73.823	7.075	7.252	72.076
509048	TRP	  85 	ASP	  83 	GLY	  84 	9	89.8152377808	1	5.47033472468	10.474	3.664	70.949	5.123	4.544	70.23	7.251	1.794	71.756
511922	TRP	  85 	SER	  86 	GLY	  84 	3	41.951305428	1	6.54385008997	10.474	3.664	70.949	12.742	4.692	73.823	7.251	1.794	71.756
659168	ASN	  87 	TRP	  85 	SER	  86 	9	89.8423088289	1	6.09336598277	14.345	7.996	72.787	10.474	3.664	70.949	12.742	4.692	73.823
449785	SER	  91 	MET	  90 	LEU	  89 	2	23.9392945276	1	7.20686957007	25.236	15.951	74.558	22.209	13.681	74.709	18.765	13.049	73.276
449714	SER	  91 	MET	  90 	GLU	  92 	3	38.1750338709	1	6.6804847878	25.236	15.951	74.558	22.209	13.681	74.709	28.42	15.091	72.693
595154	ALA	  93 	ASP	  94 	GLU	  92 	3	43.7293058944	1	6.45214491468	31.053	13.329	74.796	34.106	15.408	75.726	28.42	15.091	72.693
595442	ALA	  93 	ASP	  94 	GLY	  95 	3	41.3372829909	1	6.57963076472	31.053	13.329	74.796	34.106	15.408	75.726	37.509	14.488	74.278
590620	ALA	  93 	GLY	 205 	PHE	 197 	5	60.5385667915	1	7.23809961247	31.053	13.329	74.796	33.946	10.221	78.636	36.944	9.142	75.19
580543	ALA	  93 	PHE	 206 	PHE	 197 	8	82.7922069788	1	7.46410202235	31.053	13.329	74.796	31.952	7.012	78.669	36.944	9.142	75.19
389523	ASP	  94 	GLY	 205 	GLY	  95 	4	51.9813554532	1	7.06359837477	34.106	15.408	75.726	33.946	10.221	78.636	37.509	14.488	74.278
390960	ASP	 200 	LYS	 199 	GLY	  95 	1	8.92068705794	1	7.99594609787	44.74	14.865	77.67	41.337	14.236	76.076	37.509	14.488	74.278
447123	SER	 204 	GLY	  95 	GLY	 205 	4	50.4285624364	1	7.06359837477	37.131	12.097	79.451	37.509	14.488	74.278	33.946	10.221	78.636
557571	VAL	  96 	LEU	  97 	CYS	  98 	4	48.7093489396	1	6.23206611005	38.567	12.13	71.475	37.288	8.607	70.748	39.945	6.06	71.783
574856	VAL	 198 	VAL	  96 	CYS	  98 	9	89.6961587733	1	6.26096558048	40.353	10.559	76.118	38.567	12.13	71.475	39.945	6.06	71.783
440930	SER	  99 	GLU	 103 	CYS	  98 	3	41.3254077207	1	7.51916504673	39.693	4.174	68.492	43.772	5.215	65.366	39.945	6.06	71.783
451014	SER	  99 	ASP	 193 	CYS	  98 	7	74.0121351345	1	4.9762710939	39.693	4.174	68.492	37.79	1.651	72.336	39.945	6.06	71.783
453892	SER	 194 	SER	  99 	CYS	  98 	5	58.6132424684	1	6.40160682954	34.537	2.801	70.728	39.693	4.174	68.492	39.945	6.06	71.783
181736	GLU	 100 	GLU	 101 	CYS	  98 	9	84.9886513849	1	5.12562318162	40.702	7.502	66.923	43.113	8.899	69.527	39.945	6.06	71.783
181732	GLU	 103 	GLU	 100 	CYS	  98 	5	53.0934671694	1	7.51916504673	43.772	5.215	65.366	40.702	7.502	66.923	39.945	6.06	71.783
181732	GLU	 103 	GLU	 101 	CYS	  98 	5	58.26074633	1	7.51916504673	43.772	5.215	65.366	43.113	8.899	69.527	39.945	6.06	71.783
527333	TYR	 102 	GLU	 103 	CYS	  98 	6	63.9879269569	1	7.51916504673	45.095	5.708	68.924	43.772	5.215	65.366	39.945	6.06	71.783
652612	ASN	 195 	ASP	 193 	CYS	  98 	5	56.6063539614	1	7.82103164551	32.799	3.762	73.979	37.79	1.651	72.336	39.945	6.06	71.783
655493	ASN	 195 	SER	 194 	CYS	  98 	6	67.4113501155	1	7.82103164551	32.799	3.762	73.979	34.537	2.801	70.728	39.945	6.06	71.783
445256	SER	 194 	ILE	 196 	CYS	  98 	9	83.4453900963	1	6.40160682954	34.537	2.801	70.728	35.668	5.591	75.693	39.945	6.06	71.783
646852	ASN	 195 	ILE	 196 	CYS	  98 	5	57.1837166689	1	7.82103164551	32.799	3.762	73.979	35.668	5.591	75.693	39.945	6.06	71.783
639583	ASN	 195 	CYS	  98 	PHE	 197 	8	76.7286920156	1	7.82103164551	32.799	3.762	73.979	39.945	6.06	71.783	36.944	9.142	75.19
537556	TYR	 102 	ASP	 104 	GLU	 100 	5	59.1797797584	1	7.93818329342	45.095	5.708	68.924	46.506	3.109	63.756	40.702	7.502	66.923
383473	ASP	 104 	GLU	 100 	GLU	 103 	2	32.5033064288	1	7.93818329342	46.506	3.109	63.756	40.702	7.502	66.923	43.772	5.215	65.366
527476	TYR	 102 	GLU	 103 	GLU	 101 	5	59.8251110397	1	5.59643261373	45.095	5.708	68.924	43.772	5.215	65.366	43.113	8.899	69.527
527473	TYR	 102 	GLU	 105 	GLU	 101 	2	31.6297584354	1	7.71327304067	45.095	5.708	68.924	48.832	4.995	66.129	43.113	8.899	69.527
537559	TYR	 102 	ASP	 104 	GLU	 105 	8	78.0008877259	1	5.95432162383	45.095	5.708	68.924	46.506	3.109	63.756	48.832	4.995	66.129
527402	TYR	 102 	GLU	 105 	GLN	 106 	3	39.812290483	1	7.27839687019	45.095	5.708	68.924	48.832	4.995	66.129	51.265	2.264	67.179
383477	ASP	 104 	GLU	 105 	GLU	 103 	6	67.8888390758	1	5.12193020257	46.506	3.109	63.756	48.832	4.995	66.129	43.772	5.215	65.366
383404	ASP	 104 	GLU	 105 	GLN	 106 	5	54.1243184212	1	5.92275569309	46.506	3.109	63.756	48.832	4.995	66.129	51.265	2.264	67.179
441008	SER	 107 	GLU	 105 	GLN	 106 	9	89.803205417	1	5.763089536	51.123	2.833	70.955	48.832	4.995	66.129	51.265	2.264	67.179
452523	SER	 107 	PRO	 108 	GLN	 106 	4	51.1178371339	1	6.12189039431	51.123	2.833	70.955	49.535	-0.365	72.43	51.265	2.264	67.179
527479	TYR	 115 	GLU	 113 	GLU	 117 	8	79.96263948	1	6.16278540921	41.876	0.324	80.438	47.155	2.23	80.754	42.551	3.478	84.656
585076	ALA	 116 	GLU	 113 	GLU	 117 	5	58.2192361416	1	6.16278540921	43.783	0.006	83.714	47.155	2.23	80.754	42.551	3.478	84.656
610784	ARG	 120 	CYS	 118 	PHE	 122 	9	83.3608111355	1	6.07246951413	40.506	1.737	88.791	38.909	2.699	83.766	35.0	1.873	88.339
207580	LEU	 121 	CYS	 118 	PHE	 122 	5	59.104711838	1	6.07246951413	37.841	4.398	88.29	38.909	2.699	83.766	35.0	1.873	88.339
616541	ARG	 120 	HIS	 123 	PHE	 122 	6	67.5707573732	1	5.52619543628	40.506	1.737	88.791	36.166	0.261	91.584	35.0	1.873	88.339
234942	HIS	 123 	PHE	 186 	PHE	 122 	7	68.7775604054	1	6.43539967679	36.166	0.261	91.584	30.383	-1.103	89.112	35.0	1.873	88.339
263744	ILE	 125 	PHE	 186 	PHE	 122 	9	88.0387062213	1	6.265614495	32.125	3.953	92.377	30.383	-1.103	89.112	35.0	1.873	88.339
436542	SER	 187 	PHE	 122 	PHE	 186 	7	68.8587820901	1	6.86295920139	30.449	-2.439	85.547	35.0	1.873	88.339	30.383	-1.103	89.112
234943	HIS	 188 	PHE	 122 	PHE	 186 	8	77.985976202	1	7.99409919878	30.306	-0.472	82.308	35.0	1.873	88.339	30.383	-1.103	89.112
558940	VAL	 185 	HIS	 123 	PHE	 186 	5	60.3421941504	1	6.52301349071	31.061	-3.797	91.73	36.166	0.261	91.584	30.383	-1.103	89.112
388011	ASP	 126 	ILE	 127 	ILE	 125 	4	50.2828738392	1	6.09251778824	29.642	3.443	95.186	27.028	0.993	93.919	32.125	3.953	92.377
387650	ASP	 126 	ILE	 127 	CYS	 130 	3	34.4997188959	1	7.93882692846	29.642	3.443	95.186	27.028	0.993	93.919	22.775	1.593	91.658
451659	SER	 128 	ASP	 126 	ASP	 129 	4	44.0162693695	1	7.66541225245	24.803	0.898	97.025	29.642	3.443	95.186	22.007	2.761	95.2
393411	ASP	 126 	ASP	 129 	CYS	 130 	4	49.8508153575	1	7.93882692846	29.642	3.443	95.186	22.007	2.761	95.2	22.775	1.593	91.658
422216	PRO	 131 	ASP	 129 	CYS	 130 	9	88.923951686	1	6.38088081694	19.597	1.437	89.442	22.007	2.761	95.2	22.775	1.593	91.658
538852	TYR	 132 	PRO	 131 	CYS	 130 	5	59.982437399	1	5.67041920849	20.432	-1.981	87.931	19.597	1.437	89.442	22.775	1.593	91.658
481252	THR	 133 	PRO	 131 	CYS	 130 	5	53.371942463	1	7.45311699895	21.971	-5.291	88.917	19.597	1.437	89.442	22.775	1.593	91.658
417893	PRO	 131 	GLY	 213 	CYS	 130 	6	61.991693907	1	6.86877296175	19.597	1.437	89.442	25.093	-1.514	86.567	22.775	1.593	91.658
541733	TYR	 132 	THR	 133 	CYS	 130 	6	60.7649828692	1	7.45311699895	20.432	-1.981	87.931	21.971	-5.291	88.917	22.775	1.593	91.658
533095	TYR	 132 	GLY	 213 	CYS	 130 	8	80.575914235	1	6.39881660934	20.432	-1.981	87.931	25.093	-1.514	86.567	22.775	1.593	91.658
475495	THR	 133 	GLY	 213 	CYS	 130 	8	77.9060757576	1	7.45311699895	21.971	-5.291	88.917	25.093	-1.514	86.567	22.775	1.593	91.658
628136	ARG	 214 	THR	 133 	CYS	 130 	9	84.6748624839	1	7.45311699895	26.211	-4.046	89.145	21.971	-5.291	88.917	22.775	1.593	91.658
542449	TYR	 132 	THR	 133 	PRO	 131 	2	26.8812243033	1	7.15384407155	20.432	-1.981	87.931	21.971	-5.291	88.917	19.597	1.437	89.442
660680	ASN	 134 	TYR	 132 	THR	 133 	9	89.9445852138	1	6.23536149714	23.322	-7.113	85.884	20.432	-1.981	87.931	21.971	-5.291	88.917
660608	ASN	 134 	TYR	 132 	SER	 212 	9	88.1794844601	1	7.67488267011	23.322	-7.113	85.884	20.432	-1.981	87.931	25.874	-0.469	83.012
657367	ASN	 134 	THR	 133 	GLY	 213 	8	82.3651786276	1	5.91199890054	23.322	-7.113	85.884	21.971	-5.291	88.917	25.093	-1.514	86.567
663556	ASN	 134 	ALA	 215 	THR	 133 	5	54.0712142955	1	6.584733252	23.322	-7.113	85.884	28.239	-7.009	87.859	21.971	-5.291	88.917
656286	ASN	 134 	SER	 138 	SER	 135 	7	71.7277116841	1	5.76628944816	23.322	-7.113	85.884	19.589	-11.442	85.126	23.967	-10.365	87.719
664923	ASN	 134 	ARG	 214 	SER	 135 	4	50.8276081267	1	6.85556511164	23.322	-7.113	85.884	26.211	-4.046	89.145	23.967	-10.365	87.719
663485	ASN	 134 	ALA	 215 	SER	 135 	6	68.1930825619	1	5.43436472828	23.322	-7.113	85.884	28.239	-7.009	87.859	23.967	-10.365	87.719
656138	ASN	 134 	SER	 138 	ASP	 137 	3	39.6259330298	1	7.98367014599	23.322	-7.113	85.884	19.589	-11.442	85.126	20.959	-14.715	86.488
664923	ASN	 134 	ARG	 211 	SER	 212 	4	52.0056117191	1	7.67488267011	23.322	-7.113	85.884	24.622	-2.545	80.034	25.874	-0.469	83.012
664568	ASN	 134 	ARG	 211 	GLY	 213 	9	83.1171432565	1	7.53519236649	23.322	-7.113	85.884	24.622	-2.545	80.034	25.093	-1.514	86.567
655925	ASN	 134 	SER	 212 	GLY	 213 	6	64.7971873014	1	7.67488267011	23.322	-7.113	85.884	25.874	-0.469	83.012	25.093	-1.514	86.567
664565	ASN	 134 	ARG	 214 	GLY	 213 	6	62.4704690035	1	5.91199890054	23.322	-7.113	85.884	26.211	-4.046	89.145	25.093	-1.514	86.567
663128	ASN	 134 	ALA	 215 	GLY	 213 	9	83.3605609041	1	6.46232195113	23.322	-7.113	85.884	28.239	-7.009	87.859	25.093	-1.514	86.567
627486	ARG	 139 	SER	 135 	SER	 138 	7	72.7901774508	1	6.22967888418	21.81	-11.54	81.994	23.967	-10.365	87.719	19.589	-11.442	85.126
598107	ALA	 215 	SER	 135 	LEU	 184 	4	52.1888817607	1	7.94968540258	28.239	-7.009	87.859	23.967	-10.365	87.719	29.388	-7.129	92.55
598036	ALA	 141 	SER	 138 	GLU	 142 	5	54.6130909513	1	6.5040683422	17.348	-14.518	81.648	19.589	-11.442	85.126	17.326	-11.748	79.036
666582	ASN	 149 	ASN	 148 	TYR	 145 	7	74.1025539954	1	6.16424950825	12.619	-14.166	69.929	13.712	-17.267	71.83	14.361	-14.058	75.841
666220	ASN	 148 	ASN	 149 	ASP	 150 	5	58.6174817391	1	5.67621537646	13.712	-17.267	71.83	12.619	-14.166	69.929	15.508	-14.166	67.428
665787	ASN	 148 	ASN	 149 	LEU	 151 	4	51.269129988	1	7.82155623901	13.712	-17.267	71.83	12.619	-14.166	69.929	16.799	-10.809	68.677
652826	ASN	 148 	ASP	 150 	LEU	 151 	3	41.1278056631	1	7.82155623901	13.712	-17.267	71.83	15.508	-14.166	67.428	16.799	-10.809	68.677
595226	ALA	 152 	ASP	 153 	LEU	 151 	3	37.8807244679	1	6.71043746711	20.267	-11.951	69.735	23.44	-11.202	67.798	16.799	-10.809	68.677
566860	VAL	 154 	ASP	 155 	ASP	 153 	5	55.2379815286	1	5.84448808708	24.303	-14.079	65.475	27.93	-13.227	64.652	23.44	-11.202	67.798
566212	VAL	 154 	ASP	 155 	CYS	 156 	5	55.0871715893	1	5.8705241674	24.303	-14.079	65.475	27.93	-13.227	64.652	28.206	-14.641	61.126
661256	ASN	 158 	VAL	 154 	CYS	 156 	9	83.6170899297	1	7.37738151379	29.922	-18.648	64.069	24.303	-14.079	65.475	28.206	-14.641	61.126
383336	ASP	 155 	GLU	 157 	CYS	 156 	9	89.9941535	1	5.31195877243	27.93	-13.227	64.652	31.67	-15.936	62.027	28.206	-14.641	61.126
652614	ASN	 158 	ASP	 155 	CYS	 156 	7	71.4690699495	1	5.80475615336	29.922	-18.648	64.069	27.93	-13.227	64.652	28.206	-14.641	61.126
652758	ASN	 158 	ASP	 155 	GLU	 157 	7	70.9127096098	1	5.80475615336	29.922	-18.648	64.069	27.93	-13.227	64.652	31.67	-15.936	62.027
642533	ASN	 158 	GLU	 157 	CYS	 156 	6	65.6277731653	1	5.2594632806	29.922	-18.648	64.069	31.67	-15.936	62.027	28.206	-14.641	61.126
498533	TRP	 159 	GLU	 157 	CYS	 156 	6	64.0071258972	1	5.82253905096	28.957	-20.407	60.824	31.67	-15.936	62.027	28.206	-14.641	61.126
658375	ASN	 158 	TRP	 159 	CYS	 156 	8	80.9187556158	1	5.82253905096	29.922	-18.648	64.069	28.957	-20.407	60.824	28.206	-14.641	61.126
658517	ASN	 158 	TRP	 159 	GLU	 157 	6	63.9287416911	1	5.36632267013	29.922	-18.648	64.069	28.957	-20.407	60.824	31.67	-15.936	62.027
657074	ASN	 158 	THR	 163 	GLU	 157 	3	40.736769497	1	7.99744371659	29.922	-18.648	64.069	33.901	-22.705	65.655	31.67	-15.936	62.027
498677	TRP	 159 	GLU	 157 	GLU	 160 	6	63.8250633301	1	5.84290509935	28.957	-20.407	60.824	31.67	-15.936	62.027	32.59	-21.422	60.239
658517	ASN	 158 	TRP	 159 	GLU	 160 	6	62.9203511511	1	5.42975137552	29.922	-18.648	64.069	28.957	-20.407	60.824	32.59	-21.422	60.239
659237	ASN	 158 	TRP	 159 	THR	 163 	6	67.8016610954	1	7.28440121081	29.922	-18.648	64.069	28.957	-20.407	60.824	33.901	-22.705	65.655
649659	ASN	 158 	LYS	 166 	PHE	 165 	4	50.8332287876	1	7.96987979834	29.922	-18.648	64.069	27.464	-25.614	67.061	29.842	-24.205	69.692
652542	ASN	 158 	ASP	 167 	PHE	 165 	7	70.4253185165	1	7.9831275826	29.922	-18.648	64.069	24.56	-23.237	67.8	29.842	-24.205	69.692
653115	ASN	 158 	ASP	 167 	LYS	 166 	4	50.4924010451	1	7.9831275826	29.922	-18.648	64.069	24.56	-23.237	67.8	27.464	-25.614	67.061
498680	TRP	 159 	GLU	 161 	GLU	 160 	9	89.8285741196	1	6.58788653515	28.957	-20.407	60.824	33.546	-25.119	60.452	32.59	-21.422	60.239
513079	TRP	 159 	THR	 163 	GLU	 161 	8	81.8438677788	1	7.28440121081	28.957	-20.407	60.824	33.901	-22.705	65.655	33.546	-25.119	60.452
515333	TRP	 159 	TRP	 218 	TRP	 251 	3	39.9840332559	4	28.2041489324	28.957	-20.407	60.824	36.015	-9.825	85.997	41.156	-17.263	83.371
481898	THR	 163 	PRO	 164 	ASP	 162 	3	40.1599786835	1	6.69454860315	33.901	-22.705	65.655	33.641	-24.077	69.261	36.213	-24.366	63.087
481180	THR	 163 	PRO	 164 	PHE	 165 	5	54.9955191289	1	5.91801064548	33.901	-22.705	65.655	33.641	-24.077	69.261	29.842	-24.205	69.692
481759	THR	 163 	PRO	 164 	LYS	 166 	8	82.8164627533	1	7.20236669436	33.901	-22.705	65.655	33.641	-24.077	69.261	27.464	-25.614	67.061
422713	PRO	 168 	ASP	 167 	LYS	 166 	2	24.4379451313	1	7.29020068311	23.363	-20.454	70.176	24.56	-23.237	67.8	27.464	-25.614	67.061
631732	ARG	 169 	TYR	 172 	PRO	 168 	5	56.8483031766	1	6.14540356689	21.635	-22.77	72.667	23.747	-20.734	76.303	23.363	-20.454	70.176
585076	ALA	 215 	GLU	 182 	GLU	 183 	5	54.3574276233	1	7.37861511396	28.239	-7.009	87.859	30.05	-13.157	91.515	31.296	-10.25	93.621
586514	ALA	 215 	LEU	 184 	GLU	 183 	3	41.0778992275	1	7.28354130901	28.239	-7.009	87.859	29.388	-7.129	92.55	31.296	-10.25	93.621
557497	VAL	 185 	LEU	 184 	PHE	 186 	2	31.4818350591	1	7.00874774835	31.061	-3.797	91.73	29.388	-7.129	92.55	30.383	-1.103	89.112
566138	VAL	 185 	ASP	 216 	PHE	 186 	3	41.7481632086	1	8.01028613721	31.061	-3.797	91.73	31.321	-9.049	88.73	30.383	-1.103	89.112
443738	SER	 187 	HIS	 188 	PHE	 186 	3	35.1398066538	1	6.83363051386	30.449	-2.439	85.547	30.306	-0.472	82.308	30.383	-1.103	89.112
453818	SER	 212 	SER	 187 	PHE	 186 	3	43.2063058732	1	7.61203238301	25.874	-0.469	83.012	30.449	-2.439	85.547	30.383	-1.103	89.112
450939	SER	 187 	ASP	 216 	PHE	 186 	4	48.3878253933	1	8.01028613721	30.449	-2.439	85.547	31.321	-9.049	88.73	30.383	-1.103	89.112
448059	SER	 187 	LYS	 217 	PHE	 186 	4	51.7754885504	1	7.46096227038	30.449	-2.439	85.547	34.628	-7.196	88.39	30.383	-1.103	89.112
454183	SER	 212 	SER	 187 	HIS	 188 	8	80.3951279648	1	5.58907416304	25.874	-0.469	83.012	30.449	-2.439	85.547	30.306	-0.472	82.308
446980	SER	 187 	GLY	 213 	HIS	 188 	5	52.560710764	1	6.81177025449	30.449	-2.439	85.547	25.093	-1.514	86.567	30.306	-0.472	82.308
454325	SER	 187 	SER	 212 	GLY	 213 	6	67.724570428	1	5.58907416304	30.449	-2.439	85.547	25.874	-0.469	83.012	25.093	-1.514	86.567
598539	ALA	 215 	SER	 187 	ASP	 216 	4	45.7883234806	1	7.38809671025	28.239	-7.009	87.859	30.449	-2.439	85.547	31.321	-9.049	88.73
619779	ARG	 211 	GLY	 189 	HIS	 188 	4	50.0763028038	1	6.46345580939	24.622	-2.545	80.034	28.936	-3.44	80.373	30.306	-0.472	82.308
302980	GLY	 213 	GLY	 189 	HIS	 188 	5	58.2472252436	1	7.53948015449	25.093	-1.514	86.567	28.936	-3.44	80.373	30.306	-0.472	82.308
446979	SER	 212 	GLY	 213 	HIS	 188 	4	50.4072016972	1	6.81177025449	25.874	-0.469	83.012	25.093	-1.514	86.567	30.306	-0.472	82.308
393844	ASP	 220 	ASP	 190 	GLY	 189 	5	59.1842746444	1	7.19062799761	34.983	-5.465	82.339	30.792	-2.89	77.094	28.936	-3.44	80.373
619921	ARG	 211 	GLY	 189 	GLY	 210 	2	29.4335477398	1	7.55898624155	24.622	-2.545	80.034	28.936	-3.44	80.373	22.644	0.32	78.526
619924	ARG	 211 	GLY	 213 	GLY	 189 	5	57.2798206538	1	7.53948015449	24.622	-2.545	80.034	25.093	-1.514	86.567	28.936	-3.44	80.373
447122	SER	 212 	GLY	 189 	GLY	 213 	3	38.4278475778	1	7.53948015449	25.874	-0.469	83.012	28.936	-3.44	80.373	25.093	-1.514	86.567
653048	ASN	 195 	ASP	 190 	GLY	 192 	9	85.3927813051	1	7.61448474948	32.799	3.762	73.979	30.792	-2.89	77.094	35.897	-0.911	74.437
393627	ASP	 190 	ASP	 208 	LEU	 209 	4	50.5130729493	1	7.775243919	30.792	-2.89	77.094	26.932	3.153	75.542	25.645	2.582	79.099
207581	LEU	 191 	CYS	 224 	PHE	 223 	6	62.6686891406	1	6.88857590508	34.254	-1.482	77.804	39.856	-5.475	78.159	36.529	-7.249	77.847
655928	ASN	 195 	SER	 194 	GLY	 192 	9	86.7659659594	1	5.62532639053	32.799	3.762	73.979	34.537	2.801	70.728	35.897	-0.911	74.437
293980	GLY	 192 	CYS	 224 	PHE	 223 	5	54.070465666	1	7.22480228103	35.897	-0.911	74.437	39.856	-5.475	78.159	36.529	-7.249	77.847
387578	ASP	 193 	ILE	 196 	PHE	 197 	3	37.004252579	1	8.06077620332	37.79	1.651	72.336	35.668	5.591	75.693	36.944	9.142	75.19
646777	ASN	 195 	ILE	 196 	PHE	 197 	2	33.9455936803	1	6.89869161508	32.799	3.762	73.979	35.668	5.591	75.693	36.944	9.142	75.19
646783	ASN	 195 	ILE	 196 	PHE	 206 	8	77.0982538959	1	5.7685361228	32.799	3.762	73.979	35.668	5.591	75.693	31.952	7.012	78.669
647211	ASN	 195 	ILE	 207 	ILE	 196 	4	51.5221682245	1	6.73658667279	32.799	3.762	73.979	29.0	6.267	76.373	35.668	5.591	75.693
646781	ASN	 195 	ILE	 207 	PHE	 206 	6	64.0546385826	1	5.7685361228	32.799	3.762	73.979	29.0	6.267	76.373	31.952	7.012	78.669
563258	VAL	 198 	LYS	 199 	PHE	 197 	3	36.53699872	1	6.78470935265	40.353	10.559	76.118	41.337	14.236	76.076	36.944	9.142	75.19
436543	SER	 204 	PHE	 206 	PHE	 197 	8	77.2860880591	1	7.30005410939	37.131	12.097	79.451	31.952	7.012	78.669	36.944	9.142	75.19
292539	GLY	 205 	PHE	 197 	PHE	 206 	4	52.0530673357	1	6.44673599584	33.946	10.221	78.636	36.944	9.142	75.19	31.952	7.012	78.669
563761	VAL	 203 	LYS	 202 	GLY	 201 	2	29.6564383834	1	7.04983928895	39.572	9.28	80.232	43.065	10.736	80.669	46.051	11.387	78.42
446616	SER	 204 	GLY	 205 	PHE	 206 	1	20.3240345408	1	7.30005410939	37.131	12.097	79.451	33.946	10.221	78.636	31.952	7.012	78.669
387577	ASP	 208 	ILE	 207 	PHE	 206 	2	30.3053901708	1	7.06189846996	26.932	3.153	75.542	29.0	6.267	76.373	31.952	7.012	78.669
269498	ILE	 207 	LEU	 209 	PHE	 206 	3	42.5096836917	1	7.71932956933	29.0	6.267	76.373	25.645	2.582	79.099	31.952	7.012	78.669
627122	ARG	 211 	SER	 212 	GLY	 213 	3	40.167997891	1	6.63060261213	24.622	-2.545	80.034	25.874	-0.469	83.012	25.093	-1.514	86.567
634322	ARG	 214 	ALA	 215 	GLY	 213 	3	43.1546082309	1	6.46232195113	26.211	-4.046	89.145	28.239	-7.009	87.859	25.093	-1.514	86.567
634537	ARG	 214 	ALA	 215 	ASP	 216 	2	26.5494083077	1	7.16340240389	26.211	-4.046	89.145	28.239	-7.009	87.859	31.321	-9.049	88.73
595515	ALA	 215 	ASP	 216 	LYS	 217 	4	44.521427648	1	6.41375482849	28.239	-7.009	87.859	31.321	-9.049	88.73	34.628	-7.196	88.39
543824	TYR	 219 	TRP	 218 	ASP	 216 	9	85.4477444137	1	5.77427475966	33.45	-8.807	83.368	36.015	-9.825	85.997	31.321	-9.049	88.73
509116	TRP	 218 	ASP	 220 	LYS	 217 	5	59.7996131489	1	6.30372802396	36.015	-9.825	85.997	34.983	-5.465	82.339	34.628	-7.196	88.39
603149	ALA	 222 	TYR	 219 	TRP	 218 	6	64.2885014873	1	5.76923868461	37.706	-9.728	80.482	33.45	-8.807	83.368	36.015	-9.825	85.997
545546	TYR	 257 	TYR	 219 	TRP	 218 	3	43.8596002739	1	7.61211317572	32.602	-13.458	80.244	33.45	-8.807	83.368	36.015	-9.825	85.997
508974	TRP	 218 	ASP	 220 	ILE	 221 	7	74.8214001731	1	5.78408056652	36.015	-9.825	85.997	34.983	-5.465	82.339	38.468	-6.859	82.886
503213	TRP	 218 	ILE	 254 	ILE	 221 	6	63.6882781259	1	7.39726740087	36.015	-9.825	85.997	37.794	-14.151	81.841	38.468	-6.859	82.886
601278	ALA	 222 	TRP	 218 	LYS	 253 	7	75.1746647861	1	7.77836640947	37.706	-9.728	80.482	36.015	-9.825	85.997	36.044	-16.096	84.628
543680	TYR	 257 	TRP	 218 	LYS	 253 	9	87.5690231223	1	7.61211317572	32.602	-13.458	80.244	36.015	-9.825	85.997	36.044	-16.096	84.628
531583	TYR	 219 	ILE	 221 	PHE	 223 	8	76.9419946401	1	6.51068706052	33.45	-8.807	83.368	38.468	-6.859	82.886	36.529	-7.249	77.847
603224	ALA	 222 	TYR	 257 	TYR	 219 	9	85.027981471	1	6.3261647149	37.706	-9.728	80.482	32.602	-13.458	80.244	33.45	-8.807	83.368
544543	TYR	 257 	TYR	 219 	PHE	 223 	8	76.5583157888	1	7.72778228213	32.602	-13.458	80.244	33.45	-8.807	83.368	36.529	-7.249	77.847
544970	TYR	 219 	TYR	 257 	ILE	 258 	3	38.4598009594	1	8.01750173059	33.45	-8.807	83.368	32.602	-13.458	80.244	34.153	-13.297	76.763
387654	ASP	 220 	ILE	 221 	CYS	 224 	7	68.8649562167	1	6.42017359578	34.983	-5.465	82.339	38.468	-6.859	82.886	39.856	-5.475	78.159
595015	ALA	 222 	ASP	 220 	CYS	 224 	8	76.5084696561	1	6.42017359578	37.706	-9.728	80.482	34.983	-5.465	82.339	39.856	-5.475	78.159
380382	ASP	 220 	CYS	 224 	PHE	 223 	7	73.4426543132	1	6.42017359578	34.983	-5.465	82.339	39.856	-5.475	78.159	36.529	-7.249	77.847
589610	ALA	 222 	ILE	 254 	ILE	 221 	3	36.7077546732	1	7.39726740087	37.706	-9.728	80.482	37.794	-14.151	81.841	38.468	-6.859	82.886
265181	ILE	 221 	CYS	 224 	PHE	 223 	6	68.0155280116	1	5.41325613656	38.468	-6.859	82.886	39.856	-5.475	78.159	36.529	-7.249	77.847
589176	ALA	 222 	ILE	 254 	PHE	 223 	1	20.9848952247	1	8.07402408963	37.706	-9.728	80.482	37.794	-14.151	81.841	36.529	-7.249	77.847
602139	ALA	 222 	TYR	 257 	PHE	 223 	4	46.5360594853	1	7.72778228213	37.706	-9.728	80.482	32.602	-13.458	80.244	36.529	-7.249	77.847
610782	ARG	 226 	CYS	 224 	PHE	 223 	7	73.0543873001	1	5.40679257971	39.617	-9.464	74.517	39.856	-5.475	78.159	36.529	-7.249	77.847
632453	ARG	 226 	VAL	 225 	CYS	 224 	6	63.0676091579	1	5.40679257971	39.617	-9.464	74.517	41.72	-8.746	77.62	39.856	-5.475	78.159
560452	VAL	 225 	ILE	 228 	CYS	 224 	5	59.9991767173	1	6.05761215332	41.72	-8.746	77.62	44.008	-6.24	73.815	39.856	-5.475	78.159
445255	SER	 227 	ILE	 228 	CYS	 224 	8	77.7190821207	1	6.05761215332	40.292	-6.079	72.919	44.008	-6.24	73.815	39.856	-5.475	78.159
636412	ARG	 229 	ARG	 226 	VAL	 225 	5	58.7266010017	1	6.24876379774	44.256	-9.558	71.967	39.617	-9.464	74.517	41.72	-8.746	77.62
635693	ARG	 226 	ARG	 229 	ILE	 228 	6	67.8005182495	1	5.49252774231	39.617	-9.464	74.517	44.256	-9.558	71.967	44.008	-6.24	73.815
181805	GLU	 234 	GLU	 235 	GLN	 236 	6	67.0755173558	1	5.1885220439	51.257	-10.079	71.517	50.12	-11.928	74.651	52.861	-9.963	76.45
556275	VAL	 238 	GLU	 235 	GLU	 239 	4	49.6993603602	1	6.96390020032	47.952	-9.061	78.518	50.12	-11.928	74.651	50.611	-9.643	81.211
378944	ASP	 243 	PHE	 241 	PHE	 242 	9	89.7507011286	1	5.47270043032	50.81	-5.952	86.197	47.723	-5.111	81.757	47.59	-7.4	84.772
331423	LYS	 248 	GLY	 246 	PHE	 242 	8	81.1459527915	1	7.14448108682	46.501	-12.444	89.22	48.165	-5.589	90.353	47.59	-7.4	84.772
416383	PRO	 249 	ILE	 247 	PHE	 242 	8	80.6230795859	1	6.79736603399	44.222	-13.125	86.216	46.203	-8.842	90.326	47.59	-7.4	84.772
389451	ASP	 243 	GLY	 246 	ILE	 247 	4	48.777912969	1	6.82826405465	50.81	-5.952	86.197	48.165	-5.589	90.353	46.203	-8.842	90.326
419691	PRO	 249 	LYS	 248 	ILE	 247 	4	47.4898934501	1	6.2578390839	44.222	-13.125	86.216	46.501	-12.444	89.22	46.203	-8.842	90.326
422714	PRO	 249 	ASP	 250 	LYS	 248 	3	43.0276039732	1	6.52940801298	44.222	-13.125	86.216	41.321	-15.564	86.757	46.501	-12.444	89.22
510412	TRP	 251 	PRO	 249 	ILE	 254 	5	55.9903186019	1	7.84298954481	41.156	-17.263	83.371	44.222	-13.125	86.216	37.794	-14.151	81.841
508756	TRP	 251 	ASP	 250 	GLU	 252 	5	57.9864281872	1	5.69608611241	41.156	-17.263	83.371	41.321	-15.564	86.757	38.01	-19.314	84.033
508973	TRP	 251 	ASP	 250 	ILE	 254 	6	67.3003371905	1	6.21315974364	41.156	-17.263	83.371	41.321	-15.564	86.757	37.794	-14.151	81.841
506240	TRP	 251 	LYS	 255 	LYS	 253 	9	89.607859405	1	5.83433997981	41.156	-17.263	83.371	36.943	-16.938	79.348	36.044	-16.096	84.628
545117	TYR	 257 	TYR	 256 	LYS	 253 	6	67.5748797575	1	6.16651149354	32.602	-13.458	80.244	33.436	-17.147	80.753	36.044	-16.096	84.628
532012	TYR	 257 	ILE	 254 	ILE	 258 	5	58.6489746512	1	6.30652685715	32.602	-13.458	80.244	37.794	-14.151	81.841	34.153	-13.297	76.763
545116	TYR	 257 	TYR	 256 	LYS	 255 	5	58.7744059202	1	5.6353790467	32.602	-13.458	80.244	33.436	-17.147	80.753	36.943	-16.938	79.348
544972	TYR	 256 	TYR	 257 	ILE	 258 	5	60.1111898767	1	5.59076819409	33.436	-17.147	80.753	32.602	-13.458	80.244	34.153	-13.297	76.763
387795	ASP	 261 	ILE	 258 	GLU	 262 	4	51.9642486394	1	6.86763845874	29.282	-11.398	75.075	34.153	-13.297	76.763	29.298	-13.524	71.911
