570458	VAL	   3 	THR	   2 	PHE	   4 	3	37.6639992608	1	6.72383766907	28.094	35.058	-9.893	31.431	33.252	-9.746	24.936	33.89	-8.128
612219	ARG	   5 	GLN	   6 	PHE	   4 	4	49.0797500573	1	6.18473516005	21.175	34.239	-8.688	20.268	37.915	-8.638	24.936	33.89	-8.128
525823	TYR	  83 	GLN	   6 	PHE	   4 	8	79.3546594756	1	6.18473516005	21.339	34.262	-4.302	20.268	37.915	-8.638	24.936	33.89	-8.128
631084	ARG	   5 	TYR	  83 	GLN	   6 	5	60.2450323303	1	5.76995199287	21.175	34.239	-8.688	21.339	34.262	-4.302	20.268	37.915	-8.638
642603	ASN	   8 	GLU	   7 	GLN	   6 	4	45.8555822052	1	6.3417185368	14.98	38.88	-5.273	16.48	37.726	-8.579	20.268	37.915	-8.638
556202	VAL	   9 	GLU	   7 	GLN	   6 	3	42.076149061	1	8.03381129975	15.066	35.961	-2.836	16.48	37.726	-8.579	20.268	37.915	-8.638
527407	TYR	  83 	GLU	  84 	GLN	   6 	8	82.8338613675	1	5.76995199287	21.339	34.262	-4.302	22.954	37.667	-4.048	20.268	37.915	-8.638
652754	ASN	   8 	ASP	  11 	GLU	   7 	3	42.5793086129	1	7.66848876898	14.98	38.88	-5.273	10.05	36.268	-4.663	16.48	37.726	-8.579
659956	ASN	   8 	TYR	  83 	GLU	   7 	5	54.6413368129	1	7.91868966433	14.98	38.88	-5.273	21.339	34.262	-4.302	16.48	37.726	-8.579
665715	ASN	  85 	ASN	   8 	GLU	   7 	4	49.1858991678	1	8.03927981849	22.206	41.366	-4.267	14.98	38.88	-5.273	16.48	37.726	-8.579
527475	TYR	  83 	GLU	   7 	GLU	  84 	4	48.8010214473	1	7.90228561873	21.339	34.262	-4.302	16.48	37.726	-8.579	22.954	37.667	-4.048
642675	ASN	  85 	GLU	   7 	GLU	  84 	4	50.4763724693	1	8.03927981849	22.206	41.366	-4.267	16.48	37.726	-8.579	22.954	37.667	-4.048
660464	ASN	   8 	TYR	  12 	ASP	  10 	9	88.6759276501	1	7.52599428647	14.98	38.88	-5.273	10.962	32.625	-4.102	11.781	37.23	-1.42
660461	ASN	   8 	TYR	  12 	ASP	  11 	6	67.5402808977	1	7.52599428647	14.98	38.88	-5.273	10.962	32.625	-4.102	10.05	36.268	-4.663
666584	ASN	   8 	ASN	  85 	TYR	  83 	9	83.4490452906	1	7.91868966433	14.98	38.88	-5.273	22.206	41.366	-4.267	21.339	34.262	-4.302
574422	VAL	   9 	TYR	  13 	TYR	  12 	7	69.5985235258	1	5.89111644767	15.066	35.961	-2.836	11.184	32.321	-0.309	10.962	32.625	-4.102
394061	ASP	  11 	ASP	  14 	ASP	  10 	6	62.5473385545	1	8.01139675712	10.05	36.268	-4.663	9.36	33.475	2.814	11.781	37.23	-1.42
545264	TYR	  12 	TYR	  13 	ASP	  10 	9	84.8213512073	1	5.39165188045	10.962	32.625	-4.102	11.184	32.321	-0.309	11.781	37.23	-1.42
538063	TYR	  12 	ASP	  14 	ASP	  10 	8	82.1604003548	1	7.14982237542	10.962	32.625	-4.102	9.36	33.475	2.814	11.781	37.23	-1.42
480461	THR	  15 	ASP	  10 	ASP	  14 	6	62.372492973	1	8.06545534982	11.456	33.954	5.943	11.781	37.23	-1.42	9.36	33.475	2.814
545260	TYR	  13 	TYR	  12 	ASP	  11 	5	52.747203613	1	5.98515505229	11.184	32.321	-0.309	10.962	32.625	-4.102	10.05	36.268	-4.663
538059	TYR	  12 	ASP	  14 	ASP	  11 	4	47.4178935091	1	8.01139675712	10.962	32.625	-4.102	9.36	33.475	2.814	10.05	36.268	-4.663
538058	TYR	  13 	ASP	  11 	ASP	  14 	3	40.919069607	1	8.01139675712	11.184	32.321	-0.309	10.05	36.268	-4.663	9.36	33.475	2.814
545257	TYR	  12 	TYR	  13 	ASP	  14 	2	26.8728209182	1	7.14982237542	10.962	32.625	-4.102	11.184	32.321	-0.309	9.36	33.475	2.814
544757	TYR	  12 	TYR	  13 	GLU	  32 	6	66.8969045284	1	5.88757513752	10.962	32.625	-4.102	11.184	32.321	-0.309	10.594	27.891	-0.621
537559	TYR	  12 	ASP	  14 	GLU	  32 	8	82.312768028	1	7.14982237542	10.962	32.625	-4.102	9.36	33.475	2.814	10.594	27.891	-0.621
537415	TYR	  13 	ASP	  14 	CYS	  30 	8	75.9181101691	1	6.32866660522	11.184	32.321	-0.309	9.36	33.475	2.814	12.78	30.115	5.404
537556	TYR	  13 	ASP	  14 	GLU	  32 	5	53.0050191319	1	6.67105966095	11.184	32.321	-0.309	9.36	33.475	2.814	10.594	27.891	-0.621
541733	TYR	  13 	THR	  15 	CYS	  30 	6	64.9128844858	1	6.46747068026	11.184	32.321	-0.309	11.456	33.954	5.943	12.78	30.115	5.404
631012	ARG	  31 	TYR	  13 	CYS	  30 	5	57.5159495434	1	6.32866660522	10.361	28.285	3.145	11.184	32.321	-0.309	12.78	30.115	5.404
480241	THR	  15 	ASP	  14 	GLY	  16 	2	32.8762048112	1	6.89067957461	11.456	33.954	5.943	9.36	33.475	2.814	10.642	33.404	9.584
389096	ASP	  14 	GLY	  16 	CYS	  30 	9	86.9627995245	1	6.89067957461	9.36	33.475	2.814	10.642	33.404	9.584	12.78	30.115	5.404
623813	ARG	  31 	ASP	  14 	CYS	  30 	6	67.8980968881	1	5.44922930331	10.361	28.285	3.145	9.36	33.475	2.814	12.78	30.115	5.404
383335	ASP	  14 	GLU	  32 	CYS	  30 	8	76.2534394749	1	6.78420201645	9.36	33.475	2.814	10.594	27.891	-0.621	12.78	30.115	5.404
475633	THR	  15 	GLY	  16 	GLU	  17 	2	27.1228804538	1	7.09932884152	11.456	33.954	5.943	10.642	33.404	9.584	12.406	32.867	12.894
469731	THR	  15 	GLU	  17 	CYS	  30 	4	50.9285869867	1	7.98833399402	11.456	33.954	5.943	12.406	32.867	12.894	12.78	30.115	5.404
476933	THR	  15 	LYS	  28 	CYS	  30 	6	65.954471307	1	6.3863543591	11.456	33.954	5.943	16.843	32.866	9.196	12.78	30.115	5.404
476936	THR	  15 	LYS	  29 	CYS	  30 	9	85.4493597535	1	5.74514020717	11.456	33.954	5.943	14.45	29.964	8.793	12.78	30.115	5.404
628136	ARG	  31 	THR	  15 	CYS	  30 	9	85.1180293479	1	6.41602602863	10.361	28.285	3.145	11.456	33.954	5.943	12.78	30.115	5.404
296931	GLY	  16 	GLU	  17 	CYS	  30 	4	52.3021360336	1	7.98833399402	10.642	33.404	9.584	12.406	32.867	12.894	12.78	30.115	5.404
331496	LYS	  28 	GLY	  16 	CYS	  30 	9	84.9903857529	1	6.23637627152	16.843	32.866	9.196	10.642	33.404	9.584	12.78	30.115	5.404
331493	LYS	  29 	GLY	  16 	CYS	  30 	6	64.1156241404	1	5.73244842977	14.45	29.964	8.793	10.642	33.404	9.584	12.78	30.115	5.404
325730	LYS	  29 	GLU	  17 	CYS	  30 	3	35.7649435048	1	7.98833399402	14.45	29.964	8.793	12.406	32.867	12.894	12.78	30.115	5.404
447122	SER	  21 	GLY	  22 	GLY	  20 	3	37.344290725	1	6.72606853964	23.326	35.87	14.335	27.002	36.42	13.569	21.609	32.49	14.412
446761	SER	  21 	GLY	  22 	GLN	  23 	2	28.9187198624	1	7.06552269829	23.326	35.87	14.335	27.002	36.42	13.569	29.325	39.379	13.062
590765	ALA	  25 	GLY	  22 	GLN	  23 	6	61.7920965158	1	5.84297261674	26.013	37.056	8.846	27.002	36.42	13.569	29.325	39.379	13.062
561962	VAL	  26 	GLY	  22 	GLN	  23 	3	37.853198363	1	8.09653049151	22.491	36.294	10.007	27.002	36.42	13.569	29.325	39.379	13.062
554620	VAL	  26 	GLN	  23 	PHE	  24 	5	55.8748168473	1	8.09653049151	22.491	36.294	10.007	29.325	39.379	13.062	28.855	39.536	9.29
603723	ALA	  25 	VAL	  26 	GLN	  23 	4	52.3492150379	1	8.09653049151	26.013	37.056	8.846	22.491	36.294	10.007	29.325	39.379	13.062
603577	ALA	  25 	VAL	  26 	PHE	  24 	2	25.259813365	1	7.1781020472	26.013	37.056	8.846	22.491	36.294	10.007	28.855	39.536	9.29
575354	VAL	  26 	VAL	  27 	LYS	  28 	3	39.1988710517	1	6.65648623524	22.491	36.294	10.007	20.626	33.026	9.49	16.843	32.866	9.196
332931	LYS	  28 	LYS	  29 	CYS	  30 	4	48.0547775548	1	6.20122842669	16.843	32.866	9.196	14.45	29.964	8.793	12.78	30.115	5.404
324293	LYS	  29 	GLN	  38 	CYS	  30 	6	67.95699029	1	7.15356246915	14.45	29.964	8.793	12.066	24.624	4.673	12.78	30.115	5.404
534534	TYR	  39 	LYS	  29 	CYS	  30 	7	71.180524271	1	5.9739827586	15.679	25.774	4.716	14.45	29.964	8.793	12.78	30.115	5.404
534603	TYR	  39 	LYS	  29 	GLN	  38 	4	50.8436280304	1	7.15356246915	15.679	25.774	4.716	14.45	29.964	8.793	12.066	24.624	4.673
602717	ALA	  40 	TYR	  39 	LYS	  29 	6	67.8737907434	1	5.9739827586	18.051	28.027	6.611	15.679	25.774	4.716	14.45	29.964	8.793
613730	ARG	  31 	GLU	  32 	CYS	  30 	3	35.7191006368	1	6.78420201645	10.361	28.285	3.145	10.594	27.891	-0.621	12.78	30.115	5.404
612293	ARG	  31 	GLN	  38 	CYS	  30 	6	62.5595319972	1	5.58526973386	10.361	28.285	3.145	12.066	24.624	4.673	12.78	30.115	5.404
180295	GLU	  32 	GLN	  38 	CYS	  30 	8	77.466391191	1	6.78420201645	10.594	27.891	-0.621	12.066	24.624	4.673	12.78	30.115	5.404
525896	TYR	  39 	GLN	  38 	CYS	  30 	9	84.7847250587	1	5.58526973386	15.679	25.774	4.716	12.066	24.624	4.673	12.78	30.115	5.404
605095	ALA	  41 	ALA	  40 	CYS	  30 	8	82.8710377873	1	6.24831177199	18.89	31.223	4.71	18.051	28.027	6.611	12.78	30.115	5.404
613804	ARG	  31 	GLU	  32 	GLN	  38 	5	55.0017534929	1	6.39269184303	10.361	28.285	3.145	10.594	27.891	-0.621	12.066	24.624	4.673
483196	THR	  35 	SER	  34 	LYS	  33 	5	57.9688549353	1	5.70237126115	7.879	23.308	-2.813	7.427	26.395	-4.996	7.286	28.943	-2.171
331706	LYS	  33 	GLY	  36 	LEU	  37 	3	39.5390179573	1	7.85242147366	7.286	28.943	-2.171	6.868	24.226	0.726	10.245	22.874	1.838
483123	THR	  35 	SER	  34 	GLY	  36 	4	49.5696683058	1	6.14478038664	7.879	23.308	-2.813	7.427	26.395	-4.996	6.868	24.226	0.726
298442	GLY	  36 	LEU	  37 	GLN	  38 	3	41.8163095574	1	6.53883911715	6.868	24.226	0.726	10.245	22.874	1.838	12.066	24.624	4.673
602281	ALA	  40 	TYR	  39 	GLN	  38 	2	25.826289503	1	7.15237568924	18.051	28.027	6.611	15.679	25.774	4.716	12.066	24.624	4.673
527401	TYR	  39 	GLU	  94 	GLN	  38 	2	33.1048524041	1	7.95119072844	15.679	25.774	4.716	19.77	22.657	4.7	12.066	24.624	4.673
528843	TYR	  39 	LEU	  95 	GLN	  38 	4	47.98017477	1	6.5592235821	15.679	25.774	4.716	17.704	23.401	7.794	12.066	24.624	4.673
606099	ALA	  41 	ALA	  40 	TYR	  39 	4	45.966610388	1	6.32472592292	18.89	31.223	4.71	18.051	28.027	6.611	15.679	25.774	4.716
604659	ALA	  40 	VAL	  96 	TYR	  39 	4	48.0983350341	1	8.09906469909	18.051	28.027	6.611	18.797	21.904	11.111	15.679	25.774	4.716
605595	ALA	  40 	ALA	  41 	LYS	  42 	4	46.5868344289	1	6.31732332559	18.051	28.027	6.611	18.89	31.223	4.71	22.325	32.574	5.628
605307	ALA	  40 	ALA	  41 	LEU	  91 	4	48.6206729097	1	8.08144578649	18.051	28.027	6.611	18.89	31.223	4.71	23.081	30.912	0.982
589466	ALA	  40 	ILE	  92 	LEU	  91 	3	39.0174635039	1	8.08144578649	18.051	28.027	6.611	20.004	28.692	1.135	23.081	30.912	0.982
592059	ALA	  41 	LYS	  42 	PHE	  43 	4	46.1581682136	1	6.34062694061	18.89	31.223	4.71	22.325	32.574	5.628	22.745	36.257	4.747
331850	LYS	  45 	GLY	  55 	ILE	  44 	3	36.9767892016	1	7.52540776304	27.221	40.88	4.308	31.652	42.5	5.474	26.439	37.168	4.461
388015	ASP	  88 	ILE	  90 	ILE	  44 	8	79.5102211022	1	6.22682631844	24.545	40.295	0.646	22.326	34.599	0.555	26.439	37.168	4.461
272666	ILE	  44 	ILE	  90 	LEU	  91 	3	43.8410524502	1	7.90677816813	26.439	37.168	4.461	22.326	34.599	0.555	23.081	30.912	0.982
333368	LYS	  45 	LYS	  46 	GLY	  55 	9	88.1731022167	1	4.85980627186	27.221	40.88	4.308	29.4	41.874	1.344	31.652	42.5	5.474
563836	VAL	  89 	LYS	  46 	LYS	  45 	5	57.9416127961	1	6.92042354195	25.146	36.813	-0.701	29.4	41.874	1.344	27.221	40.88	4.308
635839	ARG	  54 	ARG	  47 	LYS	  45 	8	76.4954790061	1	8.05906725372	33.147	45.288	7.533	32.328	44.274	1.509	27.221	40.88	4.308
635835	ARG	  48 	ARG	  47 	LYS	  46 	4	46.3351633417	1	6.30572707941	31.468	47.707	0.135	32.328	44.274	1.509	29.4	41.874	1.344
635834	ARG	  54 	ARG	  47 	LYS	  46 	3	42.3646800906	1	7.99994537481	33.147	45.288	7.533	32.328	44.274	1.509	29.4	41.874	1.344
635836	ARG	  58 	ARG	  47 	LYS	  46 	5	55.667904831	1	7.57017311559	34.144	38.003	-2.323	32.328	44.274	1.509	29.4	41.874	1.344
477434	THR	  87 	LYS	  46 	LYS	  86 	3	39.0792389254	1	7.80096282519	24.598	44.04	-0.021	29.4	41.874	1.344	24.158	44.59	-3.755
635840	ARG	  48 	ARG	  47 	LYS	  50 	9	88.5397371143	1	7.08879601907	31.468	47.707	0.135	32.328	44.274	1.509	38.331	46.581	-1.237
635762	ARG	  48 	ARG	  47 	GLY	  55 	3	34.7438778301	1	7.46000174263	31.468	47.707	0.135	32.328	44.274	1.509	31.652	42.5	5.474
636200	ARG	  47 	ARG	  48 	THR	  87 	9	88.575407038	1	7.8834355455	32.328	44.274	1.509	31.468	47.707	0.135	24.598	44.04	-0.021
636413	ARG	  53 	ARG	  47 	VAL	  56 	6	67.7803949039	1	8.02051719031	36.924	45.463	7.689	32.328	44.274	1.509	33.21	39.393	3.989
635767	ARG	  47 	ARG	  54 	GLY	  55 	8	81.2651043544	1	6.16340271279	32.328	44.274	1.509	33.147	45.288	7.533	31.652	42.5	5.474
628633	ARG	  48 	THR	  49 	LYS	  50 	2	29.2161150641	1	7.08879601907	31.468	47.707	0.135	35.09	48.524	-0.764	38.331	46.581	-1.237
635764	ARG	  48 	ARG	  54 	GLY	  55 	5	53.5203072308	1	7.96247486652	31.468	47.707	0.135	33.147	45.288	7.533	31.652	42.5	5.474
454396	SER	  52 	SER	  51 	LYS	  50 	5	55.6053036998	1	5.83324660888	36.969	47.34	4.384	39.854	47.926	1.985	38.331	46.581	-1.237
635762	ARG	  53 	ARG	  54 	GLY	  55 	3	43.1224255937	1	6.44046411371	36.924	45.463	7.689	33.147	45.288	7.533	31.652	42.5	5.474
569522	VAL	  56 	SER	  57 	GLY	  55 	3	38.9852129312	1	6.6452359627	33.21	39.393	3.989	35.447	39.5	0.918	31.652	42.5	5.474
389452	ASP	  60 	GLY	 163 	ILE	  61 	5	52.6042515537	1	7.50914056334	36.022	34.327	1.253	33.148	30.223	6.759	32.346	34.021	0.331
389239	ASP	  60 	GLY	 163 	GLU	  64 	8	80.0319139783	1	7.44437559504	36.022	34.327	1.253	33.148	30.223	6.759	32.591	28.845	1.51
616755	ARG	  63 	HIS	 166 	GLU	  64 	4	47.9996073518	1	8.06702082556	35.361	29.726	-0.961	39.724	25.505	3.254	32.591	28.845	1.51
587957	ALA	 165 	HIS	 166 	GLU	  64 	6	67.7728029671	1	8.06702082556	36.895	26.015	5.751	39.724	25.505	3.254	32.591	28.845	1.51
268202	ILE	  71 	GLU	  70 	GLN	  72 	3	34.4419112711	1	6.87011892182	29.808	18.08	0.191	31.1	19.72	-2.981	26.986	15.553	0.612
272523	ILE	  77 	ILE	  71 	GLN	  72 	4	51.8576658663	1	8.04097313762	25.061	20.654	6.149	29.808	18.08	0.191	26.986	15.553	0.612
272743	ILE	  77 	ILE	  71 	HIS	  73 	8	78.8307704981	1	8.04097313762	25.061	20.654	6.149	29.808	18.08	0.191	27.034	13.524	3.829
560811	VAL	  76 	ILE	  71 	ILE	  77 	4	48.1819765449	1	8.04097313762	27.365	17.855	7.25	29.808	18.08	0.191	25.061	20.654	6.149
474411	THR	  78 	ILE	  71 	ILE	  77 	4	44.526059339	1	8.04097313762	24.274	20.853	2.44	29.808	18.08	0.191	25.061	20.654	6.149
415081	PRO	  74 	HIS	  73 	GLN	  72 	2	30.2677115278	1	7.05685489436	24.522	12.841	6.643	27.034	13.524	3.829	26.986	15.553	0.612
559083	VAL	  76 	HIS	  73 	GLN	  72 	4	50.0710583554	1	7.03604214029	27.365	17.855	7.25	27.034	13.524	3.829	26.986	15.553	0.612
271083	ILE	  77 	HIS	  73 	GLN	  72 	4	51.2945147758	1	7.77072679998	25.061	20.654	6.149	27.034	13.524	3.829	26.986	15.553	0.612
472685	THR	  78 	HIS	  73 	GLN	  72 	6	62.3264509081	1	7.95368857826	24.274	20.853	2.44	27.034	13.524	3.829	26.986	15.553	0.612
654341	ASN	  75 	PRO	  74 	HIS	  73 	6	61.6991063258	1	5.51436315453	26.65	14.676	9.208	24.522	12.841	6.643	27.034	13.524	3.829
416739	PRO	  74 	ILE	  77 	HIS	  73 	4	51.8492629041	1	7.84713489116	24.522	12.841	6.643	25.061	20.654	6.149	27.034	13.524	3.829
661544	ASN	  75 	VAL	  76 	HIS	  73 	9	89.7185053947	1	5.52904720544	26.65	14.676	9.208	27.365	17.855	7.25	27.034	13.524	3.829
560740	VAL	  76 	ILE	  77 	HIS	  73 	5	52.8260382924	1	7.75319476087	27.365	17.855	7.25	25.061	20.654	6.149	27.034	13.524	3.829
654483	ASN	  75 	PRO	  74 	GLY	 126 	4	44.030346911	1	7.48383277472	26.65	14.676	9.208	24.522	12.841	6.643	31.417	13.979	9.321
654554	ASN	  75 	PRO	  74 	LYS	 158 	3	40.3191643664	1	7.01843593687	26.65	14.676	9.208	24.522	12.841	6.643	25.255	18.026	11.316
568010	VAL	  76 	PRO	  74 	ILE	  77 	3	41.4095614304	1	7.84713489116	27.365	17.855	7.25	24.522	12.841	6.643	25.061	20.654	6.149
661609	ASN	  75 	VAL	  76 	ILE	  77 	2	33.2733528538	1	6.900643883	26.65	14.676	9.208	27.365	17.855	7.25	25.061	20.654	6.149
665646	ASN	  75 	ASN	 125 	GLN	 122 	7	75.3634875038	1	7.02990853426	26.65	14.676	9.208	32.113	10.522	10.731	28.778	11.453	14.35
649805	ASN	  75 	LYS	 158 	GLN	 122 	6	66.3227651031	1	8.05114985577	26.65	14.676	9.208	25.255	18.026	11.316	28.778	11.453	14.35
665934	ASN	  75 	ASN	 125 	ILE	 123 	7	75.3570939775	1	7.02990853426	26.65	14.676	9.208	32.113	10.522	10.731	31.174	14.391	14.477
666006	ASN	  75 	ASN	 125 	GLY	 126 	7	75.7924223526	1	7.02990853426	26.65	14.676	9.208	32.113	10.522	10.731	31.417	13.979	9.321
664636	ASN	  75 	ARG	 156 	LYS	 158 	5	60.2141853211	1	8.05897388009	26.65	14.676	9.208	21.562	13.272	15.298	25.255	18.026	11.316
563688	VAL	  76 	LYS	 158 	ILE	 157 	1	20.49986931	1	8.02562745211	27.365	17.855	7.25	25.255	18.026	11.316	23.851	16.105	14.25
474265	THR	  78 	ILE	  77 	LEU	  79 	2	32.822120119	1	6.90937877092	24.274	20.853	2.44	25.061	20.654	6.149	23.796	23.825	0.142
272813	ILE	  77 	ILE	 159 	ILE	 160 	6	67.4168123573	1	6.03350462004	25.061	20.654	6.149	28.378	20.174	11.166	27.689	23.753	10.072
472758	THR	  78 	HIS	  80 	GLU	  94 	7	75.6347445504	1	6.72560978648	24.274	20.853	2.44	20.553	24.184	-1.803	19.77	22.657	4.7
271226	ILE	  92 	HIS	  80 	LEU	  91 	3	40.0707389127	1	7.70798242084	20.004	28.692	1.135	20.553	24.184	-1.803	23.081	30.912	0.982
573553	VAL	  82 	TYR	  83 	GLU	  84 	2	33.4335353625	1	6.88936840356	22.756	30.795	-3.601	21.339	34.262	-4.302	22.954	37.667	-4.048
649873	ASN	  85 	LYS	  86 	GLU	  84 	2	29.48972874	1	7.03302168346	22.206	41.366	-4.267	24.158	44.59	-3.755	22.954	37.667	-4.048
657074	ASN	  85 	THR	  87 	GLU	  84 	3	41.0541259733	1	7.71586638039	22.206	41.366	-4.267	24.598	44.04	-0.021	22.954	37.667	-4.048
480315	THR	  87 	ASP	  88 	LYS	  86 	4	49.3421948802	1	6.16162275703	24.598	44.04	-0.021	24.545	40.295	0.646	24.158	44.59	-3.755
566571	VAL	  89 	ASP	  88 	ILE	  90 	4	49.9909938112	1	6.11364523014	25.146	36.813	-0.701	24.545	40.295	0.646	22.326	34.599	0.555
560666	VAL	  89 	ILE	  90 	LEU	  91 	3	42.9005798655	1	6.47445094197	25.146	36.813	-0.701	22.326	34.599	0.555	23.081	30.912	0.982
269713	ILE	  92 	LEU	  93 	GLU	  94 	2	30.0956449215	1	7.01321652311	20.004	28.692	1.135	21.226	25.899	3.395	19.77	22.657	4.7
594004	ALA	  97 	MET	 146 	GLY	  98 	5	60.4107157308	1	7.74353904878	16.025	22.775	13.581	23.486	21.399	15.131	17.19	21.026	16.745
302833	GLY	  98 	GLY	  99 	GLU	 100 	2	32.4224540954	1	6.93861873863	17.19	21.026	16.745	19.4	23.931	17.798	23.1	24.143	18.616
389527	ASP	 149 	GLY	  99 	GLY	  98 	8	76.152502805	1	7.82603967534	15.863	17.023	16.79	19.4	23.931	17.798	17.19	21.026	16.745
653042	ASN	 151 	ASP	 149 	GLY	  98 	3	43.6866319663	1	8.03286262798	13.831	15.827	21.865	15.863	17.023	16.79	17.19	21.026	16.745
664562	ASN	 151 	ARG	 150 	GLY	  98 	3	38.1227235862	1	8.03286262798	13.831	15.827	21.865	16.92	17.507	20.413	17.19	21.026	16.745
389019	ASP	 103 	GLY	  99 	PHE	 104 	4	52.2978092909	1	7.38827862225	22.594	25.083	23.825	19.4	23.931	17.798	21.841	21.385	24.29
420917	PRO	 142 	MET	 146 	GLU	 100 	6	66.2114289415	1	8.08350845858	29.714	23.118	19.989	23.486	21.399	15.131	23.1	24.143	18.616
642678	ASN	 144 	GLU	 100 	GLU	 143 	7	69.7403462973	1	6.92436704689	28.929	24.866	14.949	23.1	24.143	18.616	28.141	26.218	18.423
354679	MET	 146 	GLU	 143 	GLU	 100 	8	78.3024163921	1	7.46518921394	23.486	21.399	15.131	28.141	26.218	18.423	23.1	24.143	18.616
269498	ILE	 145 	LEU	 101 	PHE	 102 	3	41.5600334348	1	7.68045753845	27.281	21.488	15.525	24.889	21.383	20.489	26.109	24.326	22.565
580544	ALA	 106 	PHE	 102 	PHE	 104 	9	89.7906333321	1	6.28110730684	23.951	24.182	28.462	26.109	24.326	22.565	21.841	21.385	24.29
416379	PRO	 142 	ILE	 145 	PHE	 102 	4	51.7170937765	1	7.68045753845	29.714	23.118	19.989	27.281	21.488	15.525	26.109	24.326	22.565
442587	SER	 110 	LEU	 105 	LEU	 111 	4	45.9691271231	1	7.97683057361	27.172	17.126	31.469	24.871	21.019	26.561	26.672	13.851	29.562
442513	SER	 110 	LEU	 111 	GLU	 109 	2	29.1590948649	1	7.10806513757	27.172	17.126	31.469	26.672	13.851	29.562	25.167	20.329	32.071
454107	SER	 212 	SER	 110 	LEU	 111 	4	44.9196224685	1	7.70743316546	33.115	17.41	31.848	27.172	17.126	31.469	26.672	13.851	29.562
469876	THR	 117 	GLU	 114 	GLU	 118 	5	60.5191903618	1	6.0291633748	30.471	9.09	22.329	27.778	6.862	26.052	27.149	9.029	20.461
181660	GLU	 115 	GLU	 118 	PHE	 119 	5	54.1062923512	1	6.51970589827	25.88	10.076	25.28	27.149	9.029	20.461	27.649	12.696	19.578
325659	LYS	 154 	GLU	 118 	PHE	 119 	4	48.076638447	1	7.85782603523	20.334	10.118	20.839	27.149	9.029	20.461	27.649	12.696	19.578
648366	ASN	 125 	GLY	 126 	GLN	 122 	7	70.3355966405	1	6.21577332277	32.113	10.522	10.731	31.417	13.979	9.321	28.778	11.453	14.35
331566	LYS	 158 	GLY	 126 	GLN	 122 	7	73.7011938225	1	8.05114985577	25.255	18.026	11.316	31.417	13.979	9.321	28.778	11.453	14.35
621008	ARG	 156 	LYS	 158 	GLN	 122 	9	85.0272709463	1	8.05114985577	21.562	13.272	15.298	25.255	18.026	11.316	28.778	11.453	14.35
272816	ILE	 123 	ILE	 157 	ILE	 159 	9	86.4099555312	1	7.52433744592	31.174	14.391	14.477	23.851	16.105	14.25	28.378	20.174	11.166
660245	ASN	 125 	TYR	 128 	GLY	 126 	6	68.2399076209	1	5.3761288117	32.113	10.522	10.731	36.222	11.823	8.241	31.417	13.979	9.321
660822	ASN	 125 	TYR	 129 	TYR	 128 	7	74.8259069897	1	6.34699314636	32.113	10.522	10.731	34.192	12.706	5.146	36.222	11.823	8.241
545048	TYR	 128 	TYR	 129 	GLY	 126 	9	86.7507926803	1	5.3761288117	36.222	11.823	8.241	34.192	12.706	5.146	31.417	13.979	9.321
574424	VAL	 127 	TYR	 129 	TYR	 128 	9	89.9765461552	1	5.26763865503	35.018	15.096	9.767	34.192	12.706	5.146	36.222	11.823	8.241
544904	TYR	 129 	TYR	 128 	HIS	 131 	9	83.6207602956	1	5.64334493009	34.192	12.706	5.146	36.222	11.823	8.241	39.19	15.279	5.643
545407	TYR	 128 	TYR	 129 	SER	 132 	8	77.4581436377	1	5.93453030997	36.222	11.823	8.241	34.192	12.706	5.146	38.867	12.568	2.981
531723	TYR	 128 	ILE	 266 	GLN	 267 	4	51.3692851341	1	7.06818095411	36.222	11.823	8.241	40.76	11.374	11.88	41.415	7.78	10.819
530430	TYR	 129 	HIS	 131 	LEU	 133 	7	73.2562488369	1	6.64104012938	34.192	12.706	5.146	39.19	15.279	5.643	38.15	15.419	0.555
443887	SER	 132 	HIS	 131 	GLN	 134 	8	77.0075261965	1	5.34324180624	38.867	12.568	2.981	39.19	15.279	5.643	41.071	17.347	2.057
271087	ILE	 135 	HIS	 131 	GLN	 134 	8	79.1811198826	1	5.12595571577	38.705	19.918	3.517	39.19	15.279	5.643	41.071	17.347	2.057
587886	ALA	 136 	HIS	 131 	GLN	 134 	7	69.0642347214	1	6.43645344891	39.747	21.456	6.831	39.19	15.279	5.643	41.071	17.347	2.057
589322	ALA	 136 	ILE	 135 	GLN	 134 	3	43.6722668715	1	6.43645344891	39.747	21.456	6.831	38.705	19.918	3.517	41.071	17.347	2.057
387726	ASP	 169 	ILE	 168 	GLN	 134 	7	69.6210882081	1	6.52119413911	45.715	20.338	-1.409	44.163	21.598	1.807	41.071	17.347	2.057
271303	ILE	 135 	HIS	 137 	HIS	 166 	8	79.9176358619	1	6.63504197425	38.705	19.918	3.517	36.845	23.04	8.7	39.724	25.505	3.254
605384	ALA	 165 	ALA	 136 	HIS	 137 	9	84.4224483409	1	5.48495989046	36.895	26.015	5.751	39.747	21.456	6.831	36.845	23.04	8.7
588026	ALA	 136 	HIS	 137 	LEU	 196 	3	38.7846077354	1	8.0112489663	39.747	21.456	6.831	36.845	23.04	8.7	43.695	18.887	8.801
595300	ALA	 136 	ASP	 199 	HIS	 137 	5	58.5807594274	1	6.7250524905	39.747	21.456	6.831	40.512	20.065	13.366	36.845	23.04	8.7
605599	ALA	 165 	ALA	 136 	LYS	 167 	8	82.2353559072	1	7.0866857557	36.895	26.015	5.751	39.747	21.456	6.831	40.798	22.95	0.692
242139	HIS	 166 	HIS	 137 	PHE	 138 	4	47.91108564	1	7.78483121204	39.724	25.505	3.254	36.845	23.04	8.7	39.004	25.214	11.0
242432	HIS	 166 	HIS	 137 	LEU	 164 	9	88.7152371585	1	6.63504197425	39.724	25.505	3.254	36.845	23.04	8.7	36.748	29.319	7.605
588099	ALA	 165 	HIS	 137 	HIS	 166 	4	44.9741989026	1	6.63504197425	36.895	26.015	5.751	36.845	23.04	8.7	39.724	25.505	3.254
263739	ILE	 177 	PHE	 138 	PHE	 178 	4	51.4781683982	1	7.90663733834	43.347	31.655	9.528	39.004	25.214	11.0	42.051	32.061	13.087
292539	GLY	 179 	PHE	 138 	PHE	 178 	4	47.5539603241	1	7.77953642578	38.98	30.67	14.828	39.004	25.214	11.0	42.051	32.061	13.087
654630	ASN	 144 	PRO	 142 	MET	 146 	7	71.119298519	1	8.08350845858	28.929	24.866	14.949	29.714	23.118	19.989	23.486	21.399	15.131
651315	ASN	 144 	MET	 146 	GLU	 143 	4	49.9803652476	1	7.46518921394	28.929	24.866	14.949	23.486	21.399	15.131	28.141	26.218	18.423
359065	MET	 146 	ILE	 145 	LEU	 147 	2	33.541066301	1	6.90906165843	23.486	21.399	15.131	27.281	21.488	15.525	20.974	18.738	16.153
624026	ARG	 150 	ASP	 149 	LEU	 148 	3	38.4231162014	1	6.69983484871	16.92	17.507	20.413	15.863	17.023	16.79	18.169	17.642	13.832
664780	ASN	 151 	ARG	 150 	ASP	 149 	5	59.7646528728	1	5.5959865082	13.831	15.827	21.865	16.92	17.507	20.413	15.863	17.023	16.79
625901	ARG	 150 	PRO	 155 	ASP	 149 	6	62.2327802877	1	5.9885401393	16.92	17.507	20.413	20.168	13.401	18.842	15.863	17.023	16.79
664852	ASN	 151 	ARG	 150 	PRO	 155 	5	57.8096563184	1	7.42843011679	13.831	15.827	21.865	16.92	17.507	20.413	20.168	13.401	18.842
633170	ARG	 150 	VAL	 152 	PRO	 153 	3	38.8261510306	1	7.90100158208	16.92	17.507	20.413	15.272	12.357	21.273	17.609	10.271	23.51
625975	ARG	 150 	PRO	 153 	PRO	 155 	8	82.9523268247	1	7.90100158208	16.92	17.507	20.413	17.609	10.271	23.51	20.168	13.401	18.842
661970	ASN	 151 	VAL	 152 	PRO	 153 	3	34.4528433401	1	6.91725704308	13.831	15.827	21.865	15.272	12.357	21.273	17.609	10.271	23.51
654775	ASN	 151 	PRO	 155 	PRO	 153 	8	83.092828997	1	7.42843011679	13.831	15.827	21.865	20.168	13.401	18.842	17.609	10.271	23.51
424160	PRO	 155 	PRO	 153 	LYS	 154 	9	89.6155605739	1	6.1754032257	20.168	13.401	18.842	17.609	10.271	23.51	20.334	10.118	20.839
625755	ARG	 156 	PRO	 155 	LYS	 154 	4	43.937759516	1	6.49294855978	21.562	13.272	15.298	20.168	13.401	18.842	20.334	10.118	20.839
625610	ARG	 156 	PRO	 155 	ILE	 157 	3	42.9480442672	1	6.47785219035	21.562	13.272	15.298	20.168	13.401	18.842	23.851	16.105	14.25
330410	LYS	 158 	ILE	 159 	ILE	 157 	3	34.6502141476	1	6.82360212791	25.255	18.026	11.316	28.378	20.174	11.166	23.851	16.105	14.25
588026	ALA	 165 	HIS	 166 	LEU	 164 	3	42.3454990467	1	6.50648699376	36.895	26.015	5.751	39.724	25.505	3.254	36.748	29.319	7.605
387580	ASP	 169 	ILE	 168 	PHE	 170 	5	58.5584982209	1	5.64885236132	45.715	20.338	-1.409	44.163	21.598	1.807	49.312	21.132	-0.469
303055	GLY	 195 	GLY	 171 	ILE	 168 	8	79.0929610964	1	6.56349647673	46.345	21.477	7.996	49.183	19.513	2.965	44.163	21.598	1.807
652542	ASN	 172 	ASP	 169 	PHE	 170 	7	69.2858352942	1	7.33277812292	48.91	22.899	4.674	45.715	20.338	-1.409	49.312	21.132	-0.469
642460	ASN	 172 	GLU	 173 	PHE	 170 	5	58.4019138062	1	7.38049158254	48.91	22.899	4.674	47.634	26.476	4.337	49.312	21.132	-0.469
648724	ASN	 172 	GLY	 195 	GLY	 171 	5	55.787068918	1	6.10102458608	48.91	22.899	4.674	46.345	21.477	7.996	49.183	19.513	2.965
642458	ASN	 172 	GLU	 173 	PHE	 174 	3	37.2972870189	1	6.76683825727	48.91	22.899	4.674	47.634	26.476	4.337	49.516	29.591	5.474
654484	ASN	 172 	PRO	 193 	GLY	 195 	5	60.3431028914	1	6.94970826726	48.91	22.899	4.674	51.089	26.53	8.506	46.345	21.477	7.996
648505	ASN	 172 	GLY	 195 	LEU	 196 	2	24.4833843809	1	7.76688470366	48.91	22.899	4.674	46.345	21.477	7.996	43.695	18.887	8.801
649659	ASN	 176 	LYS	 175 	PHE	 174 	4	46.8809284983	1	6.31340209396	46.553	33.697	9.245	47.234	32.634	5.635	49.516	29.591	5.474
329978	LYS	 175 	ILE	 177 	PHE	 174 	3	42.3904647042	1	7.6649574689	47.234	32.634	5.635	43.347	31.655	9.528	49.516	29.591	5.474
538780	TYR	 191 	PRO	 193 	PHE	 174 	5	56.4585137173	1	7.92879864797	50.378	31.643	13.084	51.089	26.53	8.506	49.516	29.591	5.474
412060	PRO	 193 	GLU	 192 	PHE	 174 	5	54.7961108817	1	6.70280016113	51.089	26.53	8.506	52.045	28.583	11.599	49.516	29.591	5.474
646779	ASN	 176 	ILE	 177 	PHE	 178 	4	50.1005602648	1	6.14047750586	46.553	33.697	9.245	43.347	31.655	9.528	42.051	32.061	13.087
647212	ASN	 176 	ILE	 188 	ILE	 177 	5	57.0010486682	1	7.54133045291	46.553	33.697	9.245	46.741	28.633	14.83	43.347	31.655	9.528
660170	ASN	 176 	TYR	 191 	ILE	 177 	3	41.3244805075	1	7.87910153507	46.553	33.697	9.245	50.378	31.643	13.084	43.347	31.655	9.528
660173	ASN	 176 	TYR	 191 	ILE	 188 	6	61.6246250135	1	7.54133045291	46.553	33.697	9.245	50.378	31.643	13.084	46.741	28.633	14.83
659954	ASN	 176 	TYR	 191 	GLU	 192 	3	41.2539393804	1	7.86488245303	46.553	33.697	9.245	50.378	31.643	13.084	52.045	28.583	11.599
475417	THR	 180 	GLY	 179 	PHE	 178 	2	30.3728095608	1	7.02314929359	37.602	30.813	18.376	38.98	30.67	14.828	42.051	32.061	13.087
481683	THR	 180 	PRO	 181 	GLY	 179 	4	46.4395603923	1	6.34998307084	37.602	30.813	18.376	40.41	30.982	21.007	38.98	30.67	14.828
481684	THR	 180 	PRO	 291 	GLY	 179 	5	57.6678163183	1	6.77143788275	37.602	30.813	18.376	38.321	37.23	16.337	38.98	30.67	14.828
424088	PRO	 291 	PRO	 181 	GLY	 179 	9	86.3203068545	1	8.07529101643	38.321	37.23	16.337	40.41	30.982	21.007	38.98	30.67	14.828
417967	PRO	 181 	GLY	 179 	GLN	 292 	8	77.6425804573	1	7.16380813534	40.41	30.982	21.007	38.98	30.67	14.828	41.293	36.347	18.535
417964	PRO	 291 	GLY	 179 	GLN	 292 	5	53.8728001148	1	7.16380813534	38.321	37.23	16.337	38.98	30.67	14.828	41.293	36.347	18.535
481971	THR	 180 	PRO	 291 	PRO	 181 	4	45.8231508687	1	8.07529101643	37.602	30.813	18.376	38.321	37.23	16.337	40.41	30.982	21.007
481324	THR	 180 	PRO	 291 	GLN	 292 	5	58.6518126256	1	6.77143788275	37.602	30.813	18.376	38.321	37.23	16.337	41.293	36.347	18.535
419407	PRO	 181 	LYS	 222 	GLN	 292 	8	82.1891809887	1	6.72530519754	40.41	30.982	21.007	41.36	35.768	25.235	41.293	36.347	18.535
423725	PRO	 181 	PRO	 291 	GLN	 292 	6	63.6582623382	1	8.07529101643	40.41	30.982	21.007	38.321	37.23	16.337	41.293	36.347	18.535
452599	SER	 215 	PRO	 216 	GLU	 182 	8	80.0857040474	1	8.04304376465	36.623	24.006	28.829	40.255	22.753	29.002	39.019	28.212	23.226
603578	ALA	 185 	VAL	 184 	PHE	 183 	3	39.9905304685	1	6.64086598269	45.15	24.522	17.952	42.022	26.687	18.147	39.074	25.711	20.354
571899	VAL	 184 	TRP	 201 	PHE	 183 	4	50.7772797854	1	7.74247008389	42.022	26.687	18.147	42.831	19.296	18.191	39.074	25.711	20.354
600703	ALA	 185 	TRP	 201 	PHE	 183 	8	77.8785581164	1	7.74247008389	45.15	24.522	17.952	42.831	19.296	18.191	39.074	25.711	20.354
511419	TRP	 201 	SER	 202 	PHE	 183 	4	46.3882826967	1	7.74247008389	42.831	19.296	18.191	39.442	21.03	18.17	39.074	25.711	20.354
571902	VAL	 205 	TRP	 201 	PHE	 183 	7	74.6345211205	1	7.74247008389	38.606	20.16	23.092	42.831	19.296	18.191	39.074	25.711	20.354
606171	ALA	 198 	ALA	 185 	VAL	 184 	4	47.5664052553	1	7.21308352925	44.024	21.55	13.496	45.15	24.522	17.952	42.022	26.687	18.147
575574	VAL	 184 	VAL	 189 	PRO	 186 	7	72.1577786324	1	6.93980014121	42.022	26.687	18.147	47.783	30.551	17.944	48.64	25.742	18.949
605738	ALA	 185 	ALA	 198 	ASP	 199 	3	38.2793119663	1	7.89982841586	45.15	24.522	17.952	44.024	21.55	13.496	40.512	20.065	13.366
606032	ALA	 185 	ALA	 198 	TRP	 201 	9	85.4711068919	1	5.72240840905	45.15	24.522	17.952	44.024	21.55	13.496	42.831	19.296	18.191
452593	SER	 230 	PRO	 186 	GLU	 187 	2	26.7596869135	1	7.84279930892	50.093	27.268	23.039	48.64	25.742	18.949	49.613	26.158	15.29
656214	ASN	 190 	SER	 230 	PRO	 186 	7	74.2154660282	1	7.34575891246	51.351	30.679	16.656	50.093	27.268	23.039	48.64	25.742	18.949
598609	ALA	 231 	SER	 230 	PRO	 186 	2	30.3769820508	1	7.84489885212	51.57	25.795	26.226	50.093	27.268	23.039	48.64	25.742	18.949
569811	VAL	 232 	SER	 230 	PRO	 186 	4	51.2199826213	1	7.81408228777	49.073	22.905	26.217	50.093	27.268	23.039	48.64	25.742	18.949
596958	ALA	 231 	PRO	 186 	LYS	 258 	7	73.3548030724	1	7.9851608625	51.57	25.795	26.226	48.64	25.742	18.949	51.182	20.39	20.361
642680	ASN	 190 	GLU	 192 	GLU	 187 	9	89.8401061793	1	5.51797979337	51.351	30.679	16.656	52.045	28.583	11.599	49.613	26.158	15.29
298585	GLY	 195 	LEU	 196 	LEU	 194 	2	24.6393089716	1	7.1827540679	46.345	21.477	7.996	43.695	18.887	8.801	47.741	24.815	9.085
586515	ALA	 198 	LEU	 194 	GLU	 197 	4	50.373779874	1	7.50194274838	44.024	21.55	13.496	47.741	24.815	9.085	45.505	18.322	12.105
595444	ALA	 198 	ASP	 199 	GLY	 195 	5	55.8291266708	1	8.05323121486	44.024	21.55	13.496	40.512	20.065	13.366	46.345	21.477	7.996
600916	ALA	 198 	TRP	 201 	GLU	 197 	5	53.0117094988	1	6.71850787006	44.024	21.55	13.496	42.831	19.296	18.191	45.505	18.322	12.105
507317	TRP	 201 	MET	 200 	GLU	 197 	6	65.5237126818	1	6.71850787006	42.831	19.296	18.191	41.65	17.044	15.372	45.505	18.322	12.105
629720	ARG	 263 	TRP	 201 	GLU	 197 	9	87.1990743058	1	7.68291565748	48.403	14.149	16.971	42.831	19.296	18.191	45.505	18.322	12.105
601422	ALA	 198 	TRP	 201 	ASP	 199 	7	68.9765642629	1	5.40830352329	44.024	21.55	13.496	42.831	19.296	18.191	40.512	20.065	13.366
507536	TRP	 201 	MET	 200 	ILE	 203 	9	84.0151267009	1	5.32582012464	42.831	19.296	18.191	41.65	17.044	15.372	37.785	17.608	18.421
507390	TRP	 201 	MET	 200 	LEU	 255 	7	75.5135750004	1	6.10755613973	42.831	19.296	18.191	41.65	17.044	15.372	44.415	14.82	20.343
622948	ARG	 263 	MET	 200 	MET	 264 	5	56.3508424671	1	7.51936400236	48.403	14.149	16.971	41.65	17.044	15.372	45.88	11.415	16.1
478948	THR	 265 	MET	 200 	MET	 264 	5	54.3245088735	1	7.07873752868	44.472	11.775	12.576	41.65	17.044	15.372	45.88	11.415	16.1
478732	THR	 265 	MET	 200 	ILE	 266 	5	57.5699616304	1	6.7182634661	44.472	11.775	12.576	41.65	17.044	15.372	40.76	11.374	11.88
572336	VAL	 205 	TRP	 201 	ILE	 203 	9	89.3832301936	1	6.52816375407	38.606	20.16	23.092	42.831	19.296	18.191	37.785	17.608	18.421
503069	TRP	 201 	ILE	 203 	LEU	 255 	6	62.9757768996	1	7.44472484381	42.831	19.296	18.191	37.785	17.608	18.421	44.415	14.82	20.343
633392	ARG	 263 	VAL	 257 	TRP	 201 	9	86.8572795764	1	7.68291565748	48.403	14.149	16.971	49.208	17.305	21.372	42.831	19.296	18.191
475852	THR	 207 	GLY	 204 	ILE	 203 	5	59.9635759909	1	6.0523656532	35.39	15.847	23.693	39.856	16.933	21.529	37.785	17.608	18.421
301178	GLY	 204 	ILE	 252 	PHE	 251 	3	35.5809617064	1	7.79361719614	39.856	16.933	21.529	41.666	13.246	24.545	41.535	9.585	23.511
569812	VAL	 205 	SER	 215 	PRO	 216 	5	59.7608153122	1	7.18590105693	38.606	20.16	23.092	36.623	24.006	28.829	40.255	22.753	29.002
539211	TYR	 208 	PRO	 216 	ILE	 209 	4	51.7182775984	1	7.42780950213	36.792	17.306	26.931	40.255	22.753	29.002	33.772	19.637	27.149
540723	TYR	 208 	SER	 212 	GLY	 213 	4	44.9097113717	1	7.77162280351	36.792	17.306	26.931	33.115	17.41	31.848	31.028	20.479	31.067
541086	TYR	 208 	SER	 215 	SER	 212 	7	71.758468221	1	8.05776898403	36.792	17.306	26.931	36.623	24.006	28.829	33.115	17.41	31.848
541012	TYR	 208 	SER	 215 	PRO	 216 	5	58.4494086367	1	6.96569917524	36.792	17.306	26.931	36.623	24.006	28.829	40.255	22.753	29.002
589465	ALA	 214 	ILE	 209 	LEU	 210 	2	30.7482970735	1	8.08243218345	34.268	22.44	31.402	33.772	19.637	27.149	31.242	16.905	26.349
446907	SER	 212 	GLY	 213 	LEU	 211 	4	48.3883181539	1	6.21399332153	33.115	17.41	31.848	31.028	20.479	31.067	32.519	14.745	29.193
454324	SER	 215 	SER	 212 	GLY	 213 	5	57.034067476	1	8.05776898403	36.623	24.006	28.829	33.115	17.41	31.848	31.028	20.479	31.067
540722	TYR	 240 	SER	 212 	GLY	 213 	3	35.1675555827	1	7.94771734525	34.967	16.526	36.726	33.115	17.41	31.848	31.028	20.479	31.067
598681	ALA	 214 	SER	 212 	SER	 215 	2	32.30226593	1	8.05776898403	34.268	22.44	31.402	33.115	17.41	31.848	36.623	24.006	28.829
540220	TYR	 240 	SER	 212 	PHE	 241 	5	54.4634760384	1	6.58566367195	34.967	16.526	36.726	33.115	17.41	31.848	36.669	13.307	35.577
598321	ALA	 214 	SER	 215 	GLY	 213 	2	31.8896020748	1	6.98229174412	34.268	22.44	31.402	36.623	24.006	28.829	31.028	20.479	31.067
598611	ALA	 214 	SER	 215 	PRO	 216 	4	44.8162840358	1	6.45771925683	34.268	22.44	31.402	36.623	24.006	28.829	40.255	22.753	29.002
452380	SER	 215 	PRO	 216 	PHE	 217 	5	54.9470700212	1	5.91071307035	36.623	24.006	28.829	40.255	22.753	29.002	42.16	25.958	28.145
660531	ASN	 233 	TYR	 234 	PRO	 216 	4	45.246538573	1	7.96943040625	48.082	24.097	29.668	45.238	21.715	30.599	40.255	22.753	29.002
648223	ASN	 228 	GLY	 219 	PHE	 217 	8	81.6197469371	1	7.49185077267	47.139	28.247	27.665	41.227	31.675	30.735	42.16	25.958	28.145
665503	ASN	 233 	ASN	 228 	PHE	 217 	8	78.1813209624	1	6.39162999555	48.082	24.097	29.668	47.139	28.247	27.665	42.16	25.958	28.145
659744	ASN	 228 	TYR	 234 	PHE	 217 	9	87.0124515131	1	7.40872330432	47.139	28.247	27.665	45.238	21.715	30.599	42.16	25.958	28.145
484567	THR	 221 	THR	 225 	GLY	 219 	8	79.275833311	1	6.34512426986	40.808	36.745	28.863	43.224	31.284	26.718	41.227	31.675	30.735
331563	LYS	 222 	GLY	 219 	GLN	 223 	4	47.1794882702	1	7.90854740139	41.36	35.768	25.235	41.227	31.675	30.735	45.108	36.26	25.591
297001	GLY	 219 	GLU	 224 	GLN	 223 	2	32.5230889797	1	7.90854740139	41.227	31.675	30.735	45.176	33.947	28.604	45.108	36.26	25.591
657363	ASN	 228 	THR	 225 	GLY	 219 	4	50.995655087	1	7.49185077267	47.139	28.247	27.665	43.224	31.284	26.718	41.227	31.675	30.735
480313	THR	 221 	ASP	 220 	LYS	 222 	2	30.1003103552	1	7.0265326442	40.808	36.745	28.863	39.703	34.924	32.011	41.36	35.768	25.235
484779	THR	 225 	THR	 221 	ASP	 220 	4	50.90725556	1	7.32549588765	43.224	31.284	26.718	40.808	36.745	28.863	39.703	34.924	32.011
484638	THR	 225 	THR	 221 	LYS	 222 	7	73.6256749367	1	6.34512426986	43.224	31.284	26.718	40.808	36.745	28.863	41.36	35.768	25.235
324363	LYS	 222 	GLN	 292 	GLN	 223 	4	45.4552084728	1	8.02177848111	41.36	35.768	25.235	41.293	36.347	18.535	45.108	36.26	25.591
325802	LYS	 222 	GLU	 294 	GLN	 223 	3	43.6952809854	1	7.87719245671	41.36	35.768	25.235	39.578	41.11	22.772	45.108	36.26	25.591
324220	LYS	 222 	GLN	 292 	PHE	 293 	5	57.083847961	1	6.82466453388	41.36	35.768	25.235	41.293	36.347	18.535	41.71	39.907	19.82
325660	LYS	 222 	GLU	 294 	PHE	 293 	5	55.7582542495	1	6.82466453388	41.36	35.768	25.235	39.578	41.11	22.772	41.71	39.907	19.82
599407	ALA	 227 	THR	 225 	GLN	 223 	8	82.9147422495	1	6.03268936711	48.598	31.356	25.996	43.224	31.284	26.718	45.108	36.26	25.591
180367	GLU	 294 	GLN	 223 	GLN	 292 	8	77.6733409383	1	8.02177848111	39.578	41.11	22.772	45.108	36.26	25.591	41.293	36.347	18.535
180220	GLU	 294 	GLN	 223 	PHE	 293 	5	52.8534643507	1	7.87719245671	39.578	41.11	22.772	45.108	36.26	25.591	41.71	39.907	19.82
663844	ASN	 228 	ALA	 231 	ALA	 227 	5	57.7787536776	1	6.30954871603	47.139	28.247	27.665	51.57	25.795	26.226	48.598	31.356	25.996
663485	ASN	 228 	ALA	 231 	SER	 230 	6	66.7543984188	1	5.5753415142	47.139	28.247	27.665	51.57	25.795	26.226	50.093	27.268	23.039
666365	ASN	 233 	ASN	 228 	SER	 230 	6	62.7289614669	1	7.61859586801	48.082	24.097	29.668	47.139	28.247	27.665	50.093	27.268	23.039
666728	ASN	 228 	ASN	 233 	ALA	 231 	9	88.9746860663	1	5.26467339918	47.139	28.247	27.665	48.082	24.097	29.668	51.57	25.795	26.226
666578	ASN	 228 	ASN	 233 	TYR	 234 	3	37.6821903575	1	7.40872330432	47.139	28.247	27.665	48.082	24.097	29.668	45.238	21.715	30.599
662043	ASN	 233 	VAL	 229 	SER	 230 	4	46.7761813521	1	7.61859586801	48.082	24.097	29.668	46.558	26.617	24.274	50.093	27.268	23.039
663775	ASN	 233 	ALA	 231 	VAL	 229 	8	81.3248453303	1	6.14558475655	48.082	24.097	29.668	51.57	25.795	26.226	46.558	26.617	24.274
663482	ASN	 233 	ALA	 231 	SER	 230 	3	39.4781532967	1	7.61859586801	48.082	24.097	29.668	51.57	25.795	26.226	50.093	27.268	23.039
659953	ASN	 233 	TYR	 234 	GLU	 235 	2	27.5303371455	1	7.15300594156	48.082	24.097	29.668	45.238	21.715	30.599	44.563	18.839	33.005
527257	TYR	 234 	GLU	 235 	PHE	 236 	2	26.9756825689	1	7.17007928826	45.238	21.715	30.599	44.563	18.839	33.005	41.807	16.341	33.879
383259	ASP	 238 	GLU	 237 	PHE	 236 	4	48.7339664871	1	6.20472860003	39.281	15.011	39.388	40.315	17.824	37.055	41.807	16.341	33.879
527259	TYR	 240 	GLU	 237 	PHE	 236 	4	45.2904092474	1	7.41115605017	34.967	16.526	36.726	40.315	17.824	37.055	41.807	16.341	33.879
177341	GLU	 237 	PHE	 241 	PHE	 236 	6	61.3862036186	1	6.20382172536	40.315	17.824	37.055	36.669	13.307	35.577	41.807	16.341	33.879
383477	ASP	 238 	GLU	 239 	GLU	 237 	6	61.8626502594	1	5.46438532682	39.281	15.011	39.388	36.074	16.829	40.354	40.315	17.824	37.055
451153	SER	 242 	ASP	 238 	GLU	 237 	2	29.8461385928	1	7.79419392882	36.768	11.079	38.69	39.281	15.011	39.388	40.315	17.824	37.055
451156	SER	 242 	ASP	 238 	GLU	 239 	5	58.8158048556	1	6.02602953859	36.768	11.079	38.69	39.281	15.011	39.388	36.074	16.829	40.354
541662	TYR	 240 	THR	 244 	PHE	 241 	7	70.0370546614	1	8.09803043956	34.967	16.526	36.726	35.311	9.095	33.526	36.669	13.307	35.577
660605	ASN	 243 	TYR	 240 	SER	 242 	6	63.7970783855	1	7.78821346651	34.139	8.793	37.14	34.967	16.526	36.726	36.768	11.079	38.69
660675	ASN	 243 	TYR	 240 	THR	 244 	4	48.8633872919	1	8.09803043956	34.139	8.793	37.14	34.967	16.526	36.726	35.311	9.095	33.526
656863	ASN	 243 	THR	 244 	PHE	 241 	8	81.4781485728	1	5.40555871303	34.139	8.793	37.14	35.311	9.095	33.526	36.669	13.307	35.577
482617	THR	 244 	SER	 245 	PHE	 241 	2	32.7774720487	1	8.03789114134	35.311	9.095	33.526	37.156	6.112	32.027	36.669	13.307	35.577
657722	ASN	 243 	THR	 244 	SER	 245 	3	42.8268235402	1	6.5140478199	34.139	8.793	37.14	35.311	9.095	33.526	37.156	6.112	32.027
599835	ALA	 248 	THR	 244 	LYS	 249 	4	50.2649647895	1	7.60836802475	38.284	8.422	27.327	35.311	9.095	33.526	41.131	10.455	28.818
605743	ALA	 246 	ALA	 248 	ASP	 250 	8	80.6552158586	1	6.12537419265	40.911	6.104	31.518	38.284	8.422	27.327	43.569	8.562	26.577
510269	TRP	 274 	PRO	 273 	LEU	 247 	6	65.3985740459	1	7.34807212812	37.328	4.138	22.969	39.785	1.653	21.452	40.319	5.245	27.84
600702	ALA	 248 	TRP	 274 	PHE	 251 	7	70.8929766801	1	6.90379765057	38.284	8.422	27.327	37.328	4.138	22.969	41.535	9.585	23.511
635264	ARG	 253 	ARG	 254 	PHE	 251 	9	89.0537653943	1	5.54109501813	45.338	13.099	25.484	46.249	11.914	21.97	41.535	9.585	23.511
501344	TRP	 274 	HIS	 272 	PHE	 251 	9	87.6601628804	1	7.10616788431	37.328	4.138	22.969	40.978	4.243	18.858	41.535	9.585	23.511
635693	ARG	 254 	ARG	 253 	ILE	 252 	6	62.6198071678	1	5.42298238979	46.249	11.914	21.97	45.338	13.099	25.484	41.666	13.246	24.545
635909	ARG	 254 	ARG	 263 	MET	 264 	6	64.6182638801	1	5.90271649328	46.249	11.914	21.97	48.403	14.149	16.971	45.88	11.415	16.1
391034	ASP	 259 	LYS	 262 	LYS	 258 	3	37.79429955	1	7.9527087838	53.119	18.792	17.483	52.14	13.447	16.603	51.182	20.39	20.361
622874	ARG	 263 	MET	 264 	LYS	 262 	3	41.173934744	1	6.60072973239	48.403	14.149	16.971	45.88	11.415	16.1	52.14	13.447	16.603
478730	THR	 265 	MET	 264 	ILE	 266 	3	39.7995714337	1	6.63509464891	44.472	11.775	12.576	45.88	11.415	16.1	40.76	11.374	11.88
478443	THR	 265 	MET	 264 	GLN	 267 	4	48.01394527	1	7.81270830122	44.472	11.775	12.576	45.88	11.415	16.1	41.415	7.78	10.819
480390	THR	 265 	ASP	 268 	MET	 264 	7	68.6200246001	1	5.36312791196	44.472	11.775	12.576	43.318	7.166	14.064	45.88	11.415	16.1
358923	MET	 264 	ILE	 266 	GLN	 267 	4	47.2978140703	1	7.81270830122	45.88	11.415	16.1	40.76	11.374	11.88	41.415	7.78	10.819
392042	ASP	 268 	MET	 264 	GLN	 267 	3	38.3042958639	1	7.81270830122	43.318	7.166	14.064	45.88	11.415	16.1	41.415	7.78	10.819
449645	SER	 269 	MET	 264 	GLN	 267 	6	64.5976335311	1	7.81270830122	40.412	8.515	16.097	45.88	11.415	16.1	41.415	7.78	10.819
451591	SER	 269 	ASP	 268 	MET	 264 	8	76.7477559248	1	6.18942913361	40.412	8.515	16.097	43.318	7.166	14.064	45.88	11.415	16.1
480173	THR	 265 	ASP	 268 	ILE	 266 	6	68.1029054806	1	5.38706636306	44.472	11.775	12.576	43.318	7.166	14.064	40.76	11.374	11.88
479886	THR	 265 	ASP	 268 	GLN	 267 	7	69.1574187787	1	5.32844470742	44.472	11.775	12.576	43.318	7.166	14.064	41.415	7.78	10.819
482768	THR	 265 	SER	 269 	GLN	 267 	9	88.8970161557	1	6.28558994845	44.472	11.775	12.576	40.412	8.515	16.097	41.415	7.78	10.819
381964	ASP	 268 	GLN	 271 	GLN	 267 	5	54.2890539192	1	6.55527589046	43.318	7.166	14.064	40.287	3.113	15.282	41.415	7.78	10.819
209164	LEU	 270 	GLN	 267 	GLN	 271 	5	54.6054723643	1	6.55527589046	38.016	6.06	14.446	41.415	7.78	10.819	40.287	3.113	15.282
451088	SER	 269 	ASP	 268 	GLN	 271 	9	85.8558701659	1	5.46456347753	40.412	8.515	16.097	43.318	7.166	14.064	40.287	3.113	15.282
443885	SER	 269 	HIS	 272 	GLN	 271 	6	67.807510165	1	5.46456347753	40.412	8.515	16.097	40.978	4.243	18.858	40.287	3.113	15.282
415083	PRO	 273 	HIS	 272 	GLN	 271 	4	46.4618742091	1	6.36022829779	39.785	1.653	21.452	40.978	4.243	18.858	40.287	3.113	15.282
510341	TRP	 274 	PRO	 273 	HIS	 272 	6	62.3930212014	1	5.49853125844	37.328	4.138	22.969	39.785	1.653	21.452	40.978	4.243	18.858
503144	TRP	 274 	ILE	 275 	HIS	 272 	9	89.5757715169	1	5.49853125844	37.328	4.138	22.969	35.573	4.607	19.61	40.978	4.243	18.858
506024	TRP	 274 	LYS	 276 	HIS	 272 	9	87.6868558825	1	6.08075760083	37.328	4.138	22.969	36.192	1.384	17.668	40.978	4.243	18.858
510413	TRP	 274 	PRO	 273 	ILE	 275 	6	62.2301009074	1	5.46443263295	37.328	4.138	22.969	39.785	1.653	21.452	35.573	4.607	19.61
510559	TRP	 274 	PRO	 273 	LYS	 276 	8	76.2811120947	1	6.08075760083	37.328	4.138	22.969	39.785	1.653	21.452	36.192	1.384	17.668
424015	PRO	 277 	PRO	 273 	ILE	 275 	8	82.8316588915	1	7.94968483652	33.077	-0.826	17.98	39.785	1.653	21.452	35.573	4.607	19.61
424158	PRO	 273 	PRO	 277 	LYS	 276 	7	69.6584769657	1	7.94968483652	39.785	1.653	21.452	33.077	-0.826	17.98	36.192	1.384	17.668
419691	PRO	 277 	LYS	 276 	ILE	 275 	4	49.3310949683	1	6.19712877065	33.077	-0.826	17.98	36.192	1.384	17.668	35.573	4.607	19.61
412204	PRO	 291 	GLU	 294 	GLN	 292 	5	59.797267808	1	7.61863990486	38.321	37.23	16.337	39.578	41.11	22.772	41.293	36.347	18.535
