652683	ASN	  46 	ASP	  45 	GLN	  47 	4	44.6515722635	1	6.44019642558	21.183	11.715	59.508	20.734	9.398	62.511	18.983	10.871	56.491
659884	ASN	  46 	TYR	  49 	GLN	  47 	5	56.070423127	1	7.45746505188	21.183	11.715	59.508	25.428	10.511	53.496	18.983	10.871	56.491
540217	TYR	  49 	SER	  50 	PHE	  48 	2	28.8606453621	1	7.06252794685	25.428	10.511	53.496	28.367	11.639	51.362	21.856	11.617	54.098
541660	TYR	  49 	THR	  59 	PHE	  48 	5	57.7648548846	1	6.28005525453	25.428	10.511	53.496	25.327	13.719	49.305	21.856	11.617	54.098
540219	TYR	  49 	SER	  50 	PHE	  58 	4	45.9704149392	1	8.05631987945	25.428	10.511	53.496	28.367	11.639	51.362	27.495	13.287	46.221
541657	TYR	  49 	THR	  59 	PHE	  58 	2	33.2159125794	1	8.05631987945	25.428	10.511	53.496	25.327	13.719	49.305	27.495	13.287	46.221
571324	VAL	  51 	THR	  57 	SER	  50 	5	57.8612238807	1	6.41631334958	30.545	9.752	48.911	30.915	14.902	46.46	28.367	11.639	51.362
571323	VAL	  60 	THR	  59 	SER	  50 	4	50.7511967746	1	6.51687563177	22.375	11.409	48.81	25.327	13.719	49.305	28.367	11.639	51.362
571399	VAL	  51 	THR	  59 	THR	  57 	8	83.0328703816	1	6.56657056613	30.545	9.752	48.911	25.327	13.719	49.305	30.915	14.902	46.46
562034	VAL	  53 	GLY	  54 	GLU	  52 	3	42.5409865728	1	6.50650097979	32.247	10.372	42.955	34.744	11.328	40.25	33.193	11.105	46.565
483337	THR	  57 	SER	  56 	ASP	  55 	2	31.6304388245	1	6.95186917311	30.915	14.902	46.46	32.614	15.877	43.22	35.81	14.75	41.526
482618	THR	  57 	SER	  56 	PHE	  58 	3	42.6761270462	1	6.47443140361	30.915	14.902	46.46	32.614	15.877	43.22	27.495	13.287	46.221
570745	VAL	  60 	THR	  59 	LEU	  61 	2	28.0653386514	1	7.07726112278	22.375	11.409	48.81	25.327	13.719	49.305	19.632	9.833	50.903
631517	ARG	  63 	TYR	  64 	LYS	  62 	6	64.6761475199	1	5.33863231549	18.244	4.538	50.48	20.562	5.23	47.532	20.605	6.595	52.693
534603	TYR	  64 	LYS	  62 	GLN	  65 	4	49.7180476477	1	6.96442632239	20.562	5.23	47.532	20.605	6.595	52.693	23.421	2.722	47.636
631083	ARG	  63 	TYR	  64 	GLN	  65 	4	49.2855821861	1	6.17960524629	18.244	4.538	50.48	20.562	5.23	47.532	23.421	2.722	47.636
632021	ARG	  63 	TYR	  82 	TYR	  64 	6	67.9534557154	1	7.74695049681	18.244	4.538	50.48	20.585	0.998	43.999	20.562	5.23	47.532
544686	TYR	  82 	TYR	  64 	GLN	  65 	7	75.0668803931	1	5.51293406454	20.585	0.998	43.999	20.562	5.23	47.532	23.421	2.722	47.636
537484	TYR	  64 	ASP	  83 	GLN	  65 	5	54.9277302056	1	6.31749871389	20.562	5.23	47.532	17.416	2.079	45.782	23.421	2.722	47.636
602284	ALA	  84 	TYR	  64 	GLN	  65 	5	53.0325199764	1	7.21941292627	16.896	-0.115	48.859	20.562	5.23	47.532	23.421	2.722	47.636
660823	ASN	  66 	TYR	  64 	TYR	  82 	8	82.0138407279	1	7.02027819962	26.573	2.171	45.584	20.562	5.23	47.532	20.585	0.998	43.999
603222	ALA	  81 	TYR	  64 	TYR	  82 	7	68.751915139	1	5.99472084421	22.567	3.643	42.11	20.562	5.23	47.532	20.585	0.998	43.999
545263	TYR	  64 	TYR	  82 	ASP	  83 	8	76.6263093518	1	5.51293406454	20.562	5.23	47.532	20.585	0.998	43.999	17.416	2.079	45.782
659886	ASN	  66 	TYR	  82 	GLN	  65 	7	75.279688304	1	6.30430789223	26.573	2.171	45.584	20.585	0.998	43.999	23.421	2.722	47.636
602287	ALA	  81 	TYR	  82 	GLN	  65 	8	77.9975372161	1	5.66694212076	22.567	3.643	42.11	20.585	0.998	43.999	23.421	2.722	47.636
419546	PRO	  69 	LYS	  68 	LEU	  67 	3	41.5495369389	1	6.54786881359	29.356	7.521	37.603	28.675	4.531	39.871	27.036	5.116	43.234
413574	PRO	  69 	LEU	  67 	CYS	  79 	7	73.1801373207	1	6.54786881359	29.356	7.521	37.603	27.036	5.116	43.234	25.325	8.446	38.833
602426	ALA	  81 	TYR	  82 	LEU	  67 	3	40.0031588813	1	7.6914595494	22.567	3.643	42.11	20.585	0.998	43.999	27.036	5.116	43.234
419691	PRO	  69 	LYS	  68 	ILE	  70 	4	50.8532303507	1	6.09835158055	29.356	7.521	37.603	28.675	4.531	39.871	27.491	6.837	34.351
419334	PRO	  69 	LYS	  68 	CYS	  79 	7	74.4271113007	1	5.25615534398	29.356	7.521	37.603	28.675	4.531	39.871	25.325	8.446	38.833
596958	ALA	  80 	PRO	  69 	LYS	  68 	7	72.8904161184	1	6.31579567434	23.661	5.032	38.726	29.356	7.521	37.603	28.675	4.531	39.871
592135	ALA	  81 	LYS	  68 	CYS	  79 	8	77.5963909891	1	6.56576949032	22.567	3.643	42.11	28.675	4.531	39.871	25.325	8.446	38.833
416454	PRO	  69 	ILE	  70 	CYS	  79 	7	74.8204617495	1	5.23151612824	29.356	7.521	37.603	27.491	6.837	34.351	25.325	8.446	38.833
452885	SER	  72 	PRO	  69 	GLY	  71 	6	63.2659533132	1	8.03886440985	28.073	13.905	32.889	29.356	7.521	37.603	27.071	10.251	32.757
417893	PRO	  69 	GLY	  71 	CYS	  79 	6	64.0025916234	1	6.57452028668	29.356	7.521	37.603	27.071	10.251	32.757	25.325	8.446	38.833
416453	PRO	  69 	ILE	  77 	CYS	  79 	6	65.7455458235	1	7.63080893484	29.356	7.521	37.603	26.776	14.675	36.976	25.325	8.446	38.833
567655	VAL	  78 	PRO	  69 	CYS	  79 	8	82.7555403254	1	6.19122395008	24.713	11.502	36.641	29.356	7.521	37.603	25.325	8.446	38.833
596455	ALA	  80 	PRO	  69 	CYS	  79 	8	82.5207850915	1	6.31579567434	23.661	5.032	38.726	29.356	7.521	37.603	25.325	8.446	38.833
447048	SER	  72 	GLY	  71 	ILE	  70 	1	23.1783399019	1	7.24104909526	28.073	13.905	32.889	27.071	10.251	32.757	27.491	6.837	34.351
301253	GLY	  71 	ILE	  70 	CYS	  79 	6	68.2332060879	1	6.57452028668	27.071	10.251	32.757	27.491	6.837	34.351	25.325	8.446	38.833
447121	SER	  72 	GLY	  71 	GLY	  73 	2	31.3500933674	1	6.9476495306	28.073	13.905	32.889	27.071	10.251	32.757	26.662	17.038	31.329
561891	VAL	  78 	GLY	  71 	CYS	  79 	4	50.8345336631	1	6.57452028668	24.713	11.502	36.641	27.071	10.251	32.757	25.325	8.446	38.833
569522	VAL	  78 	SER	  72 	GLY	  73 	3	38.4403072294	1	7.91601168519	24.713	11.502	36.641	28.073	13.905	32.889	26.662	17.038	31.329
302765	GLY	  73 	GLY	  76 	GLN	  75 	6	66.05266183	1	5.64063826176	26.662	17.038	31.329	25.078	18.009	36.361	24.082	21.058	34.329
590768	ALA	  74 	GLY	  76 	GLN	  75 	9	89.5790086078	1	5.77436100361	26.622	20.806	31.551	25.078	18.009	36.361	24.082	21.058	34.329
301320	GLY	  76 	ILE	  77 	GLN	  75 	1	16.2795163814	1	7.41666596255	25.078	18.009	36.361	26.776	14.675	36.976	24.082	21.058	34.329
331561	LYS	  94 	GLY	  76 	GLN	  75 	2	30.3022288925	1	8.09860049638	23.122	16.201	40.738	25.078	18.009	36.361	24.082	21.058	34.329
413646	PRO	  98 	LEU	  95 	GLN	  75 	7	74.0946605367	1	7.31530320629	21.236	25.325	39.545	22.341	19.808	39.832	24.082	21.058	34.329
415088	PRO	  98 	HIS	 104 	GLN	  75 	9	84.4242540403	1	7.31530320629	21.236	25.325	39.545	20.649	26.939	34.204	24.082	21.058	34.329
560450	VAL	  78 	ILE	  77 	CYS	  79 	3	39.3428843968	1	6.659901726	24.713	11.502	36.641	26.776	14.675	36.976	25.325	8.446	38.833
603656	ALA	  80 	VAL	  78 	CYS	  79 	9	89.7423356846	1	6.87857754191	23.661	5.032	38.726	24.713	11.502	36.641	25.325	8.446	38.833
563331	VAL	  78 	LYS	  93 	CYS	  79 	4	51.6981621855	1	6.2392615749	24.713	11.502	36.641	21.589	13.438	38.608	25.325	8.446	38.833
605091	ALA	  81 	ALA	  80 	CYS	  79 	4	44.2158519744	1	6.43537893212	22.567	3.643	42.11	23.661	5.032	38.726	25.325	8.446	38.833
605095	ALA	  81 	ALA	  91 	CYS	  79 	8	81.8347185927	1	6.43537893212	22.567	3.643	42.11	19.837	7.141	38.087	25.325	8.446	38.833
606096	ALA	  80 	ALA	  81 	TYR	  82 	1	21.9089653662	1	7.31706642036	23.661	5.032	38.726	22.567	3.643	42.11	20.585	0.998	43.999
606247	ALA	  81 	ALA	  91 	ALA	  80 	8	81.663333421	1	5.98944346329	22.567	3.643	42.11	19.837	7.141	38.087	23.661	5.032	38.726
663704	ASN	  89 	ALA	  81 	TYR	  82 	9	83.4924064502	1	5.53303695993	18.286	0.567	40.429	22.567	3.643	42.11	20.585	0.998	43.999
660461	ASN	  89 	TYR	  82 	ASP	  83 	6	61.8978034982	1	5.63006687349	18.286	0.567	40.429	20.585	0.998	43.999	17.416	2.079	45.782
631659	ARG	  88 	TYR	  82 	ASP	  87 	4	48.0499990465	1	7.38072984196	15.584	-1.486	42.094	20.585	0.998	43.999	14.274	-2.516	45.515
660464	ASN	  89 	TYR	  82 	ASP	  87 	9	87.0512288462	1	7.38072984196	18.286	0.567	40.429	20.585	0.998	43.999	14.274	-2.516	45.515
653264	ASN	  89 	ASP	  87 	ASP	  83 	9	89.4511651093	1	7.17415005419	18.286	0.567	40.429	14.274	-2.516	45.515	17.416	2.079	45.782
664777	ASN	  89 	ARG	  88 	ASP	  87 	2	25.5487854446	1	7.17415005419	18.286	0.567	40.429	15.584	-1.486	42.094	14.274	-2.516	45.515
665210	ASN	  89 	ARG	  88 	VAL	  90 	3	38.6131949604	1	6.67159913364	18.286	0.567	40.429	15.584	-1.486	42.094	17.911	4.273	39.659
333290	LYS	  94 	LYS	  93 	ILE	  92 	3	41.9708607313	1	6.53520236871	23.122	16.201	40.738	21.589	13.438	38.608	20.665	10.162	40.288
333146	LYS	  93 	LYS	  94 	LEU	  95 	3	42.1759118656	1	6.52997549766	21.589	13.438	38.608	23.122	16.201	40.738	22.341	19.808	39.832
535039	TYR	 143 	LYS	  93 	LYS	  94 	8	77.2868474767	1	5.70324442752	19.065	15.724	43.183	21.589	13.438	38.608	23.122	16.201	40.738
627412	ARG	  97 	SER	  96 	PRO	  98 	5	58.4185086267	1	5.74084471136	23.963	25.176	42.279	25.208	21.65	41.462	21.236	25.325	39.545
451083	SER	  96 	ASP	 141 	GLN	 140 	4	48.5508961491	1	6.87506901784	25.208	21.65	41.462	22.078	21.392	45.349	22.851	24.62	47.197
625322	ARG	  97 	PRO	  98 	GLN	 140 	3	42.5964176057	1	7.85228336218	23.963	25.176	42.279	21.236	25.325	39.545	22.851	24.62	47.197
653982	ASN	 101 	PRO	  98 	PHE	  99 	7	70.3804158869	1	7.20032145116	22.549	31.681	36.427	21.236	25.325	39.545	20.27	28.91	40.438
415086	PRO	  98 	HIS	 104 	GLN	 100 	7	71.2519555345	1	7.18587739946	21.236	25.325	39.545	20.649	26.939	34.204	23.764	30.267	39.759
596526	ALA	 105 	PRO	  98 	GLN	 100 	7	72.9054645205	1	6.98368634748	17.919	28.194	36.548	21.236	25.325	39.545	23.764	30.267	39.759
663414	ASN	 101 	ALA	 105 	PRO	  98 	7	68.7894912612	1	7.20032145116	22.549	31.681	36.427	17.919	28.194	36.548	21.236	25.325	39.545
605815	ALA	 108 	ALA	 105 	PRO	  98 	8	77.301727015	1	6.3472971413	16.291	23.241	36.155	17.919	28.194	36.548	21.236	25.325	39.545
645343	ASN	 101 	HIS	 104 	PHE	  99 	8	76.3217747429	1	6.54914024892	22.549	31.681	36.427	20.649	26.939	34.204	20.27	28.91	40.438
497023	TRP	 390 	GLN	 102 	PHE	  99 	8	80.5468558339	1	7.63110149323	15.083	31.452	41.002	19.24	32.358	34.667	20.27	28.91	40.438
600703	ALA	 105 	TRP	 390 	PHE	  99 	8	76.121148045	1	6.20448031667	17.919	28.194	36.548	15.083	31.452	41.002	20.27	28.91	40.438
502784	TRP	 390 	ILE	 387 	PHE	  99 	9	87.2865232245	1	5.80386328233	15.083	31.452	41.002	19.305	34.404	40.657	20.27	28.91	40.438
498462	TRP	 390 	GLU	 388 	PHE	  99 	7	73.9737601554	1	7.12991128977	15.083	31.452	41.002	17.917	34.509	44.173	20.27	28.91	40.438
505663	TRP	 390 	LYS	 391 	PHE	  99 	8	81.0514765525	1	5.80386328233	15.083	31.452	41.002	16.618	29.821	44.089	20.27	28.91	40.438
502782	TRP	 390 	ILE	 394 	PHE	  99 	7	68.729499295	1	7.77491208954	15.083	31.452	41.002	13.453	25.947	42.718	20.27	28.91	40.438
641161	ASN	 101 	GLN	 100 	GLN	 102 	2	28.0465238839	1	7.12511901655	22.549	31.681	36.427	23.764	30.267	39.759	19.24	32.358	34.667
645483	ASN	 101 	HIS	 104 	GLN	 100 	4	48.5870064083	1	7.18587739946	22.549	31.681	36.427	20.649	26.939	34.204	23.764	30.267	39.759
662763	ASN	 101 	ALA	 105 	GLN	 100 	4	52.2508098423	1	6.98368634748	22.549	31.681	36.427	17.919	28.194	36.548	23.764	30.267	39.759
237966	HIS	 104 	GLN	 100 	GLN	 102 	7	75.389664139	1	7.18587739946	20.649	26.939	34.204	23.764	30.267	39.759	19.24	32.358	34.667
583565	ALA	 105 	GLN	 100 	GLN	 102 	6	65.9199397163	1	7.12511901655	17.919	28.194	36.548	23.764	30.267	39.759	19.24	32.358	34.667
266767	ILE	 387 	GLN	 102 	GLN	 100 	8	79.8753461024	1	7.12511901655	19.305	34.404	40.657	19.24	32.358	34.667	23.764	30.267	39.759
587888	ALA	 105 	HIS	 104 	GLN	 100 	9	86.795251865	1	7.18587739946	17.919	28.194	36.548	20.649	26.939	34.204	23.764	30.267	39.759
645485	ASN	 101 	HIS	 104 	GLN	 102 	6	66.8800646426	1	5.61829253421	22.549	31.681	36.427	20.649	26.939	34.204	19.24	32.358	34.667
646924	ASN	 101 	ILE	 387 	GLN	 102 	5	60.0203119692	1	6.33012172079	22.549	31.681	36.427	19.305	34.404	40.657	19.24	32.358	34.667
657221	ASN	 101 	THR	 103 	HIS	 104 	6	67.4352113623	1	5.61772640843	22.549	31.681	36.427	19.837	29.822	31.872	20.649	26.939	34.204
662981	ASN	 101 	ALA	 105 	HIS	 104 	6	67.9694146924	1	5.79747445014	22.549	31.681	36.427	17.919	28.194	36.548	20.649	26.939	34.204
472684	THR	 103 	HIS	 104 	GLN	 102 	5	59.520363805	1	5.61829253421	19.837	29.822	31.872	20.649	26.939	34.204	19.24	32.358	34.667
599407	ALA	 105 	THR	 103 	GLN	 102 	8	77.203090722	1	5.3098101661	17.919	28.194	36.548	19.837	29.822	31.872	19.24	32.358	34.667
587887	ALA	 105 	HIS	 104 	GLN	 102 	8	75.9283515905	1	5.61829253421	17.919	28.194	36.548	20.649	26.939	34.204	19.24	32.358	34.667
328688	LYS	 106 	HIS	 104 	GLN	 102 	9	88.6042550135	1	5.74111931595	15.213	28.339	33.898	20.649	26.939	34.204	19.24	32.358	34.667
600844	ALA	 105 	TRP	 390 	GLN	 102 	5	58.8023810716	1	7.63110149323	17.919	28.194	36.548	15.083	31.452	41.002	19.24	32.358	34.667
469807	THR	 386 	GLU	 384 	GLN	 102 	8	80.5475569491	1	8.02585752428	16.971	37.079	39.276	12.257	36.2	33.723	19.24	32.358	34.667
472688	THR	 386 	HIS	 385 	GLN	 102 	9	85.8322797895	1	7.24166976601	16.971	37.079	39.276	13.792	36.349	37.281	19.24	32.358	34.667
271087	ILE	 387 	HIS	 385 	GLN	 102 	8	81.0222996927	1	7.24166976601	19.305	34.404	40.657	13.792	36.349	37.281	19.24	32.358	34.667
501488	TRP	 390 	HIS	 385 	GLN	 102 	9	86.1248199458	1	7.63110149323	15.083	31.452	41.002	13.792	36.349	37.281	19.24	32.358	34.667
474127	THR	 386 	ILE	 387 	GLN	 102 	8	79.844371611	1	6.97703970176	16.971	37.079	39.276	19.305	34.404	40.657	19.24	32.358	34.667
513008	TRP	 390 	THR	 386 	GLN	 102 	9	83.3438602119	1	7.63110149323	15.083	31.452	41.002	16.971	37.079	39.276	19.24	32.358	34.667
477221	THR	 103 	LYS	 106 	HIS	 104 	6	65.9005288536	1	5.62171966573	19.837	29.822	31.872	15.213	28.339	33.898	20.649	26.939	34.204
482619	THR	 103 	SER	 217 	PHE	 218 	4	47.048387686	1	7.58430201139	19.837	29.822	31.872	21.47	32.955	26.905	25.073	33.652	27.943
483271	THR	 103 	SER	 217 	MET	 219 	8	78.923783285	1	7.53470868714	19.837	29.822	31.872	21.47	32.955	26.905	26.952	30.813	29.599
478299	THR	 103 	MET	 219 	PHE	 218 	4	52.0923832641	1	7.58430201139	19.837	29.822	31.872	26.952	30.813	29.599	25.073	33.652	27.943
605381	ALA	 108 	ALA	 105 	HIS	 104 	6	60.9585538492	1	6.03935170362	16.291	23.241	36.155	17.919	28.194	36.548	20.649	26.939	34.204
621223	ARG	 107 	LYS	 106 	HIS	 104 	8	80.1734951453	1	5.62171966573	16.321	24.886	32.716	15.213	28.339	33.898	20.649	26.939	34.204
601275	ALA	 105 	TRP	 390 	LYS	 106 	4	45.3368872579	1	7.75722147421	17.919	28.194	36.548	15.083	31.452	41.002	15.213	28.339	33.898
606101	ALA	 105 	ALA	 108 	TYR	 109 	6	60.8300806066	1	6.03196866703	17.919	28.194	36.548	16.291	23.241	36.155	12.98	24.789	37.178
601275	ALA	 105 	TRP	 390 	LYS	 391 	4	44.9961822573	1	7.82345262656	17.919	28.194	36.548	15.083	31.452	41.002	16.618	29.821	44.089
635837	ARG	 110 	ARG	 107 	LYS	 106 	6	61.5644284839	1	6.01824667158	11.267	23.795	33.919	16.321	24.886	32.716	15.213	28.339	33.898
543536	TYR	 109 	TRP	 390 	ILE	 394 	9	86.8755938818	1	7.964995543	12.98	24.789	37.178	15.083	31.452	41.002	13.453	25.947	42.718
564775	VAL	 113 	MET	 115 	CYS	 117 	8	82.4140581707	1	6.51975129894	7.925	20.978	36.814	9.099	15.664	34.783	3.356	16.588	35.278
361732	MET	 115 	LYS	 116 	CYS	 117 	5	55.2786857454	1	5.83788060858	9.099	15.664	34.783	6.355	15.685	37.418	3.356	16.588	35.278
450075	SER	 125 	MET	 115 	LYS	 116 	4	48.0152118463	1	7.39739102657	9.956	9.813	34.721	9.099	15.664	34.783	6.355	15.685	37.418
651176	ASN	 119 	MET	 115 	CYS	 117 	9	85.8551788328	1	7.79013311825	3.322	11.138	32.17	9.099	15.664	34.783	3.356	16.588	35.278
661828	ASN	 119 	VAL	 118 	MET	 115 	5	56.1207820463	1	7.79013311825	3.322	11.138	32.17	4.173	14.826	31.968	9.099	15.664	34.783
656070	ASN	 119 	SER	 125 	MET	 115 	7	72.4823051766	1	7.79013311825	3.322	11.138	32.17	9.956	9.813	34.721	9.099	15.664	34.783
649733	ASN	 119 	LYS	 116 	CYS	 117 	6	62.2759691442	1	7.57732155844	3.322	11.138	32.17	6.355	15.685	37.418	3.356	16.588	35.278
661251	ASN	 119 	VAL	 118 	CYS	 117 	4	47.8778108191	1	6.2740194453	3.322	11.138	32.17	4.173	14.826	31.968	3.356	16.588	35.278
567652	VAL	 118 	PRO	 373 	CYS	 117 	5	56.6771122969	1	6.93808028204	4.173	14.826	31.968	-2.146	17.415	31.133	3.356	16.588	35.278
121278	CYS	 117 	CYS	 251 	CYS	 154 	4	48.6324710027	4	28.6156326856	3.356	16.588	35.278	19.273	13.892	11.651	25.132	7.773	20.878
661539	ASN	 119 	VAL	 118 	HIS	 120 	4	44.0748374911	1	6.4426194207	3.322	11.138	32.17	4.173	14.826	31.968	4.396	9.026	29.172
655779	ASN	 119 	SER	 125 	HIS	 120 	4	49.0210667678	1	7.89457851947	3.322	11.138	32.17	9.956	9.813	34.721	4.396	9.026	29.172
448419	SER	 125 	LYS	 121 	HIS	 120 	4	51.0498433893	1	8.07403034426	9.956	9.813	34.721	6.377	5.803	28.696	4.396	9.026	29.172
331780	LYS	 121 	GLY	 176 	HIS	 120 	5	57.7741825055	1	7.58535628695	6.377	5.803	28.696	7.102	10.892	23.118	4.396	9.026	29.172
300101	GLY	 176 	HIS	 120 	HIS	 179 	6	66.6071675082	1	7.28552359134	7.102	10.892	23.118	4.396	9.026	29.172	2.938	13.553	23.653
650162	ASN	 122 	LYS	 121 	GLY	 176 	3	43.5506232876	1	7.58535628695	8.737	7.477	26.214	6.377	5.803	28.696	7.102	10.892	23.118
650234	ASN	 122 	LYS	 204 	LYS	 121 	3	36.8777793142	1	7.06192650769	8.737	7.477	26.214	12.912	7.469	26.601	6.377	5.803	28.696
333295	LYS	 121 	LYS	 204 	ILE	 123 	8	80.996088021	1	7.06192650769	6.377	5.803	28.696	12.912	7.469	26.601	9.57	10.487	28.399
333368	LYS	 204 	LYS	 121 	GLY	 176 	9	89.9946533216	1	7.5897508523	12.912	7.469	26.601	6.377	5.803	28.696	7.102	10.892	23.118
651245	ASN	 122 	MET	 173 	GLN	 172 	6	63.2026138355	1	6.98351408676	8.737	7.477	26.214	10.862	9.057	19.752	9.208	5.692	20.334
641093	ASN	 122 	GLN	 172 	CYS	 175 	6	67.6610182897	1	6.74433755086	8.737	7.477	26.214	9.208	5.692	20.334	5.617	8.76	20.374
651174	ASN	 122 	MET	 173 	CYS	 175 	7	75.3875359124	1	6.98351408676	8.737	7.477	26.214	10.862	9.057	19.752	5.617	8.76	20.374
651535	ASN	 122 	MET	 173 	ILE	 205 	8	79.7672184449	1	7.24292185516	8.737	7.477	26.214	10.862	9.057	19.752	13.699	11.165	26.074
648291	ASN	 122 	GLY	 176 	CYS	 175 	4	49.2930774111	1	6.74433755086	8.737	7.477	26.214	7.102	10.892	23.118	5.617	8.76	20.374
445466	SER	 125 	ILE	 124 	LEU	 126 	3	36.240699891	1	6.76578768511	9.956	9.813	34.721	11.838	9.915	31.425	11.045	11.4	37.978
449716	SER	 125 	MET	 146 	GLU	 147 	5	55.0435498318	1	6.75341550625	9.956	9.813	34.721	14.935	8.729	37.716	14.568	5.184	36.427
661465	ASN	 128 	VAL	 129 	LEU	 127 	2	26.8803584427	1	7.15904972744	12.157	11.287	43.784	13.491	14.823	44.332	10.904	9.055	40.972
557786	VAL	 145 	LEU	 127 	LEU	 144 	3	36.9704977457	1	7.9923011705	16.206	10.575	40.79	10.904	9.055	40.972	16.923	14.286	40.438
661178	ASN	 128 	VAL	 129 	PHE	 130 	3	35.8305592377	1	6.78284696864	12.157	11.287	43.784	13.491	14.823	44.332	15.62	16.017	47.196
662332	ASN	 128 	VAL	 145 	VAL	 129 	5	58.8432924851	1	6.16137103249	12.157	11.287	43.784	16.206	10.575	40.79	13.491	14.823	44.332
661827	ASN	 128 	VAL	 145 	MET	 146 	4	45.4624504048	1	7.14711634157	12.157	11.287	43.784	16.206	10.575	40.79	14.935	8.729	37.716
481178	THR	 131 	PRO	 132 	PHE	 130 	3	37.1150992038	1	6.7372643558	18.164	18.416	48.634	20.531	17.63	51.517	15.62	16.017	47.196
541662	TYR	 143 	THR	 131 	PHE	 130 	7	70.9565661864	1	6.145898307	19.065	15.724	43.183	18.164	18.416	48.634	15.62	16.017	47.196
481183	THR	 131 	PRO	 132 	PHE	 139 	8	81.0780890373	1	8.05010496826	18.164	18.416	48.634	20.531	17.63	51.517	20.241	25.499	49.844
481901	THR	 131 	PRO	 132 	ASP	 141 	6	66.2865415863	1	7.38850979562	18.164	18.416	48.634	20.531	17.63	51.517	22.078	21.392	45.349
571249	VAL	 142 	THR	 131 	PRO	 132 	2	30.478357476	1	8.03092921149	19.171	19.462	43.817	18.164	18.416	48.634	20.531	17.63	51.517
468366	THR	 131 	GLN	 140 	GLN	 133 	7	75.2709932101	1	7.90712046196	18.164	18.416	48.634	22.851	24.62	47.197	20.27	21.252	52.749
479885	THR	 131 	ASP	 141 	GLN	 133 	6	65.7772741066	1	7.61895425895	18.164	18.416	48.634	22.078	21.392	45.349	20.27	21.252	52.749
479743	THR	 131 	ASP	 141 	PHE	 139 	8	77.9963640633	1	7.47976724237	18.164	18.416	48.634	22.078	21.392	45.349	20.241	25.499	49.844
479882	THR	 131 	ASP	 141 	GLN	 140 	3	41.8034181032	1	7.90712046196	18.164	18.416	48.634	22.078	21.392	45.349	22.851	24.62	47.197
542383	TYR	 143 	THR	 131 	ASP	 141 	8	80.8504451381	1	6.77465489896	19.065	15.724	43.183	18.164	18.416	48.634	22.078	21.392	45.349
410618	PRO	 132 	GLN	 133 	PHE	 139 	3	39.5356853127	1	8.05010496826	20.531	17.63	51.517	20.27	21.252	52.749	20.241	25.499	49.844
419263	PRO	 132 	LYS	 134 	PHE	 139 	8	80.3397102157	1	8.05010496826	20.531	17.63	51.517	17.69	22.054	55.443	20.241	25.499	49.844
477004	THR	 135 	LYS	 134 	GLN	 133 	5	53.7717036175	1	5.93611480684	16.903	25.699	54.78	17.69	22.054	55.443	20.27	21.252	52.749
324220	LYS	 134 	GLN	 133 	PHE	 139 	5	58.7666561011	1	7.05155493491	17.69	22.054	55.443	20.27	21.252	52.749	20.241	25.499	49.844
468223	THR	 135 	GLN	 133 	PHE	 139 	8	80.7106354483	1	5.9620751421	16.903	25.699	54.78	20.27	21.252	52.749	20.241	25.499	49.844
180367	GLU	 138 	GLN	 140 	GLN	 133 	8	77.3202602025	1	6.98782433952	21.73	26.823	53.102	22.851	24.62	47.197	20.27	21.252	52.749
381964	ASP	 141 	GLN	 133 	GLN	 140 	5	56.8734435557	1	7.61895425895	22.078	21.392	45.349	20.27	21.252	52.749	22.851	24.62	47.197
477145	THR	 135 	LYS	 134 	LEU	 136 	2	27.2598125978	1	7.11563082235	16.903	25.699	54.78	17.69	22.054	55.443	16.449	28.065	51.843
325660	LYS	 134 	GLU	 138 	PHE	 139 	5	54.9836076908	1	7.05155493491	17.69	22.054	55.443	21.73	26.823	53.102	20.241	25.499	49.844
381819	ASP	 141 	GLN	 140 	PHE	 139 	4	45.923336467	1	6.35979897481	22.078	21.392	45.349	22.851	24.62	47.197	20.241	25.499	49.844
121244	CYS	 283 	CYS	 201 	PHE	 139 	6	65.4009858031	8	53.3794541561	13.387	26.558	-3.083	15.018	-1.691	22.957	20.241	25.499	49.844
566281	VAL	 142 	ASP	 141 	GLN	 140 	2	25.9707817862	1	7.18134834136	19.171	19.462	43.817	22.078	21.392	45.349	22.851	24.62	47.197
574058	VAL	 142 	TYR	 143 	ASP	 141 	3	36.6334168839	1	6.77465489896	19.171	19.462	43.817	19.065	15.724	43.183	22.078	21.392	45.349
564986	VAL	 145 	MET	 146 	LEU	 144 	3	42.5454860013	1	6.4993597377	16.206	10.575	40.79	14.935	8.729	37.716	16.923	14.286	40.438
392186	ASP	 150 	MET	 149 	LEU	 148 	3	37.6682643612	1	6.69035985579	21.277	1.223	30.048	18.345	3.081	31.516	17.842	3.734	35.211
595588	ALA	 151 	ASP	 150 	MET	 149 	5	53.2049304749	1	5.92254176853	22.696	3.701	27.546	21.277	1.223	30.048	18.345	3.081	31.516
663336	ASN	 152 	ALA	 151 	ASP	 150 	1	15.3881299794	1	7.45012825393	22.69	6.682	25.179	22.696	3.701	27.546	21.277	1.223	30.048
662905	ASN	 152 	ALA	 151 	LEU	 153 	2	34.1274596279	1	6.86541892385	22.69	6.682	25.179	22.696	3.701	27.546	21.471	6.907	21.6
663775	ASN	 152 	ALA	 151 	VAL	 197 	8	78.60864454	1	6.15808387406	22.69	6.682	25.179	22.696	3.701	27.546	17.566	3.317	25.765
603724	ALA	 151 	VAL	 156 	GLN	 155 	5	59.5692779528	1	7.83852492501	22.696	3.701	27.546	23.323	2.789	19.786	26.109	4.24	21.904
665787	ASN	 194 	ASN	 152 	LEU	 153 	4	50.4124071557	1	7.70179946506	19.474	13.152	25.641	22.69	6.682	25.179	21.471	6.907	21.6
641094	ASN	 152 	GLN	 155 	CYS	 154 	7	73.1277299339	1	5.32715214725	22.69	6.682	25.179	26.109	4.24	21.904	25.132	7.773	20.878
661256	ASN	 152 	VAL	 156 	CYS	 154 	9	86.0721040053	1	6.68136116372	22.69	6.682	25.179	23.323	2.789	19.786	25.132	7.773	20.878
654056	ASN	 152 	PRO	 192 	CYS	 154 	9	86.7604125376	1	6.59306673711	22.69	6.682	25.179	21.266	11.47	20.876	25.132	7.773	20.878
655495	ASN	 152 	SER	 193 	CYS	 154 	8	78.1006027101	1	6.08367824593	22.69	6.682	25.179	22.904	12.359	24.197	25.132	7.773	20.878
656212	ASN	 152 	SER	 193 	PRO	 192 	5	56.4920468368	1	6.59306673711	22.69	6.682	25.179	22.904	12.359	24.197	21.266	11.47	20.876
666295	ASN	 152 	ASN	 194 	PRO	 192 	8	77.7998194828	1	7.23995856342	22.69	6.682	25.179	19.474	13.152	25.641	21.266	11.47	20.876
666365	ASN	 152 	ASN	 194 	SER	 193 	6	66.7641208281	1	7.23995856342	22.69	6.682	25.179	19.474	13.152	25.641	22.904	12.359	24.197
413573	PRO	 192 	LEU	 153 	CYS	 154 	6	68.1136681998	1	5.34918395646	21.266	11.47	20.876	21.471	6.907	21.6	25.132	7.773	20.878
554693	VAL	 156 	GLN	 155 	CYS	 154 	6	62.839727621	1	5.41342784195	23.323	2.789	19.786	26.109	4.24	21.904	25.132	7.773	20.878
151492	GLN	 158 	GLN	 155 	CYS	 154 	5	53.8869039297	1	6.64477674569	27.905	3.146	16.998	26.109	4.24	21.904	25.132	7.773	20.878
266693	ILE	 157 	GLN	 158 	CYS	 154 	6	63.6884776669	1	6.64477674569	24.523	4.875	16.803	27.905	3.146	16.998	25.132	7.773	20.878
452455	SER	 193 	PRO	 192 	CYS	 154 	8	78.2640478339	1	6.08367824593	22.904	12.359	24.197	21.266	11.47	20.876	25.132	7.773	20.878
564843	VAL	 156 	MET	 159 	GLN	 155 	4	46.9885368503	1	7.26848491778	23.323	2.789	19.786	26.266	-0.18	16.136	26.109	4.24	21.904
353166	MET	 159 	GLN	 155 	GLN	 158 	7	70.3960383852	1	7.26848491778	26.266	-0.18	16.136	26.109	4.24	21.904	27.905	3.146	16.998
564846	VAL	 156 	MET	 159 	GLN	 158 	7	69.73750985	1	5.54965854806	23.323	2.789	19.786	26.266	-0.18	16.136	27.905	3.146	16.998
564914	VAL	 156 	MET	 159 	GLU	 160 	3	35.8452129882	1	8.08723685816	23.323	2.789	19.786	26.266	-0.18	16.136	24.473	-1.741	13.186
358921	MET	 256 	ILE	 157 	GLN	 158 	2	31.6596422837	1	7.7737429852	21.761	5.684	12.968	24.523	4.875	16.803	27.905	3.146	16.998
271085	ILE	 157 	HIS	 259 	GLN	 158 	6	62.2020684713	1	6.0957494207	24.523	4.875	16.803	27.133	5.937	11.634	27.905	3.146	16.998
358994	MET	 159 	ILE	 157 	GLU	 160 	3	42.1352352227	1	7.54033454165	26.266	-0.18	16.136	24.523	4.875	16.803	24.473	-1.741	13.186
359142	MET	 159 	ILE	 157 	HIS	 259 	7	69.4247414649	1	7.64443470768	26.266	-0.18	16.136	24.523	4.875	16.803	27.133	5.937	11.634
358995	MET	 256 	ILE	 157 	GLU	 255 	4	50.2040360996	1	6.66253375226	21.761	5.684	12.968	24.523	4.875	16.803	23.157	9.025	11.773
565130	VAL	 257 	MET	 256 	ILE	 157 	3	35.7213191139	1	7.8463750229	22.179	4.628	9.319	21.761	5.684	12.968	24.523	4.875	16.803
359144	MET	 256 	ILE	 157 	HIS	 259 	9	85.3921279675	1	5.88714744167	21.761	5.684	12.968	24.523	4.875	16.803	27.133	5.937	11.634
354601	MET	 159 	GLU	 160 	GLN	 158 	2	28.4428732902	1	7.08468326744	26.266	-0.18	16.136	24.473	-1.741	13.186	27.905	3.146	16.998
363243	MET	 256 	MET	 159 	GLN	 158 	4	51.7885246003	1	8.04473399187	21.761	5.684	12.968	26.266	-0.18	16.136	27.905	3.146	16.998
357485	MET	 159 	HIS	 259 	GLN	 158 	6	63.6654242491	1	7.64443470768	26.266	-0.18	16.136	27.133	5.937	11.634	27.905	3.146	16.998
357486	MET	 256 	HIS	 259 	GLN	 158 	7	70.9186362302	1	7.7737429852	21.761	5.684	12.968	27.133	5.937	11.634	27.905	3.146	16.998
363315	MET	 256 	MET	 159 	GLU	 160 	4	50.6339131302	1	8.04473399187	21.761	5.684	12.968	26.266	-0.18	16.136	24.473	-1.741	13.186
363462	MET	 159 	MET	 256 	HIS	 259 	7	71.159794701	1	8.04473399187	26.266	-0.18	16.136	21.761	5.684	12.968	27.133	5.937	11.634
386426	ASP	 162 	HIS	 163 	LEU	 161 	3	40.7040249525	1	6.59230650076	18.274	-4.099	12.226	15.129	-2.631	10.649	20.769	-1.827	13.966
384915	ASP	 162 	LEU	 161 	GLU	 164 	4	44.7482772901	1	8.05642160019	18.274	-4.099	12.226	20.769	-1.827	13.966	13.013	-3.96	13.518
386357	ASP	 162 	HIS	 163 	GLU	 164 	6	62.8552838839	1	5.41910564577	18.274	-4.099	12.226	15.129	-2.631	10.649	13.013	-3.96	13.518
392262	ASP	 162 	MET	 166 	HIS	 163 	7	72.940547147	1	6.11238382303	18.274	-4.099	12.226	15.598	1.007	14.258	15.129	-2.631	10.649
422499	PRO	 319 	ASP	 162 	HIS	 163 	4	49.2812756983	1	7.86187668435	20.78	-4.321	5.451	18.274	-4.099	12.226	15.129	-2.631	10.649
624389	ARG	 165 	ASP	 162 	MET	 166 	6	61.1535805621	1	6.11238382303	14.885	-2.127	16.271	18.274	-4.099	12.226	15.598	1.007	14.258
357557	MET	 166 	HIS	 163 	GLU	 164 	6	65.4518518694	1	5.64808941147	15.598	1.007	14.258	15.129	-2.631	10.649	13.013	-3.96	13.518
622663	ARG	 165 	MET	 166 	HIS	 163 	8	81.8921241616	1	5.64981734218	14.885	-2.127	16.271	15.598	1.007	14.258	15.129	-2.631	10.649
449863	SER	 167 	MET	 166 	HIS	 163 	8	77.0550447983	1	5.95096076277	11.932	1.56	13.411	15.598	1.007	14.258	15.129	-2.631	10.649
622516	ARG	 165 	MET	 166 	GLU	 164 	5	58.592731503	1	5.64808941147	14.885	-2.127	16.271	15.598	1.007	14.258	13.013	-3.96	13.518
627272	ARG	 165 	SER	 167 	MET	 166 	9	89.7945470789	1	5.52211716645	14.885	-2.127	16.271	11.932	1.56	13.411	15.598	1.007	14.258
631015	ARG	 165 	TYR	 168 	CYS	 201 	8	78.1791279881	1	7.65974059613	14.885	-2.127	16.271	10.879	0.772	17.001	15.018	-1.691	22.957
540869	TYR	 168 	SER	 167 	MET	 166 	6	62.141285905	1	5.46335382343	10.879	0.772	17.001	11.932	1.56	13.411	15.598	1.007	14.258
363749	MET	 166 	MET	 253 	MET	 256 	6	62.5258946175	1	8.06185549362	15.598	1.007	14.258	17.883	8.367	11.891	21.761	5.684	12.968
545405	TYR	 171 	TYR	 168 	SER	 167 	6	62.6223215313	1	5.80521394955	8.559	5.012	16.637	10.879	0.772	17.001	11.932	1.56	13.411
544684	TYR	 168 	TYR	 171 	GLN	 172 	5	57.5309620171	1	6.17312967627	10.879	0.772	17.001	8.559	5.012	16.637	9.208	5.692	20.334
545552	TYR	 171 	TYR	 168 	TRP	 362 	9	87.9319372261	1	7.22945053237	8.559	5.012	16.637	10.879	0.772	17.001	4.054	-0.579	15.794
525894	TYR	 171 	GLN	 172 	CYS	 175 	7	68.3091430014	1	6.05541385869	8.559	5.012	16.637	9.208	5.692	20.334	5.617	8.76	20.374
660173	ASN	 360 	TYR	 171 	ILE	 359 	6	66.8957011735	1	7.75630330763	3.235	2.341	11.669	8.559	5.012	16.637	6.948	3.241	11.492
660750	ASN	 360 	TYR	 171 	TRP	 362 	7	69.9821008842	1	7.75630330763	3.235	2.341	11.669	8.559	5.012	16.637	4.054	-0.579	15.794
660820	ASN	 360 	TYR	 171 	TYR	 363 	5	60.1186373271	1	8.06286326313	3.235	2.341	11.669	8.559	5.012	16.637	1.151	1.892	16.007
545548	TYR	 171 	TYR	 363 	TRP	 362 	5	55.6945774786	1	8.06286326313	8.559	5.012	16.637	1.151	1.892	16.007	4.054	-0.579	15.794
353095	MET	 173 	GLN	 172 	CYS	 175 	8	80.7693615771	1	5.29009621841	10.862	9.057	19.752	9.208	5.692	20.334	5.617	8.76	20.374
361803	MET	 173 	LYS	 204 	GLN	 172 	4	52.3723288177	1	7.49350612197	10.862	9.057	19.752	12.912	7.469	26.601	9.208	5.692	20.334
295495	GLY	 176 	GLN	 172 	CYS	 175 	8	77.2380536136	1	6.26305771968	7.102	10.892	23.118	9.208	5.692	20.334	5.617	8.76	20.374
564987	VAL	 249 	MET	 173 	LEU	 174 	4	49.2622661052	1	7.97513366659	14.562	12.896	14.275	10.862	9.057	19.752	7.891	10.15	17.675
358856	MET	 173 	ILE	 177 	CYS	 175 	9	86.6803202198	1	6.02090690843	10.862	9.057	19.752	7.562	13.959	20.906	5.617	8.76	20.374
301252	GLY	 176 	ILE	 177 	CYS	 175 	5	59.5708970066	1	5.57634737082	7.102	10.892	23.118	7.562	13.959	20.906	5.617	8.76	20.374
299812	GLY	 176 	HIS	 179 	CYS	 175 	5	54.5777464394	1	6.39544611423	7.102	10.892	23.118	2.938	13.553	23.653	5.617	8.76	20.374
328614	LYS	 178 	HIS	 179 	CYS	 175 	7	71.172330118	1	6.39544611423	3.893	13.684	19.974	2.938	13.553	23.653	5.617	8.76	20.374
271304	ILE	 177 	HIS	 181 	HIS	 179 	9	89.856055793	1	6.09493634093	7.562	13.959	20.906	3.486	18.451	21.503	2.938	13.553	23.653
328902	LYS	 178 	HIS	 181 	HIS	 179 	7	68.4284088924	1	5.37710033382	3.893	13.684	19.974	3.486	18.451	21.503	2.938	13.553	23.653
242432	HIS	 181 	HIS	 179 	LEU	 180 	9	89.8605196508	1	5.37710033382	3.486	18.451	21.503	2.938	13.553	23.653	5.11	16.579	24.398
415227	PRO	 372 	HIS	 179 	LEU	 180 	4	46.2756065282	1	7.91145953665	-1.846	15.269	27.932	2.938	13.553	23.653	5.11	16.579	24.398
444102	SER	 182 	HIS	 179 	HIS	 181 	7	68.6142961123	1	5.37710033382	0.011	17.827	22.85	2.938	13.553	23.653	3.486	18.451	21.503
559155	VAL	 368 	HIS	 179 	GLU	 369 	4	52.4611667649	1	7.49523241801	0.417	7.5	20.268	2.938	13.553	23.653	-2.76	9.244	21.385
587955	ALA	 370 	HIS	 179 	GLU	 369 	4	50.8601416963	1	7.49523241801	-2.191	9.287	25.129	2.938	13.553	23.653	-2.76	9.244	21.385
415159	PRO	 371 	HIS	 179 	GLU	 369 	8	81.3752579685	1	7.80732053908	-3.881	12.075	27.156	2.938	13.553	23.653	-2.76	9.244	21.385
423942	PRO	 371 	PRO	 372 	HIS	 179 	7	71.9019109251	1	7.80732053908	-3.881	12.075	27.156	-1.846	15.269	27.932	2.938	13.553	23.653
598181	ALA	 183 	SER	 182 	HIS	 181 	6	64.3099145418	1	5.30586722412	1.149	19.244	26.2	0.011	17.827	22.85	3.486	18.451	21.503
272743	ILE	 186 	ILE	 185 	HIS	 181 	8	80.1133525958	1	5.60118960579	7.987	21.783	21.393	6.007	21.414	24.624	3.486	18.451	21.503
447051	SER	 182 	GLY	 184 	ILE	 185 	4	47.192510506	1	7.20872117646	0.011	17.827	22.85	2.371	22.451	24.572	6.007	21.414	24.624
270939	ILE	 186 	HIS	 187 	PHE	 208 	4	49.8416936055	1	8.05515151937	7.987	21.783	21.393	11.448	20.499	22.186	12.335	19.062	27.604
301179	GLY	 209 	ILE	 186 	PHE	 208 	4	47.7750634325	1	8.05515151937	14.309	21.19	25.171	7.987	21.783	21.393	12.335	19.062	27.604
389382	ASP	 189 	GLY	 209 	HIS	 187 	7	72.6695055899	1	5.48292349026	16.779	20.432	20.906	14.309	21.19	25.171	11.448	20.499	22.186
635981	ARG	 230 	ARG	 188 	ASP	 189 	6	62.2658148232	1	6.66587773665	18.762	21.782	15.145	13.625	21.911	19.391	16.779	20.432	20.906
636483	ARG	 188 	ARG	 230 	ALA	 231 	4	50.3921251479	1	7.52996985386	13.625	21.911	19.391	18.762	21.782	15.145	16.271	22.63	12.378
452815	SER	 193 	PRO	 192 	ILE	 195 	8	82.5130274117	1	5.69949629353	22.904	12.359	24.197	21.266	11.47	20.876	17.701	10.044	24.429
569811	VAL	 196 	SER	 193 	PRO	 192 	4	49.896001686	1	7.9024698038	18.174	6.951	26.574	22.904	12.359	24.197	21.266	11.47	20.876
661973	ASN	 194 	VAL	 196 	PRO	 192 	6	63.670232874	1	7.9024698038	19.474	13.152	25.641	18.174	6.951	26.574	21.266	11.47	20.876
662043	ASN	 194 	VAL	 196 	SER	 193 	4	48.6316067203	1	7.56766099928	19.474	13.152	25.641	18.174	6.951	26.574	22.904	12.359	24.197
575209	VAL	 197 	VAL	 196 	ILE	 195 	2	33.8500711169	1	6.85971209308	17.566	3.317	25.765	18.174	6.951	26.574	17.701	10.044	24.429
575353	VAL	 196 	VAL	 197 	LYS	 198 	2	29.069794913	1	7.05748000351	18.174	6.951	26.574	17.566	3.317	25.765	17.274	0.041	27.692
570532	VAL	 197 	THR	 202 	CYS	 201 	5	59.6594214192	1	6.28149918411	17.566	3.317	25.765	12.728	0.545	25.043	15.018	-1.691	22.957
390533	ASP	 200 	LYS	 198 	CYS	 201 	6	68.0330909263	1	5.58000080645	15.007	-4.551	25.476	17.274	0.041	27.692	15.018	-1.691	22.957
476933	THR	 202 	LYS	 198 	CYS	 201 	6	67.5133037704	1	5.52354822555	12.728	0.545	25.043	17.274	0.041	27.692	15.018	-1.691	22.957
482694	THR	 202 	SER	 199 	CYS	 201 	7	70.9544950724	1	7.1580658002	12.728	0.545	25.043	18.489	-3.407	26.602	15.018	-1.691	22.957
479816	THR	 202 	ASP	 200 	CYS	 201 	9	89.9072272574	1	5.59915582923	12.728	0.545	25.043	15.007	-4.551	25.476	15.018	-1.691	22.957
471171	THR	 202 	LEU	 203 	CYS	 201 	4	44.7095887829	1	6.42460162189	12.728	0.545	25.043	13.334	4.284	24.612	15.018	-1.691	22.957
330265	LYS	 204 	ILE	 205 	LEU	 203 	2	29.4150567815	1	7.04406345798	12.912	7.469	26.601	13.699	11.165	26.074	13.334	4.284	24.612
384697	ASP	 207 	LEU	 206 	PHE	 208 	2	29.1997498875	1	7.10632415529	15.133	16.682	28.666	15.612	12.895	28.919	12.335	19.062	27.604
298297	GLY	 209 	LEU	 210 	PHE	 208 	2	32.3462433922	1	6.92961196605	14.309	21.19	25.171	14.452	24.945	24.616	12.335	19.062	27.604
449504	SER	 217 	MET	 219 	PHE	 218 	9	89.5742416483	1	6.47287602229	21.47	32.955	26.905	26.952	30.813	29.599	25.073	33.652	27.943
363098	MET	 220 	MET	 219 	PHE	 218 	3	39.05302238	1	6.63848687579	30.481	31.19	30.903	26.952	30.813	29.599	25.073	33.652	27.943
478952	THR	 221 	MET	 219 	MET	 220 	9	89.9669190978	1	5.59149899401	31.283	27.495	30.823	26.952	30.813	29.599	30.481	31.19	30.903
481825	THR	 221 	PRO	 222 	MET	 220 	2	26.0265229271	1	7.15820410438	31.283	27.495	30.823	34.163	25.101	30.124	30.481	31.19	30.903
574129	VAL	 224 	TYR	 223 	PRO	 222 	2	23.538742671	1	7.28589342497	30.262	22.86	24.393	31.898	23.04	27.841	34.163	25.101	30.124
575857	VAL	 225 	VAL	 224 	TYR	 223 	2	29.7815986086	1	7.06068452772	26.714	22.959	23.048	30.262	22.86	24.393	31.898	23.04	27.841
575714	VAL	 224 	VAL	 225 	THR	 226 	3	40.291405245	1	6.62231545609	30.262	22.86	24.393	26.714	22.959	23.048	25.569	20.518	20.35
631875	ARG	 227 	TYR	 229 	THR	 226 	4	43.9895845389	1	7.56434061898	23.909	22.24	17.398	20.411	18.377	15.248	25.569	20.518	20.35
545477	TYR	 229 	TYR	 228 	THR	 226 	6	61.8683830931	1	7.56434061898	20.411	18.377	15.248	24.079	19.388	14.841	25.569	20.518	20.35
544612	TYR	 228 	TYR	 229 	CYS	 251 	5	55.5670187448	1	7.96741815145	24.079	19.388	14.841	20.411	18.377	15.248	19.273	13.892	11.651
544540	TYR	 229 	TYR	 228 	PHE	 263 	5	57.1612083919	1	7.84859547945	20.411	18.377	15.248	24.079	19.388	14.841	25.59	18.104	9.357
524382	TYR	 228 	CYS	 251 	PHE	 263 	7	71.4193721276	1	7.96741815145	24.079	19.388	14.841	19.273	13.892	11.651	25.59	18.104	9.357
539283	TYR	 228 	PRO	 264 	GLY	 265 	4	46.2068323719	1	7.41631323502	24.079	19.388	14.841	28.645	18.905	11.554	30.248	22.338	11.97
533165	TYR	 228 	GLY	 265 	GLN	 271 	6	62.915856224	1	7.41631323502	24.079	19.388	14.841	30.248	22.338	11.97	26.645	23.759	9.651
634898	ARG	 230 	ALA	 231 	TYR	 229 	3	40.5194001566	1	6.59276186435	18.762	21.782	15.145	16.271	22.63	12.378	20.411	18.377	15.248
631952	ARG	 230 	TYR	 229 	TRP	 247 	9	89.0275058518	1	7.30803632996	18.762	21.782	15.145	20.411	18.377	15.248	14.206	17.488	11.491
543176	TYR	 229 	TRP	 247 	CYS	 251 	9	86.4603168576	1	7.30803632996	20.411	18.377	15.248	14.206	17.488	11.491	19.273	13.892	11.651
540295	TYR	 229 	SER	 248 	CYS	 251 	8	78.4570038278	1	5.86077452219	20.411	18.377	15.248	16.104	16.393	14.592	19.273	13.892	11.651
531653	TYR	 229 	ILE	 252 	CYS	 251 	6	65.6251933624	1	7.46254949732	20.411	18.377	15.248	19.273	11.077	14.197	19.273	13.892	11.651
634610	ARG	 230 	ALA	 231 	PRO	 232 	3	38.6060873482	1	6.75530798706	18.762	21.782	15.145	16.271	22.63	12.378	16.851	25.418	9.782
634829	ARG	 230 	ALA	 231 	TRP	 247 	6	63.6034243639	1	7.24895082064	18.762	21.782	15.145	16.271	22.63	12.378	14.206	17.488	11.491
632594	ARG	 230 	VAL	 234 	GLU	 233 	3	41.5619027954	1	8.08462107956	18.762	21.782	15.145	16.43	27.448	14.531	14.089	27.302	11.532
418038	PRO	 232 	GLY	 237 	GLU	 233 	7	69.6068518185	1	7.49234415921	16.851	25.418	9.782	15.929	31.937	13.358	14.089	27.302	11.532
420918	PRO	 232 	MET	 238 	GLU	 233 	7	72.6400223027	1	7.83667467744	16.851	25.418	9.782	12.588	31.744	11.577	14.089	27.302	11.532
510413	TRP	 272 	PRO	 232 	ILE	 235 	6	64.1294303125	1	7.93390609977	24.331	25.397	7.137	16.851	25.418	9.782	19.815	27.771	12.787
421204	PRO	 232 	MET	 238 	GLY	 237 	5	53.3484557759	1	7.83667467744	16.851	25.418	9.782	12.588	31.744	11.577	15.929	31.937	13.358
573843	VAL	 234 	TYR	 240 	GLY	 239 	4	51.8391100242	1	7.72292703578	16.43	27.448	14.531	8.722	27.241	14.098	9.666	30.858	13.755
360507	MET	 238 	GLY	 237 	LEU	 236 	4	52.4661070124	1	6.02252853875	12.588	31.744	11.577	15.929	31.937	13.358	18.463	30.691	10.773
360723	MET	 238 	GLY	 237 	GLY	 239 	4	44.1075379783	1	6.36765412063	12.588	31.744	11.577	15.929	31.937	13.358	9.666	30.858	13.755
536408	TYR	 240 	MET	 238 	GLY	 239 	9	89.9884275154	1	6.44813197756	8.722	27.241	14.098	12.588	31.744	11.577	9.666	30.858	13.755
361808	MET	 238 	LYS	 289 	GLN	 291 	9	85.6190247139	1	7.50183937445	12.588	31.744	11.577	10.16	33.593	4.724	14.454	37.724	7.923
356043	MET	 238 	LEU	 290 	GLN	 291 	4	51.3334035007	1	7.25217705244	12.588	31.744	11.577	13.6	34.461	6.112	14.454	37.724	7.923
534961	TYR	 240 	LYS	 241 	GLY	 239 	2	23.3943168234	1	7.1880635779	8.722	27.241	14.098	5.846	24.815	14.502	9.666	30.858	13.755
534673	TYR	 240 	LYS	 241 	GLU	 242 	2	29.2041545433	1	7.06610224947	8.722	27.241	14.098	5.846	24.815	14.502	5.393	21.203	15.644
659956	ASN	 243 	TYR	 240 	GLU	 242 	5	56.8562461332	1	7.87637238835	7.438	19.572	12.843	8.722	27.241	14.098	5.393	21.203	15.644
660535	ASN	 243 	TYR	 240 	PRO	 344 	8	81.0058366774	1	7.93248681058	7.438	19.572	12.843	8.722	27.241	14.098	9.001	23.266	7.239
655634	ASN	 243 	SER	 349 	GLU	 242 	3	42.9427926821	1	7.45981320141	7.438	19.572	12.843	4.439	15.999	10.385	5.393	21.203	15.644
662189	ASN	 243 	VAL	 244 	TRP	 247 	6	66.2873946634	1	7.20949263125	7.438	19.572	12.843	10.678	21.311	13.889	14.206	17.488	11.491
659024	ASN	 243 	TRP	 247 	ASP	 245 	9	89.2680207799	1	7.20949263125	7.438	19.572	12.843	14.206	17.488	11.491	11.394	18.128	15.892
658734	ASN	 243 	TRP	 247 	ILE	 246 	7	73.0797416662	1	7.20949263125	7.438	19.572	12.843	14.206	17.488	11.491	10.979	16.008	12.792
665071	ASN	 243 	ARG	 347 	TRP	 247 	8	81.8485646145	1	8.09557916396	7.438	19.572	12.843	8.498	18.765	5.894	14.206	17.488	11.491
664853	ASN	 243 	ARG	 347 	PRO	 344 	6	67.9533557403	1	7.07555298192	7.438	19.572	12.843	8.498	18.765	5.894	9.001	23.266	7.239
664492	ASN	 243 	ARG	 347 	ILE	 348 	5	57.6068921195	1	7.07555298192	7.438	19.572	12.843	8.498	18.765	5.894	6.481	15.793	7.197
572763	VAL	 244 	TRP	 247 	SER	 248 	4	47.2732225407	1	7.35679339115	10.678	21.311	13.889	14.206	17.488	11.491	16.104	16.393	14.592
572623	VAL	 249 	TRP	 247 	ASP	 245 	8	77.2002501876	1	6.32651064964	14.562	12.896	14.275	14.206	17.488	11.491	11.394	18.128	15.892
507533	TRP	 247 	MET	 339 	ILE	 246 	6	64.6948609296	1	5.77349114488	14.206	17.488	11.491	12.147	14.332	7.392	10.979	16.008	12.792
503067	TRP	 247 	ILE	 246 	LEU	 340 	4	52.2087238488	1	7.98487720632	14.206	17.488	11.491	10.979	16.008	12.792	15.337	15.908	6.102
629931	ARG	 347 	TRP	 247 	ILE	 246 	4	51.154216212	1	8.09557916396	8.498	18.765	5.894	14.206	17.488	11.491	10.979	16.008	12.792
359066	MET	 339 	ILE	 246 	LEU	 340 	3	39.3438656799	1	7.98487720632	12.147	14.332	7.392	10.979	16.008	12.792	15.337	15.908	6.102
511494	TRP	 247 	SER	 248 	CYS	 251 	7	70.1940537621	1	6.21540867522	14.206	17.488	11.491	16.104	16.393	14.592	19.273	13.892	11.651
571975	VAL	 249 	TRP	 247 	CYS	 251 	8	81.163805398	1	6.21540867522	14.562	12.896	14.275	14.206	17.488	11.491	19.273	13.892	11.651
572549	VAL	 249 	TRP	 247 	MET	 339 	6	67.9280100931	1	7.43438027007	14.562	12.896	14.275	14.206	17.488	11.491	12.147	14.332	7.392
507608	TRP	 247 	MET	 339 	GLY	 250 	9	88.6396725052	1	5.56790966162	14.206	17.488	11.491	12.147	14.332	7.392	15.775	12.782	10.677
630152	ARG	 347 	TRP	 247 	MET	 339 	9	86.3988964271	1	8.09557916396	8.498	18.765	5.894	14.206	17.488	11.491	12.147	14.332	7.392
633391	ARG	 347 	VAL	 341 	TRP	 247 	8	82.756175358	1	8.09557916396	8.498	18.765	5.894	13.504	18.612	4.147	14.206	17.488	11.491
515363	TRP	 362 	TRP	 390 	TRP	 247 	6	65.4212501115	7	42.2263787934	4.054	-0.579	15.794	15.083	31.452	41.002	14.206	17.488	11.491
360293	MET	 253 	GLY	 250 	CYS	 251 	6	64.3138984575	1	5.7022210585	17.883	8.367	11.891	15.775	12.782	10.677	19.273	13.892	11.651
302694	GLY	 254 	GLY	 250 	CYS	 251 	7	72.4427027976	1	5.85435957215	20.376	9.453	9.255	15.775	12.782	10.677	19.273	13.892	11.651
360725	MET	 253 	GLY	 250 	GLY	 254 	6	62.1303811002	1	5.85435957215	17.883	8.367	11.891	15.775	12.782	10.677	20.376	9.453	9.255
358852	MET	 253 	ILE	 252 	CYS	 251 	5	57.855510878	1	5.7022210585	17.883	8.367	11.891	19.273	11.077	14.197	19.273	13.892	11.651
268132	ILE	 252 	GLU	 255 	CYS	 251 	5	57.3058471292	1	6.22800361272	19.273	11.077	14.197	23.157	9.025	11.773	19.273	13.892	11.651
360295	MET	 253 	GLY	 254 	CYS	 251 	8	81.3249712736	1	5.7022210585	17.883	8.367	11.891	20.376	9.453	9.255	19.273	13.892	11.651
354536	MET	 253 	GLU	 255 	CYS	 251 	9	83.6160382977	1	6.22800361272	17.883	8.367	11.891	23.157	9.025	11.773	19.273	13.892	11.651
207579	LEU	 262 	CYS	 251 	PHE	 263 	4	45.2853987107	1	7.93144810233	25.186	14.291	9.186	19.273	13.892	11.651	25.59	18.104	9.357
363532	MET	 256 	MET	 253 	ILE	 252 	5	59.0333759208	1	6.06506669378	21.761	5.684	12.968	17.883	8.367	11.891	19.273	11.077	14.197
363605	MET	 256 	MET	 253 	GLY	 254 	6	66.5277639273	1	5.46899945145	21.761	5.684	12.968	17.883	8.367	11.891	20.376	9.453	9.255
565351	VAL	 257 	MET	 253 	MET	 256 	8	76.5651972298	1	6.24907361134	22.179	4.628	9.319	17.883	8.367	11.891	21.761	5.684	12.968
299958	GLY	 254 	HIS	 259 	GLU	 255 	7	69.2858276347	1	7.97990889672	20.376	9.453	9.255	27.133	5.937	11.634	23.157	9.025	11.773
360581	MET	 256 	GLY	 254 	HIS	 259 	6	61.3577525101	1	7.97990889672	21.761	5.684	12.968	20.376	9.453	9.255	27.133	5.937	11.634
619778	ARG	 258 	GLY	 254 	HIS	 259 	3	41.5721868687	1	7.97990889672	25.355	6.452	8.246	20.376	9.453	9.255	27.133	5.937	11.634
622519	ARG	 258 	MET	 256 	GLU	 255 	8	75.9202884981	1	5.98363969504	25.355	6.452	8.246	21.761	5.684	12.968	23.157	9.025	11.773
357558	MET	 256 	HIS	 259 	GLU	 255 	7	73.7584497454	1	5.54093394655	21.761	5.684	12.968	27.133	5.937	11.634	23.157	9.025	11.773
633028	ARG	 258 	VAL	 257 	MET	 256 	5	53.2937343963	1	5.98363969504	25.355	6.452	8.246	22.179	4.628	9.319	21.761	5.684	12.968
565064	VAL	 257 	MET	 256 	HIS	 259 	9	88.7401203293	1	5.6227059322	22.179	4.628	9.319	21.761	5.684	12.968	27.133	5.937	11.634
622662	ARG	 258 	MET	 256 	HIS	 259 	7	69.1712163077	1	5.98363969504	25.355	6.452	8.246	21.761	5.684	12.968	27.133	5.937	11.634
362021	MET	 256 	LYS	 260 	HIS	 259 	6	66.8546436483	1	7.89264144631	21.761	5.684	12.968	28.55	9.446	11.536	27.133	5.937	11.634
621224	ARG	 258 	LYS	 260 	HIS	 259 	9	88.918764373	1	5.47687511269	25.355	6.452	8.246	28.55	9.446	11.536	27.133	5.937	11.634
330337	LYS	 260 	ILE	 261 	HIS	 259 	2	29.3663154998	1	7.05192009314	28.55	9.446	11.536	27.219	12.971	12.129	27.133	5.937	11.634
417818	PRO	 264 	GLY	 265 	PHE	 263 	3	36.8830114293	1	6.8155329212	28.645	18.905	11.554	30.248	22.338	11.97	25.59	18.104	9.357
497020	TRP	 272 	GLN	 271 	PHE	 263 	5	57.7092161598	1	7.72666357492	24.331	25.397	7.137	26.645	23.759	9.651	25.59	18.104	9.357
505660	TRP	 272 	LYS	 274 	PHE	 263 	5	58.9533929838	1	7.72666357492	24.331	25.397	7.137	26.742	21.078	5.275	25.59	18.104	9.357
571901	VAL	 275 	TRP	 272 	PHE	 263 	6	67.9861682212	1	7.72666357492	22.947	21.242	4.973	24.331	25.397	7.137	25.59	18.104	9.357
419763	PRO	 264 	LYS	 274 	GLY	 265 	4	49.8910157813	1	7.6617661802	28.645	18.905	11.554	26.742	21.078	5.275	30.248	22.338	11.97
625903	ARG	 266 	PRO	 264 	ASP	 270 	8	76.7175739328	1	7.41906119398	32.098	24.801	14.207	28.645	18.905	11.554	29.758	25.683	8.75
422285	PRO	 264 	ASP	 270 	GLN	 271 	6	67.5243420995	1	7.41906119398	28.645	18.905	11.554	29.758	25.683	8.75	26.645	23.759	9.651
619563	ARG	 266 	GLY	 265 	GLN	 271 	4	43.9357431414	1	7.18179009718	32.098	24.801	14.207	30.248	22.338	11.97	26.645	23.759	9.651
533451	TYR	 268 	GLY	 265 	ILE	 269 	4	51.0811676476	1	7.54959694288	25.938	27.718	12.303	30.248	22.338	11.97	27.866	28.961	9.239
533168	TYR	 268 	GLY	 265 	GLN	 271 	9	86.3073537213	1	6.9015497535	25.938	27.718	12.303	30.248	22.338	11.97	26.645	23.759	9.651
389449	ASP	 270 	GLY	 265 	ILE	 269 	2	34.3247249938	1	7.54959694288	29.758	25.683	8.75	30.248	22.338	11.97	27.866	28.961	9.239
389167	ASP	 270 	GLY	 265 	GLN	 271 	8	78.8705273492	1	4.66878196107	29.758	25.683	8.75	30.248	22.338	11.97	26.645	23.759	9.651
631371	ARG	 266 	TYR	 268 	ILE	 269 	4	50.0436315253	1	7.73927955303	32.098	24.801	14.207	25.938	27.718	12.303	27.866	28.961	9.239
631085	ARG	 266 	TYR	 268 	GLN	 271 	6	66.3340822523	1	7.18179009718	32.098	24.801	14.207	25.938	27.718	12.303	26.645	23.759	9.651
623883	ARG	 266 	ASP	 270 	GLN	 271 	4	50.4565216709	1	7.18179009718	32.098	24.801	14.207	29.758	25.683	8.75	26.645	23.759	9.651
393484	ASP	 267 	ASP	 270 	GLN	 271 	5	58.8483001611	1	6.22808710601	29.383	27.423	13.878	29.758	25.683	8.75	26.645	23.759	9.651
537487	TYR	 268 	ASP	 270 	GLN	 271 	8	75.9248599329	1	5.59977088817	25.938	27.718	12.303	29.758	25.683	8.75	26.645	23.759	9.651
543824	TYR	 268 	TRP	 272 	ASP	 270 	9	89.1654422649	1	5.88702352637	25.938	27.718	12.303	24.331	25.397	7.137	29.758	25.683	8.75
543247	TYR	 268 	TRP	 272 	GLN	 271 	8	76.372119162	1	5.88702352637	25.938	27.718	12.303	24.331	25.397	7.137	26.645	23.759	9.651
508974	TRP	 272 	ASP	 270 	ILE	 269 	7	69.2956052769	1	5.6688529704	24.331	25.397	7.137	29.758	25.683	8.75	27.866	28.961	9.239
658735	ASN	 273 	TRP	 272 	ILE	 269 	8	76.4910687483	1	6.29159669718	27.119	24.787	4.591	24.331	25.397	7.137	27.866	28.961	9.239
508688	TRP	 272 	ASP	 270 	GLN	 271 	9	89.7351504248	1	5.6688529704	24.331	25.397	7.137	29.758	25.683	8.75	26.645	23.759	9.651
659023	ASN	 273 	TRP	 272 	ASP	 270 	8	79.2815767602	1	5.6688529704	27.119	24.787	4.591	24.331	25.397	7.137	29.758	25.683	8.75
658445	ASN	 273 	TRP	 272 	GLN	 271 	6	66.6040557001	1	5.18508052011	27.119	24.787	4.591	24.331	25.397	7.137	26.645	23.759	9.651
572044	VAL	 275 	TRP	 272 	GLN	 271 	5	53.2480543934	1	6.47257112746	22.947	21.242	4.973	24.331	25.397	7.137	26.645	23.759	9.651
658877	ASN	 273 	TRP	 272 	LYS	 274 	6	64.8497499534	1	5.28523660776	27.119	24.787	4.591	24.331	25.397	7.137	26.742	21.078	5.275
658735	ASN	 273 	TRP	 272 	ILE	 276 	8	77.2814405503	1	6.41495409181	27.119	24.787	4.591	24.331	25.397	7.137	22.919	22.741	1.471
572478	VAL	 275 	TRP	 272 	LYS	 274 	7	69.3679454445	1	5.28523660776	22.947	21.242	4.973	24.331	25.397	7.137	26.742	21.078	5.275
572332	VAL	 275 	TRP	 272 	ILE	 276 	5	54.2658670211	1	6.41495409181	22.947	21.242	4.973	24.331	25.397	7.137	22.919	22.741	1.471
601774	ALA	 320 	TRP	 390 	TRP	 272 	8	82.6798212131	8	53.7762797337	19.476	-5.33	2.019	15.083	31.452	41.002	24.331	25.397	7.137
515366	TRP	 362 	TRP	 390 	TRP	 272 	9	87.3058896985	7	42.2263787934	4.054	-0.579	15.794	15.083	31.452	41.002	24.331	25.397	7.137
268205	ILE	 276 	GLU	 277 	GLN	 278 	6	63.9434320329	1	5.33937692994	22.919	22.741	1.471	25.961	20.745	0.319	23.926	17.565	0.632
474194	THR	 281 	ILE	 276 	GLU	 277 	3	35.4609383181	1	7.84665699518	19.84	25.132	-1.885	22.919	22.741	1.471	25.961	20.745	0.319
303050	GLY	 306 	GLY	 280 	ILE	 276 	3	37.5356289307	1	6.9829914793	21.766	18.76	-4.149	20.87	21.46	-1.955	22.919	22.741	1.471
481611	THR	 281 	PRO	 282 	ILE	 276 	4	49.1493837323	1	7.58950018117	19.84	25.132	-1.885	16.162	25.371	-0.771	22.919	22.741	1.471
475705	THR	 281 	GLY	 280 	LEU	 279 	2	30.4887431629	1	7.03081616884	19.84	25.132	-1.885	20.87	21.46	-1.955	20.268	18.466	0.309
590905	ALA	 305 	GLY	 280 	LEU	 279 	2	32.1934061913	1	7.79678709469	21.432	21.489	-6.783	20.87	21.46	-1.955	20.268	18.466	0.309
481683	THR	 281 	PRO	 282 	GLY	 280 	4	48.7601545785	1	6.23402285848	19.84	25.132	-1.885	16.162	25.371	-0.771	20.87	21.46	-1.955
475928	THR	 281 	GLY	 306 	GLY	 280 	9	84.3110702241	1	7.03118453747	19.84	25.132	-1.885	21.766	18.76	-4.149	20.87	21.46	-1.955
534962	TYR	 304 	LYS	 303 	GLY	 280 	3	42.2504531421	1	7.49401341072	23.889	23.69	-4.876	24.267	27.462	-4.887	20.87	21.46	-1.955
533526	TYR	 304 	GLY	 306 	GLY	 280 	7	73.9176019176	1	5.41669253327	23.889	23.69	-4.876	21.766	18.76	-4.149	20.87	21.46	-1.955
302905	GLY	 280 	GLY	 306 	LEU	 307 	2	29.5769929291	1	6.87211095661	20.87	21.46	-1.955	21.766	18.76	-4.149	22.312	15.016	-3.858
481250	THR	 281 	PRO	 282 	CYS	 283 	3	38.8007063696	1	6.71638958072	19.84	25.132	-1.885	16.162	25.371	-0.771	13.387	26.558	-3.083
409183	PRO	 282 	CYS	 283 	PHE	 286 	8	76.9861606861	1	6.53103092934	16.162	25.371	-0.771	13.387	26.558	-3.083	11.421	29.193	1.589
420772	PRO	 282 	MET	 287 	CYS	 283 	5	55.6785825433	1	7.47843111889	16.162	25.371	-0.771	13.81	32.159	1.307	13.387	26.558	-3.083
422211	PRO	 282 	ASP	 343 	CYS	 283 	4	47.007895844	1	8.05084796776	16.162	25.371	-0.771	11.303	23.867	4.213	13.387	26.558	-3.083
423583	PRO	 282 	PRO	 284 	PHE	 286 	8	79.741622111	1	6.68142125599	16.162	25.371	-0.771	12.748	30.336	-3.658	11.421	29.193	1.589
424230	PRO	 282 	PRO	 284 	MET	 287 	7	69.0271173549	1	7.47843111889	16.162	25.371	-0.771	12.748	30.336	-3.658	13.81	32.159	1.307
422572	PRO	 282 	ASP	 343 	ILE	 342 	5	60.4947240618	1	7.12124659031	16.162	25.371	-0.771	11.303	23.867	4.213	14.681	22.204	4.699
412133	PRO	 284 	GLU	 285 	CYS	 283 	6	63.4936786421	1	5.45449007699	12.748	30.336	-3.658	9.552	30.129	-1.569	13.387	26.558	-3.083
409184	PRO	 284 	CYS	 283 	PHE	 286 	9	87.0976705844	1	5.71278959879	12.748	30.336	-3.658	13.387	26.558	-3.083	11.421	29.193	1.589
380384	ASP	 343 	CYS	 283 	PHE	 286 	9	87.822787896	1	8.05084796776	11.303	23.867	4.213	13.387	26.558	-3.083	11.421	29.193	1.589
420917	PRO	 284 	MET	 287 	GLU	 285 	6	67.8052488423	1	5.52474795805	12.748	30.336	-3.658	13.81	32.159	1.307	9.552	30.129	-1.569
421276	PRO	 284 	MET	 287 	LYS	 288 	5	53.1647780774	1	6.73495426859	12.748	30.336	-3.658	13.81	32.159	1.307	10.96	34.688	1.161
355899	MET	 287 	LEU	 290 	PHE	 286 	4	45.7559793774	1	7.27718310887	13.81	32.159	1.307	13.6	34.461	6.112	11.421	29.193	1.589
362240	MET	 287 	LYS	 289 	LYS	 288 	9	89.9655435122	1	5.20141759523	13.81	32.159	1.307	10.16	33.593	4.724	10.96	34.688	1.161
333148	LYS	 288 	LYS	 289 	LEU	 290 	5	59.5707513783	1	5.6154723755	10.96	34.688	1.161	10.16	33.593	4.724	13.6	34.461	6.112
621436	ARG	 295 	LYS	 289 	LYS	 288 	5	55.0751766819	1	8.03010616368	17.693	36.139	3.604	10.16	33.593	4.724	10.96	34.688	1.161
327242	LYS	 289 	LEU	 290 	GLN	 291 	3	37.7026162761	1	6.76292821195	10.16	33.593	4.724	13.6	34.461	6.112	14.454	37.724	7.923
657653	ASN	 296 	THR	 293 	PRO	 292 	6	61.103967817	1	6.11355395821	20.556	38.156	2.14	19.361	40.227	7.037	15.883	40.309	5.442
633532	ARG	 295 	VAL	 298 	VAL	 294 	5	57.483573848	1	6.35262552021	17.693	36.139	3.604	21.42	32.567	2.379	19.401	36.416	7.012
662264	ASN	 296 	VAL	 298 	TYR	 297 	9	89.8314667672	1	5.66043620227	20.556	38.156	2.14	21.42	32.567	2.379	23.134	35.756	3.597
666582	ASN	 300 	ASN	 296 	TYR	 297 	7	69.6802247875	1	5.96794864254	23.965	35.175	-1.747	20.556	38.156	2.14	23.134	35.756	3.597
666656	ASN	 296 	ASN	 300 	VAL	 298 	9	88.2764998567	1	5.96794864254	20.556	38.156	2.14	23.965	35.175	-1.747	21.42	32.567	2.379
665718	ASN	 296 	ASN	 300 	GLU	 299 	7	70.3521088869	1	5.96794864254	20.556	38.156	2.14	23.965	35.175	-1.747	20.469	33.865	-1.066
665143	ASN	 300 	ARG	 301 	TYR	 297 	8	77.6400685123	1	6.20867304663	23.965	35.175	-1.747	25.506	31.875	-0.629	23.134	35.756	3.597
664850	ASN	 300 	ARG	 301 	PRO	 302 	3	41.7326851862	1	6.61872495274	23.965	35.175	-1.747	25.506	31.875	-0.629	27.033	29.515	-3.283
625755	ARG	 301 	PRO	 302 	LYS	 303 	4	48.3109752661	1	6.25621722769	25.506	31.875	-0.629	27.033	29.515	-3.283	24.267	27.462	-4.887
602713	ALA	 305 	TYR	 304 	LYS	 303 	2	34.062071199	1	6.87813710244	21.432	21.489	-6.783	23.889	23.69	-4.876	24.267	27.462	-4.887
590905	ALA	 305 	GLY	 306 	LEU	 307 	2	26.4836889755	1	7.15749634998	21.432	21.489	-6.783	21.766	18.76	-4.149	22.312	15.016	-3.858
471098	THR	 308 	LEU	 307 	PHE	 309 	3	38.7183128734	1	6.65873509009	19.449	12.529	-3.943	22.312	15.016	-3.858	18.622	10.243	-1.04
407741	PRO	 310 	PHE	 313 	PHE	 309 	6	65.595214409	1	5.61173092726	19.771	6.999	-2.61	22.0	7.011	2.064	18.622	10.243	-1.04
423578	PRO	 314 	PRO	 310 	PHE	 309 	3	36.8908363727	1	7.5066457889	22.973	4.166	-0.341	19.771	6.999	-2.61	18.622	10.243	-1.04
407742	PRO	 314 	PHE	 309 	PHE	 313 	7	68.3141470183	1	7.5066457889	22.973	4.166	-0.341	18.622	10.243	-1.04	22.0	7.011	2.064
424158	PRO	 314 	PRO	 310 	LYS	 311 	7	69.1936689869	1	5.32316503595	22.973	4.166	-0.341	19.771	6.999	-2.61	23.142	8.791	-2.971
423582	PRO	 310 	PRO	 314 	PHE	 313 	7	71.3610748329	1	5.17830676959	19.771	6.999	-2.61	22.973	4.166	-0.341	22.0	7.011	2.064
424298	PRO	 310 	PRO	 314 	ASP	 315 	3	40.5851700928	1	7.31785357875	19.771	6.999	-2.61	22.973	4.166	-0.341	21.943	0.513	-0.009
422138	PRO	 314 	ASP	 315 	PHE	 313 	3	36.8025453432	1	6.82089305003	22.973	4.166	-0.341	21.943	0.513	-0.009	22.0	7.011	2.064
452378	SER	 316 	PRO	 314 	PHE	 313 	3	35.2723495634	1	8.0139379209	25.403	-0.215	1.41	22.973	4.166	-0.341	22.0	7.011	2.064
453104	SER	 316 	PRO	 314 	ASP	 315 	9	89.9535841953	1	5.30698238173	25.403	-0.215	1.41	22.973	4.166	-0.341	21.943	0.513	-0.009
422140	PRO	 314 	ASP	 315 	PHE	 318 	5	53.3431591748	1	7.33308345786	22.973	4.166	-0.341	21.943	0.513	-0.009	21.107	-0.575	4.933
452382	SER	 316 	PRO	 314 	PHE	 318 	7	68.7841253721	1	7.33308345786	25.403	-0.215	1.41	22.973	4.166	-0.341	21.107	-0.575	4.933
450943	SER	 316 	ASP	 315 	PHE	 318 	8	82.9730365201	1	5.56747204753	25.403	-0.215	1.41	21.943	0.513	-0.009	21.107	-0.575	4.933
453100	SER	 316 	PRO	 319 	ASP	 315 	5	53.5836266298	1	7.3865449298	25.403	-0.215	1.41	20.78	-4.321	5.451	21.943	0.513	-0.009
597103	ALA	 320 	PRO	 319 	ASP	 315 	8	78.5433047087	1	7.38455990564	19.476	-5.33	2.019	20.78	-4.321	5.451	21.943	0.513	-0.009
598612	ALA	 320 	SER	 316 	PRO	 319 	5	54.2389816681	1	7.85260689198	19.476	-5.33	2.019	25.403	-0.215	1.41	20.78	-4.321	5.451
596380	ALA	 320 	PRO	 319 	PHE	 318 	5	55.8428386191	1	5.81047175365	19.476	-5.33	2.019	20.78	-4.321	5.451	21.107	-0.575	4.933
653978	ASN	 325 	PRO	 319 	PHE	 318 	3	40.6919738966	1	8.00967440037	15.209	-5.939	4.161	20.78	-4.321	5.451	21.107	-0.575	4.933
597100	ALA	 320 	PRO	 319 	ASP	 321 	5	53.4524749497	1	5.93946192849	19.476	-5.33	2.019	20.78	-4.321	5.451	20.144	-9.067	1.937
598610	ALA	 320 	SER	 322 	PRO	 319 	3	40.3672339604	1	7.99062006355	19.476	-5.33	2.019	16.642	-10.447	2.418	20.78	-4.321	5.451
663412	ASN	 325 	ALA	 320 	PRO	 319 	5	60.3805477128	1	5.94290038618	15.209	-5.939	4.161	19.476	-5.33	2.019	20.78	-4.321	5.451
596954	ALA	 320 	PRO	 319 	LYS	 326 	3	39.9816540157	1	7.45295981473	19.476	-5.33	2.019	20.78	-4.321	5.451	15.161	-4.653	0.566
605812	ALA	 329 	ALA	 320 	PRO	 319 	5	54.7750976003	1	7.00945975094	15.559	-0.247	3.154	19.476	-5.33	2.019	20.78	-4.321	5.451
422719	PRO	 319 	ASP	 321 	LYS	 326 	8	83.0678828694	1	7.45295981473	20.78	-4.321	5.451	20.144	-9.067	1.937	15.161	-4.653	0.566
654555	ASN	 325 	PRO	 319 	LYS	 326 	4	47.639369635	1	7.45295981473	15.209	-5.939	4.161	20.78	-4.321	5.451	15.161	-4.653	0.566
663415	ASN	 325 	ALA	 329 	PRO	 319 	8	78.1168103447	1	7.00945975094	15.209	-5.939	4.161	15.559	-0.247	3.154	20.78	-4.321	5.451
598180	ALA	 320 	SER	 322 	HIS	 324 	5	59.3592999559	1	8.01387278412	19.476	-5.33	2.019	16.642	-10.447	2.418	12.113	-8.058	3.621
662977	ASN	 325 	ALA	 320 	HIS	 324 	2	26.4436530385	1	8.01387278412	15.209	-5.939	4.161	19.476	-5.33	2.019	12.113	-8.058	3.621
451154	SER	 322 	ASP	 321 	GLU	 323 	3	37.585098276	1	6.70179453579	16.642	-10.447	2.418	20.144	-9.067	1.937	13.633	-9.402	0.385
652758	ASN	 325 	ASP	 321 	GLU	 323 	7	75.5412289757	1	6.70179453579	15.209	-5.939	4.161	20.144	-9.067	1.937	13.633	-9.402	0.385
655996	ASN	 325 	SER	 322 	LYS	 326 	5	57.3398459384	1	6.26048728135	15.209	-5.939	4.161	16.642	-10.447	2.418	15.161	-4.653	0.566
645557	ASN	 325 	HIS	 324 	GLU	 323 	6	63.9937414197	1	5.3604403737	15.209	-5.939	4.161	12.113	-8.058	3.621	13.633	-9.402	0.385
650020	ASN	 325 	LYS	 328 	HIS	 324 	5	56.9729498231	1	6.22512337227	15.209	-5.939	4.161	12.355	-1.892	4.442	12.113	-8.058	3.621
333223	LYS	 328 	LYS	 326 	HIS	 324 	8	81.4688643583	1	6.22512337227	12.355	-1.892	4.442	15.161	-4.653	0.566	12.113	-8.058	3.621
650237	ASN	 325 	LYS	 328 	LYS	 326 	6	66.5652384639	1	5.52450296407	15.209	-5.939	4.161	12.355	-1.892	4.442	15.161	-4.653	0.566
592637	ALA	 329 	LYS	 326 	LYS	 328 	6	67.148297201	1	5.52450296407	15.559	-0.247	3.154	15.161	-4.653	0.566	12.355	-1.892	4.442
448206	SER	 330 	LYS	 328 	GLN	 331 	7	75.1160328501	1	5.37410885636	13.492	1.682	0.593	12.355	-1.892	4.442	10.859	2.601	3.181
597965	ALA	 329 	SER	 330 	GLN	 331 	6	61.5628084815	1	5.49561943733	15.559	-0.247	3.154	13.492	1.682	0.593	10.859	2.601	3.181
605885	ALA	 332 	ALA	 329 	SER	 330 	6	67.8315966632	1	5.47895409727	13.504	3.819	5.638	15.559	-0.247	3.154	13.492	1.682	0.593
622587	ARG	 347 	MET	 339 	LEU	 340 	4	47.6647245722	1	7.41469041835	8.498	18.765	5.894	12.147	14.332	7.392	15.337	15.908	6.102
560666	VAL	 341 	ILE	 342 	LEU	 340 	3	43.3250959115	1	6.48369963832	13.504	18.612	4.147	14.681	22.204	4.699	15.337	15.908	6.102
390890	ASP	 343 	LYS	 346 	ILE	 342 	3	37.7761931017	1	7.77482417808	11.303	23.867	4.213	7.272	20.735	2.856	14.681	22.204	4.699
621295	ARG	 347 	LYS	 346 	ILE	 342 	8	80.6209698519	1	7.77482417808	8.498	18.765	5.894	7.272	20.735	2.856	14.681	22.204	4.699
625609	ARG	 347 	PRO	 344 	ILE	 348 	2	28.3609980783	1	7.88656408076	8.498	18.765	5.894	9.001	23.266	7.239	6.481	15.793	7.197
569450	VAL	 350 	SER	 349 	ILE	 348 	3	35.610912863	1	6.82965130882	4.699	13.73	13.459	4.439	15.999	10.385	6.481	15.793	7.197
587885	ALA	 353 	HIS	 356 	GLN	 355 	6	68.2695322092	1	5.42143154527	5.555	10.109	10.062	4.42	5.863	7.432	1.439	6.601	9.682
528843	TYR	 363 	LEU	 354 	GLN	 355 	4	49.3545557224	1	7.89070655898	1.151	1.892	16.007	3.76	7.769	12.467	1.439	6.601	9.682
415083	PRO	 357 	HIS	 356 	GLN	 355 	4	44.5888570803	1	6.46754961326	4.849	2.114	6.509	4.42	5.863	7.432	1.439	6.601	9.682
659883	ASN	 360 	TYR	 363 	GLN	 355 	4	51.5959562238	1	7.89070655898	3.235	2.341	11.669	1.151	1.892	16.007	1.439	6.601	9.682
539141	TYR	 358 	PRO	 357 	HIS	 356 	6	61.6361935741	1	5.58484493966	8.306	1.919	8.163	4.849	2.114	6.509	4.42	5.863	7.432
654341	ASN	 360 	PRO	 357 	HIS	 356 	6	67.464321726	1	5.63567901854	3.235	2.341	11.669	4.849	2.114	6.509	4.42	5.863	7.432
660104	ASN	 360 	TYR	 358 	HIS	 356 	9	89.4806767569	1	6.17941429263	3.235	2.341	11.669	8.306	1.919	8.163	4.42	5.863	7.432
654413	ASN	 360 	PRO	 357 	ILE	 359 	6	67.8727099319	1	5.5232435217	3.235	2.341	11.669	4.849	2.114	6.509	6.948	3.241	11.492
658732	ASN	 360 	TRP	 362 	ILE	 359 	5	55.5017555881	1	6.44009627257	3.235	2.341	11.669	4.054	-0.579	15.794	6.948	3.241	11.492
660170	ASN	 360 	TYR	 363 	ILE	 359 	3	38.117448215	1	7.47062480653	3.235	2.341	11.669	1.151	1.892	16.007	6.948	3.241	11.492
660750	ASN	 360 	TYR	 363 	TRP	 362 	7	71.648094208	1	5.11984238039	3.235	2.341	11.669	1.151	1.892	16.007	4.054	-0.579	15.794
574352	VAL	 361 	TYR	 363 	TRP	 362 	9	89.7529279402	1	5.88466388165	4.019	-1.374	12.04	1.151	1.892	16.007	4.054	-0.579	15.794
543819	TYR	 363 	TRP	 362 	ASP	 364 	4	45.4311300954	1	6.37719703318	1.151	1.892	16.007	4.054	-0.579	15.794	-0.794	1.674	19.271
605811	ALA	 370 	ALA	 366 	PRO	 365 	4	44.9340269245	1	7.28175260497	-2.191	9.287	25.129	-2.599	4.186	23.917	-3.646	4.067	20.265
596594	ALA	 370 	PRO	 371 	GLU	 369 	3	42.3052286011	1	6.52500137931	-2.191	9.287	25.129	-3.881	12.075	27.156	-2.76	9.244	21.385
597176	ALA	 370 	PRO	 372 	PRO	 371 	9	89.4996835929	1	6.61514610572	-2.191	9.287	25.129	-1.846	15.269	27.932	-3.881	12.075	27.156
424376	PRO	 371 	PRO	 373 	PRO	 372 	9	89.962195826	1	6.88057802804	-3.881	12.075	27.156	-2.146	17.415	31.133	-1.846	15.269	27.932
613872	ARG	 383 	GLU	 384 	GLU	 382 	1	20.6662986815	1	7.3955389256	9.501	34.061	32.118	12.257	36.2	33.723	8.515	31.126	29.857
472753	THR	 386 	HIS	 385 	GLU	 384 	2	23.8933781447	1	7.33690983998	16.971	37.079	39.276	13.792	36.349	37.281	12.257	36.2	33.723
474338	THR	 386 	ILE	 387 	HIS	 385 	3	37.7656305213	1	6.7508199502	16.971	37.079	39.276	19.305	34.404	40.657	13.792	36.349	37.281
472759	THR	 386 	HIS	 385 	GLU	 389 	8	77.3202379746	1	5.99125404235	16.971	37.079	39.276	13.792	36.349	37.281	14.294	34.609	42.992
513221	TRP	 390 	THR	 386 	HIS	 385 	6	61.285382226	1	6.28435605293	15.083	31.452	41.002	16.971	37.079	39.276	13.792	36.349	37.281
503144	TRP	 390 	ILE	 387 	HIS	 385 	9	84.3092280966	1	6.7508199502	15.083	31.452	41.002	19.305	34.404	40.657	13.792	36.349	37.281
501557	TRP	 390 	HIS	 385 	GLU	 389 	6	64.2517633047	1	6.28435605293	15.083	31.452	41.002	13.792	36.349	37.281	14.294	34.609	42.992
513294	TRP	 390 	THR	 386 	ILE	 387 	7	72.8283995082	1	6.18116081331	15.083	31.452	41.002	16.971	37.079	39.276	19.305	34.404	40.657
513080	TRP	 390 	THR	 386 	GLU	 388 	9	85.7428335512	1	6.18116081331	15.083	31.452	41.002	16.971	37.079	39.276	17.917	34.509	44.173
502998	TRP	 390 	ILE	 387 	GLU	 388 	7	70.3132894399	1	5.23756107363	15.083	31.452	41.002	19.305	34.404	40.657	17.917	34.509	44.173
498680	TRP	 390 	GLU	 388 	GLU	 389 	9	89.9906409641	1	5.23756107363	15.083	31.452	41.002	17.917	34.509	44.173	14.294	34.609	42.992
498678	TRP	 390 	GLU	 392 	GLU	 389 	7	71.4582502554	1	5.32265666749	15.083	31.452	41.002	13.356	30.421	45.93	14.294	34.609	42.992
500116	TRP	 390 	LEU	 393 	GLU	 389 	5	55.8655857945	1	6.33245781668	15.083	31.452	41.002	11.273	29.044	43.058	14.294	34.609	42.992
505951	TRP	 390 	LYS	 391 	LEU	 393 	8	81.1393742183	1	5.49870121029	15.083	31.452	41.002	16.618	29.821	44.089	11.273	29.044	43.058
573988	VAL	 398 	TYR	 395 	MET	 399 	5	60.5849822946	1	5.97263844544	11.881	20.636	45.3	13.444	25.264	46.46	10.036	20.853	48.605
651678	ASN	 400 	MET	 399 	LYS	 396 	7	72.0835950882	1	6.1371590333	6.445	20.367	47.456	10.036	20.853	48.605	9.673	25.551	46.847
661832	ASN	 400 	VAL	 398 	MET	 399 	9	89.8886233476	1	5.8541261517	6.445	20.367	47.456	11.881	20.636	45.3	10.036	20.853	48.605
