410620	PRO	  44 	GLN	  45 	PHE	  46 	5	55.5931488846	1	5.86993160096	25.978	17.245	25.196	22.683	16.795	27.07	21.631	13.343	25.774
558938	VAL	  48 	HIS	  47 	PHE	  46 	3	43.1886715934	1	6.52860559385	17.336	9.068	28.203	19.492	12.175	28.741	21.631	13.343	25.774
448562	SER	  50 	LYS	  49 	GLY	  51 	3	38.0118917943	1	6.70136918846	10.682	7.948	29.193	13.763	10.201	28.9	8.493	7.006	26.268
446906	SER	  50 	GLY	  51 	LEU	  52 	3	37.2155312877	1	6.74670838261	10.682	7.948	29.193	8.493	7.006	26.268	4.943	8.275	25.661
390891	ASP	 122 	LYS	  55 	ILE	  54 	4	51.5540570984	1	7.75112727286	-0.658	14.228	28.91	-3.513	7.074	29.304	-1.197	6.961	26.268
566571	VAL	 123 	ASP	 122 	ILE	  54 	4	49.7597113911	1	7.75112727286	-2.351	12.224	26.221	-0.658	14.228	28.91	-1.197	6.961	26.268
650240	ASN	  57 	LYS	  55 	LYS	  56 	9	89.7648786038	1	5.61333296714	-8.534	6.119	31.625	-3.513	7.074	29.304	-6.495	4.836	28.69
535039	TYR	 124 	LYS	  56 	LYS	  55 	8	80.4844687787	1	5.74151948529	-5.482	10.127	26.704	-6.495	4.836	28.69	-3.513	7.074	29.304
660319	ASN	  57 	TYR	 124 	LYS	  55 	8	77.0598937015	1	7.04237239856	-8.534	6.119	31.625	-5.482	10.127	26.704	-3.513	7.074	29.304
663194	ASN	  57 	ALA	  58 	LYS	  56 	3	39.1676640557	1	6.64597712906	-8.534	6.119	31.625	-11.087	8.894	31.262	-6.495	4.836	28.69
663704	ASN	  57 	ALA	  58 	TYR	 124 	9	85.4569939398	1	7.32882514459	-8.534	6.119	31.625	-11.087	8.894	31.262	-5.482	10.127	26.704
666725	ASN	 126 	ASN	  57 	ALA	  58 	6	65.851085148	1	6.6959702807	-10.802	7.744	25.538	-8.534	6.119	31.625	-11.087	8.894	31.262
665935	ASN	 126 	ASN	  57 	ILE	  59 	8	81.2401790233	1	7.44853025771	-10.802	7.744	25.538	-8.534	6.119	31.625	-9.899	12.507	31.193
659956	ASN	  57 	TYR	 124 	GLU	 125 	5	53.1372022978	1	7.30789887724	-8.534	6.119	31.625	-5.482	10.127	26.704	-7.133	7.475	24.582
666583	ASN	  57 	ASN	 126 	TYR	 124 	8	79.0652056782	1	7.04237239856	-8.534	6.119	31.625	-10.802	7.744	25.538	-5.482	10.127	26.704
665715	ASN	  57 	ASN	 126 	GLU	 125 	4	52.4130233919	1	7.30789887724	-8.534	6.119	31.625	-10.802	7.744	25.538	-7.133	7.475	24.582
602355	ALA	  58 	TYR	 124 	GLU	 125 	4	48.9386069646	1	7.89113914464	-11.087	8.894	31.262	-5.482	10.127	26.704	-7.133	7.475	24.582
663702	ASN	 126 	ALA	  58 	TYR	 124 	7	74.7601252546	1	7.32882514459	-10.802	7.744	25.538	-11.087	8.894	31.262	-5.482	10.127	26.704
662834	ASN	 126 	ALA	  58 	GLU	 125 	3	41.4144514076	1	7.89113914464	-10.802	7.744	25.538	-11.087	8.894	31.262	-7.133	7.475	24.582
662906	ASN	 126 	ALA	  58 	LEU	 127 	3	40.3721301107	1	7.98167920929	-10.802	7.744	25.538	-11.087	8.894	31.262	-14.294	7.021	24.197
393776	ASP	  62 	ASP	  61 	ILE	  59 	9	86.5884524037	1	5.50046443494	-8.041	14.004	36.149	-10.915	11.562	36.295	-9.899	12.507	31.193
393773	ASP	  62 	ASP	  61 	ILE	  60 	6	63.3505402794	1	5.38060321897	-8.041	14.004	36.149	-10.915	11.562	36.295	-12.692	13.445	33.502
393915	ASP	  61 	ASP	  62 	LYS	  84 	4	48.9343915087	1	7.82231123134	-10.915	11.562	36.295	-8.041	14.004	36.149	-8.331	18.186	39.556
537914	TYR	  63 	ASP	  61 	LYS	  64 	3	43.184849362	1	7.8255112932	-9.353	17.076	34.363	-10.915	11.562	36.295	-12.49	19.093	34.866
537913	TYR	  63 	ASP	  62 	LYS	  64 	2	32.7604595786	1	6.8802333536	-9.353	17.076	34.363	-8.041	14.004	36.149	-12.49	19.093	34.866
664783	ASN	  83 	ARG	  85 	ASP	  62 	8	77.5627999938	1	7.18708042254	-6.523	19.859	36.639	-5.396	17.56	41.807	-8.041	14.004	36.149
571036	VAL	  65 	THR	  66 	LYS	  64 	5	55.3576467221	1	5.85607317236	-13.978	20.652	31.713	-17.267	18.751	31.496	-12.49	19.093	34.866
650237	ASN	  83 	LYS	  64 	LYS	  84 	6	60.8265045615	1	6.33372165476	-6.523	19.859	36.639	-12.49	19.093	34.866	-8.331	18.186	39.556
571321	VAL	  65 	THR	  66 	SER	  67 	2	32.2823343259	1	6.96451936604	-13.978	20.652	31.713	-17.267	18.751	31.496	-19.409	17.664	28.538
560380	VAL	  65 	ILE	  81 	PHE	  82 	5	55.0359885905	1	6.57807122187	-13.978	20.652	31.713	-9.378	22.941	30.802	-8.296	22.463	34.489
482763	THR	  66 	SER	  67 	GLN	  68 	4	46.9289919064	1	6.34028911013	-17.267	18.751	31.496	-19.409	17.664	28.538	-20.3	20.622	26.252
360507	MET	  94 	GLY	  73 	LEU	  70 	4	52.1700540561	1	8.0792260768	-9.398	16.645	20.452	-13.492	20.573	20.65	-15.735	19.267	24.723
331707	LYS	  77 	GLY	  73 	LEU	  72 	4	47.1840812902	1	6.93587298038	-10.347	23.498	18.317	-13.492	20.573	20.65	-16.765	22.545	20.768
331851	LYS	  77 	GLY	  73 	ILE	  74 	4	43.9725872486	1	7.17515748956	-10.347	23.498	18.317	-13.492	20.573	20.65	-14.837	17.902	18.23
360728	MET	  94 	GLY	  73 	GLY	  76 	9	88.477646541	1	5.6770788263	-9.398	16.645	20.452	-13.492	20.573	20.65	-9.916	20.238	16.307
359067	MET	  94 	ILE	  74 	LEU	  95 	4	50.1719112651	1	7.25384132719	-9.398	16.645	20.452	-14.837	17.902	18.23	-8.515	14.425	17.481
651606	ASN	  75 	MET	  94 	GLY	  76 	7	69.0313223672	1	7.48128919372	-13.658	20.223	15.45	-9.398	16.645	20.452	-9.916	20.238	16.307
651678	ASN	  75 	MET	  94 	LYS	  77 	7	73.1680903366	1	7.48128919372	-13.658	20.223	15.45	-9.398	16.645	20.452	-10.347	23.498	18.317
651387	ASN	  75 	MET	  94 	LEU	  95 	4	48.810219526	1	8.01200436845	-13.658	20.223	15.45	-9.398	16.645	20.452	-8.515	14.425	17.481
563836	VAL	  78 	LYS	  93 	LYS	  77 	5	54.5330881712	1	6.34639598512	-7.911	23.885	21.265	-6.946	19.313	21.663	-10.347	23.498	18.317
557641	VAL	  78 	LEU	  79 	GLN	  80 	2	31.9225883374	1	7.02244786382	-7.911	23.885	21.265	-9.897	24.596	24.477	-8.836	25.567	28.02
266617	ILE	  81 	GLN	  80 	PHE	  82 	2	28.9862745886	1	7.19544140411	-9.378	22.941	30.802	-8.836	25.567	28.02	-8.296	22.463	34.489
148544	GLN	  80 	PHE	  82 	PHE	  90 	9	87.9357283276	1	7.19544140411	-8.836	25.567	28.02	-8.296	22.463	34.489	-4.184	23.322	30.739
149983	GLN	  80 	CYS	 140 	PHE	  90 	8	79.9336423444	1	7.20214731868	-8.836	25.567	28.02	-1.737	26.758	28.258	-4.184	23.322	30.739
583492	ALA	  91 	GLN	  80 	CYS	 140 	5	56.7078862007	1	7.20214731868	-4.848	23.358	26.968	-8.836	25.567	28.02	-1.737	26.758	28.258
263741	ILE	  81 	PHE	  90 	PHE	  82 	6	66.7249383751	1	5.63106783834	-9.378	22.941	30.802	-4.184	23.322	30.739	-8.296	22.463	34.489
649658	ASN	  83 	LYS	  84 	PHE	  82 	3	40.3476541298	1	6.63087045568	-6.523	19.859	36.639	-8.331	18.186	39.556	-8.296	22.463	34.489
641020	ASN	  83 	GLN	  87 	PHE	  82 	5	59.3176005237	1	6.13433077034	-6.523	19.859	36.639	-6.033	23.644	40.067	-8.296	22.463	34.489
638141	ASN	  83 	PHE	  90 	PHE	  82 	6	67.9679723767	1	7.2300269709	-6.523	19.859	36.639	-4.184	23.322	30.739	-8.296	22.463	34.489
180223	GLU	  88 	GLN	  87 	PHE	  82 	8	82.7691785871	1	6.13433077034	-3.813	24.762	37.106	-6.033	23.644	40.067	-8.296	22.463	34.489
664640	ASN	  83 	ARG	  85 	LYS	  84 	9	89.0246645829	1	5.76747379708	-6.523	19.859	36.639	-5.396	17.56	41.807	-8.331	18.186	39.556
664997	ASN	  83 	ARG	  85 	THR	  86 	6	65.1452249895	1	5.84513763739	-6.523	19.859	36.639	-5.396	17.56	41.807	-3.856	21.067	41.698
649660	ASN	  83 	LYS	  89 	PHE	  90 	5	52.7978352996	1	7.2300269709	-6.523	19.859	36.639	-5.199	25.571	33.63	-4.184	23.322	30.739
628636	ARG	  85 	THR	  86 	LYS	  84 	5	56.4201440075	1	5.73706806653	-5.396	17.56	41.807	-3.856	21.067	41.698	-8.331	18.186	39.556
621008	ARG	  85 	LYS	  84 	GLN	  87 	9	83.3622987051	1	6.35990762512	-5.396	17.56	41.807	-8.331	18.186	39.556	-6.033	23.644	40.067
630571	ARG	  85 	TRP	 291 	TRP	 109 	5	60.1887859351	8	51.2991275364	-5.396	17.56	41.807	6.042	47.061	1.428	5.769	14.536	21.895
325802	LYS	  89 	GLU	  88 	GLN	  87 	3	38.7153513306	1	6.77080896201	-5.199	25.571	33.63	-3.813	24.762	37.106	-6.033	23.644	40.067
586298	ALA	  91 	LEU	  92 	PHE	  90 	3	40.680421468	1	6.67867037665	-4.848	23.358	26.968	-6.787	20.424	25.314	-4.184	23.322	30.739
351583	MET	 138 	CYS	 140 	PHE	  90 	8	79.1458818787	1	6.29365442331	-0.911	20.739	26.615	-1.737	26.758	28.258	-4.184	23.322	30.739
593574	ALA	  91 	MET	 138 	CYS	 140 	7	69.5812944469	1	6.29365442331	-4.848	23.358	26.968	-0.911	20.739	26.615	-1.737	26.758	28.258
584935	ALA	  91 	GLU	 139 	CYS	 140 	8	76.6175781374	1	5.57024137718	-4.848	23.358	26.968	0.494	23.703	28.508	-1.737	26.758	28.258
361947	MET	  94 	LYS	  93 	LEU	 134 	4	52.2345760438	1	8.03012465657	-9.398	16.645	20.452	-6.946	19.313	21.663	-7.319	11.315	21.05
356041	MET	  94 	LEU	  95 	GLN	  96 	2	32.4005138531	1	6.95390566516	-9.398	16.645	20.452	-8.515	14.425	17.481	-10.116	11.269	16.1
353094	MET	  94 	GLN	  96 	CYS	 133 	7	69.6368251646	1	6.95390566516	-9.398	16.645	20.452	-10.116	11.269	16.1	-10.831	9.922	20.738
381890	ASP	  97 	GLN	  96 	CYS	  98 	3	42.8388667704	1	6.5107577132	-7.763	8.443	17.103	-10.116	11.269	16.1	-5.793	6.74	14.314
595084	ALA	 101 	ASP	  97 	GLN	  96 	5	52.6016454557	1	7.06386848688	-3.202	11.64	14.701	-7.763	8.443	17.103	-10.116	11.269	16.1
390604	ASP	  97 	LYS	 132 	GLN	  96 	5	58.5101470121	1	6.37225713543	-7.763	8.443	17.103	-12.39	6.562	19.744	-10.116	11.269	16.1
381896	ASP	  97 	GLN	  96 	CYS	 133 	9	88.4310422423	1	4.98129400859	-7.763	8.443	17.103	-10.116	11.269	16.1	-10.831	9.922	20.738
612295	ARG	 131 	GLN	  96 	CYS	 133 	8	78.0843261097	1	7.39057108754	-15.943	7.515	18.664	-10.116	11.269	16.1	-10.831	9.922	20.738
422216	PRO	  99 	ASP	  97 	CYS	  98 	9	89.8988880386	1	7.09987922432	-2.153	6.615	13.154	-7.763	8.443	17.103	-5.793	6.74	14.314
595014	ALA	 101 	ASP	  97 	CYS	  98 	7	68.5815314103	1	6.06573441555	-3.202	11.64	14.701	-7.763	8.443	17.103	-5.793	6.74	14.314
623814	ARG	 102 	ASP	  97 	CYS	  98 	7	69.5193632407	1	6.4717809759	-1.337	9.016	16.591	-7.763	8.443	17.103	-5.793	6.74	14.314
597103	ALA	 101 	PRO	  99 	ASP	  97 	8	77.8014504563	1	7.09987922432	-3.202	11.64	14.701	-2.153	6.615	13.154	-7.763	8.443	17.103
625903	ARG	 102 	PRO	  99 	ASP	  97 	8	81.0480574247	1	7.09987922432	-1.337	9.016	16.591	-2.153	6.615	13.154	-7.763	8.443	17.103
383335	ASP	  97 	GLU	 125 	CYS	 133 	8	80.5947268029	1	7.56765254224	-7.763	8.443	17.103	-7.133	7.475	24.582	-10.831	9.922	20.738
390534	ASP	  97 	LYS	 132 	CYS	 133 	7	74.9352586136	1	5.64997088488	-7.763	8.443	17.103	-12.39	6.562	19.744	-10.831	9.922	20.738
419332	PRO	  99 	LYS	 100 	CYS	  98 	5	56.4131090956	1	5.8133248662	-2.153	6.615	13.154	-1.953	10.055	11.475	-5.793	6.74	14.314
596453	ALA	 101 	PRO	  99 	CYS	  98 	6	67.4197736909	1	5.55635222066	-3.202	11.64	14.701	-2.153	6.615	13.154	-5.793	6.74	14.314
625253	ARG	 102 	PRO	  99 	CYS	  98 	6	64.409329171	1	5.49734854271	-1.337	9.016	16.591	-2.153	6.615	13.154	-5.793	6.74	14.314
351716	MET	 275 	CYS	  98 	CYS	 244 	6	65.2057768968	8	54.7717709591	2.881	53.817	-12.303	-5.793	6.74	14.314	8.089	23.805	2.744
625759	ARG	 103 	PRO	  99 	LYS	 100 	8	76.9839131487	1	5.27890007483	1.723	9.922	14.535	-2.153	6.615	13.154	-1.953	10.055	11.475
596595	ALA	 101 	PRO	  99 	GLU	 104 	4	51.9214729704	1	8.03425024504	-3.202	11.64	14.701	-2.153	6.615	13.154	1.267	13.711	14.735
636054	ARG	 103 	ARG	 102 	PRO	  99 	7	73.3364142015	1	5.27890007483	1.723	9.922	14.535	-1.337	9.016	16.591	-2.153	6.615	13.154
625393	ARG	 103 	PRO	  99 	GLU	 104 	2	33.9912799026	1	8.03425024504	1.723	9.922	14.535	-2.153	6.615	13.154	1.267	13.711	14.735
635839	ARG	 102 	ARG	 103 	LYS	 100 	8	82.3358349743	1	5.25665606636	-1.337	9.016	16.591	1.723	9.922	14.535	-1.953	10.055	11.475
239480	HIS	 108 	GLU	 104 	GLU	 106 	9	89.0916927026	1	6.16338364861	5.099	16.476	18.692	1.267	13.711	14.735	4.025	11.117	18.561
584859	ALA	 211 	GLU	 104 	PHE	 210 	4	51.590300002	1	7.1280854372	4.174	17.35	10.871	1.267	13.711	14.735	0.848	18.311	9.306
572262	VAL	 105 	TRP	 109 	HIS	 108 	7	72.4374528587	1	5.99515245845	0.941	13.386	18.532	5.769	14.536	21.895	5.099	16.476	18.692
501560	TRP	 109 	HIS	 108 	GLU	 106 	9	83.7566398682	1	5.46713069169	5.769	14.536	21.895	5.099	16.476	18.692	4.025	11.117	18.561
629717	ARG	 110 	TRP	 109 	GLU	 106 	6	67.8498310461	1	6.45703972421	9.384	13.937	20.802	5.769	14.536	21.895	4.025	11.117	18.561
501629	TRP	 109 	HIS	 108 	LEU	 107 	6	61.0226617385	1	5.49922003561	5.769	14.536	21.895	5.099	16.476	18.692	6.115	13.572	16.492
629861	ARG	 110 	TRP	 109 	HIS	 108 	6	63.087112515	1	5.40923709963	9.384	13.937	20.802	5.769	14.536	21.895	5.099	16.476	18.692
601062	ALA	 111 	TRP	 109 	HIS	 108 	7	71.3832817162	1	5.35390268869	9.856	17.673	20.439	5.769	14.536	21.895	5.099	16.476	18.692
511780	TRP	 109 	SER	 112 	HIS	 108 	5	60.5897641213	1	5.95489093099	5.769	14.536	21.895	7.833	18.715	23.485	5.099	16.476	18.692
634829	ARG	 110 	ALA	 111 	TRP	 109 	6	64.0501069098	1	5.35390268869	9.384	13.937	20.802	9.856	17.673	20.439	5.769	14.536	21.895
630367	ARG	 110 	TRP	 109 	SER	 112 	8	77.6061124814	1	5.69503064083	9.384	13.937	20.802	5.769	14.536	21.895	7.833	18.715	23.485
600844	ALA	 111 	TRP	 109 	GLN	 113 	5	57.8923565607	1	7.69099115849	9.856	17.673	20.439	5.769	14.536	21.895	11.231	18.866	25.146
511562	TRP	 109 	SER	 112 	GLN	 113 	3	34.7661506275	1	7.69099115849	5.769	14.536	21.895	7.833	18.715	23.485	11.231	18.866	25.146
629932	ARG	 119 	TRP	 109 	ILE	 120 	5	59.2947266048	1	7.81518662605	4.986	21.169	25.953	5.769	14.536	21.895	2.537	18.315	26.256
601774	ALA	 129 	TRP	 324 	TRP	 109 	8	76.846449795	8	51.3854515695	-19.768	10.109	21.123	21.492	38.936	10.775	5.769	14.536	21.895
515346	TRP	 109 	TRP	 324 	TRP	 247 	7	71.762127095	5	31.084194199	5.769	14.536	21.895	21.492	38.936	10.775	9.373	29.071	2.997
630573	ARG	 280 	TRP	 109 	TRP	 349 	7	70.9688729858	8	53.0240920149	-4.798	51.563	-14.559	5.769	14.536	21.895	-4.683	40.587	8.032
583493	ALA	 111 	GLN	 113 	CYS	 114 	6	64.9037505018	1	5.68735834988	9.856	17.673	20.439	11.231	18.866	25.146	12.571	21.855	23.175
439492	SER	 112 	GLN	 113 	CYS	 114 	5	58.26663264	1	5.69248135702	7.833	18.715	23.485	11.231	18.866	25.146	12.571	21.855	23.175
445323	SER	 112 	ILE	 117 	GLN	 113 	4	48.490053337	1	7.19030972907	7.833	18.715	23.485	7.931	23.843	21.141	11.231	18.866	25.146
626763	ARG	 119 	SER	 112 	GLN	 113 	4	46.6443085915	1	6.70485518114	4.986	21.169	25.953	7.833	18.715	23.485	11.231	18.866	25.146
452453	SER	 112 	PRO	 115 	CYS	 114 	6	66.5340212176	1	7.55119281968	7.833	18.715	23.485	11.7	25.005	25.067	12.571	21.855	23.175
445256	SER	 112 	ILE	 117 	CYS	 114 	9	87.0962132267	1	5.69248135702	7.833	18.715	23.485	7.931	23.843	21.141	12.571	21.855	23.175
416527	PRO	 115 	ILE	 117 	GLN	 113 	8	78.2085686487	1	7.19030972907	11.7	25.005	25.067	7.931	23.843	21.141	11.231	18.866	25.146
415013	PRO	 115 	HIS	 116 	CYS	 114 	6	65.6751763659	1	5.22681633502	11.7	25.005	25.067	10.653	26.481	21.678	12.571	21.855	23.175
416454	PRO	 115 	ILE	 117 	CYS	 114 	7	68.4610862782	1	5.56498706198	11.7	25.005	25.067	7.931	23.843	21.141	12.571	21.855	23.175
567651	VAL	 118 	PRO	 115 	CYS	 114 	4	47.5432561084	1	8.02044842886	4.791	23.803	23.242	11.7	25.005	25.067	12.571	21.855	23.175
271016	ILE	 117 	HIS	 116 	CYS	 114 	9	86.5871959922	1	5.44232487086	7.931	23.843	21.141	10.653	26.481	21.678	12.571	21.855	23.175
559013	VAL	 118 	HIS	 116 	CYS	 114 	6	61.8158729087	1	8.02044842886	4.791	23.803	23.242	10.653	26.481	21.678	12.571	21.855	23.175
560451	VAL	 118 	ILE	 117 	CYS	 114 	4	45.8217406041	1	8.02044842886	4.791	23.803	23.242	7.931	23.843	21.141	12.571	21.855	23.175
416744	PRO	 115 	ILE	 117 	HIS	 116 	9	89.8438535121	1	5.56498706198	11.7	25.005	25.067	7.931	23.843	21.141	10.653	26.481	21.678
567940	VAL	 118 	PRO	 115 	HIS	 116 	5	60.0123308184	1	7.24635839577	4.791	23.803	23.242	11.7	25.005	25.067	10.653	26.481	21.678
419623	PRO	 115 	LYS	 204 	HIS	 116 	8	77.0928181922	1	7.51056968545	11.7	25.005	25.067	6.724	28.814	20.927	10.653	26.481	21.678
448421	SER	 169 	LYS	 204 	HIS	 116 	6	64.9255232922	1	8.05019478025	13.498	32.098	18.075	6.724	28.814	20.927	10.653	26.481	21.678
587955	ALA	 173 	HIS	 116 	GLU	 172 	4	46.3015685648	1	7.31468803163	12.612	25.503	16.672	10.653	26.481	21.678	15.662	27.803	16.514
592423	ALA	 173 	LYS	 204 	HIS	 116 	8	80.311516763	1	7.98350111167	12.612	25.503	16.672	6.724	28.814	20.927	10.653	26.481	21.678
632810	ARG	 119 	VAL	 118 	ILE	 120 	3	38.3596937352	1	6.65453649776	4.986	21.169	25.953	4.791	23.803	23.242	2.537	18.315	26.256
575211	VAL	 123 	VAL	 121 	ILE	 120 	4	49.7867481914	1	7.8098687569	-2.351	12.224	26.221	1.595	17.2	29.769	2.537	18.315	26.256
560811	VAL	 137 	ILE	 120 	ILE	 136 	4	48.7284874047	1	7.30419071493	-3.301	17.874	27.168	2.537	18.315	26.256	-3.978	15.871	24.035
574058	VAL	 123 	TYR	 124 	ASP	 122 	3	37.0646045606	1	6.70489470462	-2.351	12.224	26.221	-5.482	10.127	26.704	-0.658	14.228	28.91
392336	ASP	 122 	MET	 138 	ILE	 136 	9	88.1288235024	1	6.90826714886	-0.658	14.228	28.91	-0.911	20.739	26.615	-3.978	15.871	24.035
573553	VAL	 123 	TYR	 124 	GLU	 125 	2	31.9974100371	1	6.93590988984	-2.351	12.224	26.221	-5.482	10.127	26.704	-7.133	7.475	24.582
575858	VAL	 137 	VAL	 123 	TYR	 124 	3	38.9165153367	1	8.06151759906	-3.301	17.874	27.168	-2.351	12.224	26.221	-5.482	10.127	26.704
527332	TYR	 124 	GLU	 125 	CYS	 133 	5	54.3453780049	1	8.01542151106	-5.482	10.127	26.704	-7.133	7.475	24.582	-10.831	9.922	20.738
659812	ASN	 126 	TYR	 124 	CYS	 133 	5	59.7439996984	1	8.01542151106	-10.802	7.744	25.538	-5.482	10.127	26.704	-10.831	9.922	20.738
528770	TYR	 124 	LEU	 134 	CYS	 133 	3	41.4744659964	1	8.01542151106	-5.482	10.127	26.704	-7.319	11.315	21.05	-10.831	9.922	20.738
644113	ASN	 126 	LEU	 127 	GLU	 125 	2	25.7807358783	1	7.18569843509	-10.802	7.744	25.538	-14.294	7.021	24.197	-7.133	7.475	24.582
642535	ASN	 126 	GLU	 125 	CYS	 133 	8	80.3400095856	1	5.86850483513	-10.802	7.744	25.538	-7.133	7.475	24.582	-10.831	9.922	20.738
659815	ASN	 126 	TYR	 128 	CYS	 133 	8	77.9038283657	1	6.59923427376	-10.802	7.744	25.538	-16.66	9.921	23.418	-10.831	9.922	20.738
649734	ASN	 126 	LYS	 132 	CYS	 133 	7	71.9839435172	1	6.12285096993	-10.802	7.744	25.538	-12.39	6.562	19.744	-10.831	9.922	20.738
602425	ALA	 129 	TYR	 128 	LEU	 127 	2	33.0739199562	1	6.99642022752	-19.768	10.109	21.123	-16.66	9.921	23.418	-14.294	7.021	24.197
631016	ARG	 131 	TYR	 128 	CYS	 133 	9	85.2617807133	1	6.41557807216	-15.943	7.515	18.664	-16.66	9.921	23.418	-10.831	9.922	20.738
534533	TYR	 128 	LYS	 132 	CYS	 133 	6	60.9188777477	1	6.55851027292	-16.66	9.921	23.418	-12.39	6.562	19.744	-10.831	9.922	20.738
621362	ARG	 131 	LYS	 132 	GLY	 130 	3	35.6640273783	1	6.86668908572	-15.943	7.515	18.664	-12.39	6.562	19.744	-19.235	6.377	20.257
620932	ARG	 131 	LYS	 132 	CYS	 133 	5	53.072248627	1	6.01894251509	-15.943	7.515	18.664	-12.39	6.562	19.744	-10.831	9.922	20.738
507238	TRP	 324 	MET	 281 	CYS	 133 	8	78.7964623115	8	51.0813394793	21.492	38.936	10.775	-4.954	48.489	-12.237	-10.831	9.922	20.738
560666	VAL	 137 	ILE	 136 	LEU	 135 	3	42.4695313007	1	6.51210265582	-3.301	17.874	27.168	-3.978	15.871	24.035	-7.257	13.93	23.821
354531	MET	 138 	GLU	 139 	CYS	 140 	4	46.4959188925	1	6.29365442331	-0.911	20.739	26.615	0.494	23.703	28.508	-1.737	26.758	28.258
384771	ASP	 142 	LEU	 141 	CYS	 140 	4	51.5874433966	1	6.09839273907	-1.941	32.791	27.391	0.191	29.683	26.699	-1.737	26.758	28.258
471168	THR	 195 	LEU	 141 	CYS	 140 	1	21.6797102659	1	7.80662622392	3.854	31.974	26.684	0.191	29.683	26.699	-1.737	26.758	28.258
479814	THR	 195 	ASP	 142 	CYS	 140 	7	71.5513572536	1	7.80662622392	3.854	31.974	26.684	-1.941	32.791	27.391	-1.737	26.758	28.258
389528	ASP	 142 	GLY	 144 	GLY	 143 	9	89.6626063039	1	5.43372183683	-1.941	32.791	27.391	-1.639	35.416	22.643	0.431	35.305	25.838
302833	GLY	 143 	GLY	 144 	GLU	 145 	2	34.0692426175	1	6.85491042976	0.431	35.305	25.838	-1.639	35.416	22.643	-0.554	34.941	19.064
619924	ARG	 149 	GLY	 143 	GLY	 144 	5	59.4497102922	1	7.94157994356	1.169	41.013	20.366	0.431	35.305	25.838	-1.639	35.416	22.643
621360	ARG	 198 	LYS	 197 	GLY	 143 	1	14.5721170888	1	7.27396240023	4.308	39.879	29.956	1.77	37.989	27.819	0.431	35.305	25.838
592563	ALA	 201 	LYS	 197 	GLY	 143 	4	45.7963233426	1	7.68852033879	7.943	35.656	27.438	1.77	37.989	27.819	0.431	35.305	25.838
618124	ARG	 149 	ILE	 150 	GLN	 151 	5	59.8952762162	1	5.61963637614	1.169	41.013	20.366	2.973	43.094	17.708	-0.249	44.38	16.096
635694	ARG	 153 	ARG	 149 	ILE	 150 	7	71.4922147043	1	6.51038147884	1.456	47.516	20.249	1.169	41.013	20.366	2.973	43.094	17.708
635408	ARG	 149 	ARG	 153 	GLN	 151 	9	88.486153377	1	6.51038147884	1.169	41.013	20.366	1.456	47.516	20.249	-0.249	44.38	16.096
389164	ASP	 152 	GLY	 154 	GLN	 151 	5	57.1877775272	1	6.77331809381	-1.689	45.475	19.49	2.016	50.487	17.954	-0.249	44.38	16.096
619566	ARG	 153 	GLY	 154 	GLN	 151 	7	69.0147768165	1	6.77331809381	1.456	47.516	20.249	2.016	50.487	17.954	-0.249	44.38	16.096
626763	ARG	 340 	SER	 339 	GLN	 151 	4	46.244085745	1	7.03930948318	0.424	50.23	12.239	2.239	47.223	13.655	-0.249	44.38	16.096
624243	ARG	 153 	ASP	 152 	GLY	 154 	4	44.466777751	1	6.41922619947	1.456	47.516	20.249	-1.689	45.475	19.49	2.016	50.487	17.954
633819	ARG	 153 	ALA	 157 	PHE	 158 	4	48.5496843566	1	7.83336696447	1.456	47.516	20.249	7.349	50.626	17.749	8.41	47.187	16.658
590765	ALA	 157 	GLY	 154 	GLN	 156 	6	67.5949868295	1	5.45272427324	7.349	50.626	17.749	2.016	50.487	17.954	6.273	50.859	21.341
583419	ALA	 157 	GLN	 156 	PHE	 158 	4	44.7895881139	1	6.32304056606	7.349	50.626	17.749	6.273	50.859	21.341	8.41	47.187	16.658
469657	THR	 159 	GLU	 160 	PHE	 158 	2	29.5905311576	1	7.04379400607	12.001	47.364	15.488	14.163	45.462	12.978	8.41	47.187	16.658
599259	ALA	 163 	THR	 159 	PHE	 158 	4	48.2583561023	1	7.59683131312	12.24	41.026	14.403	12.001	47.364	15.488	8.41	47.187	16.658
481180	THR	 159 	PRO	 335 	PHE	 158 	5	57.4285307821	1	5.92048047037	12.001	47.364	15.488	11.572	51.34	13.864	8.41	47.187	16.658
414942	PRO	 335 	HIS	 337 	PHE	 158 	7	74.4161705902	1	7.53925181964	11.572	51.34	13.864	5.817	49.902	10.12	8.41	47.187	16.658
472544	THR	 338 	HIS	 337 	PHE	 158 	9	84.4809850994	1	7.53925181964	4.45	46.414	10.707	5.817	49.902	10.12	8.41	47.187	16.658
482624	THR	 338 	SER	 339 	PHE	 158 	9	84.8848152978	1	7.18982127733	4.45	46.414	10.707	2.239	47.223	13.655	8.41	47.187	16.658
481395	THR	 159 	PRO	 335 	GLU	 160 	4	49.1003827044	1	6.48453244267	12.001	47.364	15.488	11.572	51.34	13.864	14.163	45.462	12.978
484206	THR	 159 	THR	 334 	GLN	 333 	7	70.4345553124	1	5.56121398617	12.001	47.364	15.488	15.182	50.976	12.702	16.947	49.198	15.521
484855	THR	 159 	THR	 334 	PRO	 335 	8	82.8938624854	1	5.56121398617	12.001	47.364	15.488	15.182	50.976	12.702	11.572	51.34	13.864
484351	THR	 334 	THR	 159 	LEU	 336 	8	78.8858798687	1	6.19785301536	15.182	50.976	12.702	12.001	47.364	15.488	9.321	49.395	11.452
181805	GLU	 162 	GLU	 160 	GLN	 333 	6	60.8124933446	1	7.81825587967	13.042	42.79	17.715	14.163	45.462	12.978	16.947	49.198	15.521
412207	PRO	 335 	GLU	 160 	GLN	 333 	8	82.3830175902	1	6.48453244267	11.572	51.34	13.864	14.163	45.462	12.978	16.947	49.198	15.521
628274	ARG	 161 	THR	 329 	GLU	 162 	3	39.9783940373	1	7.90098474875	16.121	44.307	15.995	20.912	42.584	18.383	13.042	42.79	17.715
613802	ARG	 161 	GLU	 162 	GLN	 333 	3	40.982192108	1	7.81825587967	16.121	44.307	15.995	13.042	42.79	17.715	16.947	49.198	15.521
627487	ARG	 161 	SER	 328 	SER	 164 	8	80.8849189163	1	7.00383794787	16.121	44.307	15.995	21.437	39.748	15.898	15.799	39.627	14.048
628923	ARG	 161 	THR	 329 	SER	 328 	4	51.0522088117	1	7.00383794787	16.121	44.307	15.995	20.912	42.584	18.383	21.437	39.748	15.898
594151	ALA	 163 	MET	 253 	MET	 167 	8	82.4034868437	1	7.6960346283	12.24	41.026	14.403	10.4	37.371	7.885	13.276	35.115	13.687
445395	SER	 164 	ILE	 325 	GLU	 165 	4	49.2479264786	1	7.17922182413	15.799	39.627	14.048	20.154	36.047	12.812	15.263	38.323	17.549
454036	SER	 328 	SER	 164 	GLU	 165 	5	57.1624503222	1	6.54787767143	21.437	39.748	15.898	15.799	39.627	14.048	15.263	38.323	17.549
512287	TRP	 324 	SER	 164 	SER	 328 	8	81.8885938581	1	6.60304921987	21.492	38.936	10.775	15.799	39.627	14.048	21.437	39.748	15.898
572767	VAL	 331 	TRP	 324 	SER	 164 	8	82.6728278438	1	7.33112119665	21.106	44.66	13.548	21.492	38.936	10.775	15.799	39.627	14.048
454255	SER	 164 	SER	 328 	ILE	 325 	8	80.953567054	1	5.93499663016	15.799	39.627	14.048	21.437	39.748	15.898	20.154	36.047	12.812
363680	MET	 326 	MET	 320 	LYS	 168 	9	87.8241595368	1	7.27182074862	23.183	34.882	14.759	20.94	30.315	11.818	16.083	33.641	15.723
589612	ALA	 173 	ILE	 170 	ILE	 174 	5	54.6847305319	1	6.58508109289	12.612	25.503	16.672	11.343	30.606	15.328	13.093	24.698	13.005
360366	MET	 320 	GLY	 171 	GLN	 175 	7	72.6095632171	1	7.85376126452	20.94	30.315	11.818	14.491	29.642	13.387	16.714	23.996	13.791
360219	MET	 320 	GLY	 171 	PHE	 319 	4	49.8838092671	1	7.61577474719	20.94	30.315	11.818	14.491	29.642	13.387	19.928	30.362	8.103
527407	TYR	 176 	GLU	 172 	GLN	 175 	8	76.8095680881	1	6.19422133928	15.497	21.611	16.497	15.662	27.803	16.514	16.714	23.996	13.791
354605	MET	 320 	GLU	 172 	GLN	 175 	6	61.0344238731	1	7.85376126452	20.94	30.315	11.818	15.662	27.803	16.514	16.714	23.996	13.791
272525	ILE	 316 	ILE	 174 	GLN	 175 	6	67.9296091784	1	6.77392079966	18.218	25.901	8.742	13.093	24.698	13.005	16.714	23.996	13.791
589540	ALA	 183 	ILE	 174 	HIS	 184 	5	52.5749726358	1	7.97026204086	9.473	18.729	9.159	13.093	24.698	13.005	6.78	20.893	10.829
530286	TYR	 176 	HIS	 178 	GLN	 175 	7	68.8057990889	1	5.46391141949	15.497	21.611	16.497	14.971	19.367	11.543	16.714	23.996	13.791
443887	SER	 179 	HIS	 178 	GLN	 175 	8	79.8665300856	1	6.06872194123	18.055	18.092	13.374	14.971	19.367	11.543	16.714	23.996	13.791
478447	THR	 317 	MET	 320 	GLN	 175 	8	80.8490965399	1	7.85376126452	21.992	25.661	9.403	20.94	30.315	11.818	16.714	23.996	13.791
645628	ASN	 181 	HIS	 178 	LEU	 177 	5	56.2129059711	1	6.13825064656	14.399	14.831	11.349	14.971	19.367	11.543	12.782	19.765	14.623
655783	ASN	 181 	SER	 179 	HIS	 178 	8	79.3148419358	1	5.3010453686	14.399	14.831	11.349	18.055	18.092	13.374	14.971	19.367	11.543
662982	ASN	 181 	ALA	 183 	HIS	 178 	7	73.9375732699	1	6.65251681696	14.399	14.831	11.349	9.473	18.729	9.159	14.971	19.367	11.543
657219	ASN	 181 	THR	 214 	HIS	 178 	4	46.3488783568	1	7.55485976045	14.399	14.831	11.349	12.27	13.506	7.615	14.971	19.367	11.543
474340	THR	 214 	ILE	 182 	HIS	 178 	5	59.5849295507	1	7.55485976045	12.27	13.506	7.615	10.901	16.289	11.761	14.971	19.367	11.543
477224	THR	 214 	LYS	 242 	HIS	 178 	9	87.7905046371	1	7.71706505091	12.27	13.506	7.615	12.1	20.758	4.982	14.971	19.367	11.543
445613	SER	 179 	ILE	 182 	ILE	 180 	6	66.1282971546	1	7.55197285482	18.055	18.092	13.374	10.901	16.289	11.761	15.755	15.426	14.876
655850	ASN	 181 	SER	 179 	ILE	 182 	3	41.5517904072	1	7.55197285482	14.399	14.831	11.349	18.055	18.092	13.374	10.901	16.289	11.761
647212	ASN	 181 	ILE	 180 	ILE	 182 	5	55.827728758	1	5.83175016612	14.399	14.831	11.349	15.755	15.426	14.876	10.901	16.289	11.761
657799	ASN	 181 	THR	 215 	THR	 214 	8	80.3843690027	1	6.15229022397	14.399	14.831	11.349	14.134	10.21	7.296	12.27	13.506	7.615
605383	ALA	 211 	ALA	 183 	HIS	 184 	8	82.2405715051	1	5.73689689641	4.174	17.35	10.871	9.473	18.729	9.159	6.78	20.893	10.829
592418	ALA	 183 	LYS	 242 	HIS	 184 	3	36.9987370682	1	7.90620224887	9.473	18.729	9.159	12.1	20.758	4.982	6.78	20.893	10.829
595300	ALA	 183 	ASP	 245 	HIS	 184 	5	59.868579228	1	6.86337074622	9.473	18.729	9.159	9.165	24.916	6.204	6.78	20.893	10.829
616543	ARG	 185 	HIS	 184 	PHE	 210 	8	77.1365732587	1	6.64641835879	5.1	21.899	7.541	6.78	20.893	10.829	0.848	18.311	9.306
634183	ARG	 185 	ALA	 211 	HIS	 184 	8	81.9953802878	1	5.7131232264	5.1	21.899	7.541	4.174	17.35	10.871	6.78	20.893	10.829
621220	ARG	 185 	LYS	 212 	HIS	 184 	5	59.374900235	1	7.71318902919	5.1	21.899	7.541	6.01	14.428	9.229	6.78	20.893	10.829
621219	ARG	 185 	LYS	 242 	HIS	 184 	4	49.9166309264	1	7.90620224887	5.1	21.899	7.541	12.1	20.758	4.982	6.78	20.893	10.829
386143	ASP	 186 	HIS	 184 	PHE	 208 	8	77.5875913308	1	7.48788554934	2.517	24.263	9.118	6.78	20.893	10.829	1.972	19.265	14.667
234943	HIS	 184 	PHE	 210 	PHE	 208 	8	81.6938241103	1	6.64641835879	6.78	20.893	10.829	0.848	18.311	9.306	1.972	19.265	14.667
587739	ALA	 211 	HIS	 184 	PHE	 210 	4	46.8180785128	1	6.64641835879	4.174	17.35	10.871	6.78	20.893	10.829	0.848	18.311	9.306
592419	ALA	 211 	LYS	 212 	HIS	 184 	4	51.0681451045	1	6.70441086151	4.174	17.35	10.871	6.01	14.428	9.229	6.78	20.893	10.829
634394	ARG	 185 	ALA	 211 	LYS	 212 	3	43.0596798333	1	7.71318902919	5.1	21.899	7.541	4.174	17.35	10.871	6.01	14.428	9.229
635984	ARG	 364 	ARG	 185 	ASP	 241 	9	87.9955169128	1	7.05653994533	2.941	20.531	0.966	5.1	21.899	7.541	9.357	18.691	3.256
623813	ARG	 185 	ASP	 245 	CYS	 244 	6	61.6095888632	1	5.96474358208	5.1	21.899	7.541	9.165	24.916	6.204	8.089	23.805	2.744
635336	ARG	 364 	ARG	 185 	CYS	 244 	9	86.1802535855	1	7.05431286519	2.941	20.531	0.966	5.1	21.899	7.541	8.089	23.805	2.744
661899	ASN	 191 	VAL	 187 	ASP	 186 	4	45.8964592199	1	7.63944585687	1.021	28.437	15.339	4.49	27.168	10.662	2.517	24.263	9.118
566860	VAL	 187 	ASP	 245 	ASP	 186 	5	53.3922298183	1	7.28791527119	4.49	27.168	10.662	9.165	24.916	6.204	2.517	24.263	9.118
393340	ASP	 186 	ASP	 207 	PHE	 208 	5	53.3432806984	1	7.52997589638	2.517	24.263	9.118	0.173	22.363	16.017	1.972	19.265	14.667
378944	ASP	 186 	PHE	 208 	PHE	 210 	9	83.8432604879	1	7.48788554934	2.517	24.263	9.118	1.972	19.265	14.667	0.848	18.311	9.306
661394	ASN	 191 	VAL	 187 	GLU	 190 	3	40.7615413017	1	8.00063703714	1.021	28.437	15.339	4.49	27.168	10.662	-1.535	31.016	14.254
661467	ASN	 191 	VAL	 187 	LEU	 192 	4	47.5546148643	1	7.52323454373	1.021	28.437	15.339	4.49	27.168	10.662	3.297	31.108	16.959
569306	VAL	 187 	SER	 248 	LEU	 249 	3	43.8184579921	1	7.80190495969	4.49	27.168	10.662	7.2	29.799	6.039	10.096	31.69	7.663
419835	PRO	 189 	LYS	 353 	LYS	 188 	4	50.6699713103	1	7.7047353621	1.259	33.131	12.641	-3.61	34.444	7.493	2.107	30.161	10.38
477439	THR	 357 	LYS	 188 	LYS	 353 	8	78.8742654776	1	7.7047353621	-3.005	28.382	5.279	2.107	30.161	10.38	-3.61	34.444	7.493
657147	ASN	 191 	THR	 206 	LEU	 192 	4	49.474687365	1	7.1019244575	1.021	28.437	15.339	2.386	24.239	18.516	3.297	31.108	16.959
657580	ASN	 191 	THR	 206 	ASP	 207 	5	60.4193426253	1	6.17027260338	1.021	28.437	15.339	2.386	24.239	18.516	0.173	22.363	16.017
483195	THR	 195 	SER	 196 	LYS	 197 	4	44.2338863684	1	6.46618171721	3.854	31.974	26.684	3.126	34.673	29.233	1.77	37.989	27.819
627410	ARG	 198 	SER	 196 	PRO	 199 	3	39.5045017746	1	7.7699970399	4.308	39.879	29.956	3.126	34.673	29.233	7.513	40.999	28.18
656212	ASN	 200 	SER	 196 	PRO	 199 	5	52.6637626802	1	8.06034527796	10.287	38.347	28.796	3.126	34.673	29.233	7.513	40.999	28.18
663482	ASN	 200 	ALA	 201 	SER	 196 	3	41.0417050663	1	8.06034527796	10.287	38.347	28.796	7.943	35.656	27.438	3.126	34.673	29.233
598250	ALA	 201 	SER	 196 	ILE	 202 	3	40.1733394341	1	7.50713374065	7.943	35.656	27.438	3.126	34.673	29.233	9.154	33.056	25.061
625754	ARG	 198 	PRO	 199 	LYS	 197 	3	43.5115768888	1	6.49403341537	4.308	39.879	29.956	7.513	40.999	28.18	1.77	37.989	27.819
664856	ASN	 200 	ARG	 198 	PRO	 199 	9	89.1769521378	1	6.28021217794	10.287	38.347	28.796	4.308	39.879	29.956	7.513	40.999	28.18
589466	ALA	 201 	ILE	 202 	LEU	 203 	3	39.1979316383	1	6.56197515997	7.943	35.656	27.438	9.154	33.056	25.061	7.53	32.449	21.728
327385	LYS	 204 	LEU	 205 	LEU	 203 	2	29.5999327071	1	7.07125342496	6.724	28.814	20.927	5.035	26.945	18.056	7.53	32.449	21.728
480025	THR	 206 	ASP	 207 	LEU	 205 	2	32.2676192495	1	6.98507616279	2.386	24.239	18.516	0.173	22.363	16.017	5.035	26.945	18.056
389018	ASP	 207 	GLY	 209 	PHE	 210 	3	39.6796585846	1	7.86840835239	0.173	22.363	16.017	-1.051	18.171	12.653	0.848	18.311	9.306
292540	GLY	 209 	PHE	 210 	PHE	 208 	5	60.4093872009	1	5.56001915464	-1.051	18.171	12.653	0.848	18.311	9.306	1.972	19.265	14.667
592058	ALA	 211 	LYS	 212 	PHE	 210 	3	43.6712997794	1	6.45986547848	4.174	17.35	10.871	6.01	14.428	9.229	0.848	18.311	9.306
592273	ALA	 211 	LYS	 212 	GLU	 213 	2	28.6655929318	1	7.13051085126	4.174	17.35	10.871	6.01	14.428	9.229	9.294	12.522	9.722
482835	THR	 214 	SER	 216 	GLU	 213 	4	47.4767142123	1	7.81634345458	12.27	13.506	7.615	12.94	7.144	5.377	9.294	12.522	9.722
480315	THR	 214 	ASP	 241 	LYS	 242 	4	51.3150868548	1	7.71706505091	12.27	13.506	7.615	9.357	18.691	3.256	12.1	20.758	4.982
534968	TYR	 240 	LYS	 239 	GLY	 236 	9	84.1878358723	1	6.07682129077	11.151	18.956	-0.093	14.597	17.919	1.213	13.551	14.162	-2.954
539500	TYR	 240 	PRO	 237 	ASP	 241 	5	59.7318954943	1	5.99171369476	11.151	18.956	-0.093	10.563	14.177	-0.495	9.357	18.691	3.256
568303	VAL	 365 	PRO	 237 	ASP	 241 	8	75.9478079228	1	8.01979164318	3.075	17.044	-0.66	10.563	14.177	-0.495	9.357	18.691	3.256
535038	TYR	 240 	LYS	 242 	LYS	 239 	7	70.2450261861	1	5.4684028747	11.151	18.956	-0.093	12.1	20.758	4.982	14.597	17.919	1.213
542236	TYR	 240 	THR	 311 	LYS	 239 	5	60.0888591496	1	7.0244226809	11.151	18.956	-0.093	16.426	22.023	-3.573	14.597	17.919	1.213
448638	SER	 243 	LYS	 239 	LYS	 242 	7	71.3161779175	1	6.19079994831	11.845	23.379	2.183	14.597	17.919	1.213	12.1	20.758	4.982
537414	TYR	 240 	ASP	 241 	CYS	 244 	7	72.2643957954	1	6.39821959611	11.151	18.956	-0.093	9.357	18.691	3.256	8.089	23.805	2.744
534535	TYR	 240 	LYS	 242 	CYS	 244 	8	79.5649955313	1	6.39821959611	11.151	18.956	-0.093	12.1	20.758	4.982	8.089	23.805	2.744
540292	TYR	 240 	SER	 243 	CYS	 244 	5	55.5663475093	1	6.39821959611	11.151	18.956	-0.093	11.845	23.379	2.183	8.089	23.805	2.744
542525	TYR	 240 	THR	 311 	SER	 243 	6	65.6415881606	1	7.48036315963	11.151	18.956	-0.093	16.426	22.023	-3.573	11.845	23.379	2.183
542453	TYR	 240 	THR	 311 	PRO	 310 	6	61.7080554031	1	7.0244226809	11.151	18.956	-0.093	16.426	22.023	-3.573	13.107	23.989	-3.587
451014	SER	 243 	ASP	 241 	CYS	 244 	7	70.5925368374	1	5.41468530942	11.845	23.379	2.183	9.357	18.691	3.256	8.089	23.805	2.744
393414	ASP	 241 	ASP	 245 	CYS	 244 	7	71.0944394858	1	6.89044214837	9.357	18.691	3.256	9.165	24.916	6.204	8.089	23.805	2.744
483195	THR	 315 	SER	 243 	LYS	 242 	4	50.0104164221	1	7.96073997817	18.683	25.234	5.036	11.845	23.379	2.183	12.1	20.758	4.982
390533	ASP	 245 	LYS	 242 	CYS	 244 	6	67.0910459786	1	5.5118938669	9.165	24.916	6.204	12.1	20.758	4.982	8.089	23.805	2.744
361736	MET	 246 	LYS	 242 	CYS	 244 	9	88.4217958648	1	6.43240880231	11.991	27.189	5.061	12.1	20.758	4.982	8.089	23.805	2.744
511494	TRP	 247 	SER	 243 	CYS	 244 	7	70.2204246197	1	6.25877336225	9.373	29.071	2.997	11.845	23.379	2.183	8.089	23.805	2.744
452450	SER	 243 	PRO	 310 	CYS	 244 	3	40.0228743553	1	8.0805780115	11.845	23.379	2.183	13.107	23.989	-3.587	8.089	23.805	2.744
451591	SER	 243 	ASP	 245 	MET	 246 	8	76.392750959	1	5.0708194604	11.845	23.379	2.183	9.165	24.916	6.204	11.991	27.189	5.061
450150	SER	 243 	MET	 314 	MET	 246 	7	68.7043990815	1	7.7856482068	11.845	23.379	2.183	18.296	27.738	2.189	11.991	27.189	5.061
627415	ARG	 313 	SER	 243 	PRO	 310 	8	78.8540596138	1	6.25146006946	16.402	26.429	-0.819	11.845	23.379	2.183	13.107	23.989	-3.587
627267	ARG	 313 	SER	 243 	MET	 314 	4	45.2670460329	1	7.7856482068	16.402	26.429	-0.819	11.845	23.379	2.183	18.296	27.738	2.189
483267	THR	 315 	SER	 243 	MET	 314 	4	50.9340971475	1	7.7856482068	18.683	25.234	5.036	11.845	23.379	2.183	18.296	27.738	2.189
391972	ASP	 245 	MET	 246 	CYS	 244 	5	58.2496487421	1	5.6608788187	9.165	24.916	6.204	11.991	27.189	5.061	8.089	23.805	2.744
508613	TRP	 247 	ASP	 245 	CYS	 244 	6	68.2851652749	1	5.42617922668	9.373	29.071	2.997	9.165	24.916	6.204	8.089	23.805	2.744
451011	SER	 248 	ASP	 245 	CYS	 244 	4	49.9958755013	1	6.89749099311	7.2	29.799	6.039	9.165	24.916	6.204	8.089	23.805	2.744
507176	TRP	 247 	MET	 246 	CYS	 244 	9	86.207939106	1	5.6608788187	9.373	29.071	2.997	11.991	27.189	5.061	8.089	23.805	2.744
507675	TRP	 247 	MET	 246 	LYS	 307 	4	52.2077522203	1	7.62100997244	9.373	29.071	2.997	11.991	27.189	5.061	11.674	32.087	-0.769
622948	ARG	 313 	MET	 246 	MET	 314 	5	56.8122776357	1	7.38978490891	16.402	26.429	-0.819	11.991	27.189	5.061	18.296	27.738	2.189
478948	THR	 315 	MET	 246 	MET	 314 	5	56.4365715506	1	6.97176548659	18.683	25.234	5.036	11.991	27.189	5.061	18.296	27.738	2.189
478732	THR	 315 	MET	 246 	ILE	 316 	5	52.7214878967	1	7.34739640961	18.683	25.234	5.036	11.991	27.189	5.061	18.218	25.901	8.742
513438	TRP	 247 	THR	 308 	LYS	 307 	7	69.2270198576	1	7.83464619495	9.373	29.071	2.997	13.681	30.227	-3.444	11.674	32.087	-0.769
515339	TRP	 324 	TRP	 349 	TRP	 247 	9	85.5281472182	4	26.3700677853	21.492	38.936	10.775	-4.683	40.587	8.032	9.373	29.071	2.997
664563	ASN	 304 	ARG	 303 	GLY	 250 	4	48.0957027424	1	7.81076206269	15.462	35.67	-1.388	14.679	36.519	2.186	10.758	33.718	4.534
536332	TYR	 254 	MET	 253 	ILE	 252 	5	60.4075671455	1	5.5189443737	9.147	39.627	5.094	10.4	37.371	7.885	7.116	35.552	8.213
416816	PRO	 261 	ILE	 252 	ILE	 255 	9	87.3387515454	1	7.77877072551	2.933	39.453	2.941	7.116	35.552	8.213	5.764	40.195	6.778
631588	ARG	 303 	TYR	 254 	MET	 253 	5	54.4258637451	1	7.17734951079	14.679	36.519	2.186	9.147	39.627	5.094	10.4	37.371	7.885
544616	TYR	 254 	TYR	 260 	CYS	 258 	9	84.5757234484	1	7.28460369547	9.147	39.627	5.094	2.752	43.026	4.309	7.295	44.765	5.319
538853	TYR	 254 	PRO	 262 	CYS	 258 	6	63.207940584	1	7.8283887231	9.147	39.627	5.094	5.842	38.746	0.529	7.295	44.765	5.319
545044	TYR	 254 	TYR	 260 	GLY	 259 	5	52.5717872611	1	7.57312326587	9.147	39.627	5.094	2.752	43.026	4.309	4.075	44.691	7.54
545332	TYR	 254 	TYR	 260 	PRO	 261 	5	60.3313680818	1	7.28460369547	9.147	39.627	5.094	2.752	43.026	4.309	2.933	39.453	2.941
545335	TYR	 260 	TYR	 254 	PRO	 262 	8	82.3115285912	1	7.28460369547	2.752	43.026	4.309	9.147	39.627	5.094	5.842	38.746	0.529
531865	TYR	 260 	ILE	 255 	LEU	 256 	2	32.1861166035	1	7.76217733629	2.752	43.026	4.309	5.764	40.195	6.778	7.721	41.032	9.929
416452	PRO	 261 	ILE	 255 	CYS	 258 	5	60.3962881283	1	7.27318857173	2.933	39.453	2.941	5.764	40.195	6.778	7.295	44.765	5.319
416453	PRO	 262 	ILE	 255 	CYS	 258 	6	60.8746755586	1	7.8283887231	5.842	38.746	0.529	5.764	40.195	6.778	7.295	44.765	5.319
474055	THR	 338 	ILE	 255 	CYS	 258 	8	77.0654063583	1	7.47258977865	4.45	46.414	10.707	5.764	40.195	6.778	7.295	44.765	5.319
475850	THR	 338 	GLY	 259 	ILE	 255 	3	42.6789448311	1	7.47258977865	4.45	46.414	10.707	4.075	44.691	7.54	5.764	40.195	6.778
240772	HIS	 337 	LEU	 257 	CYS	 258 	5	55.0292101465	1	7.34181939304	5.817	49.902	10.12	9.561	43.876	8.23	7.295	44.765	5.319
471173	THR	 338 	LEU	 257 	CYS	 258 	6	60.7149502702	1	6.31219217071	4.45	46.414	10.707	9.561	43.876	8.23	7.295	44.765	5.319
417892	PRO	 261 	GLY	 259 	CYS	 258 	5	55.1259090166	1	7.27318857173	2.933	39.453	2.941	4.075	44.691	7.54	7.295	44.765	5.319
299812	GLY	 259 	HIS	 337 	CYS	 258 	5	52.5319942038	1	7.18490459227	4.075	44.691	7.54	5.817	49.902	10.12	7.295	44.765	5.319
475491	THR	 338 	GLY	 259 	CYS	 258 	4	46.6513890257	1	6.31219217071	4.45	46.414	10.707	4.075	44.691	7.54	7.295	44.765	5.319
538851	TYR	 260 	PRO	 261 	CYS	 258 	4	51.5085181783	1	7.27318857173	2.752	43.026	4.309	2.933	39.453	2.941	7.295	44.765	5.319
538852	TYR	 260 	PRO	 262 	CYS	 258 	5	60.2802672035	1	7.8283887231	2.752	43.026	4.309	5.842	38.746	0.529	7.295	44.765	5.319
543176	TYR	 260 	TRP	 291 	CYS	 258 	9	86.6238640672	1	5.95025091908	2.752	43.026	4.309	6.042	47.061	1.428	7.295	44.765	5.319
541735	TYR	 260 	THR	 338 	CYS	 258 	8	76.2146382037	1	7.43613824508	2.752	43.026	4.309	4.45	46.414	10.707	7.295	44.765	5.319
423655	PRO	 262 	PRO	 261 	CYS	 258 	8	81.4591095885	1	7.8283887231	5.842	38.746	0.529	2.933	39.453	2.941	7.295	44.765	5.319
498532	TRP	 291 	GLU	 293 	CYS	 258 	5	54.5617981808	1	7.93107672388	6.042	47.061	1.428	11.85	47.533	-0.554	7.295	44.765	5.319
240775	HIS	 337 	LEU	 336 	CYS	 258 	8	77.9548927718	1	7.94702869002	5.817	49.902	10.12	9.321	49.395	11.452	7.295	44.765	5.319
472615	THR	 338 	HIS	 337 	CYS	 258 	8	76.1044058318	1	7.18490459227	4.45	46.414	10.707	5.817	49.902	10.12	7.295	44.765	5.319
539281	TYR	 260 	PRO	 261 	GLY	 259 	2	31.6843234632	1	7.06339925248	2.752	43.026	4.309	2.933	39.453	2.941	4.075	44.691	7.54
543604	TYR	 260 	TRP	 291 	GLY	 259 	5	55.1522388242	1	6.84416050367	2.752	43.026	4.309	6.042	47.061	1.428	4.075	44.691	7.54
475779	THR	 338 	GLY	 259 	HIS	 337 	4	48.950997846	1	6.07004818762	4.45	46.414	10.707	4.075	44.691	7.54	5.817	49.902	10.12
562184	VAL	 341 	GLY	 259 	HIS	 337 	9	88.587997785	1	6.19791239047	-0.056	48.319	8.93	4.075	44.691	7.54	5.817	49.902	10.12
483121	THR	 338 	SER	 339 	GLY	 259 	2	28.923825448	1	6.86841648417	4.45	46.414	10.707	2.239	47.223	13.655	4.075	44.691	7.54
543894	TYR	 260 	TRP	 291 	PRO	 289 	7	71.2304216794	1	7.19532535748	2.752	43.026	4.309	6.042	47.061	1.428	1.081	47.841	-0.77
423579	PRO	 261 	PRO	 262 	PHE	 263 	4	46.6148941733	1	6.32914038397	2.933	39.453	2.941	5.842	38.746	0.529	4.665	38.516	-3.074
596667	ALA	 270 	PRO	 262 	LEU	 269 	4	50.3662099449	1	7.47866258097	8.75	42.732	-3.953	5.842	38.746	0.529	9.853	39.578	-5.728
540219	TYR	 264 	SER	 265 	PHE	 263 	4	48.8963130087	1	6.20620415391	4.029	40.506	-6.266	6.361	39.231	-9.001	4.665	38.516	-3.074
660608	ASN	 266 	TYR	 264 	SER	 265 	9	89.1687750202	1	6.86131627314	6.355	40.278	-12.717	4.029	40.506	-6.266	6.361	39.231	-9.001
540578	TYR	 264 	SER	 265 	HIS	 267 	3	40.1011681669	1	8.05004633527	4.029	40.506	-6.266	6.361	39.231	-9.001	9.563	42.113	-11.887
540721	TYR	 264 	SER	 265 	GLY	 268 	2	31.9589905827	1	7.08132508786	4.029	40.506	-6.266	6.361	39.231	-9.001	10.239	39.318	-9.455
541083	TYR	 264 	SER	 272 	SER	 265 	4	49.2147316444	1	7.62878135746	4.029	40.506	-6.266	6.005	46.718	-7.581	6.361	39.231	-9.001
660099	ASN	 266 	TYR	 264 	HIS	 267 	4	45.7229430376	1	8.05004633527	6.355	40.278	-12.717	4.029	40.506	-6.266	9.563	42.113	-11.887
533379	TYR	 264 	GLY	 268 	HIS	 267 	4	46.5204267427	1	8.05004633527	4.029	40.506	-6.266	10.239	39.318	-9.455	9.563	42.113	-11.887
540583	TYR	 264 	SER	 272 	HIS	 267 	8	82.273557546	1	8.05004633527	4.029	40.506	-6.266	6.005	46.718	-7.581	9.563	42.113	-11.887
598181	ALA	 270 	SER	 265 	HIS	 267 	6	61.4338174665	1	7.99953036121	8.75	42.732	-3.953	6.361	39.231	-9.001	9.563	42.113	-11.887
454252	SER	 265 	SER	 272 	ILE	 271 	5	59.4407651868	1	7.62878135746	6.361	39.231	-9.001	6.005	46.718	-7.581	9.315	44.901	-7.076
648584	ASN	 266 	GLY	 268 	HIS	 267 	9	89.7158917839	1	5.16214102868	6.355	40.278	-12.717	10.239	39.318	-9.455	9.563	42.113	-11.887
654340	ASN	 266 	PRO	 273 	HIS	 267 	5	53.9710659054	1	7.6293008854	6.355	40.278	-12.717	4.653	47.52	-11.025	9.563	42.113	-11.887
590979	ALA	 270 	GLY	 268 	HIS	 267 	4	44.9736972162	1	7.99953036121	8.75	42.732	-3.953	10.239	39.318	-9.455	9.563	42.113	-11.887
452744	SER	 272 	PRO	 273 	HIS	 267 	9	88.149436151	1	7.35437237295	6.005	46.718	-7.581	4.653	47.52	-11.025	9.563	42.113	-11.887
600920	ALA	 270 	TRP	 291 	GLU	 293 	9	85.3595215207	1	7.41813089666	8.75	42.732	-3.953	6.042	47.061	1.428	11.85	47.533	-0.554
452883	SER	 272 	PRO	 273 	GLY	 274 	4	45.1002744467	1	6.39457817217	6.005	46.718	-7.581	4.653	47.52	-11.025	5.5	51.031	-12.275
481685	THR	 277 	PRO	 273 	GLY	 274 	6	65.6021704765	1	5.98483257911	0.121	49.829	-14.179	4.653	47.52	-11.025	5.5	51.031	-12.275
481830	THR	 277 	PRO	 273 	MET	 275 	7	73.6464446573	1	6.66524395653	0.121	49.829	-14.179	4.653	47.52	-11.025	2.881	53.817	-12.303
625829	ARG	 278 	PRO	 273 	MET	 275 	6	67.8393589213	1	6.66524395653	-0.52	51.088	-10.681	4.653	47.52	-11.025	2.881	53.817	-12.303
478805	THR	 277 	MET	 275 	GLY	 274 	6	63.6203220761	1	5.83126581456	0.121	49.829	-14.179	2.881	53.817	-12.303	5.5	51.031	-12.275
622804	ARG	 278 	MET	 275 	GLY	 274 	5	55.7808118259	1	6.22771908487	-0.52	51.088	-10.681	2.881	53.817	-12.303	5.5	51.031	-12.275
622878	ARG	 278 	MET	 275 	LYS	 276 	7	71.6245643671	1	5.14895581647	-0.52	51.088	-10.681	2.881	53.817	-12.303	0.3	53.473	-15.17
478874	THR	 277 	MET	 281 	LYS	 276 	3	40.0522692022	1	7.81327466559	0.121	49.829	-14.179	-4.954	48.489	-12.237	0.3	53.473	-15.17
635840	ARG	 280 	ARG	 278 	LYS	 276 	9	86.1589806592	1	5.79359931304	-4.798	51.563	-14.559	-0.52	51.088	-10.681	0.3	53.473	-15.17
636198	ARG	 280 	ARG	 278 	THR	 277 	7	71.2846688349	1	5.79359931304	-4.798	51.563	-14.559	-0.52	51.088	-10.681	0.121	49.829	-14.179
628709	ARG	 280 	THR	 277 	MET	 281 	6	66.9727579513	1	5.59665873535	-4.798	51.563	-14.559	0.121	49.829	-14.179	-4.954	48.489	-12.237
478803	THR	 277 	MET	 281 	GLY	 282 	4	45.6667646414	1	7.42204082446	0.121	49.829	-14.179	-4.954	48.489	-12.237	-5.232	50.62	-9.099
635910	ARG	 278 	ARG	 280 	MET	 281 	7	70.8492677876	1	5.79359931304	-0.52	51.088	-10.681	-4.798	51.563	-14.559	-4.954	48.489	-12.237
622446	ARG	 278 	MET	 281 	GLN	 283 	7	75.411583812	1	6.90281065943	-0.52	51.088	-10.681	-4.954	48.489	-12.237	-3.375	50.464	-5.814
631085	ARG	 278 	TYR	 284 	GLN	 283 	6	65.8345335131	1	7.69452467668	-0.52	51.088	-10.681	-4.875	53.782	-4.938	-3.375	50.464	-5.814
622732	ARG	 280 	MET	 281 	ILE	 279 	5	58.1038420829	1	5.75697151287	-4.798	51.563	-14.559	-4.954	48.489	-12.237	-2.794	53.825	-12.172
301322	GLY	 282 	ILE	 279 	GLN	 283 	3	43.7656491572	1	7.21512619432	-5.232	50.62	-9.099	-2.794	53.825	-12.172	-3.375	50.464	-5.814
622805	ARG	 280 	MET	 281 	GLY	 282 	6	60.7475946053	1	5.55780577207	-4.798	51.563	-14.559	-4.954	48.489	-12.237	-5.232	50.62	-9.099
360361	MET	 281 	GLY	 282 	GLN	 283 	2	32.9432333578	1	6.90281065943	-4.954	48.489	-12.237	-5.232	50.62	-9.099	-3.375	50.464	-5.814
533168	TYR	 284 	GLY	 282 	GLN	 283 	9	89.4728625317	1	5.23828349748	-4.875	53.782	-4.938	-5.232	50.62	-9.099	-3.375	50.464	-5.814
648362	ASN	 288 	GLY	 282 	GLN	 283 	3	42.209225804	1	8.00984881256	-1.033	50.626	-2.278	-5.232	50.62	-9.099	-3.375	50.464	-5.814
660244	ASN	 288 	TYR	 284 	GLY	 282 	5	58.0773720529	1	8.00984881256	-1.033	50.626	-2.278	-4.875	53.782	-4.938	-5.232	50.62	-9.099
659887	ASN	 288 	TYR	 284 	GLN	 283 	8	82.8919159834	1	5.63887400108	-1.033	50.626	-2.278	-4.875	53.782	-4.938	-3.375	50.464	-5.814
654122	ASN	 288 	PRO	 289 	GLN	 283 	3	36.8305785686	1	7.22343415558	-1.033	50.626	-2.278	1.081	47.841	-0.77	-3.375	50.464	-5.814
654196	ASN	 288 	PRO	 289 	GLU	 290 	5	58.7550385588	1	5.67473928917	-1.033	50.626	-2.278	1.081	47.841	-0.77	4.198	49.974	-0.177
498674	TRP	 291 	GLU	 293 	GLU	 290 	3	41.9134025537	1	8.04075332292	6.042	47.061	1.428	11.85	47.533	-0.554	4.198	49.974	-0.177
441073	SER	 292 	GLU	 290 	GLU	 293 	2	32.4346326443	1	8.04075332292	9.094	49.371	1.357	4.198	49.974	-0.177	11.85	47.533	-0.554
511635	TRP	 291 	SER	 292 	GLU	 293 	4	50.3000291657	1	6.15499569456	6.042	47.061	1.428	9.094	49.371	1.357	11.85	47.533	-0.554
569883	VAL	 294 	SER	 292 	SER	 295 	4	48.587872944	1	7.36378883456	15.084	49.426	0.2	9.094	49.371	1.357	15.931	47.362	3.213
354679	MET	 300 	GLU	 296 	GLU	 297 	8	78.655054806	1	6.19284215849	17.137	41.025	0.87	19.599	46.21	3.195	21.105	43.518	0.912
664639	ASN	 304 	ARG	 303 	LYS	 307 	8	75.867068956	1	6.11593606899	15.462	35.67	-1.388	14.679	36.519	2.186	11.674	32.087	-0.769
615242	ARG	 313 	LEU	 305 	GLN	 312 	3	40.6302142299	1	8.05003900612	16.402	26.429	-0.819	17.115	32.392	-0.266	18.463	25.274	-3.776
477074	THR	 308 	LYS	 307 	GLU	 309 	3	42.0985507375	1	6.55678038369	13.681	30.227	-3.444	11.674	32.087	-0.769	12.012	27.302	-5.239
481326	THR	 308 	PRO	 310 	GLN	 312 	7	75.3611787804	1	6.8927466949	13.681	30.227	-3.444	13.107	23.989	-3.587	18.463	25.274	-3.776
478448	THR	 308 	MET	 314 	GLN	 312 	9	86.0644069037	1	7.69571536636	13.681	30.227	-3.444	18.296	27.738	2.189	18.463	25.274	-3.776
628706	ARG	 313 	THR	 308 	MET	 314 	3	39.6218260571	1	7.69571536636	16.402	26.429	-0.819	13.681	30.227	-3.444	18.296	27.738	2.189
481393	THR	 311 	PRO	 310 	GLU	 309 	2	31.7199414821	1	7.08002775418	16.426	22.023	-3.573	13.107	23.989	-3.587	12.012	27.302	-5.239
412205	PRO	 310 	GLU	 309 	GLN	 312 	6	67.556520184	1	6.91871042897	13.107	23.989	-3.587	12.012	27.302	-5.239	18.463	25.274	-3.776
613804	ARG	 313 	GLU	 309 	GLN	 312 	5	54.556807394	1	6.91871042897	16.402	26.429	-0.819	12.012	27.302	-5.239	18.463	25.274	-3.776
622442	ARG	 313 	MET	 314 	GLN	 312 	3	42.9823736096	1	6.45603670993	16.402	26.429	-0.819	18.296	27.738	2.189	18.463	25.274	-3.776
478730	THR	 315 	MET	 314 	ILE	 316 	3	35.8127295422	1	6.80606068148	18.683	25.234	5.036	18.296	27.738	2.189	18.218	25.901	8.742
478303	THR	 315 	MET	 314 	PHE	 319 	8	80.9584962149	1	6.67264535248	18.683	25.234	5.036	18.296	27.738	2.189	19.928	30.362	8.103
354460	MET	 314 	GLU	 318 	PHE	 319 	5	57.7404936138	1	6.67264535248	18.296	27.738	2.189	22.638	28.081	6.576	19.928	30.362	8.103
484496	THR	 317 	THR	 315 	ILE	 316 	9	89.3721393887	1	5.49568003072	21.992	25.661	9.403	18.683	25.234	5.036	18.218	25.901	8.742
473982	THR	 315 	ILE	 316 	PHE	 319 	7	69.0616619336	1	6.10351521666	18.683	25.234	5.036	18.218	25.901	8.742	19.928	30.362	8.103
484063	THR	 315 	THR	 317 	PHE	 319 	8	80.4197612441	1	6.10351521666	18.683	25.234	5.036	21.992	25.661	9.403	19.928	30.362	8.103
657510	ASN	 321 	THR	 317 	MET	 320 	7	70.6957780602	1	5.95033293186	24.501	30.927	10.578	21.992	25.661	9.403	20.94	30.315	11.818
651319	ASN	 321 	MET	 320 	GLU	 318 	8	78.8375757105	1	5.94579885297	24.501	30.927	10.578	20.94	30.315	11.818	22.638	28.081	6.576
357559	MET	 320 	HIS	 322 	GLU	 318 	8	81.7934281804	1	6.64336217589	20.94	30.315	11.818	23.469	34.215	8.988	22.638	28.081	6.576
645557	ASN	 321 	HIS	 322 	GLU	 318 	6	67.3717682577	1	6.64336217589	24.501	30.927	10.578	23.469	34.215	8.988	22.638	28.081	6.576
357342	MET	 320 	HIS	 322 	PHE	 319 	7	70.8895015421	1	5.44194275971	20.94	30.315	11.818	23.469	34.215	8.988	19.928	30.362	8.103
358779	MET	 320 	ILE	 325 	PHE	 319 	4	48.4402503588	1	7.38545746721	20.94	30.315	11.818	20.154	36.047	12.812	19.928	30.362	8.103
651749	ASN	 321 	MET	 326 	MET	 320 	6	64.8383301077	1	5.904228146	24.501	30.927	10.578	23.183	34.882	14.759	20.94	30.315	11.818
359144	MET	 320 	ILE	 325 	HIS	 322 	9	89.3516400395	1	5.87040509675	20.94	30.315	11.818	20.154	36.047	12.812	23.469	34.215	8.988
363464	MET	 326 	MET	 320 	HIS	 322 	9	85.7620240486	1	5.8769055633	23.183	34.882	14.759	20.94	30.315	11.818	23.469	34.215	8.988
363533	MET	 320 	MET	 326 	ILE	 325 	6	64.4619087322	1	5.8769055633	20.94	30.315	11.818	23.183	34.882	14.759	20.154	36.047	12.812
654631	ASN	 321 	PRO	 323 	MET	 326 	8	82.782357388	1	6.44962526043	24.501	30.927	10.578	24.957	37.36	10.499	23.183	34.882	14.759
651531	ASN	 321 	MET	 326 	ILE	 325 	4	51.33931374	1	7.07824589853	24.501	30.927	10.578	23.183	34.882	14.759	20.154	36.047	12.812
510341	TRP	 324 	PRO	 323 	HIS	 322 	6	62.6397773165	1	5.4212303954	21.492	38.936	10.775	24.957	37.36	10.499	23.469	34.215	8.988
421061	PRO	 323 	MET	 326 	HIS	 322 	6	63.3985987006	1	5.81645304288	24.957	37.36	10.499	23.183	34.882	14.759	23.469	34.215	8.988
415082	PRO	 323 	HIS	 322 	GLN	 327 	3	42.1983278829	1	7.56574821151	24.957	37.36	10.499	23.469	34.215	8.988	24.865	38.242	15.239
503144	TRP	 324 	ILE	 325 	HIS	 322 	9	89.4142722633	1	5.4212303954	21.492	38.936	10.775	20.154	36.047	12.812	23.469	34.215	8.988
507464	TRP	 324 	MET	 326 	HIS	 322 	9	85.4558718679	1	5.93014780592	21.492	38.936	10.775	23.183	34.882	14.759	23.469	34.215	8.988
501485	TRP	 324 	HIS	 322 	GLN	 327 	6	67.2934209853	1	7.56574821151	21.492	38.936	10.775	23.469	34.215	8.988	24.865	38.242	15.239
359143	MET	 326 	ILE	 325 	HIS	 322 	8	83.0458772732	1	5.81645304288	23.183	34.882	14.759	20.154	36.047	12.812	23.469	34.215	8.988
357483	MET	 326 	HIS	 322 	GLN	 327 	4	45.0866790839	1	7.56574821151	23.183	34.882	14.759	23.469	34.215	8.988	24.865	38.242	15.239
510413	TRP	 324 	PRO	 323 	ILE	 325 	6	61.1216359013	1	5.49024106939	21.492	38.936	10.775	24.957	37.36	10.499	20.154	36.047	12.812
510631	TRP	 324 	PRO	 323 	MET	 326 	8	78.9358954765	1	5.93014780592	21.492	38.936	10.775	24.957	37.36	10.499	23.183	34.882	14.759
510127	TRP	 324 	PRO	 323 	GLN	 327 	8	76.8158448921	1	5.63791282302	21.492	38.936	10.775	24.957	37.36	10.499	24.865	38.242	15.239
512211	TRP	 324 	SER	 328 	PRO	 323 	4	50.1007531779	1	6.87329215151	21.492	38.936	10.775	21.437	39.748	15.898	24.957	37.36	10.499
416527	PRO	 323 	ILE	 325 	GLN	 327 	8	78.7705807844	1	5.73601560319	24.957	37.36	10.499	20.154	36.047	12.812	24.865	38.242	15.239
420846	PRO	 323 	MET	 326 	GLN	 327 	7	75.798962451	1	5.23785834096	24.957	37.36	10.499	23.183	34.882	14.759	24.865	38.242	15.239
453032	SER	 328 	PRO	 323 	MET	 326 	9	89.4304102122	1	6.87329215151	21.437	39.748	15.898	24.957	37.36	10.499	23.183	34.882	14.759
507536	TRP	 324 	MET	 326 	ILE	 325 	9	89.8783054044	1	5.93014780592	21.492	38.936	10.775	23.183	34.882	14.759	20.154	36.047	12.812
502928	TRP	 324 	ILE	 325 	GLN	 327 	9	88.3766795137	1	5.73601560319	21.492	38.936	10.775	20.154	36.047	12.812	24.865	38.242	15.239
507245	TRP	 324 	MET	 326 	GLN	 327 	6	67.1348966783	1	5.93014780592	21.492	38.936	10.775	23.183	34.882	14.759	24.865	38.242	15.239
505808	TRP	 324 	LYS	 330 	GLN	 327 	9	84.0189063014	1	7.99430234605	21.492	38.936	10.775	23.637	44.274	16.326	24.865	38.242	15.239
511996	TRP	 324 	SER	 328 	LYS	 330 	5	53.1135825967	1	7.99430234605	21.492	38.936	10.775	21.437	39.748	15.898	23.637	44.274	16.326
572474	VAL	 331 	TRP	 324 	LYS	 330 	3	43.5440069892	1	7.99430234605	21.106	44.66	13.548	21.492	38.936	10.775	23.637	44.274	16.326
449648	SER	 328 	MET	 326 	GLN	 327 	9	89.8378350301	1	5.2937503719	21.437	39.748	15.898	23.183	34.882	14.759	24.865	38.242	15.239
448204	SER	 328 	LYS	 330 	GLN	 327 	5	57.2652417506	1	6.25096608533	21.437	39.748	15.898	23.637	44.274	16.326	24.865	38.242	15.239
569162	VAL	 331 	SER	 328 	GLN	 327 	3	41.7926591032	1	7.62760027794	21.106	44.66	13.548	21.437	39.748	15.898	24.865	38.242	15.239
571250	VAL	 331 	THR	 329 	PRO	 332 	3	40.0143813142	1	7.63719038652	21.106	44.66	13.548	20.912	42.584	18.383	20.016	48.314	13.414
567723	VAL	 331 	PRO	 332 	GLN	 333 	4	44.1671615224	1	6.46401222152	21.106	44.66	13.548	20.016	48.314	13.414	16.947	49.198	15.521
481328	THR	 334 	PRO	 332 	GLN	 333 	9	89.1251222403	1	5.56423795322	15.182	50.976	12.702	20.016	48.314	13.414	16.947	49.198	15.521
481467	THR	 334 	PRO	 335 	LEU	 336 	4	49.4039291452	1	6.19785301536	15.182	50.976	12.702	11.572	51.34	13.864	9.321	49.395	11.452
444026	SER	 339 	HIS	 337 	LEU	 336 	3	42.1831906482	1	7.72822858099	2.239	47.223	13.655	5.817	49.902	10.12	9.321	49.395	11.452
482980	THR	 338 	SER	 339 	HIS	 337 	5	57.3883427325	1	5.69871476738	4.45	46.414	10.707	2.239	47.223	13.655	5.817	49.902	10.12
628421	ARG	 340 	THR	 338 	HIS	 337 	6	65.0358596602	1	5.80363627392	0.424	50.23	12.239	4.45	46.414	10.707	5.817	49.902	10.12
570820	VAL	 341 	THR	 338 	HIS	 337 	5	58.6169932815	1	6.19791239047	-0.056	48.319	8.93	4.45	46.414	10.707	5.817	49.902	10.12
629789	ARG	 348 	TRP	 349 	LEU	 342 	6	62.256128865	1	8.01591679099	-6.791	42.365	5.456	-4.683	40.587	8.032	-1.53	45.341	10.721
390675	ASP	 345 	LYS	 346 	GLU	 344 	4	47.3825544163	1	6.29736802164	-6.671	47.124	8.626	-7.427	44.251	10.968	-4.865	49.981	10.458
508759	TRP	 349 	ASP	 345 	GLU	 347 	8	80.9665698291	1	6.85837801525	-4.683	40.587	8.032	-6.671	47.124	8.626	-9.201	42.138	8.368
630222	ARG	 348 	TRP	 349 	ASP	 345 	7	71.5851331373	1	6.85837801525	-6.791	42.365	5.456	-4.683	40.587	8.032	-6.671	47.124	8.626
505875	TRP	 349 	LYS	 346 	GLU	 350 	4	52.2725335568	1	6.83106324081	-4.683	40.587	8.032	-7.427	44.251	10.968	-7.245	37.821	8.669
629718	ARG	 348 	TRP	 349 	GLU	 347 	7	72.8969233733	1	4.78861368248	-6.791	42.365	5.456	-4.683	40.587	8.032	-9.201	42.138	8.368
613879	ARG	 348 	GLU	 350 	GLU	 347 	8	76.9237872091	1	5.58367450699	-6.791	42.365	5.456	-7.245	37.821	8.669	-9.201	42.138	8.368
383479	ASP	 351 	GLU	 347 	GLU	 350 	8	77.4192635473	1	5.91852726614	-7.441	37.704	4.865	-9.201	42.138	8.368	-7.245	37.821	8.669
629716	ARG	 348 	TRP	 349 	GLU	 350 	5	60.1062817994	1	5.58367450699	-6.791	42.365	5.456	-4.683	40.587	8.032	-7.245	37.821	8.669
630224	ARG	 348 	TRP	 349 	ASP	 351 	9	84.1774650205	1	5.09393188019	-6.791	42.365	5.456	-4.683	40.587	8.032	-7.441	37.704	4.865
633390	ARG	 348 	VAL	 352 	TRP	 349 	7	73.6626004806	1	6.2761629998	-6.791	42.365	5.456	-3.672	36.975	4.675	-4.683	40.587	8.032
508760	TRP	 349 	ASP	 351 	GLU	 350 	9	89.8520123022	1	5.09393188019	-4.683	40.587	8.032	-7.441	37.704	4.865	-7.245	37.821	8.669
572117	VAL	 352 	TRP	 349 	GLU	 350 	6	68.2296454065	1	5.425318516	-3.672	36.975	4.675	-4.683	40.587	8.032	-7.245	37.821	8.669
509119	TRP	 349 	ASP	 351 	LYS	 353 	8	82.7716666671	1	6.25925706454	-4.683	40.587	8.032	-7.441	37.704	4.865	-3.61	34.444	7.493
383476	ASP	 351 	GLU	 354 	GLU	 350 	5	59.4077129976	1	6.26644428683	-7.441	37.704	4.865	-6.285	32.339	5.789	-7.245	37.821	8.669
441079	SER	 358 	GLU	 354 	GLU	 355 	8	75.9926309971	1	6.36481390144	-4.259	27.827	1.783	-6.285	32.339	5.789	-4.29	32.679	2.533
478520	THR	 357 	MET	 356 	GLU	 354 	9	83.2545618508	1	5.58205463965	-3.005	28.382	5.279	-1.056	31.437	4.056	-6.285	32.339	5.789
600124	ALA	 359 	THR	 362 	SER	 358 	5	55.5711699429	1	6.48421390764	-0.864	28.186	0.102	-1.217	23.162	-1.538	-4.259	27.827	1.783
605958	ALA	 359 	ALA	 361 	THR	 362 	7	70.5744980861	1	5.4379979772	-0.864	28.186	0.102	-1.719	23.26	2.241	-1.217	23.162	-1.538
633098	ARG	 364 	VAL	 365 	ASP	 366 	3	38.6055893061	1	6.8238348456	2.941	20.531	0.966	3.075	17.044	-0.66	1.622	13.836	1.01
537554	TYR	 367 	ASP	 366 	GLU	 368 	3	36.6967433531	1	6.74307392811	1.716	10.092	0.253	1.622	13.836	1.01	-1.076	7.657	0.911
527402	TYR	 367 	GLU	 368 	GLN	 369 	3	35.4094253382	1	6.78699027552	1.716	10.092	0.253	-1.076	7.657	0.911	-1.107	3.92	0.271
330410	LYS	 371 	ILE	 370 	ILE	 372 	3	37.0299569624	1	6.75458703401	-5.378	-0.385	-1.813	-2.732	2.201	-2.699	-7.003	-2.793	-4.262
333290	LYS	 374 	LYS	 373 	ILE	 372 	3	38.9755197572	1	6.71914518373	-12.971	-4.861	-6.554	-9.923	-5.295	-4.323	-7.003	-2.793	-4.262
333289	LYS	 373 	LYS	 374 	ILE	 375 	2	30.1049928503	1	7.04761888867	-9.923	-5.295	-4.323	-12.971	-4.861	-6.554	-15.775	-2.293	-6.855
390674	ASP	 377 	LYS	 373 	GLU	 376 	3	41.4528756296	1	7.72651447938	-9.972	-0.424	-6.734	-9.923	-5.295	-4.323	-13.614	0.846	-7.215
