605595	ALA	  13 	ALA	   9 	LYS	   8 	4	49.7048041841	1	7.12298553979	15.623	-0.22	-8.834	14.673	-5.031	-6.29	16.762	-7.249	-8.653
595515	ALA	   9 	ASP	 210 	LYS	   8 	4	49.9982242388	1	7.12346172868	14.673	-5.031	-6.29	18.179	-5.312	-1.946	16.762	-7.249	-8.653
596959	ALA	  13 	PRO	 184 	LYS	   8 	8	76.1247670882	1	7.12298553979	15.623	-0.22	-8.834	20.806	-3.275	-9.957	16.762	-7.249	-8.653
604659	ALA	   9 	VAL	  11 	TYR	  12 	4	50.4027593228	1	7.04015589316	14.673	-5.031	-6.29	10.819	-1.131	-6.383	13.238	1.852	-6.649
606099	ALA	   9 	ALA	  13 	TYR	  12 	4	50.5254753732	1	7.04015589316	14.673	-5.031	-6.29	15.623	-0.22	-8.834	13.238	1.852	-6.649
605815	ALA	   9 	ALA	  13 	PRO	 184 	8	75.8896314329	1	7.35826841043	14.673	-5.031	-6.29	15.623	-0.22	-8.834	20.806	-3.275	-9.957
603224	ALA	   9 	TYR	 209 	TYR	 211 	9	85.7122616389	1	7.64765885745	14.673	-5.031	-6.29	20.119	-8.534	-2.221	15.941	-3.035	0.095
603003	ALA	   9 	TYR	 211 	SER	 212 	4	51.7171182864	1	7.42684037798	14.673	-5.031	-6.29	15.941	-3.035	0.095	13.814	-6.052	1.016
633457	ARG	  10 	VAL	  11 	TYR	  12 	2	29.8360330751	1	7.11220528388	10.974	-4.87	-7.171	10.819	-1.131	-6.383	13.238	1.852	-6.649
602860	ALA	  13 	TYR	  12 	ASP	  14 	5	60.2729979692	1	5.60092724466	15.623	-0.22	-8.834	13.238	1.852	-6.649	16.649	2.768	-10.996
540580	TYR	  12 	SER	 149 	HIS	 148 	5	55.3507714017	1	6.73712319911	13.238	1.852	-6.649	13.041	5.655	-2.332	14.611	2.912	-0.139
530285	TYR	  12 	HIS	 148 	GLN	 150 	6	65.1980626423	1	7.81664000706	13.238	1.852	-6.649	14.611	2.912	-0.139	16.399	7.474	-2.233
533382	TYR	  12 	GLY	 151 	HIS	 148 	7	72.7588408341	1	6.73712319911	13.238	1.852	-6.649	18.268	4.394	-3.368	14.611	2.912	-0.139
540362	TYR	  12 	SER	 149 	GLN	 150 	3	42.041662381	1	7.81664000706	13.238	1.852	-6.649	13.041	5.655	-2.332	16.399	7.474	-2.233
533163	TYR	  12 	GLY	 151 	GLN	 150 	4	46.364489869	1	7.81664000706	13.238	1.852	-6.649	18.268	4.394	-3.368	16.399	7.474	-2.233
597099	ALA	  13 	PRO	 184 	ASP	  14 	4	49.242159123	1	7.40796996484	15.623	-0.22	-8.834	20.806	-3.275	-9.957	16.649	2.768	-10.996
663771	ASN	  16 	ALA	  13 	VAL	  17 	4	49.1964445143	1	8.05200645802	20.901	5.548	-8.534	15.623	-0.22	-8.834	20.867	4.834	-12.268
663704	ASN	  16 	ALA	  13 	TYR	 182 	9	86.7744133362	1	7.82413624626	20.901	5.548	-8.534	15.623	-0.22	-8.834	21.337	0.07	-4.219
590983	ALA	  13 	GLY	 151 	HIS	 183 	8	82.1680048099	1	7.99945629402	15.623	-0.22	-8.834	18.268	4.394	-3.368	22.627	-0.698	-7.734
661900	ASN	  16 	VAL	  15 	ASP	  14 	5	58.388990295	1	5.64529432359	20.901	5.548	-8.534	17.095	5.515	-8.444	16.649	2.768	-10.996
566643	VAL	  15 	ASP	  14 	GLY	 151 	4	44.4379875254	1	7.96564002451	17.095	5.515	-8.444	16.649	2.768	-10.996	18.268	4.394	-3.368
652903	ASN	  16 	ASP	  14 	HIS	 183 	8	77.5920068067	1	7.64135354502	20.901	5.548	-8.534	16.649	2.768	-10.996	22.627	-0.698	-7.734
422499	PRO	 184 	ASP	  14 	HIS	 183 	4	52.1221861816	1	7.64135354502	20.806	-3.275	-9.957	16.649	2.768	-10.996	22.627	-0.698	-7.734
569164	VAL	  15 	SER	 149 	GLN	 150 	5	60.472192049	1	7.33560222477	17.095	5.515	-8.444	13.041	5.655	-2.332	16.399	7.474	-2.233
561964	VAL	  15 	GLY	 151 	GLN	 150 	5	54.6075794266	1	6.54970365742	17.095	5.515	-8.444	18.268	4.394	-3.368	16.399	7.474	-2.233
661543	ASN	  16 	VAL	  17 	HIS	 183 	8	76.7468948042	1	7.36598805321	20.901	5.548	-8.534	20.867	4.834	-12.268	22.627	-0.698	-7.734
664850	ASN	  16 	ARG	  19 	PRO	  20 	3	39.5857484376	1	7.52566043613	20.901	5.548	-8.534	20.773	10.194	-10.465	24.175	11.856	-11.009
664638	ASN	  16 	ARG	  19 	LYS	  21 	7	74.1848502007	1	7.7838628585	20.901	5.548	-8.534	20.773	10.194	-10.465	27.241	9.784	-10.099
665143	ASN	  16 	ARG	  19 	TYR	  23 	8	76.1372914423	1	7.65185186736	20.901	5.548	-8.534	20.773	10.194	-10.465	24.831	11.372	-5.503
654555	ASN	  16 	PRO	  20 	LYS	  21 	4	50.7714119507	1	7.7838628585	20.901	5.548	-8.534	24.175	11.856	-11.009	27.241	9.784	-10.099
659096	ASN	  16 	TRP	  24 	PRO	  20 	9	89.6959026451	1	7.55283211782	20.901	5.548	-8.534	26.129	7.81	-4.938	24.175	11.856	-11.009
660748	ASN	  16 	TYR	  23 	TRP	  24 	5	59.2983082983	1	7.65185186736	20.901	5.548	-8.534	24.831	11.372	-5.503	26.129	7.81	-4.938
658303	ASN	  16 	TRP	  24 	PHE	 181 	8	80.8924172391	1	7.48176296069	20.901	5.548	-8.534	26.129	7.81	-4.938	23.475	2.493	-2.208
648362	ASN	  16 	GLY	 151 	GLN	 150 	3	40.5573034764	1	7.97998001251	20.901	5.548	-8.534	18.268	4.394	-3.368	16.399	7.474	-2.233
659739	ASN	  16 	TYR	 182 	PHE	 181 	4	51.8015878763	1	7.48176296069	20.901	5.548	-8.534	21.337	0.07	-4.219	23.475	2.493	-2.208
645343	ASN	  16 	HIS	 183 	PHE	 181 	8	79.64216993	1	7.48176296069	20.901	5.548	-8.534	22.627	-0.698	-7.734	23.475	2.493	-2.208
633170	ARG	  19 	VAL	  17 	PRO	  20 	3	40.5619427047	1	7.86361424537	20.773	10.194	-10.465	20.867	4.834	-12.268	24.175	11.856	-11.009
625466	ARG	  19 	PRO	  20 	LEU	  18 	3	35.6566304186	1	6.84046299603	20.773	10.194	-10.465	24.175	11.856	-11.009	18.874	7.974	-12.912
625754	ARG	  19 	PRO	  20 	LYS	  21 	3	43.4086022871	1	6.4913080346	20.773	10.194	-10.465	24.175	11.856	-11.009	27.241	9.784	-10.099
631734	ARG	  19 	TYR	  23 	PRO	  20 	7	68.8876956818	1	6.51739917452	20.773	10.194	-10.465	24.831	11.372	-5.503	24.175	11.856	-11.009
630292	ARG	  19 	TRP	  24 	PRO	  20 	5	53.4674795122	1	8.05716581684	20.773	10.194	-10.465	26.129	7.81	-4.938	24.175	11.856	-11.009
630079	ARG	  19 	TRP	  24 	LYS	  21 	8	81.9164710301	1	8.05716581684	20.773	10.194	-10.465	26.129	7.81	-4.938	27.241	9.784	-10.099
631947	ARG	  19 	TYR	  23 	TRP	  24 	4	44.5229701043	1	8.05716581684	20.773	10.194	-10.465	24.831	11.372	-5.503	26.129	7.81	-4.938
543892	TYR	  23 	TRP	  24 	PRO	  20 	5	57.5721585469	1	7.55283211782	24.831	11.372	-5.503	26.129	7.81	-4.938	24.175	11.856	-11.009
543680	TYR	  23 	TRP	  24 	LYS	  21 	9	86.615554939	1	5.63641206797	24.831	11.372	-5.503	26.129	7.81	-4.938	27.241	9.784	-10.099
508760	TRP	  24 	ASP	  25 	GLU	  22 	9	84.2600633663	1	5.48409345289	26.129	7.81	-4.938	29.892	8.017	-5.389	28.004	12.344	-7.388
543819	TYR	  23 	TRP	  24 	ASP	  25 	4	51.3072833323	1	6.07311633348	24.831	11.372	-5.503	26.129	7.81	-4.938	29.892	8.017	-5.389
545550	TYR	  26 	TYR	  23 	TRP	  24 	7	68.3533661041	1	7.53449142278	30.62	8.426	-1.685	24.831	11.372	-5.503	26.129	7.81	-4.938
543824	TYR	  26 	TRP	  24 	ASP	  25 	9	89.9752248897	1	5.57947542337	30.62	8.426	-1.685	26.129	7.81	-4.938	29.892	8.017	-5.389
515298	TRP	  33 	TRP	  24 	THR	 251 	4	47.7470915255	8	51.8660668742	34.949	20.23	8.617	26.129	7.81	-4.938	12.323	-26.349	5.693
515012	TRP	  33 	TRP	  24 	MET	 285 	6	66.9561369178	8	52.0624014525	34.949	20.23	8.617	26.129	7.81	-4.938	0.879	-16.918	21.646
514509	TRP	  33 	TRP	  24 	GLN	 290 	7	71.421892163	8	51.4298972389	34.949	20.23	8.617	26.129	7.81	-4.938	-2.118	-11.874	24.122
515329	TRP	  24 	TRP	 216 	TRP	 176 	8	78.9475208016	3	24.4759665591	26.129	7.81	-4.938	13.018	-8.977	7.119	23.636	4.598	8.796
595227	ALA	  28 	ASP	  25 	LEU	  29 	4	49.1358689349	1	7.2889999314	34.656	11.166	-4.004	29.892	8.017	-5.389	33.016	13.005	-1.089
535039	TYR	  26 	LYS	  76 	LYS	  79 	8	82.739843128	1	7.48167100319	30.62	8.426	-1.685	35.728	4.962	2.544	32.583	8.83	3.8
631517	ARG	  80 	TYR	  26 	LYS	  79 	6	63.5119804578	1	5.83967550468	29.79	6.335	3.089	30.62	8.426	-1.685	32.583	8.83	3.8
534890	TYR	  26 	LYS	  83 	ILE	  84 	3	37.9681626962	1	8.05319849501	30.62	8.426	-1.685	27.214	10.749	2.297	24.169	8.679	3.129
570602	VAL	  31 	THR	  30 	GLN	  32 	3	41.9379003297	1	6.5074200725	34.102	16.782	3.868	34.851	16.043	0.224	33.891	20.397	4.964
572048	VAL	  31 	TRP	  33 	GLN	  32 	9	89.5917860866	1	5.92951212158	34.102	16.782	3.868	34.949	20.23	8.617	33.891	20.397	4.964
504362	TRP	  33 	GLY	  34 	GLN	  32 	3	39.9358146654	1	6.61946531073	34.949	20.23	8.617	33.175	22.258	11.276	33.891	20.397	4.964
502923	TRP	  33 	ILE	 100 	GLN	  32 	4	44.0121706765	1	7.5352461141	34.949	20.23	8.617	31.213	16.902	11.079	33.891	20.397	4.964
504434	TRP	  33 	GLY	  34 	GLU	  35 	3	35.76306251	1	6.79086121195	34.949	20.23	8.617	33.175	22.258	11.276	34.599	23.466	14.577
504656	TRP	  33 	GLY	  34 	ILE	 100 	9	87.8452465832	1	5.7074503064	34.949	20.23	8.617	33.175	22.258	11.276	31.213	16.902	11.079
630003	ARG	 102 	TRP	  33 	GLY	  34 	4	47.4020257626	1	7.99582616119	37.851	16.274	13.778	34.949	20.23	8.617	33.175	22.258	11.276
572119	VAL	 101 	TRP	  33 	GLU	  35 	8	79.818551299	1	6.79086121195	34.413	17.715	12.982	34.949	20.23	8.617	34.599	23.466	14.577
629719	ARG	 102 	TRP	  33 	GLU	  35 	8	79.5194130739	1	7.93339580508	37.851	16.274	13.778	34.949	20.23	8.617	34.599	23.466	14.577
508973	TRP	  33 	ASP	  99 	ILE	 100 	6	67.2710313785	1	7.73306801987	34.949	20.23	8.617	27.985	18.807	11.663	31.213	16.902	11.079
572623	VAL	 101 	TRP	  33 	ASP	  99 	8	76.813625781	1	7.73306801987	34.413	17.715	12.982	34.949	20.23	8.617	27.985	18.807	11.663
629934	ARG	 102 	TRP	  33 	ILE	 100 	7	74.3482884274	1	7.19319324084	37.851	16.274	13.778	34.949	20.23	8.617	31.213	16.902	11.079
633388	ARG	 102 	VAL	 101 	TRP	  33 	5	56.0559372501	1	7.12091714599	37.851	16.274	13.778	34.413	17.715	12.982	34.949	20.23	8.617
297002	GLY	  34 	GLU	  35 	GLN	  36 	3	43.4987788411	1	6.49015177018	33.175	22.258	11.276	34.599	23.466	14.577	35.526	20.768	17.139
632882	ARG	 102 	VAL	 101 	GLY	  34 	3	37.1645206172	1	7.99582616119	37.851	16.274	13.778	34.413	17.715	12.982	33.175	22.258	11.276
537556	TYR	  39 	ASP	  37 	GLU	  35 	5	60.3247620759	1	7.81960702337	30.576	20.684	20.678	35.15	23.361	19.891	34.599	23.466	14.577
393484	ASP	  38 	ASP	  37 	GLN	  36 	5	60.2393615873	1	5.57752947101	31.451	24.029	19.106	35.15	23.361	19.891	35.526	20.768	17.139
537487	TYR	  39 	ASP	  38 	GLN	  36 	8	81.9172654858	1	6.08556299778	30.576	20.684	20.678	31.451	24.029	19.106	35.526	20.768	17.139
632527	ARG	 102 	VAL	 101 	GLN	  36 	8	77.2339977821	1	6.07437091393	37.851	16.274	13.778	34.413	17.715	12.982	35.526	20.768	17.139
566862	VAL	  59 	ASP	  37 	ASP	  38 	7	68.8295115032	1	7.9435625509	28.229	25.525	23.134	35.15	23.361	19.891	31.451	24.029	19.106
537553	TYR	  39 	ASP	  38 	GLU	  40 	2	34.0539815341	1	6.8505060397	30.576	20.684	20.678	31.451	24.029	19.106	31.547	19.288	24.05
660461	ASN	  58 	TYR	  39 	ASP	  38 	6	61.8751223242	1	5.84575692276	26.224	22.785	21.409	30.576	20.684	20.678	31.451	24.029	19.106
666223	ASN	  60 	ASN	  58 	ASP	  38 	8	82.3299610508	1	6.49912124829	26.735	28.14	20.866	26.224	22.785	21.409	31.451	24.029	19.106
659955	ASN	  58 	TYR	  39 	GLU	  40 	4	47.03834178	1	6.89479651621	26.224	22.785	21.409	30.576	20.684	20.678	31.547	19.288	24.05
660173	ASN	  58 	TYR	  39 	ILE	  57 	6	62.5624547173	1	5.74643619994	26.224	22.785	21.409	30.576	20.684	20.678	26.025	20.222	24.156
531653	TYR	  39 	ILE	  57 	CYS	  65 	6	60.6912508713	1	7.98664447688	30.576	20.684	20.678	26.025	20.222	24.156	23.481	17.017	20.654
659814	ASN	  58 	TYR	  39 	CYS	  65 	7	70.3103218668	1	7.98664447688	26.224	22.785	21.409	30.576	20.684	20.678	23.481	17.017	20.654
574994	VAL	  42 	VAL	  41 	GLU	  40 	3	41.2122112491	1	6.60849226375	28.62	15.528	28.629	31.007	15.866	25.633	31.547	19.288	24.05
632953	ARG	  43 	VAL	  42 	LYS	  44 	2	25.9388066656	1	7.2186748784	28.336	11.725	29.096	28.62	15.528	28.629	28.769	8.457	27.184
556059	VAL	  42 	GLU	  55 	PHE	  54 	4	51.1277378154	1	6.89913052493	28.62	15.528	28.629	25.521	13.057	24.661	28.227	10.655	23.761
331639	LYS	  44 	GLY	  46 	GLU	  52 	8	77.2458613791	1	7.37282612029	28.769	8.457	27.184	26.509	4.219	23.49	31.973	5.792	21.102
619920	ARG	  47 	GLY	  48 	GLY	  46 	1	21.7446685646	1	7.28921182296	29.182	2.589	21.345	29.996	0.163	18.538	26.509	4.219	23.49
540795	TYR	  50 	SER	  51 	LYS	  49 	4	50.9856732355	1	6.09245237979	34.101	1.417	15.626	32.702	4.331	17.656	33.088	-1.747	17.492
540432	TYR	  50 	SER	  51 	GLU	  52 	1	21.8186085829	1	7.32499726962	34.101	1.417	15.626	32.702	4.331	17.656	31.973	5.792	21.102
448274	SER	  51 	LYS	  71 	GLU	  52 	3	35.5513325294	1	8.00657130113	32.702	4.331	17.656	37.593	4.872	15.474	31.973	5.792	21.102
560378	VAL	  53 	ILE	  69 	PHE	  54 	3	40.6823239043	1	8.08321433589	28.816	7.889	21.296	33.504	9.65	17.721	28.227	10.655	23.761
301393	GLY	  56 	ILE	  57 	GLU	  55 	2	23.5059655312	1	7.20043512574	26.888	16.559	24.201	26.025	20.222	24.156	25.521	13.057	24.661
331635	LYS	  64 	GLY	  56 	GLU	  55 	4	50.0909551666	1	7.07452224535	21.832	18.969	23.441	26.888	16.559	24.201	25.521	13.057	24.661
268132	ILE	  66 	GLU	  55 	CYS	  65 	5	59.1754624901	1	5.99159820081	25.06	13.611	20.002	25.521	13.057	24.661	23.481	17.017	20.654
301610	GLY	  56 	ILE	  66 	ILE	  57 	3	37.5627104839	1	7.86716352951	26.888	16.559	24.201	25.06	13.611	20.002	26.025	20.222	24.156
648294	ASN	  58 	GLY	  56 	CYS	  65 	7	74.4230594253	1	6.85559887975	26.224	22.785	21.409	26.888	16.559	24.201	23.481	17.017	20.654
646854	ASN	  58 	ILE	  57 	CYS	  65 	7	73.0655125586	1	6.43147712427	26.224	22.785	21.409	26.025	20.222	24.156	23.481	17.017	20.654
272454	ILE	  57 	ILE	  66 	CYS	  65 	7	68.4949025027	1	7.86716352951	26.025	20.222	24.156	25.06	13.611	20.002	23.481	17.017	20.654
666656	ASN	  58 	ASN	  60 	VAL	  59 	9	89.468322737	1	5.40666209412	26.224	22.785	21.409	26.735	28.14	20.866	28.229	25.525	23.134
666872	ASN	  60 	ASN	  62 	ASN	  58 	9	86.707407859	1	5.97493514609	26.735	28.14	20.866	23.295	25.253	24.807	26.224	22.785	21.409
665716	ASN	  60 	ASN	  58 	GLU	  63 	5	56.6582313901	1	8.09147551439	26.735	28.14	20.866	26.224	22.785	21.409	21.157	22.666	22.962
665720	ASN	  61 	ASN	  58 	GLU	  63 	9	88.8446781347	1	5.73643887791	23.095	27.576	21.812	26.224	22.785	21.409	21.157	22.666	22.962
665718	ASN	  58 	ASN	  62 	GLU	  63 	7	70.1203977244	1	5.30098660628	26.224	22.785	21.409	23.295	25.253	24.807	21.157	22.666	22.962
666080	ASN	  62 	ASN	  58 	LYS	  64 	9	84.7583524476	1	6.59507247875	23.295	25.253	24.807	26.224	22.785	21.409	21.832	18.969	23.441
649732	ASN	  58 	LYS	  64 	CYS	  65 	5	59.1764498596	1	6.43147712427	26.224	22.785	21.409	21.832	18.969	23.441	23.481	17.017	20.654
666655	ASN	  61 	ASN	  62 	VAL	  59 	8	82.5019098013	1	5.68438571879	23.095	27.576	21.812	23.295	25.253	24.807	28.229	25.525	23.134
661394	ASN	  62 	VAL	  59 	GLU	  63 	3	39.8740544389	1	7.62998355175	23.295	25.253	24.807	28.229	25.525	23.134	21.157	22.666	22.962
666872	ASN	  60 	ASN	  62 	ASN	  61 	9	89.9306732674	1	5.97493514609	26.735	28.14	20.866	23.295	25.253	24.807	23.095	27.576	21.812
325730	LYS	  64 	GLU	  63 	CYS	  65 	3	41.3468941218	1	6.52985765542	21.832	18.969	23.441	21.157	22.666	22.962	23.481	17.017	20.654
534535	TYR	 115 	LYS	  64 	CYS	  65 	8	79.8011086356	1	5.88550227253	19.737	14.513	20.217	21.832	18.969	23.441	23.481	17.017	20.654
272450	ILE	  67 	ILE	  66 	CYS	  65 	3	39.2031061712	1	6.6410741601	28.718	13.181	19.253	25.06	13.611	20.002	23.481	17.017	20.654
272452	ILE	 112 	ILE	  66 	CYS	  65 	5	52.7962096177	1	6.85572731371	27.419	15.465	15.261	25.06	13.611	20.002	23.481	17.017	20.654
272456	ILE	 112 	ILE	  67 	CYS	  65 	9	87.29188931	1	6.85572731371	27.419	15.465	15.261	28.718	13.181	19.253	23.481	17.017	20.654
265184	ILE	  67 	CYS	  65 	PHE	 113 	9	83.7094237483	1	6.6410741601	28.718	13.181	19.253	23.481	17.017	20.654	23.751	14.539	15.402
265181	ILE	 112 	CYS	  65 	PHE	 113 	6	66.0789537512	1	6.85572731371	27.419	15.465	15.261	23.481	17.017	20.654	23.751	14.539	15.402
272666	ILE	  66 	ILE	 112 	LEU	 111 	3	37.8543467722	1	8.02836907472	25.06	13.611	20.002	27.419	15.465	15.261	29.77	13.002	13.529
445613	SER	 110 	ILE	  67 	ILE	  69 	6	68.0271761251	1	6.14172459493	33.223	12.969	15.087	28.718	13.181	19.253	33.504	9.65	17.721
445467	SER	 110 	ILE	  69 	LEU	 111 	4	46.9356622003	1	6.53846495747	33.223	12.969	15.087	33.504	9.65	17.721	29.77	13.002	13.529
419546	PRO	  72 	LYS	  71 	LEU	  70 	3	39.7134497207	1	6.63896761553	40.16	4.284	12.728	37.593	4.872	15.474	34.711	7.305	15.021
442586	SER	 110 	LEU	  70 	LEU	 111 	3	43.876889602	1	7.6873502587	33.223	12.969	15.087	34.711	7.305	15.021	29.77	13.002	13.529
481756	THR	 108 	PRO	  72 	LYS	  71 	5	54.2640765212	1	7.92417345848	39.914	11.881	14.968	40.16	4.284	12.728	37.593	4.872	15.474
481759	THR	 108 	PRO	 109 	LYS	  71 	8	80.580112815	1	8.00906542613	39.914	11.881	14.968	36.507	12.494	13.267	37.593	4.872	15.474
568153	VAL	  73 	PRO	  72 	LYS	  74 	2	30.8865693641	1	7.00912555174	38.582	2.585	9.712	40.16	4.284	12.728	39.124	2.821	5.952
563836	VAL	  73 	LYS	  76 	LYS	  77 	5	59.7164807319	1	8.07314492624	38.582	2.585	9.712	35.728	4.962	2.544	33.582	3.558	5.403
331851	LYS	  77 	GLY	 177 	ILE	  78 	4	51.4464596209	1	7.66189330388	33.582	3.558	5.403	27.187	3.113	9.265	33.383	7.005	6.992
618416	ARG	  80 	ILE	  84 	ILE	  82 	9	88.8274860831	1	6.09028546129	29.79	6.335	3.089	24.169	8.679	3.129	28.437	10.726	5.87
504439	TRP	 176 	GLY	 177 	GLU	  81 	8	80.0707658895	1	5.52078844007	23.636	4.598	8.796	27.187	3.113	9.265	27.996	7.026	6.435
503068	TRP	 176 	ILE	  84 	LEU	  85 	5	56.6294075452	1	7.00382317024	23.636	4.598	8.796	24.169	8.679	3.129	23.274	10.896	6.041
601136	ALA	 179 	TRP	 176 	ILE	  84 	9	84.552126018	1	7.4567251525	23.954	1.433	4.876	23.636	4.598	8.796	24.169	8.679	3.129
589395	ALA	 179 	ILE	  84 	GLU	 180 	4	50.3879772145	1	7.87124221454	23.954	1.433	4.876	24.169	8.679	3.129	24.703	1.092	1.102
211975	LEU	  97 	LEU	  85 	CYS	  89 	8	78.8637537896	1	6.8399304821	23.574	14.941	10.798	23.274	10.896	6.041	18.856	14.622	5.856
641095	ASN	  87 	GLN	  86 	CYS	  89 	8	80.1779992329	1	5.89965863419	21.418	12.454	1.004	23.651	13.928	3.754	18.856	14.622	5.856
302692	GLY	  91 	GLY	  90 	CYS	  89 	5	59.2526907991	1	5.62089112152	13.561	12.826	5.28	15.34	16.027	6.251	18.856	14.622	5.856
301252	GLY	  90 	ILE	  94 	CYS	  89 	5	59.0203050513	1	6.79257786117	15.34	16.027	6.251	15.757	10.131	9.598	18.856	14.622	5.856
330055	LYS	  96 	ILE	  94 	CYS	  89 	8	77.5025993321	1	6.61630153485	19.833	14.572	11.225	15.757	10.131	9.598	18.856	14.622	5.856
121278	CYS	  89 	CYS	 220 	CYS	 147 	4	50.6823910655	4	26.1969395541	18.856	14.622	5.856	12.019	-9.55	13.289	15.54	5.697	2.337
418328	PRO	  92 	GLY	  90 	GLY	  91 	9	89.8525292227	1	6.45474004124	10.811	11.625	7.583	15.34	16.027	6.251	13.561	12.826	5.28
654485	ASN	  93 	PRO	  92 	GLY	  90 	6	63.8167964988	1	8.08442014	12.168	10.15	10.807	10.811	11.625	7.583	15.34	16.027	6.251
654483	ASN	  93 	PRO	  92 	GLY	  91 	4	46.3684731042	1	6.2967574195	12.168	10.15	10.807	10.811	11.625	7.583	13.561	12.826	5.28
596883	ALA	 143 	PRO	  92 	GLY	  91 	4	48.4400891428	1	7.15351920386	11.874	6.184	7.332	10.811	11.625	7.583	13.561	12.826	5.28
533091	TYR	 146 	GLY	  91 	CYS	 147 	4	45.4037155877	1	7.96243248009	12.01	7.061	2.406	13.561	12.826	5.28	15.54	5.697	2.337
596956	ALA	 143 	PRO	  92 	LYS	 142 	5	58.2093328992	1	6.32972677135	11.874	6.184	7.332	10.811	11.625	7.583	8.134	5.939	6.829
664639	ASN	  93 	ARG	 172 	LYS	 170 	8	76.1824607126	1	7.87820036557	12.168	10.15	10.807	14.405	8.479	14.502	9.147	11.018	18.031
560811	VAL	  95 	ILE	 174 	ILE	  94 	4	52.1767869746	1	6.80370590193	18.296	11.226	12.224	19.77	6.185	13.421	15.757	10.131	9.598
269786	ILE	 112 	LEU	  98 	LEU	 111 	3	37.6355895	1	7.97260346436	27.419	15.465	15.261	24.228	18.511	11.948	29.77	13.002	13.529
632809	ARG	 102 	VAL	 101 	ILE	 100 	2	26.0020200958	1	7.19319324084	37.851	16.274	13.778	34.413	17.715	12.982	31.213	16.902	11.079
633097	ARG	 102 	VAL	 101 	ASP	 103 	2	24.7097752225	1	7.19596345182	37.851	16.274	13.778	34.413	17.715	12.982	40.688	16.439	16.265
568303	VAL	 101 	PRO	 109 	ASP	 103 	8	82.0725635016	1	7.19596345182	34.413	17.715	12.982	36.507	12.494	13.267	40.688	16.439	16.265
623883	ARG	 102 	ASP	 103 	GLN	 104 	4	47.3842052873	1	6.26819184454	37.851	16.274	13.778	40.688	16.439	16.265	43.565	18.571	14.946
625899	ARG	 102 	PRO	 109 	ASP	 103 	4	45.5048554043	1	6.48319288623	37.851	16.274	13.778	36.507	12.494	13.267	40.688	16.439	16.265
628923	ARG	 102 	THR	 108 	SER	 106 	4	51.971689092	1	8.02804141743	37.851	16.274	13.778	39.914	11.881	14.968	44.867	12.862	15.671
386288	ASP	 103 	HIS	 105 	GLN	 104 	9	89.7666875194	1	5.65665793557	40.688	16.439	16.265	46.343	16.304	16.288	43.565	18.571	14.946
479882	THR	 108 	ASP	 103 	GLN	 104 	3	34.9500124024	1	7.62144244878	39.914	11.881	14.968	40.688	16.439	16.265	43.565	18.571	14.946
451301	SER	 106 	ASP	 103 	HIS	 105 	6	66.1671397268	1	5.65665793557	44.867	12.862	15.671	40.688	16.439	16.265	46.343	16.304	16.288
481901	THR	 108 	PRO	 109 	ASP	 103 	6	62.6722140237	1	6.48319288623	39.914	11.881	14.968	36.507	12.494	13.267	40.688	16.439	16.265
443884	SER	 106 	HIS	 105 	GLN	 104 	5	54.7480864113	1	5.90029745013	44.867	12.862	15.671	46.343	16.304	16.288	43.565	18.571	14.946
472684	THR	 108 	HIS	 105 	GLN	 104 	5	52.9520794265	1	7.9143774234	39.914	11.881	14.968	46.343	16.304	16.288	43.565	18.571	14.946
477003	THR	 108 	LYS	 107 	GLN	 104 	4	47.8602688833	1	7.62144244878	39.914	11.881	14.968	42.433	13.974	12.993	43.565	18.571	14.946
448420	SER	 106 	LYS	 107 	HIS	 105 	5	58.9630733008	1	5.61907688148	44.867	12.862	15.671	42.433	13.974	12.993	46.343	16.304	16.288
482977	THR	 108 	SER	 106 	HIS	 105 	2	33.30652685	1	7.9143774234	39.914	11.881	14.968	44.867	12.862	15.671	46.343	16.304	16.288
477219	THR	 108 	LYS	 107 	HIS	 105 	4	51.9939801393	1	7.9143774234	39.914	11.881	14.968	42.433	13.974	12.993	46.343	16.304	16.288
481755	THR	 108 	PRO	 109 	LYS	 107 	4	51.2604821294	1	6.11415995865	39.914	11.881	14.968	36.507	12.494	13.267	42.433	13.974	12.993
269498	ILE	 112 	LEU	 111 	PHE	 113 	3	42.7711430878	1	6.48836335296	27.419	15.465	15.261	29.77	13.002	13.529	23.751	14.539	15.402
527259	TYR	 115 	GLU	 114 	PHE	 113 	4	46.6059286235	1	6.26873966599	19.737	14.513	20.217	20.451	15.796	16.719	23.751	14.539	15.402
662258	ASN	 117 	VAL	 116 	TYR	 115 	3	43.3327849902	1	6.42578150889	15.839	11.523	24.359	16.878	12.114	20.774	19.737	14.513	20.217
666434	ASN	 117 	ASN	 118 	THR	 119 	3	36.1922629757	1	6.81544994846	15.839	11.523	24.359	15.739	7.743	23.886	14.289	5.18	26.312
666147	ASN	 117 	ASN	 118 	MET	 163 	4	48.2943012985	1	7.75078550858	15.839	11.523	24.359	15.739	7.743	23.886	15.651	6.029	18.895
657512	ASN	 117 	THR	 119 	MET	 163 	9	88.5234258798	1	7.75078550858	15.839	11.523	24.359	14.289	5.18	26.312	15.651	6.029	18.895
653191	ASN	 117 	ASP	 165 	MET	 163 	8	78.4449969865	1	7.75078550858	15.839	11.523	24.359	11.389	9.929	22.462	15.651	6.029	18.895
652971	ASN	 117 	ASP	 165 	ILE	 164 	4	46.2940714386	1	7.16819886722	15.839	11.523	24.359	11.389	9.929	22.462	12.232	6.772	20.384
657579	ASN	 118 	THR	 119 	ASP	 120 	4	44.6441101668	1	6.36281800777	15.739	7.743	23.886	14.289	5.18	26.312	16.161	1.931	26.441
657507	ASN	 118 	THR	 119 	MET	 163 	4	51.3801464654	1	7.58865824767	15.739	7.743	23.886	14.289	5.18	26.312	15.651	6.029	18.895
652898	ASN	 118 	ASP	 165 	HIS	 166 	3	39.75546006	1	7.50694205386	15.739	7.743	23.886	11.389	9.929	22.462	8.254	8.316	23.861
480391	THR	 119 	ASP	 165 	MET	 163 	8	82.3652867274	1	7.58865824767	14.289	5.18	26.312	11.389	9.929	22.462	15.651	6.029	18.895
480173	THR	 119 	ASP	 165 	ILE	 164 	6	61.1995406472	1	6.76649842976	14.289	5.18	26.312	11.389	9.929	22.462	12.232	6.772	20.384
574133	VAL	 123 	TYR	 125 	PRO	 126 	6	62.1472765179	1	6.17551787302	12.427	-1.324	29.217	8.85	-2.13	24.654	7.24	-4.198	27.493
539430	TYR	 125 	PRO	 126 	MET	 225 	7	71.4232014138	1	7.80483401489	8.85	-2.13	24.654	7.24	-4.198	27.493	7.312	-6.669	20.09
625829	ARG	 228 	PRO	 126 	MET	 225 	6	61.1713477247	1	7.80483401489	7.234	-10.076	23.575	7.24	-4.198	27.493	7.312	-6.669	20.09
484352	THR	 127 	THR	 129 	LEU	 128 	9	89.3038262661	1	6.58920336611	5.414	-0.993	28.337	0.315	-0.515	24.191	4.043	-0.198	24.839
480026	THR	 129 	ASP	 130 	LEU	 128 	3	39.6834327533	1	6.65803139073	0.315	-0.515	24.191	-1.028	-2.368	21.11	4.043	-0.198	24.839
541946	TYR	 131 	THR	 129 	LEU	 128 	3	37.1370141613	1	7.8369867934	-1.534	1.074	19.482	0.315	-0.515	24.191	4.043	-0.198	24.839
480461	THR	 129 	ASP	 132 	ASP	 130 	6	65.9863568666	1	5.60423571953	0.315	-0.515	24.191	1.967	2.315	20.398	-1.028	-2.368	21.11
632020	ARG	 134 	TYR	 131 	TYR	 135 	5	60.510494611	1	6.01555201125	1.384	0.044	15.519	-1.534	1.074	19.482	2.29	3.753	15.689
574424	VAL	 327 	TYR	 131 	TYR	 135 	9	88.4102955624	1	7.89470354098	-2.612	5.128	12.794	-1.534	1.074	19.482	2.29	3.753	15.689
618413	ARG	 134 	ILE	 137 	ILE	 133 	6	60.6383512758	1	6.08768371386	1.384	0.044	15.519	6.361	0.558	13.404	3.449	-0.712	18.597
359211	MET	 225 	ILE	 133 	ILE	 226 	4	49.9322105357	1	7.81044736235	7.312	-6.669	20.09	3.449	-0.712	18.597	3.965	-8.448	19.541
632022	ARG	 134 	TYR	 138 	TYR	 135 	7	73.2394584083	1	6.06449058042	1.384	0.044	15.519	4.421	2.885	11.105	2.29	3.753	15.689
544972	TYR	 135 	TYR	 136 	ILE	 137 	5	59.430497286	1	5.65705674357	2.29	3.753	15.689	6.082	3.266	16.096	6.361	0.558	13.404
545622	TYR	 136 	TYR	 138 	TYR	 135 	7	72.7045097251	1	5.2739134426	6.082	3.266	16.096	4.421	2.885	11.105	2.29	3.753	15.689
544544	TYR	 135 	TYR	 138 	PHE	 324 	9	84.1315695338	1	7.5824458455	2.29	3.753	15.689	4.421	2.885	11.105	-2.208	0.437	10.564
574423	VAL	 327 	TYR	 138 	TYR	 135 	8	82.4520022425	1	7.57277089314	-2.612	5.128	12.794	4.421	2.885	11.105	2.29	3.753	15.689
586515	ALA	 143 	LEU	 140 	GLU	 139 	4	51.7933557501	1	6.78069885779	11.874	6.184	7.332	9.774	3.441	11.312	6.785	5.75	11.792
586586	ALA	 315 	LEU	 141 	LEU	 316 	3	43.1296522136	1	7.63785382159	7.82	-0.48	3.04	8.215	2.287	8.012	5.222	1.386	1.043
602212	ALA	 143 	TYR	 146 	CYS	 147 	5	57.3500843598	1	6.21504223638	11.874	6.184	7.332	12.01	7.061	2.406	15.54	5.697	2.337
537412	TYR	 146 	ASP	 145 	CYS	 147 	5	58.3384420238	1	5.64287320432	12.01	7.061	2.406	10.263	3.705	2.502	15.54	5.697	2.337
599978	ALA	 315 	THR	 314 	ASP	 145 	3	40.5370646944	1	7.75831972788	7.82	-0.48	3.04	7.713	-3.311	0.389	10.263	3.705	2.502
525894	TYR	 146 	GLN	 150 	CYS	 147 	7	74.423308881	1	6.39954771839	12.01	7.061	2.406	16.399	7.474	-2.233	15.54	5.697	2.337
530287	TYR	 146 	HIS	 148 	GLN	 150 	8	77.4027267555	1	6.39954771839	12.01	7.061	2.406	14.611	2.912	-0.139	16.399	7.474	-2.233
443813	SER	 149 	HIS	 148 	CYS	 147 	6	65.7780501859	1	5.29587820857	13.041	5.655	-2.332	14.611	2.912	-0.139	15.54	5.697	2.337
237894	HIS	 148 	GLN	 150 	CYS	 147 	7	74.6118305254	1	5.32856678667	14.611	2.912	-0.139	16.399	7.474	-2.233	15.54	5.697	2.337
299812	GLY	 151 	HIS	 148 	CYS	 147 	5	55.4998389645	1	6.45653297057	18.268	4.394	-3.368	14.611	2.912	-0.139	15.54	5.697	2.337
357412	MET	 153 	HIS	 148 	CYS	 147 	5	55.8679975961	1	6.75933369497	19.468	0.205	2.025	14.611	2.912	-0.139	15.54	5.697	2.337
439496	SER	 149 	GLN	 150 	CYS	 147 	9	84.9033435094	1	5.29587820857	13.041	5.655	-2.332	16.399	7.474	-2.233	15.54	5.697	2.337
446695	SER	 149 	GLY	 151 	CYS	 147 	8	76.1745880585	1	6.45653297057	13.041	5.655	-2.332	18.268	4.394	-3.368	15.54	5.697	2.337
445256	SER	 149 	ILE	 152 	CYS	 147 	9	89.760740915	1	7.35478966389	13.041	5.655	-2.332	19.622	3.332	-0.011	15.54	5.697	2.337
295493	GLY	 151 	GLN	 150 	CYS	 147 	6	65.7737681918	1	6.45653297057	18.268	4.394	-3.368	16.399	7.474	-2.233	15.54	5.697	2.337
271013	ILE	 152 	HIS	 154 	CYS	 147 	6	66.2584552545	1	7.53971697082	19.622	3.332	-0.011	19.97	0.661	5.781	15.54	5.697	2.337
357415	MET	 153 	HIS	 154 	CYS	 147 	8	77.71901569	1	7.53971697082	19.468	0.205	2.025	19.97	0.661	5.781	15.54	5.697	2.337
443885	SER	 149 	HIS	 148 	GLN	 150 	6	64.7799810569	1	5.32856678667	13.041	5.655	-2.332	14.611	2.912	-0.139	16.399	7.474	-2.233
299886	GLY	 151 	HIS	 148 	GLN	 150 	7	68.8622386482	1	5.32856678667	18.268	4.394	-3.368	14.611	2.912	-0.139	16.399	7.474	-2.233
360583	MET	 153 	GLY	 151 	HIS	 148 	8	80.8440481437	1	6.93340969509	19.468	0.205	2.025	18.268	4.394	-3.368	14.611	2.912	-0.139
359142	MET	 153 	ILE	 152 	HIS	 148 	7	74.6402436757	1	5.96667361266	19.468	0.205	2.025	19.622	3.332	-0.011	14.611	2.912	-0.139
536264	TYR	 211 	MET	 153 	HIS	 148 	9	88.4274916721	1	6.09839856028	15.941	-3.035	0.095	19.468	0.205	2.025	14.611	2.912	-0.139
447051	SER	 149 	GLY	 151 	ILE	 152 	4	45.2042941402	1	7.35478966389	13.041	5.655	-2.332	18.268	4.394	-3.368	19.622	3.332	-0.011
533378	TYR	 182 	GLY	 151 	HIS	 183 	3	35.6716534589	1	7.99945629402	21.337	0.07	-4.219	18.268	4.394	-3.368	22.627	-0.698	-7.734
359139	MET	 153 	ILE	 152 	HIS	 154 	4	44.3671868406	1	6.3876919932	19.468	0.205	2.025	19.622	3.332	-0.011	19.97	0.661	5.781
593931	ALA	 179 	MET	 153 	ILE	 152 	4	51.5605642302	1	6.80111711412	23.954	1.433	4.876	19.468	0.205	2.025	19.622	3.332	-0.011
536330	TYR	 211 	MET	 153 	ILE	 152 	3	42.0036525672	1	7.3552488741	15.941	-3.035	0.095	19.468	0.205	2.025	19.622	3.332	-0.011
531583	TYR	 182 	ILE	 152 	PHE	 181 	8	80.1702140313	1	5.59366901059	21.337	0.07	-4.219	19.622	3.332	-0.011	23.475	2.493	-2.208
357558	MET	 153 	HIS	 154 	GLU	 180 	7	69.3724565241	1	6.66933962248	19.468	0.205	2.025	19.97	0.661	5.781	24.703	1.092	1.102
536258	TYR	 211 	MET	 153 	HIS	 154 	3	35.0097377112	1	7.8882097462	15.941	-3.035	0.095	19.468	0.205	2.025	19.97	0.661	5.781
392260	ASP	 214 	MET	 153 	HIS	 154 	5	59.0097893604	1	7.08638793745	15.409	-4.237	5.768	19.468	0.205	2.025	19.97	0.661	5.781
354460	MET	 153 	GLU	 180 	PHE	 181 	5	58.7031240486	1	6.26173154966	19.468	0.205	2.025	24.703	1.092	1.102	23.475	2.493	-2.208
537992	TYR	 182 	ASP	 210 	MET	 153 	9	85.9865872509	1	6.91864517084	21.337	0.07	-4.219	18.179	-5.312	-1.946	19.468	0.205	2.025
545191	TYR	 182 	TYR	 211 	MET	 153 	8	76.6012713649	1	7.57419546883	21.337	0.07	-4.219	15.941	-3.035	0.095	19.468	0.205	2.025
392187	ASP	 214 	MET	 153 	LEU	 213 	4	47.3863428278	1	8.06215045754	15.409	-4.237	5.768	19.468	0.205	2.025	16.538	-7.156	3.518
508904	TRP	 176 	ASP	 156 	HIS	 154 	9	85.1891963525	1	7.7566410256	23.636	4.598	8.796	21.174	-2.612	10.252	19.97	0.661	5.781
601061	ALA	 179 	TRP	 176 	HIS	 154 	6	63.4998868176	1	6.1668265745	23.954	1.433	4.876	23.636	4.598	8.796	19.97	0.661	5.781
587955	ALA	 179 	HIS	 154 	GLU	 180 	4	45.0513678359	1	6.66933962248	23.954	1.433	4.876	19.97	0.661	5.781	24.703	1.092	1.102
537703	TYR	 211 	ASP	 214 	HIS	 154 	8	77.1522302604	1	7.8882097462	15.941	-3.035	0.095	15.409	-4.237	5.768	19.97	0.661	5.781
566715	VAL	 157 	ASP	 156 	LYS	 158 	4	49.0813568703	1	6.15687128337	17.574	-2.315	11.364	21.174	-2.612	10.252	17.338	-3.33	15.014
661899	ASN	 161 	VAL	 157 	ASP	 156 	4	49.7600815318	1	7.41233256135	19.279	1.731	15.952	17.574	-2.315	11.364	21.174	-2.612	10.252
566859	VAL	 157 	ASP	 214 	ASP	 156 	4	48.7055738021	1	7.48211908486	17.574	-2.315	11.364	15.409	-4.237	5.768	21.174	-2.612	10.252
509260	TRP	 176 	ASP	 156 	ASP	 175 	5	52.7710045079	1	7.7566410256	23.636	4.598	8.796	21.174	-2.612	10.252	23.027	4.404	12.584
598539	ALA	 193 	SER	 194 	ASP	 156 	4	50.1991087955	1	6.52338516416	23.038	-6.374	10.24	22.947	-7.837	13.732	21.174	-2.612	10.252
575574	VAL	 157 	VAL	 162 	PRO	 159 	7	71.7307820498	1	7.66958271355	17.574	-2.315	11.364	15.741	3.096	16.481	15.973	-1.741	18.207
662331	ASN	 161 	VAL	 157 	VAL	 162 	4	47.6004669802	1	7.66958271355	19.279	1.731	15.952	17.574	-2.315	11.364	15.741	3.096	16.481
421276	PRO	 159 	MET	 221 	LYS	 158 	5	60.3029403331	1	6.99098970104	15.973	-1.741	18.207	11.601	-6.409	15.384	17.338	-3.33	15.014
567941	VAL	 162 	PRO	 159 	HIS	 160 	6	65.66430148	1	5.66719630858	15.741	3.096	16.481	15.973	-1.741	18.207	19.398	-0.301	19.165
421060	PRO	 159 	MET	 163 	HIS	 160 	5	54.7293653001	1	7.80704348649	15.973	-1.741	18.207	15.651	6.029	18.895	19.398	-0.301	19.165
654630	ASN	 161 	PRO	 159 	MET	 163 	7	72.7778253015	1	7.80704348649	19.279	1.731	15.952	15.973	-1.741	18.207	15.651	6.029	18.895
568226	VAL	 162 	PRO	 159 	MET	 163 	3	35.699631189	1	7.80704348649	15.741	3.096	16.481	15.973	-1.741	18.207	15.651	6.029	18.895
651459	ASN	 161 	MET	 163 	HIS	 160 	4	50.496594884	1	7.36082936903	19.279	1.731	15.952	15.651	6.029	18.895	19.398	-0.301	19.165
661827	ASN	 161 	VAL	 162 	MET	 163 	4	46.1081685185	1	6.34794746355	19.279	1.731	15.952	15.741	3.096	16.481	15.651	6.029	18.895
392336	ASP	 165 	MET	 163 	ILE	 164 	9	88.7795951099	1	6.78956058961	11.389	9.929	22.462	15.651	6.029	18.895	12.232	6.772	20.384
622732	ARG	 172 	MET	 163 	ILE	 164 	5	54.8447123137	1	6.49874618677	14.405	8.479	14.502	15.651	6.029	18.895	12.232	6.772	20.384
387941	ASP	 165 	ILE	 164 	HIS	 166 	6	61.4874440606	1	5.50435727401	11.389	9.929	22.462	12.232	6.772	20.384	8.254	8.316	23.861
271227	ILE	 164 	HIS	 166 	LEU	 171 	4	46.4077672554	1	8.08728767882	12.232	6.772	20.384	8.254	8.316	23.861	11.089	8.277	16.287
621295	ARG	 172 	LYS	 170 	ILE	 164 	8	82.4869447916	1	6.82253076211	14.405	8.479	14.502	9.147	11.018	18.031	12.232	6.772	20.384
386356	ASP	 165 	HIS	 166 	GLU	 167 	5	60.252771264	1	5.56076451578	11.389	9.929	22.462	8.254	8.316	23.861	6.991	11.522	25.469
328755	LYS	 170 	HIS	 166 	GLU	 167 	4	47.0943280057	1	7.76055384621	9.147	11.018	18.031	8.254	8.316	23.861	6.991	11.522	25.469
621220	ARG	 169 	LYS	 170 	HIS	 166 	5	58.4648078893	1	6.48746121376	6.177	10.303	20.272	9.147	11.018	18.031	8.254	8.316	23.861
328826	LYS	 170 	HIS	 166 	LEU	 171 	3	43.3172649263	1	8.08728767882	9.147	11.018	18.031	8.254	8.316	23.861	11.089	8.277	16.287
621075	ARG	 169 	LYS	 170 	GLU	 167 	4	50.1766986957	1	7.76055384621	6.177	10.303	20.272	9.147	11.018	18.031	6.991	11.522	25.469
621146	ARG	 169 	LYS	 170 	LEU	 171 	3	39.0818266195	1	6.64173508957	6.177	10.303	20.272	9.147	11.018	18.031	11.089	8.277	16.287
508971	TRP	 176 	ASP	 175 	ILE	 174 	4	48.5857545757	1	6.23338992844	23.636	4.598	8.796	23.027	4.404	12.584	19.77	6.185	13.421
508828	TRP	 176 	ASP	 175 	LEU	 178 	5	57.359823368	1	7.59354838004	23.636	4.598	8.796	23.027	4.404	12.584	26.344	-0.104	7.452
586514	ALA	 179 	LEU	 178 	GLU	 180 	3	40.9228438057	1	6.66676810756	23.954	1.433	4.876	26.344	-0.104	7.452	24.703	1.092	1.102
584857	ALA	 179 	GLU	 180 	PHE	 181 	2	27.3715607257	1	7.17886460382	23.954	1.433	4.876	24.703	1.092	1.102	23.475	2.493	-2.208
530139	TYR	 182 	HIS	 183 	PHE	 181 	4	44.2807515433	1	6.4372557041	21.337	0.07	-4.219	22.627	-0.698	-7.734	23.475	2.493	-2.208
534821	TYR	 182 	LYS	 186 	HIS	 183 	6	66.8588759453	1	7.75966442573	21.337	0.07	-4.219	25.455	-5.612	-7.531	22.627	-0.698	-7.734
545260	TYR	 182 	TYR	 211 	ASP	 210 	5	59.4406599359	1	7.57419546883	21.337	0.07	-4.219	15.941	-3.035	0.095	18.179	-5.312	-1.946
331634	LYS	 186 	GLY	 185 	GLU	 187 	3	41.4712461011	1	6.51262143841	25.455	-5.612	-7.531	22.73	-6.581	-9.968	26.864	-8.24	-5.217
325802	LYS	 186 	GLU	 187 	GLN	 207 	3	35.4770109821	1	7.78305043026	25.455	-5.612	-7.531	26.864	-8.24	-5.217	24.716	-11.38	-2.358
534604	TYR	 188 	LYS	 186 	GLN	 207 	5	60.5072512416	1	7.78305043026	26.975	-6.946	-1.638	25.455	-5.612	-7.531	24.716	-11.38	-2.358
390602	ASP	 208 	LYS	 186 	GLN	 207 	3	40.3586961523	1	7.78305043026	22.555	-9.666	-4.899	25.455	-5.612	-7.531	24.716	-11.38	-2.358
659953	ASN	 189 	TYR	 188 	GLU	 187 	2	32.0409760705	1	6.90337482685	28.856	-8.018	1.389	26.975	-6.946	-1.638	26.864	-8.24	-5.217
537559	TYR	 188 	ASP	 208 	GLU	 187 	8	79.770412531	1	6.12934914979	26.975	-6.946	-1.638	22.555	-9.666	-4.899	26.864	-8.24	-5.217
527407	TYR	 209 	GLU	 187 	GLN	 207 	8	82.7221688591	1	7.38630333794	20.119	-8.534	-2.221	26.864	-8.24	-5.217	24.716	-11.38	-2.358
537554	TYR	 209 	ASP	 208 	GLU	 187 	3	40.1136118636	1	7.38630333794	20.119	-8.534	-2.221	22.555	-9.666	-4.899	26.864	-8.24	-5.217
662259	ASN	 189 	VAL	 190 	TYR	 188 	4	49.3049250212	1	6.06886620383	28.856	-8.018	1.389	26.596	-10.26	3.432	26.975	-6.946	-1.638
659885	ASN	 189 	TYR	 188 	GLN	 207 	6	65.2615343204	1	6.51787181525	28.856	-8.018	1.389	26.975	-6.946	-1.638	24.716	-11.38	-2.358
665211	ASN	 189 	ARG	 191 	VAL	 192 	4	48.9509567308	1	7.06304721774	28.856	-8.018	1.389	28.374	-9.372	6.647	25.798	-6.784	7.635
633532	ARG	 191 	VAL	 192 	VAL	 190 	5	60.5131587587	1	5.51222178436	28.374	-9.372	6.647	25.798	-6.784	7.635	26.596	-10.26	3.432
557713	VAL	 190 	LEU	 202 	GLU	 201 	2	28.8395265762	1	8.0443984859	26.596	-10.26	3.432	22.625	-13.141	4.137	19.663	-14.053	1.929
604442	ALA	 193 	VAL	 192 	SER	 194 	3	35.5987465524	1	6.81251928438	23.038	-6.374	10.24	25.798	-6.784	7.635	22.947	-7.837	13.732
540222	TYR	 196 	SER	 194 	PHE	 197 	7	70.0778143222	1	5.55631226624	19.258	-11.754	15.118	22.947	-7.837	13.732	18.061	-9.451	12.345
664568	ASN	 238 	ARG	 195 	GLY	 235 	9	86.3852266733	1	7.41934289543	25.205	-17.457	11.735	22.789	-11.683	13.687	20.843	-17.885	17.264
664780	ASN	 238 	ARG	 195 	ASP	 237 	5	52.5272963202	1	7.22930570664	25.205	-17.457	11.735	22.789	-11.683	13.687	26.117	-17.869	15.396
664205	ASN	 238 	ARG	 195 	GLN	 241 	6	67.8022661015	1	7.02181158961	25.205	-17.457	11.735	22.789	-11.683	13.687	20.56	-18.314	13.081
524381	TYR	 196 	CYS	 220 	PHE	 197 	6	63.2067670559	1	7.78498413614	19.258	-11.754	15.118	12.019	-9.55	13.289	18.061	-9.451	12.345
522938	TYR	 196 	PHE	 233 	PHE	 197 	3	40.270878255	1	7.92574526464	19.258	-11.754	15.118	15.147	-15.57	16.454	18.061	-9.451	12.345
538856	TYR	 196 	PRO	 231 	CYS	 220 	9	88.9576015628	1	7.78498413614	19.258	-11.754	15.118	14.99	-11.206	20.165	12.019	-9.55	13.289
524383	TYR	 196 	CYS	 220 	PHE	 232 	8	79.6331748125	1	7.78498413614	19.258	-11.754	15.118	12.019	-9.55	13.289	12.565	-13.487	18.398
524382	TYR	 196 	CYS	 220 	PHE	 233 	7	74.3070254128	1	7.78498413614	19.258	-11.754	15.118	12.019	-9.55	13.289	15.147	-15.57	16.454
538779	TYR	 196 	PRO	 231 	PHE	 232 	4	48.447019969	1	7.65231585861	19.258	-11.754	15.118	14.99	-11.206	20.165	12.565	-13.487	18.398
545335	TYR	 196 	TYR	 234 	PRO	 231 	8	81.4339630436	1	6.63237039074	19.258	-11.754	15.118	17.932	-16.111	18.949	14.99	-11.206	20.165
544542	TYR	 196 	TYR	 234 	PHE	 232 	7	72.2280090698	1	7.65231585861	19.258	-11.754	15.118	17.932	-16.111	18.949	12.565	-13.487	18.398
544541	TYR	 196 	TYR	 234 	PHE	 233 	6	65.6478724313	1	5.95132640678	19.258	-11.754	15.118	17.932	-16.111	18.949	15.147	-15.57	16.454
525823	TYR	 196 	GLN	 241 	PHE	 233 	8	78.3889281769	1	6.99129265587	19.258	-11.754	15.118	20.56	-18.314	13.081	15.147	-15.57	16.454
545044	TYR	 196 	TYR	 234 	GLY	 235 	5	56.1011863225	1	6.68630705248	19.258	-11.754	15.118	17.932	-16.111	18.949	20.843	-17.885	17.264
533164	TYR	 196 	GLY	 235 	GLN	 241 	5	60.3946959256	1	6.99129265587	19.258	-11.754	15.118	20.843	-17.885	17.264	20.56	-18.314	13.081
331419	LYS	 198 	GLY	 199 	PHE	 197 	4	44.5598461165	1	6.43038295905	19.902	-11.007	9.386	17.661	-12.075	6.488	18.061	-9.451	12.345
505660	TRP	 216 	LYS	 198 	PHE	 197 	5	54.8469595729	1	7.52659584407	13.018	-8.977	7.119	19.902	-11.007	9.386	18.061	-9.451	12.345
511419	TRP	 216 	SER	 217 	PHE	 197 	4	47.2152750234	1	7.27788437666	13.018	-8.977	7.119	14.77	-7.034	9.919	18.061	-9.451	12.345
495583	TRP	 216 	CYS	 220 	PHE	 197 	8	78.0035699773	1	7.27788437666	13.018	-8.977	7.119	12.019	-9.55	13.289	18.061	-9.451	12.345
442297	SER	 217 	LEU	 218 	PHE	 197 	2	29.5067462548	1	8.0187520226	14.77	-7.034	9.919	11.665	-4.943	10.593	18.061	-9.451	12.345
449500	SER	 217 	MET	 221 	PHE	 197 	5	57.925705417	1	7.76021165948	14.77	-7.034	9.919	11.601	-6.409	15.384	18.061	-9.451	12.345
207581	LEU	 218 	CYS	 220 	PHE	 197 	6	67.6854529402	1	8.0187520226	11.665	-4.943	10.593	12.019	-9.55	13.289	18.061	-9.451	12.345
331634	LYS	 198 	GLY	 199 	GLU	 201 	3	43.7566494688	1	8.0586652741	19.902	-11.007	9.386	17.661	-12.075	6.488	19.663	-14.053	1.929
506165	TRP	 216 	LYS	 198 	GLY	 199 	6	67.7943332652	1	7.52659584407	13.018	-8.977	7.119	19.902	-11.007	9.386	17.661	-12.075	6.488
448564	SER	 217 	LYS	 198 	GLY	 199 	5	57.3886033508	1	6.74843115102	14.77	-7.034	9.919	19.902	-11.007	9.386	17.661	-12.075	6.488
511998	TRP	 216 	SER	 217 	LYS	 198 	7	74.1088737656	1	7.52659584407	13.018	-8.977	7.119	14.77	-7.034	9.919	19.902	-11.007	9.386
539282	TYR	 307 	PRO	 200 	GLY	 199 	3	43.7001893816	1	7.75057862356	12.473	-16.565	2.883	17.872	-15.569	4.966	17.661	-12.075	6.488
511926	TRP	 216 	SER	 217 	GLY	 199 	7	71.9430981381	1	6.74843115102	13.018	-8.977	7.119	14.77	-7.034	9.919	17.661	-12.075	6.488
539498	TYR	 307 	PRO	 200 	ASP	 308 	3	39.1578056939	1	8.02633714717	12.473	-16.565	2.883	17.872	-15.569	4.966	12.058	-15.105	-0.548
386359	ASP	 308 	HIS	 309 	GLU	 201 	8	80.9769866735	1	8.06710964348	12.058	-15.105	-0.548	12.995	-11.454	-0.278	19.663	-14.053	1.929
557786	VAL	 204 	LEU	 206 	LEU	 203 	3	41.5224316272	1	7.87241163812	22.812	-18.343	2.52	22.689	-14.538	-1.738	22.609	-16.467	5.894
538057	TYR	 209 	ASP	 208 	ASP	 210 	2	34.0007666448	1	6.84301841295	20.119	-8.534	-2.221	22.555	-9.666	-4.899	18.179	-5.312	-1.946
545264	TYR	 211 	TYR	 209 	ASP	 210 	9	89.5072065503	1	7.28412939204	15.941	-3.035	0.095	20.119	-8.534	-2.221	18.179	-5.312	-1.946
545403	TYR	 209 	TYR	 211 	SER	 212 	4	52.3573477649	1	7.50942860676	20.119	-8.534	-2.221	15.941	-3.035	0.095	13.814	-6.052	1.016
540943	TYR	 211 	SER	 212 	ASP	 214 	8	82.1387831388	1	5.82329434255	15.941	-3.035	0.095	13.814	-6.052	1.016	15.409	-4.237	5.768
540867	TYR	 211 	SER	 212 	MET	 215 	4	51.0999959582	1	7.36203484099	15.941	-3.035	0.095	13.814	-6.052	1.016	11.881	-5.641	5.656
537987	TYR	 211 	ASP	 214 	MET	 215 	4	47.8202547725	1	7.36203484099	15.941	-3.035	0.095	15.409	-4.237	5.768	11.881	-5.641	5.656
511782	TRP	 216 	SER	 212 	HIS	 309 	7	68.5716404575	1	7.80074784876	13.018	-8.977	7.119	13.814	-6.052	1.016	12.995	-11.454	-0.278
443883	SER	 212 	HIS	 309 	GLN	 310 	4	49.8712395032	1	7.11098256221	13.814	-6.052	1.016	12.995	-11.454	-0.278	11.002	-10.8	-3.469
507391	TRP	 216 	MET	 215 	LEU	 218 	8	81.9299791888	1	5.49294465656	13.018	-8.977	7.119	11.881	-5.641	5.656	11.665	-4.943	10.593
507387	TRP	 216 	MET	 215 	LEU	 305 	4	50.0049562643	1	8.05588021261	13.018	-8.977	7.119	11.881	-5.641	5.656	8.99	-12.948	7.43
511494	TRP	 216 	SER	 217 	CYS	 220 	7	69.8741493324	1	6.276561957	13.018	-8.977	7.119	14.77	-7.034	9.919	12.019	-9.55	13.289
629789	ARG	 306 	TRP	 216 	LEU	 305 	6	66.9637054661	1	7.44041094295	9.371	-14.722	4.11	13.018	-8.977	7.119	8.99	-12.948	7.43
629863	ARG	 306 	TRP	 216 	HIS	 309 	8	78.7878179461	1	7.80074784876	9.371	-14.722	4.11	13.018	-8.977	7.119	12.995	-11.454	-0.278
636272	ARG	 312 	ARG	 306 	TRP	 216 	9	87.5222058479	1	7.68282096629	8.153	-9.614	1.207	9.371	-14.722	4.11	13.018	-8.977	7.119
629861	ARG	 312 	TRP	 216 	HIS	 309 	6	67.8037448229	1	7.80074784876	8.153	-9.614	1.207	13.018	-8.977	7.119	12.995	-11.454	-0.278
593574	ALA	 223 	MET	 221 	CYS	 220 	7	71.3160167334	1	5.57098914018	7.593	-10.229	16.0	11.601	-6.409	15.384	12.019	-9.55	13.289
360292	MET	 221 	GLY	 224 	CYS	 220 	5	57.7042477664	1	6.26287889073	11.601	-6.409	15.384	9.687	-9.472	19.101	12.019	-9.55	13.289
351582	MET	 221 	CYS	 220 	PHE	 232 	7	69.6590206031	1	7.75316554705	11.601	-6.409	15.384	12.019	-9.55	13.289	12.565	-13.487	18.398
417894	PRO	 231 	GLY	 224 	CYS	 220 	7	74.3793903026	1	7.67128105338	14.99	-11.206	20.165	9.687	-9.472	19.101	12.019	-9.55	13.289
409180	PRO	 231 	CYS	 220 	PHE	 232 	5	60.3226296988	1	7.67128105338	14.99	-11.206	20.165	12.019	-9.55	13.289	12.565	-13.487	18.398
119741	CYS	 220 	PHE	 233 	PHE	 232 	6	61.4513574373	1	7.48612109173	12.019	-9.55	13.289	15.147	-15.57	16.454	12.565	-13.487	18.398
363102	MET	 225 	MET	 221 	PHE	 222 	7	72.726365841	1	6.37256282825	7.312	-6.669	20.09	11.601	-6.409	15.384	7.847	-6.549	14.985
594151	ALA	 223 	MET	 221 	MET	 225 	8	78.9251414952	1	6.37256282825	7.593	-10.229	16.0	11.601	-6.409	15.384	7.312	-6.669	20.09
363606	MET	 221 	MET	 225 	GLY	 224 	7	72.5985036864	1	6.37256282825	11.601	-6.409	15.384	7.312	-6.669	20.09	9.687	-9.472	19.101
420699	PRO	 231 	MET	 221 	PHE	 232 	4	50.5555291271	1	7.75316554705	14.99	-11.206	20.165	11.601	-6.409	15.384	12.565	-13.487	18.398
292540	GLY	 224 	PHE	 227 	PHE	 232 	5	53.9853911827	1	7.95585972727	9.687	-9.472	19.101	5.193	-11.841	20.896	12.565	-13.487	18.398
419767	PRO	 231 	LYS	 229 	GLY	 224 	8	76.0517975417	1	5.67984691695	14.99	-11.206	20.165	10.374	-12.144	22.739	9.687	-9.472	19.101
622301	ARG	 228 	MET	 225 	PHE	 227 	6	64.4280036469	1	5.64706835446	7.234	-10.076	23.575	7.312	-6.669	20.09	5.193	-11.841	20.896
622519	ARG	 228 	MET	 225 	GLU	 230 	8	76.3717991753	1	7.57238912101	7.234	-10.076	23.575	7.312	-6.669	20.09	13.617	-10.185	22.376
361875	MET	 225 	LYS	 229 	GLU	 230 	4	50.3785428436	1	7.57238912101	7.312	-6.669	20.09	10.374	-12.144	22.739	13.617	-10.185	22.376
621291	ARG	 228 	LYS	 229 	ILE	 226 	4	45.8876771012	1	8.0599566376	7.234	-10.076	23.575	10.374	-12.144	22.739	3.965	-8.448	19.541
664495	ASN	 289 	ARG	 228 	ILE	 226 	8	80.5205284081	1	6.28498695305	1.565	-11.098	24.71	7.234	-10.076	23.575	3.965	-8.448	19.541
321340	LYS	 229 	PHE	 227 	PHE	 232 	5	55.4303751994	1	7.95585972727	10.374	-12.144	22.739	5.193	-11.841	20.896	12.565	-13.487	18.398
350140	MET	 285 	PHE	 227 	PHE	 284 	5	57.983057213	1	6.70440340373	0.879	-16.918	21.646	5.193	-11.841	20.896	4.013	-18.379	20.086
665500	ASN	 286 	ASN	 289 	PHE	 227 	5	59.6790846533	1	7.99246282444	0.839	-16.726	25.485	1.565	-11.098	24.71	5.193	-11.841	20.896
641024	ASN	 286 	GLN	 290 	PHE	 227 	9	89.9679190233	1	7.99246282444	0.839	-16.726	25.485	-2.118	-11.874	24.122	5.193	-11.841	20.896
641019	ASN	 289 	GLN	 290 	PHE	 227 	4	44.1021825753	1	7.99117550802	1.565	-11.098	24.71	-2.118	-11.874	24.122	5.193	-11.841	20.896
621074	ARG	 228 	LYS	 229 	GLU	 230 	3	43.5785005109	1	6.49555009218	7.234	-10.076	23.575	10.374	-12.144	22.739	13.617	-10.185	22.376
664779	ASN	 289 	ARG	 228 	ASP	 288 	4	48.5764195695	1	7.29899150568	1.565	-11.098	24.71	7.234	-10.076	23.575	2.032	-11.769	28.407
412060	PRO	 231 	GLU	 230 	PHE	 232 	5	56.0054745621	1	5.27583092982	14.99	-11.206	20.165	13.617	-10.185	22.376	12.565	-13.487	18.398
538992	TYR	 234 	PRO	 231 	GLU	 230 	1	21.5512157537	1	8.09203497274	17.932	-16.111	18.949	14.99	-11.206	20.165	13.617	-10.185	22.376
533019	TYR	 234 	GLY	 235 	PHE	 233 	4	48.119673623	1	6.20159181179	17.932	-16.111	18.949	20.843	-17.885	17.264	15.147	-15.57	16.454
525820	TYR	 234 	GLN	 241 	PHE	 233 	5	55.7048077423	1	6.94314294826	17.932	-16.111	18.949	20.56	-18.314	13.081	15.147	-15.57	16.454
533378	TYR	 234 	GLY	 235 	HIS	 236 	3	37.5708553499	1	6.75668713202	17.932	-16.111	18.949	20.843	-17.885	17.264	24.357	-18.191	18.735
533163	TYR	 234 	GLY	 235 	GLN	 241 	4	45.4388363643	1	6.79654448967	17.932	-16.111	18.949	20.843	-17.885	17.264	20.56	-18.314	13.081
530288	TYR	 234 	HIS	 236 	GLN	 241 	9	89.8056481025	1	6.81175851011	17.932	-16.111	18.949	24.357	-18.191	18.735	20.56	-18.314	13.081
648580	ASN	 238 	GLY	 235 	HIS	 236 	5	55.6160634251	1	7.08927781936	25.205	-17.457	11.735	20.843	-17.885	17.264	24.357	-18.191	18.735
299883	GLY	 235 	HIS	 236 	GLN	 241 	4	45.2870834417	1	6.81175851011	20.843	-17.885	17.264	24.357	-18.191	18.735	20.56	-18.314	13.081
648579	ASN	 238 	GLY	 235 	HIS	 239 	4	48.1694752097	1	7.87325822008	25.205	-17.457	11.735	20.843	-17.885	17.264	24.594	-21.148	11.159
648367	ASN	 238 	GLY	 235 	GLN	 241 	8	81.1454961126	1	7.05549920275	25.205	-17.457	11.735	20.843	-17.885	17.264	20.56	-18.314	13.081
389377	ASP	 240 	GLY	 235 	HIS	 239 	2	30.5295370934	1	7.87325822008	22.472	-21.408	14.249	20.843	-17.885	17.264	24.594	-21.148	11.159
299887	GLY	 235 	HIS	 239 	GLN	 241 	8	76.1043132918	1	7.87325822008	20.843	-17.885	17.264	24.594	-21.148	11.159	20.56	-18.314	13.081
389168	ASP	 240 	GLY	 235 	GLN	 241 	9	84.1405045604	1	4.91481383167	22.472	-21.408	14.249	20.843	-17.885	17.264	20.56	-18.314	13.081
652897	ASN	 238 	ASP	 237 	HIS	 236 	2	28.0114012852	1	7.08927781936	25.205	-17.457	11.735	26.117	-17.869	15.396	24.357	-18.191	18.735
652902	ASN	 238 	ASP	 240 	HIS	 236 	7	75.3384998486	1	7.08927781936	25.205	-17.457	11.735	22.472	-21.408	14.249	24.357	-18.191	18.735
386284	ASP	 240 	HIS	 236 	GLN	 241 	5	54.3870839096	1	6.81175851011	22.472	-21.408	14.249	24.357	-18.191	18.735	20.56	-18.314	13.081
652904	ASN	 238 	ASP	 240 	HIS	 239 	9	89.6222419055	1	5.4221661723	25.205	-17.457	11.735	22.472	-21.408	14.249	24.594	-21.148	11.159
566499	VAL	 243 	ASP	 240 	HIS	 239 	4	51.5705844765	1	6.58104292647	18.36	-23.049	12.072	22.472	-21.408	14.249	24.594	-21.148	11.159
559088	VAL	 243 	HIS	 239 	GLN	 241 	9	89.7530616163	1	6.58104292647	18.36	-23.049	12.072	24.594	-21.148	11.159	20.56	-18.314	13.081
575066	VAL	 273 	VAL	 243 	LEU	 242 	3	43.3448259652	1	7.20094452138	19.026	-27.265	9.628	18.36	-23.049	12.072	19.378	-20.078	9.905
591049	ALA	 246 	GLY	 250 	ILE	 245 	2	32.3802655459	1	7.82408416366	13.974	-22.805	9.689	9.824	-24.677	7.988	14.502	-19.377	11.341
599835	ALA	 246 	THR	 251 	LYS	 247 	4	44.9993725474	1	7.48619549571	13.974	-22.805	9.689	12.323	-26.349	5.693	12.364	-24.2	12.864
590981	ALA	 246 	GLY	 250 	HIS	 276 	6	66.5845438325	1	6.7542790881	13.974	-22.805	9.689	9.824	-24.677	7.988	11.096	-28.884	10.308
563834	VAL	 248 	LYS	 279 	LYS	 247 	3	41.1530400716	1	7.48179831324	9.623	-21.562	12.633	4.905	-23.625	12.764	12.364	-24.2	12.864
477224	THR	 251 	LYS	 247 	HIS	 276 	9	89.130723755	1	7.48619549571	12.323	-26.349	5.693	12.364	-24.2	12.864	11.096	-28.884	10.308
621221	ARG	 275 	LYS	 247 	HIS	 276 	6	66.2241737748	1	7.9961846527	13.824	-30.74	8.501	12.364	-24.2	12.864	11.096	-28.884	10.308
621223	ARG	 278 	LYS	 247 	HIS	 276 	8	80.6003019811	1	7.03926345579	6.241	-24.774	9.439	12.364	-24.2	12.864	11.096	-28.884	10.308
569307	VAL	 248 	SER	 277 	LEU	 249 	4	52.1431689132	1	7.64331459512	9.623	-21.562	12.633	7.396	-28.327	9.919	9.253	-20.987	8.872
562180	VAL	 248 	GLY	 250 	HIS	 276 	5	56.6520397952	1	7.82221439236	9.623	-21.562	12.633	9.824	-24.677	7.988	11.096	-28.884	10.308
569379	VAL	 248 	SER	 277 	HIS	 276 	4	50.132480277	1	7.82221439236	9.623	-21.562	12.633	7.396	-28.327	9.919	11.096	-28.884	10.308
633242	ARG	 278 	VAL	 248 	SER	 277 	3	42.8867272225	1	7.62171568612	6.241	-24.774	9.439	9.623	-21.562	12.633	7.396	-28.327	9.919
475705	THR	 251 	GLY	 250 	LEU	 249 	2	32.9368088104	1	6.94852394398	12.323	-26.349	5.693	9.824	-24.677	7.988	9.253	-20.987	8.872
446906	SER	 277 	GLY	 250 	LEU	 249 	3	34.7959408258	1	7.64331459512	7.396	-28.327	9.919	9.824	-24.677	7.988	9.253	-20.987	8.872
626906	ARG	 278 	SER	 277 	LEU	 249 	3	41.2047736148	1	7.64331459512	6.241	-24.774	9.439	7.396	-28.327	9.919	9.253	-20.987	8.872
475924	THR	 251 	GLY	 253 	GLY	 250 	5	59.3270295985	1	6.26139808669	12.323	-26.349	5.693	9.745	-23.014	1.952	9.824	-24.677	7.988
389524	ASP	 252 	GLY	 250 	GLY	 253 	5	59.9725246119	1	6.26139808669	9.859	-26.759	2.816	9.824	-24.677	7.988	9.745	-23.014	1.952
619781	ARG	 278 	GLY	 250 	HIS	 276 	6	66.7591434395	1	6.42014688305	6.241	-24.774	9.439	9.824	-24.677	7.988	11.096	-28.884	10.308
621361	ARG	 278 	LYS	 279 	GLY	 250 	2	33.5408892883	1	6.93638529783	6.241	-24.774	9.439	4.905	-23.625	12.764	9.824	-24.677	7.988
628778	ARG	 275 	THR	 251 	ASP	 252 	3	36.2637658667	1	7.99304766657	13.824	-30.74	8.501	12.323	-26.349	5.693	9.859	-26.759	2.816
480099	THR	 251 	ASP	 252 	HIS	 276 	4	48.1316554661	1	7.88516696082	12.323	-26.349	5.693	9.859	-26.759	2.816	11.096	-28.884	10.308
483339	THR	 251 	SER	 277 	ASP	 252 	4	49.2300615003	1	7.67968762386	12.323	-26.349	5.693	7.396	-28.327	9.919	9.859	-26.759	2.816
570964	VAL	 273 	THR	 251 	GLY	 274 	5	52.5340982437	1	7.82646088599	19.026	-27.265	9.628	12.323	-26.349	5.693	17.55	-30.685	9.02
628562	ARG	 275 	THR	 251 	GLY	 274 	3	41.7272089397	1	7.56249654545	13.824	-30.74	8.501	12.323	-26.349	5.693	17.55	-30.685	9.02
628423	ARG	 278 	THR	 251 	HIS	 276 	8	79.9433335492	1	7.31463362035	6.241	-24.774	9.439	12.323	-26.349	5.693	11.096	-28.884	10.308
624099	ARG	 275 	ASP	 252 	HIS	 276 	4	50.3133863919	1	7.99304766657	13.824	-30.74	8.501	9.859	-26.759	2.816	11.096	-28.884	10.308
451299	SER	 277 	ASP	 252 	HIS	 276 	4	49.6856734651	1	7.88516696082	7.396	-28.327	9.919	9.859	-26.759	2.816	11.096	-28.884	10.308
545047	TYR	 307 	TYR	 257 	GLY	 253 	8	78.803281248	1	7.06387613142	12.473	-16.565	2.883	13.629	-20.637	-1.913	9.745	-23.014	1.952
666584	ASN	 259 	ASN	 255 	TYR	 257 	9	87.4261505864	1	6.1396047104	16.006	-23.829	-5.728	14.041	-25.614	-0.192	13.629	-20.637	-1.913
661756	ASN	 259 	VAL	 256 	LYS	 260 	5	59.7586857574	1	6.11302936358	16.006	-23.829	-5.728	11.686	-23.826	-2.53	14.376	-20.714	-7.052
660823	ASN	 259 	TYR	 257 	TYR	 261 	8	77.0344348283	1	6.43426646946	16.006	-23.829	-5.728	13.629	-20.637	-1.913	17.667	-18.827	-6.584
664492	ASN	 259 	ARG	 262 	ILE	 263 	5	55.1125711825	1	6.3787658681	16.006	-23.829	-5.728	20.084	-21.7	-7.443	21.835	-21.851	-4.055
618194	ARG	 262 	ILE	 263 	GLU	 264 	3	36.5700743801	1	6.77616152405	20.084	-21.7	-7.443	21.835	-21.851	-4.055	23.623	-24.86	-2.605
384915	ASP	 266 	LEU	 265 	GLU	 264 	4	44.7934840034	1	6.36505538075	26.85	-25.685	2.819	23.537	-24.868	1.171	23.623	-24.86	-2.605
422285	PRO	 267 	ASP	 266 	GLN	 268 	6	60.6514463805	1	5.59079153609	26.725	-29.444	3.536	26.85	-25.685	2.819	27.372	-28.99	7.298
412205	PRO	 267 	GLU	 270 	GLN	 268 	6	68.0446082495	1	5.44464259617	26.725	-29.444	3.536	22.28	-28.327	5.488	27.372	-28.99	7.298
596526	ALA	 271 	PRO	 267 	GLN	 268 	7	75.0774556182	1	6.26485267185	22.852	-30.929	8.231	26.725	-29.444	3.536	27.372	-28.99	7.298
619777	ARG	 275 	GLY	 274 	HIS	 276 	2	33.6606132839	1	6.82324416975	13.824	-30.74	8.501	17.55	-30.685	9.02	11.096	-28.884	10.308
626978	ARG	 278 	SER	 277 	HIS	 276 	3	43.0268392727	1	6.42014688305	6.241	-24.774	9.439	7.396	-28.327	9.919	11.096	-28.884	10.308
627195	ARG	 278 	SER	 277 	LYS	 279 	4	50.632943624	1	6.03389675086	6.241	-24.774	9.439	7.396	-28.327	9.919	4.905	-23.625	12.764
510555	TRP	 281 	PRO	 280 	LYS	 279 	4	44.9380687037	1	6.42218724423	2.279	-17.992	14.382	1.781	-21.462	12.783	4.905	-23.625	12.764
419835	PRO	 280 	LYS	 283 	LYS	 279 	4	52.4411151095	1	6.9953749006	1.781	-21.462	12.783	2.008	-21.306	18.694	4.905	-23.625	12.764
510268	TRP	 281 	PRO	 280 	LEU	 282 	5	60.0004688732	1	5.5804176367	2.279	-17.992	14.382	1.781	-21.462	12.783	-0.213	-18.637	17.163
510559	TRP	 281 	PRO	 280 	LYS	 283 	8	82.4711663052	1	5.9174137932	2.279	-17.992	14.382	1.781	-21.462	12.783	2.008	-21.306	18.694
507390	TRP	 281 	MET	 285 	LEU	 282 	7	73.308688884	1	7.47523725376	2.279	-17.992	14.382	0.879	-16.918	21.646	-0.213	-18.637	17.163
505661	TRP	 281 	LYS	 283 	PHE	 284 	6	62.5125915448	1	5.97428999966	2.279	-17.992	14.382	2.008	-21.306	18.694	4.013	-18.379	20.086
507101	TRP	 281 	MET	 285 	PHE	 284 	6	64.6781306312	1	7.47523725376	2.279	-17.992	14.382	0.879	-16.918	21.646	4.013	-18.379	20.086
651098	ASN	 286 	MET	 285 	PHE	 284 	3	43.5778386528	1	6.47733633525	0.839	-16.726	25.485	0.879	-16.918	21.646	4.013	-18.379	20.086
663265	ASN	 286 	ALA	 287 	MET	 285 	2	24.4686473049	1	7.31778258764	0.839	-16.726	25.485	-0.438	-14.636	28.473	0.879	-16.918	21.646
666148	ASN	 289 	ASN	 286 	MET	 285 	5	56.5993534657	1	6.61294881275	1.565	-11.098	24.71	0.839	-16.726	25.485	0.879	-16.918	21.646
651247	ASN	 286 	MET	 285 	GLN	 290 	8	81.6856515412	1	6.36824316433	0.839	-16.726	25.485	0.879	-16.918	21.646	-2.118	-11.874	24.122
663271	ASN	 289 	ALA	 287 	MET	 285 	8	81.99180058	1	7.31778258764	1.565	-11.098	24.71	-0.438	-14.636	28.473	0.879	-16.918	21.646
593647	ALA	 287 	MET	 285 	GLN	 290 	8	80.491665925	1	7.31778258764	-0.438	-14.636	28.473	0.879	-16.918	21.646	-2.118	-11.874	24.122
651245	ASN	 289 	MET	 285 	GLN	 290 	6	61.040640502	1	6.61294881275	1.565	-11.098	24.71	0.879	-16.918	21.646	-2.118	-11.874	24.122
564848	VAL	 293 	MET	 285 	GLN	 290 	9	83.3641038317	1	7.53415376801	-1.493	-10.423	18.654	0.879	-16.918	21.646	-2.118	-11.874	24.122
666726	ASN	 289 	ASN	 286 	ALA	 287 	7	68.9320039514	1	5.72731045081	1.565	-11.098	24.71	0.839	-16.726	25.485	-0.438	-14.636	28.473
652688	ASN	 286 	ASP	 288 	GLN	 290 	9	88.5722973881	1	5.96613358885	0.839	-16.726	25.485	2.032	-11.769	28.407	-2.118	-11.874	24.122
665645	ASN	 286 	ASN	 289 	GLN	 290 	6	64.770861301	1	5.84324584456	0.839	-16.726	25.485	1.565	-11.098	24.71	-2.118	-11.874	24.122
652684	ASN	 289 	ASP	 288 	GLN	 290 	5	53.0052911225	1	5.96613358885	1.565	-11.098	24.71	2.032	-11.769	28.407	-2.118	-11.874	24.122
661544	ASN	 289 	VAL	 293 	HIS	 291 	9	84.4972605674	1	6.81778006392	1.565	-11.098	24.71	-1.493	-10.423	18.654	-3.411	-8.274	24.23
569306	VAL	 293 	SER	 294 	LEU	 292 	3	39.1996424211	1	6.61929006767	-1.493	-10.423	18.654	-4.487	-10.337	16.367	-0.943	-7.844	21.371
569809	VAL	 293 	SER	 294 	PRO	 295 	2	31.2426812917	1	6.93623745268	-1.493	-10.423	18.654	-4.487	-10.337	16.367	-5.191	-11.738	12.935
603794	ALA	 297 	VAL	 293 	GLU	 296 	3	39.6492478531	1	7.97838699237	-0.807	-8.426	13.347	-1.493	-10.423	18.654	-4.104	-8.416	11.387
422574	PRO	 295 	ASP	 299 	ILE	 298 	7	74.4261145697	1	5.86539904866	-5.191	-11.738	12.935	-1.204	-11.314	8.654	-0.208	-12.018	12.285
393773	ASP	 302 	ASP	 299 	ILE	 298 	6	62.6738371818	1	5.9085097952	3.526	-13.272	7.881	-1.204	-11.314	8.654	-0.208	-12.018	12.285
393916	ASP	 299 	ASP	 302 	LYS	 303 	5	55.3406115023	1	6.43455017853	-1.204	-11.314	8.654	3.526	-13.272	7.881	3.986	-11.044	4.86
635839	ARG	 306 	ARG	 312 	LYS	 303 	8	80.8254751286	1	6.56417618594	9.371	-14.722	4.11	8.153	-9.614	1.207	3.986	-11.044	4.86
621074	ARG	 312 	LYS	 303 	GLU	 311 	3	43.1307198326	1	7.66608485474	8.153	-9.614	1.207	3.986	-11.044	4.86	7.869	-12.056	-1.672
631226	ARG	 306 	TYR	 307 	LEU	 305 	3	36.3032500944	1	6.77415581456	9.371	-14.722	4.11	12.473	-16.565	2.883	8.99	-12.948	7.43
635547	ARG	 312 	ARG	 306 	LEU	 305 	4	51.4394060598	1	7.10927942903	8.153	-9.614	1.207	9.371	-14.722	4.11	8.99	-12.948	7.43
537699	TYR	 307 	ASP	 308 	HIS	 309 	4	50.9187125739	1	6.03214107925	12.473	-16.565	2.883	12.058	-15.105	-0.548	12.995	-11.454	-0.278
530357	TYR	 307 	HIS	 309 	GLU	 311 	6	62.4280023926	1	7.89150948805	12.473	-16.565	2.883	12.995	-11.454	-0.278	7.869	-12.056	-1.672
239408	HIS	 309 	GLU	 311 	GLN	 310 	9	89.8754490904	1	5.34616834752	12.995	-11.454	-0.278	7.869	-12.056	-1.672	11.002	-10.8	-3.469
616758	ARG	 312 	HIS	 309 	GLU	 311 	7	69.4023476436	1	5.38848670779	8.153	-9.614	1.207	12.995	-11.454	-0.278	7.869	-12.056	-1.672
613804	ARG	 312 	GLU	 311 	GLN	 310 	5	59.8687420818	1	5.60253273083	8.153	-9.614	1.207	7.869	-12.056	-1.672	11.002	-10.8	-3.469
599546	ALA	 315 	THR	 314 	LEU	 313 	3	43.351406311	1	6.47435880995	7.82	-0.48	3.04	7.713	-3.311	0.389	5.979	-6.476	1.435
471386	THR	 314 	LEU	 316 	LEU	 313 	3	35.8587228626	1	7.90808175223	7.713	-3.311	0.389	5.222	1.386	1.043	5.979	-6.476	1.435
605668	ALA	 315 	ALA	 318 	MET	 319 	5	56.1840792807	1	6.3582735078	7.82	-0.48	3.04	3.441	-2.284	4.558	2.227	1.232	5.533
478520	THR	 320 	MET	 319 	GLU	 317 	9	86.5535631347	1	5.49593604402	-1.049	0.514	3.683	2.227	1.232	5.533	2.889	-1.63	0.888
357559	MET	 319 	HIS	 321 	GLU	 317 	8	77.3993975211	1	6.58576981074	2.227	1.232	5.533	-1.749	-2.772	5.422	2.889	-1.63	0.888
472758	THR	 320 	HIS	 321 	GLU	 317 	7	68.7984195181	1	6.58576981074	-1.049	0.514	3.683	-1.749	-2.772	5.422	2.889	-1.63	0.888
478660	THR	 320 	MET	 319 	HIS	 321 	5	58.6274358859	1	5.64383849875	-1.049	0.514	3.683	2.227	1.232	5.533	-1.749	-2.772	5.422
478304	THR	 320 	MET	 319 	PHE	 324 	9	86.5424732996	1	6.97835016318	-1.049	0.514	3.683	2.227	1.232	5.533	-2.208	0.437	10.564
357343	MET	 319 	HIS	 321 	PHE	 324 	8	82.4003355098	1	6.75368129245	2.227	1.232	5.533	-1.749	-2.772	5.422	-2.208	0.437	10.564
481544	THR	 320 	PRO	 322 	HIS	 321 	9	88.3389692636	1	6.39765660223	-1.049	0.514	3.683	-5.088	-2.769	7.403	-1.749	-2.772	5.422
472542	THR	 320 	HIS	 321 	PHE	 324 	7	75.6868540386	1	6.97835016318	-1.049	0.514	3.683	-1.749	-2.772	5.422	-2.208	0.437	10.564
472688	THR	 320 	HIS	 321 	GLN	 325 	9	86.4284364244	1	7.59606549472	-1.049	0.514	3.683	-1.749	-2.772	5.422	-5.586	1.915	9.612
481182	THR	 320 	PRO	 322 	PHE	 324 	7	72.8639545061	1	6.97835016318	-1.049	0.514	3.683	-5.088	-2.769	7.403	-2.208	0.437	10.564
539141	TYR	 323 	PRO	 322 	HIS	 321 	6	64.7672881838	1	5.3856188131	-3.112	-3.333	10.602	-5.088	-2.769	7.403	-1.749	-2.772	5.422
415084	PRO	 322 	HIS	 321 	GLN	 325 	5	54.7452853521	1	7.36523170036	-5.088	-2.769	7.403	-1.749	-2.772	5.422	-5.586	1.915	9.612
530141	TYR	 323 	HIS	 321 	PHE	 324 	6	61.9026124571	1	6.07852992096	-3.112	-3.333	10.602	-1.749	-2.772	5.422	-2.208	0.437	10.564
530286	TYR	 323 	HIS	 321 	GLN	 325 	7	72.581696003	1	7.36523170036	-3.112	-3.333	10.602	-1.749	-2.772	5.422	-5.586	1.915	9.612
538927	TYR	 323 	PRO	 322 	GLN	 325 	8	79.0374937401	1	5.88576927852	-3.112	-3.333	10.602	-5.088	-2.769	7.403	-5.586	1.915	9.612
410622	PRO	 322 	GLN	 325 	PHE	 324 	7	69.4430041264	1	5.34460073345	-5.088	-2.769	7.403	-5.586	1.915	9.612	-2.208	0.437	10.564
525965	TYR	 323 	GLN	 326 	GLN	 325 	6	64.3712510122	1	7.86121975268	-3.112	-3.333	10.602	-6.074	3.551	12.976	-5.586	1.915	9.612
151421	GLN	 326 	GLN	 325 	PHE	 324 	6	60.9366854416	1	5.5191209445	-6.074	3.551	12.976	-5.586	1.915	9.612	-2.208	0.437	10.564
612220	ARG	 328 	GLN	 325 	PHE	 324 	5	57.9928687423	1	6.19412221384	-3.343	6.379	9.233	-5.586	1.915	9.612	-2.208	0.437	10.564
554768	VAL	 327 	GLN	 325 	GLN	 326 	9	89.4982333982	1	5.41231641721	-2.612	5.128	12.794	-5.586	1.915	9.612	-6.074	3.551	12.976
603724	ALA	 330 	VAL	 327 	GLN	 326 	5	59.0573207507	1	6.20084236213	-5.196	9.68	13.315	-2.612	5.128	12.794	-6.074	3.551	12.976
663484	ASN	 332 	ALA	 329 	SER	 333 	5	56.4210047253	1	6.3592204711	-5.169	12.239	8.393	-6.736	7.73	10.433	-7.14	14.043	11.083
