605599	ALA	 627 	ALA	 630 	LYS	 563 	8	79.7409205024	1	7.88775722243	137.06	95.544	6.622	135.415	90.726	8.28	141.492	91.411	11.671
538994	TYR	 569 	PRO	 570 	GLU	 568 	3	35.3998571387	1	6.87692351273	145.707	83.107	3.086	148.407	82.195	0.521	145.591	86.181	5.366
412135	PRO	 570 	GLU	 568 	CYS	 644 	8	79.5099435128	1	6.87692351273	148.407	82.195	0.521	145.591	86.181	5.366	144.973	87.706	0.15
556133	VAL	 643 	GLU	 568 	CYS	 644 	6	66.9005470329	1	5.46938799136	141.94	87.312	2.446	145.591	86.181	5.366	144.973	87.706	0.15
631736	ARG	 571 	TYR	 569 	PRO	 570 	9	89.4943113649	1	6.10676780302	147.124	83.417	-2.846	145.707	83.107	3.086	148.407	82.195	0.521
631016	ARG	 571 	TYR	 569 	CYS	 644 	9	88.3490540122	1	6.10676780302	147.124	83.417	-2.846	145.707	83.107	3.086	144.973	87.706	0.15
664853	ASN	 572 	ARG	 571 	PRO	 570 	6	63.2079648685	1	5.39031353448	149.153	80.753	-4.619	147.124	83.417	-2.846	148.407	82.195	0.521
625613	ARG	 571 	PRO	 570 	ILE	 574 	6	62.0576238606	1	7.27730568274	147.124	83.417	-2.846	148.407	82.195	0.521	144.03	79.055	-4.372
625255	ARG	 571 	PRO	 570 	CYS	 644 	8	76.4255377709	1	6.50393096519	147.124	83.417	-2.846	148.407	82.195	0.521	144.973	87.706	0.15
654413	ASN	 572 	PRO	 570 	ILE	 574 	6	67.6595191116	1	7.27730568274	149.153	80.753	-4.619	148.407	82.195	0.521	144.03	79.055	-4.372
654411	ASN	 573 	PRO	 570 	ILE	 574 	4	46.6068706102	1	7.27730568274	147.332	78.008	-2.699	148.407	82.195	0.521	144.03	79.055	-4.372
666797	ASN	 573 	ASN	 572 	ARG	 571 	6	62.6486268439	1	5.41499344413	147.332	78.008	-2.699	149.153	80.753	-4.619	147.124	83.417	-2.846
664496	ASN	 572 	ARG	 571 	ILE	 574 	9	87.3963527427	1	5.56134480139	149.153	80.753	-4.619	147.124	83.417	-2.846	144.03	79.055	-4.372
610855	ARG	 571 	CYS	 651 	CYS	 644 	8	82.9099082758	1	7.84123886895	147.124	83.417	-2.846	141.249	88.606	-3.055	144.973	87.706	0.15
646994	ASN	 572 	ILE	 574 	GLU	 575 	3	37.3287320395	1	7.91164161221	149.153	80.753	-4.619	144.03	79.055	-4.372	142.929	76.449	-6.928
654411	ASN	 573 	PRO	 594 	ILE	 574 	4	51.5718873194	1	7.44827241714	147.332	78.008	-2.699	143.569	73.651	0.733	144.03	79.055	-4.372
663412	ASN	 573 	ALA	 593 	PRO	 594 	5	57.6540277473	1	6.70240568751	147.332	78.008	-2.699	141.418	76.439	-0.748	143.569	73.651	0.733
633459	ARG	 578 	VAL	 577 	TYR	 576 	4	48.0624208468	1	6.25350789557	135.115	78.004	-12.581	137.489	75.887	-10.464	140.609	77.894	-9.596
525819	TYR	 576 	GLN	 590 	PHE	 589 	4	51.8560141563	1	7.2541140741	140.609	77.894	-9.596	134.749	79.334	-7.369	135.154	82.655	-9.151
602283	ALA	 591 	TYR	 576 	GLN	 590 	4	50.7013660835	1	6.43216363287	137.942	77.76	-6.043	140.609	77.894	-9.596	134.749	79.334	-7.369
633097	ARG	 578 	VAL	 577 	ASP	 579 	2	26.0640058271	1	7.16288252033	135.115	78.004	-12.581	137.489	75.887	-10.464	134.124	81.602	-13.17
554619	VAL	 577 	GLN	 590 	PHE	 589 	4	45.78014873	1	7.27887477568	137.489	75.887	-10.464	134.749	79.334	-7.369	135.154	82.655	-9.151
634971	ARG	 592 	ALA	 591 	VAL	 577 	4	51.7574923819	1	7.09364743979	139.332	75.166	-3.652	137.942	77.76	-6.043	137.489	75.887	-10.464
624170	ARG	 578 	ASP	 579 	ILE	 580 	3	42.309063557	1	6.49033358157	135.115	78.004	-12.581	134.124	81.602	-13.17	131.017	82.905	-11.436
301392	GLY	 581 	ILE	 580 	GLU	 582 	1	21.3190151964	1	7.27702143737	130.842	86.432	-12.816	131.017	82.905	-11.436	132.513	89.793	-13.245
301180	GLY	 581 	ILE	 580 	PHE	 589 	5	55.4028666151	1	6.80377086622	130.842	86.432	-12.816	131.017	82.905	-11.436	135.154	82.655	-9.151
590833	ALA	 584 	GLY	 583 	GLU	 582 	2	30.2630859767	1	7.0180255058	133.366	96.426	-11.117	131.975	92.884	-11.122	132.513	89.793	-13.245
584859	ALA	 584 	GLU	 582 	PHE	 585 	4	47.199534197	1	7.99010444237	133.366	96.426	-11.117	132.513	89.793	-13.245	136.181	95.329	-8.802
296858	GLY	 586 	GLU	 582 	PHE	 585 	3	39.0202555472	1	7.99010444237	137.107	92.364	-10.978	132.513	89.793	-13.245	136.181	95.329	-8.802
302618	GLY	 583 	GLY	 744 	PHE	 743 	3	41.5422799949	1	7.77892190474	131.975	92.884	-11.122	128.717	93.198	-6.466	129.351	90.129	-4.337
360219	MET	 609 	GLY	 586 	PHE	 585 	4	50.7572023472	1	6.98088912675	139.165	89.348	-6.788	137.107	92.364	-10.978	136.181	95.329	-8.802
350143	MET	 618 	PHE	 585 	PHE	 622 	8	80.5455267876	1	7.29281248902	138.899	101.371	-6.301	136.181	95.329	-8.802	137.633	97.072	-1.871
632881	ARG	 587 	VAL	 588 	GLY	 586 	2	30.7897486436	1	6.98725339458	136.207	88.681	-11.094	134.317	86.345	-8.785	137.107	92.364	-10.978
622805	ARG	 587 	MET	 609 	GLY	 586 	6	66.6581270239	1	5.55767217457	136.207	88.681	-11.094	139.165	89.348	-6.788	137.107	92.364	-10.978
362164	MET	 609 	LYS	 608 	GLY	 586 	5	59.0106919688	1	7.44969220841	139.165	89.348	-6.788	136.07	88.011	-5.022	137.107	92.364	-10.978
622587	ARG	 587 	MET	 609 	LEU	 610 	4	49.3405497548	1	6.96256597814	136.207	88.681	-11.094	139.165	89.348	-6.788	140.269	92.94	-7.374
583418	ALA	 591 	GLN	 590 	PHE	 589 	3	43.8042805454	1	6.43378838632	137.942	77.76	-6.043	134.749	79.334	-7.369	135.154	82.655	-9.151
633961	ARG	 592 	ALA	 591 	GLN	 590 	2	24.0312551046	1	7.22441706991	139.332	75.166	-3.652	137.942	77.76	-6.043	134.749	79.334	-7.369
593643	ALA	 591 	MET	 604 	GLN	 590 	4	50.2631488557	1	7.12397985679	137.942	77.76	-6.043	135.357	75.49	-1.402	134.749	79.334	-7.369
622448	ARG	 592 	MET	 604 	GLN	 590 	9	88.7188355633	1	7.22441706991	139.332	75.166	-3.652	135.357	75.49	-1.402	134.749	79.334	-7.369
564846	VAL	 605 	MET	 604 	GLN	 590 	7	68.5341714015	1	7.12397985679	135.219	79.28	-1.597	135.357	75.49	-1.402	134.749	79.334	-7.369
602284	ALA	 606 	TYR	 656 	GLN	 590 	5	53.6060016819	1	7.48169679952	133.771	82.062	-3.706	130.768	78.985	-1.044	134.749	79.334	-7.369
635042	ARG	 592 	ALA	 593 	ALA	 591 	3	42.9377831311	1	6.47028917437	139.332	75.166	-3.652	141.418	76.439	-0.748	137.942	77.76	-6.043
634611	ARG	 592 	ALA	 593 	PRO	 594 	4	47.4019759299	1	6.28296259737	139.332	75.166	-3.652	141.418	76.439	-0.748	143.569	73.651	0.733
596883	ALA	 593 	PRO	 594 	GLY	 595 	4	46.6200519894	1	6.30660812165	141.418	76.439	-0.748	143.569	73.651	0.733	143.846	73.928	4.503
599908	ALA	 593 	THR	 603 	MET	 604 	5	58.6229970975	1	6.16960598418	141.418	76.439	-0.748	137.375	74.401	1.624	135.357	75.49	-1.402
418106	PRO	 594 	GLY	 595 	LEU	 597 	3	43.5019821212	1	8.0837094208	143.569	73.651	0.733	143.846	73.928	4.503	139.714	75.453	7.606
424085	PRO	 601 	PRO	 594 	GLY	 595 	6	66.4681731448	1	5.95944183628	141.364	68.88	3.542	143.569	73.651	0.733	143.846	73.928	4.503
481684	THR	 603 	PRO	 594 	GLY	 595 	5	52.9306391256	1	7.09832452062	137.375	74.401	1.624	143.569	73.651	0.733	143.846	73.928	4.503
423584	PRO	 594 	PRO	 601 	PHE	 602 	9	87.6094880325	1	5.95944183628	143.569	73.651	0.733	141.364	68.88	3.542	140.147	71.834	1.505
481976	THR	 603 	PRO	 601 	PRO	 594 	9	86.6422834337	1	7.07617735787	137.375	74.401	1.624	141.364	68.88	3.542	143.569	73.651	0.733
539283	TYR	 599 	PRO	 598 	GLY	 595 	4	49.5129331824	1	7.95473123367	139.303	70.446	10.027	142.0	73.121	9.659	143.846	73.928	4.503
424088	PRO	 601 	PRO	 598 	GLY	 595 	9	88.2894595951	1	7.47049302255	141.364	68.88	3.542	142.0	73.121	9.659	143.846	73.928	4.503
539571	TYR	 599 	PRO	 601 	PRO	 598 	4	51.9217600081	1	7.47049302255	139.303	70.446	10.027	141.364	68.88	3.542	142.0	73.121	9.659
423797	PRO	 598 	PRO	 601 	GLU	 600 	6	66.8043046261	1	7.47049302255	142.0	73.121	9.659	141.364	68.88	3.542	138.815	69.592	6.331
478298	THR	 603 	MET	 604 	PHE	 602 	3	37.9059030811	1	6.69037256063	137.375	74.401	1.624	135.357	75.49	-1.402	140.147	71.834	1.505
604225	ALA	 606 	VAL	 605 	MET	 604 	2	26.2838907385	1	7.14247828138	133.771	82.062	-3.706	135.219	79.28	-1.597	135.357	75.49	-1.402
536115	TYR	 656 	MET	 604 	GLU	 655 	4	52.0013838501	1	6.97679331785	130.768	78.985	-1.044	135.357	75.49	-1.402	132.197	80.663	2.052
602785	ALA	 606 	TYR	 656 	MET	 657 	2	33.793737317	1	7.88698985672	133.771	82.062	-3.706	130.768	78.985	-1.044	126.977	78.729	-1.484
361945	MET	 609 	LYS	 608 	LEU	 610 	2	33.9331616703	1	6.88901633036	139.165	89.348	-6.788	136.07	88.011	-5.022	140.269	92.94	-7.374
361734	MET	 609 	LYS	 608 	CYS	 651 	7	69.6027695635	1	5.57181792596	139.165	89.348	-6.788	136.07	88.011	-5.022	141.249	88.606	-3.055
421280	PRO	 649 	MET	 609 	LYS	 611 	9	87.8571566721	1	6.75636381495	145.777	90.72	-7.006	139.165	89.348	-6.788	141.762	93.819	-10.776
363679	MET	 650 	MET	 609 	LYS	 611 	8	76.8437202918	1	7.77004974244	143.904	91.274	-3.754	139.165	89.348	-6.788	141.762	93.819	-10.776
421349	PRO	 649 	MET	 609 	MET	 650 	6	64.9118921901	1	6.75636381495	145.777	90.72	-7.006	139.165	89.348	-6.788	143.904	91.274	-3.754
420773	PRO	 649 	MET	 609 	CYS	 651 	6	67.9244053606	1	6.75636381495	145.777	90.72	-7.006	139.165	89.348	-6.788	141.249	88.606	-3.055
363175	MET	 609 	MET	 650 	CYS	 651 	8	82.8714087221	1	5.94749972678	139.165	89.348	-6.788	143.904	91.274	-3.754	141.249	88.606	-3.055
413576	PRO	 649 	LEU	 610 	CYS	 651 	9	88.1442054472	1	6.37041450771	145.777	90.72	-7.006	140.269	92.94	-7.374	141.249	88.606	-3.055
361876	MET	 650 	LYS	 611 	GLU	 612 	5	55.3830321186	1	7.77004974244	143.904	91.274	-3.754	141.762	93.819	-10.776	145.539	93.835	-10.312
421277	PRO	 649 	MET	 650 	LYS	 611 	6	66.690735834	1	7.77004974244	145.777	90.72	-7.006	143.904	91.274	-3.754	141.762	93.819	-10.776
420914	PRO	 649 	MET	 650 	GLU	 612 	3	43.4325343126	1	7.22767666681	145.777	90.72	-7.006	143.904	91.274	-3.754	145.539	93.835	-10.312
598034	ALA	 614 	SER	 615 	GLU	 613 	3	42.499626683	1	6.52161214731	142.733	98.692	-10.326	142.941	102.381	-9.428	145.685	97.148	-12.188
593644	ALA	 614 	MET	 618 	GLN	 619 	5	59.0305329315	1	6.4600784051	142.733	98.692	-10.326	138.899	101.371	-6.301	141.365	99.55	-4.071
449644	SER	 615 	MET	 618 	GLN	 619 	5	57.831931389	1	6.26065379972	142.941	102.381	-9.428	138.899	101.371	-6.301	141.365	99.55	-4.071
595588	ALA	 616 	ASP	 617 	MET	 618 	5	59.5892222477	1	5.59658270733	144.048	103.54	-5.977	140.489	104.635	-5.194	138.899	101.371	-6.301
392045	ASP	 617 	MET	 618 	GLN	 619 	6	64.8646015444	1	5.28069408317	140.489	104.635	-5.194	138.899	101.371	-6.301	141.365	99.55	-4.071
393990	ASP	 621 	ASP	 617 	MET	 618 	7	72.91680492	1	6.42388830849	136.759	100.775	-1.665	140.489	104.635	-5.194	138.899	101.371	-6.301
393488	ASP	 621 	ASP	 617 	GLN	 619 	9	89.3924816437	1	6.42388830849	136.759	100.775	-1.665	140.489	104.635	-5.194	141.365	99.55	-4.071
595660	ALA	 620 	ASP	 617 	ASP	 621 	5	55.3496049401	1	6.42388830849	140.416	101.659	-1.063	140.489	104.635	-5.194	136.759	100.775	-1.665
593648	ALA	 620 	MET	 618 	GLN	 619 	9	89.9929075211	1	5.46084947604	140.416	101.659	-1.063	138.899	101.371	-6.301	141.365	99.55	-4.071
391900	ASP	 621 	MET	 618 	PHE	 622 	5	57.1831973602	1	6.30151227881	136.759	100.775	-1.665	138.899	101.371	-6.301	137.633	97.072	-1.871
595085	ALA	 620 	ASP	 621 	GLN	 619 	6	63.9293737105	1	5.33897902225	140.416	101.659	-1.063	136.759	100.775	-1.665	141.365	99.55	-4.071
583564	ALA	 620 	GLN	 623 	GLN	 619 	5	58.3813566643	1	6.21396314762	140.416	101.659	-1.063	139.618	97.125	1.377	141.365	99.55	-4.071
381822	ASP	 621 	GLN	 619 	PHE	 622 	7	74.0287070628	1	5.33897902225	136.759	100.775	-1.665	141.365	99.55	-4.071	137.633	97.072	-1.871
605235	ALA	 627 	ALA	 630 	GLU	 631 	4	46.5038350668	1	7.22270108754	137.06	95.544	6.622	135.415	90.726	8.28	133.419	91.547	11.411
210459	LEU	 628 	GLU	 631 	PHE	 632 	4	46.7128697721	1	7.50508687491	133.305	95.721	7.232	133.419	91.547	11.411	130.295	89.623	10.407
652539	ASN	 634 	ASP	 633 	PHE	 632 	4	47.0892167986	1	6.25080842772	126.162	85.077	11.558	129.739	86.251	12.013	130.295	89.623	10.407
387580	ASP	 633 	ILE	 637 	PHE	 632 	5	52.7961436951	1	7.38996867382	129.739	86.251	12.013	125.254	86.057	6.347	130.295	89.623	10.407
646783	ASN	 634 	ILE	 637 	PHE	 632 	8	76.6806346864	1	7.38996867382	126.162	85.077	11.558	125.254	86.057	6.347	130.295	89.623	10.407
654697	ASN	 634 	PRO	 635 	ASP	 633 	2	31.0041156933	1	7.00924175642	126.162	85.077	11.558	124.578	81.881	10.17	129.739	86.251	12.013
422574	PRO	 635 	ASP	 633 	ILE	 637 	7	75.0710871951	1	7.22886000694	124.578	81.881	10.17	129.739	86.251	12.013	125.254	86.057	6.347
654488	ASN	 634 	PRO	 635 	GLY	 711 	9	84.0525026218	1	7.43707630726	126.162	85.077	11.558	124.578	81.881	10.17	120.336	87.797	8.648
665934	ASN	 634 	ASN	 636 	ILE	 637 	7	69.5369096281	1	5.55901798882	126.162	85.077	11.558	122.512	83.743	7.583	125.254	86.057	6.347
666655	ASN	 634 	ASN	 636 	VAL	 638 	8	76.5236463218	1	7.84582596034	126.162	85.077	11.558	122.512	83.743	7.583	127.932	84.879	3.917
661756	ASN	 634 	VAL	 638 	LYS	 639 	5	53.3709492967	1	7.84582596034	126.162	85.077	11.558	127.932	84.879	3.917	131.142	84.727	5.949
654482	ASN	 636 	PRO	 635 	GLY	 711 	3	42.8510492056	1	7.43707630726	122.512	83.743	7.583	124.578	81.881	10.17	120.336	87.797	8.648
654553	ASN	 636 	PRO	 635 	LYS	 739 	2	32.3113481695	1	7.34386982455	122.512	83.743	7.583	124.578	81.881	10.17	122.36	83.649	3.396
661327	ASN	 636 	VAL	 737 	GLN	 707 	8	76.5663589101	1	7.90253940199	122.512	83.743	7.583	120.081	77.271	3.755	116.346	83.126	7.153
650164	ASN	 636 	LYS	 739 	GLY	 711 	5	55.3439909928	1	6.991851257	122.512	83.743	7.583	122.36	83.649	3.396	120.336	87.797	8.648
562104	VAL	 643 	GLY	 642 	LEU	 641 	1	21.522946562	1	7.25762130453	141.94	87.312	2.446	140.142	84.543	4.267	136.865	83.123	5.507
561889	VAL	 643 	GLY	 642 	CYS	 644 	2	28.3120964974	1	7.09174301565	141.94	87.312	2.446	140.142	84.543	4.267	144.973	87.706	0.15
603656	ALA	 645 	VAL	 643 	CYS	 644 	9	89.6686989705	1	5.7798102045	145.706	91.381	0.813	141.94	87.312	2.446	144.973	87.706	0.15
564774	VAL	 643 	MET	 650 	CYS	 644 	7	69.4341709066	1	7.61542776212	141.94	87.312	2.446	143.904	91.274	-3.754	144.973	87.706	0.15
553254	VAL	 643 	CYS	 651 	CYS	 644 	7	74.5646290952	1	5.69323440585	141.94	87.312	2.446	141.249	88.606	-3.055	144.973	87.706	0.15
557571	VAL	 643 	LEU	 652 	CYS	 644 	4	51.1885380699	1	6.50310118328	141.94	87.312	2.446	138.511	87.961	-0.534	144.973	87.706	0.15
603652	ALA	 645 	VAL	 646 	CYS	 644 	5	54.4095870788	1	5.88886483119	145.706	91.381	0.813	149.491	91.46	0.567	144.973	87.706	0.15
590691	ALA	 645 	GLY	 647 	CYS	 644 	4	46.0341940288	1	7.7533475351	145.706	91.381	0.813	150.674	91.915	-2.996	144.973	87.706	0.15
592131	ALA	 645 	LYS	 648 	CYS	 644 	4	48.098326885	1	7.9859256821	145.706	91.381	0.813	148.291	91.647	-5.952	144.973	87.706	0.15
596451	ALA	 645 	PRO	 649 	CYS	 644 	4	51.1347473394	1	7.84721116066	145.706	91.381	0.813	145.777	90.72	-7.006	144.973	87.706	0.15
593573	ALA	 645 	MET	 650 	CYS	 644 	6	67.9090950953	1	5.39579475147	145.706	91.381	0.813	143.904	91.274	-3.754	144.973	87.706	0.15
561892	VAL	 646 	GLY	 647 	CYS	 644 	5	59.4068531245	1	7.7533475351	149.491	91.46	0.567	150.674	91.915	-2.996	144.973	87.706	0.15
331496	LYS	 648 	GLY	 647 	CYS	 644 	9	86.4338428827	1	7.9859256821	148.291	91.647	-5.952	150.674	91.915	-2.996	144.973	87.706	0.15
417896	PRO	 649 	GLY	 647 	CYS	 644 	9	89.527546707	1	7.80634024367	145.777	90.72	-7.006	150.674	91.915	-2.996	144.973	87.706	0.15
360293	MET	 650 	GLY	 647 	CYS	 644 	6	66.6844992482	1	7.7533475351	143.904	91.274	-3.754	150.674	91.915	-2.996	144.973	87.706	0.15
419336	PRO	 649 	LYS	 648 	CYS	 644 	9	86.3157960071	1	7.9859256821	145.777	90.72	-7.006	148.291	91.647	-5.952	144.973	87.706	0.15
361732	MET	 650 	LYS	 648 	CYS	 644 	5	56.2865778315	1	7.9859256821	143.904	91.274	-3.754	148.291	91.647	-5.952	144.973	87.706	0.15
409255	PRO	 649 	CYS	 644 	CYS	 651 	8	76.2036456643	1	7.80634024367	145.777	90.72	-7.006	144.973	87.706	0.15	141.249	88.606	-3.055
351654	MET	 650 	CYS	 644 	CYS	 651 	7	74.3090691567	1	5.39579475147	143.904	91.274	-3.754	144.973	87.706	0.15	141.249	88.606	-3.055
207654	LEU	 652 	CYS	 644 	CYS	 651 	7	74.0906660733	1	6.50310118328	138.511	87.961	-0.534	144.973	87.706	0.15	141.249	88.606	-3.055
121266	CYS	 644 	CYS	 730 	CYS	 651 	1	21.072099338	3	24.1716174469	144.973	87.706	0.15	120.888	86.239	-1.274	141.249	88.606	-3.055
596954	ALA	 645 	PRO	 649 	LYS	 648 	3	43.3543442369	1	7.84721116066	145.706	91.381	0.813	145.777	90.72	-7.006	148.291	91.647	-5.952
594076	ALA	 645 	MET	 650 	LYS	 648 	5	59.5838818055	1	7.24694459755	145.706	91.381	0.813	143.904	91.274	-3.754	148.291	91.647	-5.952
597030	ALA	 645 	PRO	 649 	MET	 650 	7	71.6473884283	1	7.84721116066	145.706	91.381	0.813	145.777	90.72	-7.006	143.904	91.274	-3.754
593572	ALA	 645 	MET	 650 	CYS	 651 	5	53.341939103	1	6.52126506132	145.706	91.381	0.813	143.904	91.274	-3.754	141.249	88.606	-3.055
419760	PRO	 649 	LYS	 648 	GLY	 647 	1	22.9370167035	1	6.44117489283	145.777	90.72	-7.006	148.291	91.647	-5.952	150.674	91.915	-2.996
421276	PRO	 649 	MET	 650 	LYS	 648 	5	53.775644328	1	4.92098587683	145.777	90.72	-7.006	143.904	91.274	-3.754	148.291	91.647	-5.952
211970	LEU	 653 	LEU	 652 	CYS	 651 	3	42.7101610674	1	6.4700972172	137.544	84.348	0.108	138.511	87.961	-0.534	141.249	88.606	-3.055
527259	TYR	 656 	GLU	 655 	PHE	 654 	4	47.9076501829	1	6.2128992427	130.768	78.985	-1.044	132.197	80.663	2.052	133.92	83.887	1.109
536114	TYR	 656 	MET	 657 	GLU	 655 	3	40.9227533003	1	6.59485041529	130.768	78.985	-1.044	126.977	78.729	-1.484	132.197	80.663	2.052
536401	TYR	 656 	MET	 657 	GLY	 733 	2	27.3793241006	1	8.01828728595	130.768	78.985	-1.044	126.977	78.729	-1.484	123.249	76.472	0.157
602788	ALA	 658 	TYR	 659 	MET	 657 	5	56.599179757	1	5.77611339916	126.604	75.79	-3.888	123.104	76.515	-5.153	126.977	78.729	-1.484
536407	TYR	 659 	MET	 657 	GLY	 733 	8	82.0645005479	1	5.77611339916	123.104	76.515	-5.153	126.977	78.729	-1.484	123.249	76.472	0.157
360724	MET	 657 	GLY	 660 	GLY	 733 	5	58.6072368049	1	7.49758747865	126.977	78.729	-1.484	123.65	80.051	-6.419	123.249	76.472	0.157
360433	MET	 657 	GLY	 733 	GLU	 734 	2	29.4446267833	1	7.74915408287	126.977	78.729	-1.484	123.249	76.472	0.157	122.551	72.821	0.873
590835	ALA	 658 	GLY	 733 	GLU	 734 	4	49.8302765099	1	6.92162488149	126.604	75.79	-3.888	123.249	76.472	0.157	122.551	72.821	0.873
533522	TYR	 659 	GLY	 733 	GLY	 660 	3	42.1693289918	1	7.49758747865	123.104	76.515	-5.153	123.249	76.472	0.157	123.65	80.051	-6.419
562322	VAL	 732 	GLY	 660 	GLY	 733 	3	43.7956821515	1	7.49758747865	121.362	79.338	-1.437	123.65	80.051	-6.419	123.249	76.472	0.157
666223	ASN	 729 	ASN	 663 	ASP	 661 	8	82.2856809389	1	8.01465139604	121.854	89.145	-3.523	116.489	84.731	-7.519	121.626	83.222	-5.922
628781	ARG	 728 	THR	 727 	ASP	 661 	6	63.8500577805	1	7.06695047386	119.515	88.226	-6.375	116.773	87.868	-3.73	121.626	83.222	-5.922
657583	ASN	 729 	THR	 727 	ASP	 661 	8	81.9571375869	1	7.06695047386	121.854	89.145	-3.523	116.773	87.868	-3.73	121.626	83.222	-5.922
479816	THR	 727 	ASP	 661 	CYS	 730 	9	84.2251028559	1	7.06695047386	116.773	87.868	-3.73	121.626	83.222	-5.922	120.888	86.239	-1.274
665788	ASN	 729 	ASN	 663 	LEU	 662 	5	55.5681078289	1	8.01465139604	121.854	89.145	-3.523	116.489	84.731	-7.519	118.106	83.051	-4.512
648505	ASN	 663 	GLY	 798 	LEU	 662 	2	30.4815714505	1	8.04275885502	116.489	84.731	-7.519	111.59	85.334	-8.637	118.106	83.051	-4.512
664274	ASN	 663 	ARG	 728 	GLU	 664 	3	37.5961174451	1	7.41633831483	116.489	84.731	-7.519	119.515	88.226	-6.375	117.547	82.059	-9.994
664568	ASN	 663 	ARG	 667 	GLY	 798 	9	89.205963788	1	6.28266328877	116.489	84.731	-7.519	112.664	80.954	-10.771	111.59	85.334	-8.637
666440	ASN	 729 	ASN	 663 	THR	 727 	9	86.3783074887	1	8.01465139604	121.854	89.145	-3.523	116.489	84.731	-7.519	116.773	87.868	-3.73
656932	ASN	 663 	THR	 727 	CYS	 730 	5	54.3245123919	1	7.78622437385	116.489	84.731	-7.519	116.773	87.868	-3.73	120.888	86.239	-1.274
657364	ASN	 663 	THR	 727 	GLY	 798 	5	57.1616905223	1	7.57385595321	116.489	84.731	-7.519	116.773	87.868	-3.73	111.59	85.334	-8.637
666798	ASN	 663 	ASN	 729 	ARG	 728 	7	71.1091997837	1	8.01465139604	116.489	84.731	-7.519	121.854	89.145	-3.523	119.515	88.226	-6.375
664133	ASN	 663 	ARG	 728 	CYS	 730 	6	61.720393043	1	7.78622437385	116.489	84.731	-7.519	119.515	88.226	-6.375	120.888	86.239	-1.274
665571	ASN	 663 	ASN	 729 	CYS	 730 	4	51.5742634983	1	8.01465139604	116.489	84.731	-7.519	121.854	89.145	-3.523	120.888	86.239	-1.274
298297	GLY	 798 	LEU	 666 	PHE	 665 	2	33.6441858118	1	7.9756456165	111.59	85.334	-8.637	113.19	80.686	-7.012	116.749	79.375	-7.418
622303	ARG	 667 	MET	 669 	PHE	 665 	8	80.6596219248	1	6.28994570724	112.664	80.954	-10.771	111.423	76.225	-8.547	116.749	79.375	-7.418
453026	SER	 670 	PRO	 671 	MET	 669 	3	38.4121445099	1	6.73046053402	108.416	78.017	-10.051	105.218	76.2	-11.154	111.423	76.225	-8.547
453030	SER	 670 	PRO	 695 	MET	 669 	7	74.9016879613	1	5.54107254961	108.416	78.017	-10.051	107.62	73.63	-6.761	111.423	76.225	-8.547
540867	TYR	 797 	SER	 670 	MET	 669 	4	48.3838494858	1	7.12765227828	108.932	82.836	-7.602	108.416	78.017	-10.051	111.423	76.225	-8.547
424232	PRO	 694 	PRO	 671 	MET	 669 	9	84.4155539322	1	7.85454269834	107.903	69.854	-7.384	105.218	76.2	-11.154	111.423	76.225	-8.547
424230	PRO	 671 	PRO	 695 	MET	 669 	7	69.0538860922	1	6.73046053402	105.218	76.2	-11.154	107.62	73.63	-6.761	111.423	76.225	-8.547
424227	PRO	 694 	PRO	 695 	MET	 669 	4	49.2400905811	1	7.37106573027	107.903	69.854	-7.384	107.62	73.63	-6.761	111.423	76.225	-8.547
420988	PRO	 695 	MET	 669 	LEU	 696 	5	58.3921189484	1	6.13157271832	107.62	73.63	-6.761	111.423	76.225	-8.547	108.273	75.253	-3.377
453173	SER	 670 	PRO	 695 	PRO	 671 	6	67.1398765538	1	5.62787286637	108.416	78.017	-10.051	107.62	73.63	-6.761	105.218	76.2	-11.154
424373	PRO	 671 	PRO	 694 	PRO	 695 	6	67.2752486905	1	7.85454269834	105.218	76.2	-11.154	107.903	69.854	-7.384	107.62	73.63	-6.761
423866	PRO	 694 	PRO	 695 	LEU	 696 	3	38.3821326129	1	6.73365799547	107.903	69.854	-7.384	107.62	73.63	-6.761	108.273	75.253	-3.377
442370	SER	 697 	LEU	 696 	CYS	 698 	3	39.9579072325	1	6.62536225425	105.662	74.747	-0.663	108.273	75.253	-3.377	104.333	77.677	1.366
598105	ALA	 699 	SER	 697 	LEU	 696 	2	33.6482334523	1	8.07417618089	106.29	76.389	4.367	105.662	74.747	-0.663	108.273	75.253	-3.377
439494	SER	 697 	GLN	 701 	CYS	 698 	7	73.7958995882	1	6.38312658499	105.662	74.747	-0.663	108.83	79.988	1.137	104.333	77.677	1.366
582056	ALA	 699 	CYS	 859 	CYS	 703 	9	83.8162613322	1	6.74755192644	106.29	76.389	4.367	106.645	79.027	10.322	111.515	79.353	5.663
209093	LEU	 702 	GLN	 701 	CYS	 703 	6	64.8331875888	1	5.30067222152	108.291	81.151	4.718	108.83	79.988	1.137	111.515	79.353	5.663
266620	ILE	 794 	GLN	 701 	PHE	 795 	5	56.060508518	1	6.80206564214	109.741	84.845	-2.86	108.83	79.988	1.137	106.006	84.324	-3.278
207652	LEU	 702 	CYS	 859 	CYS	 703 	5	56.3796757077	1	6.74755192644	108.291	81.151	4.718	106.645	79.027	10.322	111.515	79.353	5.663
266692	ILE	 704 	GLN	 707 	CYS	 703 	5	57.6849139592	1	6.30826362797	113.474	81.309	3.067	116.346	83.126	7.153	111.515	79.353	5.663
612294	ARG	 706 	GLN	 707 	CYS	 703 	7	70.0159271591	1	6.30826362797	112.662	83.777	7.873	116.346	83.126	7.153	111.515	79.353	5.663
610854	ARG	 706 	CYS	 859 	CYS	 703 	7	73.7886626148	1	8.04763257114	112.662	83.777	7.873	106.645	79.027	10.322	111.515	79.353	5.663
121258	CYS	 730 	CYS	 859 	CYS	 703 	2	32.4321990159	2	19.7317816986	120.888	86.239	-1.274	106.645	79.027	10.322	111.515	79.353	5.663
207655	LEU	 855 	CYS	 703 	CYS	 859 	8	82.9988836594	1	8.04767183725	107.9	84.884	10.257	111.515	79.353	5.663	106.645	79.027	10.322
589611	ALA	 705 	ILE	 794 	ILE	 704 	4	49.7180717928	1	7.84652241442	111.807	84.521	4.233	109.741	84.845	-2.86	113.474	81.309	3.067
635044	ARG	 706 	ALA	 709 	ALA	 705 	5	57.3297643519	1	6.24017756158	112.662	83.777	7.873	114.953	88.217	8.155	111.807	84.521	4.233
634183	ARG	 706 	ALA	 709 	HIS	 852 	8	80.4537261996	1	5.95635215547	112.662	83.777	7.873	114.953	88.217	8.155	111.775	87.716	12.252
616688	ARG	 706 	HIS	 852 	GLN	 856 	9	83.9719249967	1	6.24121614751	112.662	83.777	7.873	111.775	87.716	12.252	109.269	82.656	12.99
612292	ARG	 706 	GLN	 856 	CYS	 859 	5	60.0092007968	1	8.04763257114	112.662	83.777	7.873	109.269	82.656	12.99	106.645	79.027	10.322
561964	VAL	 708 	GLY	 711 	GLN	 707 	5	56.9566909326	1	6.32244936714	116.663	86.421	5.28	120.336	87.797	8.648	116.346	83.126	7.153
590765	ALA	 710 	GLY	 711 	GLN	 707 	6	67.2892788691	1	6.32244936714	117.34	86.524	10.592	120.336	87.797	8.648	116.346	83.126	7.153
574855	VAL	 708 	VAL	 738 	CYS	 730 	8	79.6800486153	1	7.79991442261	116.663	86.421	5.28	119.839	80.925	2.685	120.888	86.239	-1.274
560452	VAL	 708 	ILE	 740 	CYS	 730 	5	54.8577392342	1	7.79991442261	116.663	86.421	5.28	122.668	87.326	2.627	120.888	86.239	-1.274
605383	ALA	 710 	ALA	 709 	HIS	 852 	8	78.4748921892	1	5.92837996421	117.34	86.524	10.592	114.953	88.217	8.155	111.775	87.716	12.252
605381	ALA	 713 	ALA	 709 	HIS	 852 	6	66.1220469391	1	7.39133249151	118.181	91.4	12.1	114.953	88.217	8.155	111.775	87.716	12.252
581981	ALA	 709 	CYS	 849 	PHE	 848 	6	62.8762952985	1	7.85606810052	114.953	88.217	8.155	113.403	91.708	15.02	113.693	93.246	11.542
605020	ALA	 710 	ALA	 713 	PHE	 848 	5	54.5063711586	1	7.70638650731	117.34	86.524	10.592	118.181	91.4	12.1	113.693	93.246	11.542
581979	ALA	 710 	CYS	 849 	PHE	 848 	4	52.1034696774	1	7.87280185195	117.34	86.524	10.592	113.403	91.708	15.02	113.693	93.246	11.542
598036	ALA	 713 	SER	 716 	GLU	 717 	5	60.5791982591	1	5.99747755311	118.181	91.4	12.1	120.45	95.858	11.648	121.445	95.3	15.279
587816	ALA	 713 	HIS	 852 	CYS	 849 	9	84.8627162745	1	7.39133249151	118.181	91.4	12.1	111.775	87.716	12.252	113.403	91.708	15.02
570818	VAL	 721 	THR	 780 	HIS	 722 	3	38.2761528071	1	7.80506105037	122.7	99.122	6.082	117.87	100.002	8.19	122.831	96.626	3.199
571398	VAL	 721 	THR	 779 	THR	 780 	7	70.3023153219	1	5.84034185643	122.7	99.122	6.082	118.854	103.436	6.923	117.87	100.002	8.19
480103	THR	 780 	ASP	 783 	HIS	 722 	8	76.180723343	1	7.80506105037	117.87	100.002	8.19	116.319	97.936	3.963	122.831	96.626	3.199
631875	ARG	 723 	TYR	 778 	THR	 779 	4	45.0096087364	1	8.09774746457	121.421	99.055	0.615	119.61	104.899	3.499	118.854	103.436	6.923
508828	TRP	 767 	ASP	 724 	LEU	 725 	5	52.8964874163	1	7.76339854703	113.508	97.731	-4.224	120.856	96.433	-2.081	118.709	93.742	-0.483
599545	ALA	 726 	THR	 727 	LEU	 725 	2	31.6085438416	1	6.98534043551	116.968	91.615	-3.125	116.773	87.868	-3.73	118.709	93.742	-0.483
471173	THR	 727 	LEU	 725 	CYS	 730 	6	62.5428828945	1	7.8529440976	116.773	87.868	-3.73	118.709	93.742	-0.483	120.888	86.239	-1.274
599332	ALA	 726 	THR	 727 	CYS	 730 	5	59.6847899679	1	6.90608260883	116.968	91.615	-3.125	116.773	87.868	-3.73	120.888	86.239	-1.274
662691	ASN	 729 	ALA	 726 	CYS	 730 	4	51.2904381702	1	6.90608260883	121.854	89.145	-3.523	116.968	91.615	-3.125	120.888	86.239	-1.274
606029	ALA	 726 	ALA	 786 	TRP	 767 	6	65.3297302972	1	7.11230321345	116.968	91.615	-3.125	113.423	96.191	0.253	113.508	97.731	-4.224
664997	ASN	 729 	ARG	 728 	THR	 727 	6	66.174167443	1	5.24310394709	121.854	89.145	-3.523	119.515	88.226	-6.375	116.773	87.868	-3.73
628135	ARG	 728 	THR	 727 	CYS	 730 	8	80.6780790599	1	5.64389041354	119.515	88.226	-6.375	116.773	87.868	-3.73	120.888	86.239	-1.274
656934	ASN	 729 	THR	 727 	CYS	 730 	7	72.8463924539	1	5.24310394709	121.854	89.145	-3.523	116.773	87.868	-3.73	120.888	86.239	-1.274
664132	ASN	 729 	ARG	 728 	CYS	 730 	5	58.714446616	1	5.64389041354	121.854	89.145	-3.523	119.515	88.226	-6.375	120.888	86.239	-1.274
646855	ASN	 729 	ILE	 740 	CYS	 730 	8	81.0306301939	1	6.46481685742	121.854	89.145	-3.523	122.668	87.326	2.627	120.888	86.239	-1.274
662693	ASN	 729 	ALA	 741 	CYS	 730 	6	66.2190218039	1	5.69056816144	121.854	89.145	-3.523	125.635	88.668	0.703	120.888	86.239	-1.274
652610	ASN	 729 	ASP	 742 	CYS	 730 	3	41.5999516267	1	7.69453247443	121.854	89.145	-3.523	126.725	91.22	-1.844	120.888	86.239	-1.274
652538	ASN	 729 	ASP	 742 	PHE	 743 	3	42.63409429	1	7.60498921761	121.854	89.145	-3.523	126.725	91.22	-1.844	129.351	90.129	-4.337
659313	ASN	 729 	TRP	 838 	TRP	 785 	1	23.1333647731	2	19.8669130466	121.854	89.145	-3.523	106.161	99.761	2.454	111.187	98.31	2.48
557569	VAL	 732 	LEU	 731 	CYS	 730 	2	33.1899209883	1	6.91917957564	121.362	79.338	-1.437	122.607	82.892	-1.88	120.888	86.239	-1.274
574856	VAL	 732 	VAL	 738 	CYS	 730 	9	87.3017611631	1	6.91917957564	121.362	79.338	-1.437	119.839	80.925	2.685	120.888	86.239	-1.274
387652	ASP	 742 	ILE	 740 	CYS	 730 	5	57.6131466102	1	7.69453247443	126.725	91.22	-1.844	122.668	87.326	2.627	120.888	86.239	-1.274
595012	ALA	 741 	ASP	 742 	CYS	 730 	5	56.6564209793	1	7.69453247443	125.635	88.668	0.703	126.725	91.22	-1.844	120.888	86.239	-1.274
562033	VAL	 732 	GLY	 733 	GLU	 734 	2	29.7493641672	1	7.01577579459	121.362	79.338	-1.437	123.249	76.472	0.157	122.551	72.821	0.873
651607	ASN	 735 	MET	 736 	GLY	 733 	8	76.1263573437	1	6.51995199369	119.216	71.906	2.48	117.866	75.296	1.4	123.249	76.472	0.157
661832	ASN	 735 	VAL	 737 	MET	 736 	9	89.7900913299	1	5.58185229113	119.216	71.906	2.48	120.081	77.271	3.755	117.866	75.296	1.4
575427	VAL	 738 	VAL	 737 	MET	 736 	4	50.4565820056	1	6.10160593614	119.839	80.925	2.685	120.081	77.271	3.755	117.866	75.296	1.4
575354	VAL	 737 	VAL	 738 	LYS	 739 	3	36.1633766939	1	6.78244837798	120.081	77.271	3.755	119.839	80.925	2.685	122.36	83.649	3.396
595369	ALA	 741 	ASP	 742 	ILE	 740 	2	23.9798792002	1	7.18417190774	125.635	88.668	0.703	126.725	91.22	-1.844	122.668	87.326	2.627
594938	ALA	 741 	ASP	 742 	PHE	 743 	3	43.2533861188	1	6.42999043545	125.635	88.668	0.703	126.725	91.22	-1.844	129.351	90.129	-4.337
627483	ARG	 747 	SER	 751 	SER	 746 	4	47.999875333	1	6.75547844346	124.551	95.201	-11.551	121.427	94.958	-15.061	124.164	91.9	-9.695
660608	ASN	 748 	TYR	 750 	SER	 746 	9	84.8823760051	1	5.49351044415	126.13	93.148	-14.34	120.967	91.626	-13.242	124.164	91.9	-9.695
656286	ASN	 748 	SER	 746 	SER	 751 	7	69.3181395649	1	6.75547844346	126.13	93.148	-14.34	124.164	91.9	-9.695	121.427	94.958	-15.061
454255	SER	 751 	SER	 746 	ILE	 749 	8	80.7406998606	1	6.75547844346	121.427	94.958	-15.061	124.164	91.9	-9.695	124.201	89.867	-14.257
541083	TYR	 750 	SER	 746 	SER	 751 	4	48.9224384112	1	6.75547844346	120.967	91.626	-13.242	124.164	91.9	-9.695	121.427	94.958	-15.061
664492	ASN	 748 	ARG	 747 	ILE	 749 	5	52.6802443406	1	5.99136812423	126.13	93.148	-14.34	124.551	95.201	-11.551	124.201	89.867	-14.257
632021	ARG	 747 	TYR	 754 	TYR	 750 	6	67.6606718402	1	7.49810789466	124.551	95.201	-11.551	119.154	98.773	-11.88	120.967	91.626	-13.242
631659	ARG	 747 	TYR	 754 	ASP	 753 	4	51.0179033766	1	7.37029639838	124.551	95.201	-11.551	119.154	98.773	-11.88	117.199	95.514	-11.965
545406	TYR	 754 	TYR	 750 	SER	 751 	7	69.2488740764	1	7.49810789466	119.154	98.773	-11.88	120.967	91.626	-13.242	121.427	94.958	-15.061
603221	ALA	 752 	TYR	 754 	TYR	 750 	6	65.5487402259	1	7.49810789466	117.688	95.14	-15.731	119.154	98.773	-11.88	120.967	91.626	-13.242
602860	ALA	 752 	TYR	 755 	ASP	 753 	5	57.4097937895	1	7.57398508052	117.688	95.14	-15.731	118.361	102.245	-13.195	117.199	95.514	-11.965
603222	ALA	 752 	TYR	 755 	TYR	 754 	7	68.3795686114	1	7.57398508052	117.688	95.14	-15.731	118.361	102.245	-13.195	119.154	98.773	-11.88
545257	TYR	 755 	TYR	 754 	ASP	 753 	2	32.4853337926	1	6.94042541924	118.361	102.245	-13.195	119.154	98.773	-11.88	117.199	95.514	-11.965
537769	TYR	 754 	ASP	 753 	ILE	 763 	2	32.2213451407	1	8.00203855277	119.154	98.773	-11.88	117.199	95.514	-11.965	120.249	102.053	-8.505
539501	TYR	 754 	PRO	 764 	ASP	 753 	6	61.5308395164	1	5.73037520587	119.154	98.773	-11.88	117.779	99.234	-7.645	117.199	95.514	-11.965
422570	PRO	 764 	ASP	 753 	ILE	 763 	3	39.6417808573	1	8.00203855277	117.779	99.234	-7.645	117.199	95.514	-11.965	120.249	102.053	-8.505
545114	TYR	 754 	TYR	 755 	LYS	 756 	3	40.0660828668	1	6.6219533372	119.154	98.773	-11.88	118.361	102.245	-13.195	121.086	104.484	-14.619
545332	TYR	 755 	TYR	 754 	PRO	 764 	5	58.9778776455	1	6.34092619418	118.361	102.245	-13.195	119.154	98.773	-11.88	117.779	99.234	-7.645
602932	ALA	 762 	TYR	 754 	PRO	 764 	5	58.1046934659	1	7.0223922562	122.754	102.556	-11.323	119.154	98.773	-11.88	117.779	99.234	-7.645
539211	TYR	 754 	PRO	 764 	ILE	 765 	4	50.8143348093	1	6.46427397315	119.154	98.773	-11.88	117.779	99.234	-7.645	114.683	101.427	-8.039
631735	ARG	 766 	TYR	 754 	PRO	 764 	8	76.6048528981	1	8.09592743298	112.204	98.527	-7.735	119.154	98.773	-11.88	117.779	99.234	-7.645
602857	ALA	 762 	TYR	 755 	ASP	 761 	2	27.3184473603	1	7.99512482704	122.754	102.556	-11.323	118.361	102.245	-13.195	125.231	105.381	-10.57
416812	PRO	 764 	ILE	 763 	ILE	 765 	5	59.7154264272	1	5.62044375472	117.779	99.234	-7.645	120.249	102.053	-8.505	114.683	101.427	-8.039
630296	ARG	 766 	TRP	 767 	PRO	 764 	9	89.0877058866	1	5.67482960097	112.204	98.527	-7.735	113.508	97.731	-4.224	117.779	99.234	-7.645
629933	ARG	 766 	TRP	 767 	ILE	 765 	6	62.9182431883	1	5.44015312284	112.204	98.527	-7.735	113.508	97.731	-4.224	114.683	101.427	-8.039
507536	TRP	 767 	MET	 768 	ILE	 765 	9	84.8070929337	1	5.44015312284	113.508	97.731	-4.224	113.894	101.296	-2.985	114.683	101.427	-8.039
272816	ILE	 773 	ILE	 811 	ILE	 765 	9	89.5224012212	1	7.99933434731	114.946	107.458	-4.19	109.213	105.877	-9.54	114.683	101.427	-8.039
633389	ARG	 766 	VAL	 789 	TRP	 767 	6	63.2093182864	1	8.0936491152	112.204	98.527	-7.735	109.838	93.475	-1.871	113.508	97.731	-4.224
631733	ARG	 766 	TYR	 802 	PRO	 801 	6	60.7551443565	1	7.09429778061	112.204	98.527	-7.735	106.492	96.096	-11.169	108.463	93.452	-9.253
510632	TRP	 767 	PRO	 769 	MET	 768 	9	89.5296162327	1	6.90874503799	113.508	97.731	-4.224	111.738	103.328	-0.581	113.894	101.296	-2.985
514948	TRP	 785 	TRP	 767 	MET	 768 	5	57.9370190545	1	7.11799817364	111.187	98.31	2.48	113.508	97.731	-4.224	113.894	101.296	-2.985
601348	ALA	 786 	TRP	 767 	MET	 768 	5	58.1179351226	1	6.06362185496	113.423	96.191	0.253	113.508	97.731	-4.224	113.894	101.296	-2.985
515095	TRP	 767 	TRP	 785 	PRO	 769 	8	80.3072827342	1	7.11799817364	113.508	97.731	-4.224	111.187	98.31	2.48	111.738	103.328	-0.581
601706	ALA	 786 	TRP	 767 	TRP	 785 	3	42.4864951306	1	7.11799817364	113.423	96.191	0.253	113.508	97.731	-4.224	111.187	98.31	2.48
572911	VAL	 789 	TRP	 785 	TRP	 767 	8	79.7031746317	1	7.11799817364	109.838	93.475	-1.871	111.187	98.31	2.48	113.508	97.731	-4.224
515318	TRP	 785 	TRP	 792 	TRP	 767 	6	67.4224241541	2	10.9819977235	111.187	98.31	2.48	106.975	89.633	-2.771	113.508	97.731	-4.224
424226	PRO	 770 	PRO	 769 	MET	 768 	3	42.2728752919	1	6.53837028624	110.957	106.942	-1.486	111.738	103.328	-0.581	113.894	101.296	-2.985
453028	SER	 772 	PRO	 769 	MET	 768 	5	60.2830687413	1	6.1911062824	116.205	106.572	-0.715	111.738	103.328	-0.581	113.894	101.296	-2.985
421136	PRO	 769 	MET	 768 	ILE	 773 	9	89.7612809298	1	6.36623695758	111.738	103.328	-0.581	113.894	101.296	-2.985	114.946	107.458	-4.19
453027	SER	 782 	PRO	 769 	MET	 768 	4	51.904499171	1	7.0838346254	115.127	101.578	3.985	111.738	103.328	-0.581	113.894	101.296	-2.985
597029	ALA	 786 	PRO	 769 	MET	 768 	6	64.3379916901	1	7.38048440145	113.423	96.191	0.253	111.738	103.328	-0.581	113.894	101.296	-2.985
453032	SER	 772 	PRO	 770 	MET	 768 	9	85.8321128275	1	6.53837028624	116.205	106.572	-0.715	110.957	106.942	-1.486	113.894	101.296	-2.985
449932	SER	 772 	MET	 768 	ILE	 773 	5	60.0829023793	1	6.36623695758	116.205	106.572	-0.715	113.894	101.296	-2.985	114.946	107.458	-4.19
512072	TRP	 785 	SER	 782 	MET	 768 	9	86.5385896678	1	7.0838346254	111.187	98.31	2.48	115.127	101.578	3.985	113.894	101.296	-2.985
509190	TRP	 785 	ASP	 783 	MET	 768 	7	74.9399980318	1	8.08980401493	111.187	98.31	2.48	116.319	97.936	3.963	113.894	101.296	-2.985
601351	ALA	 786 	TRP	 785 	MET	 768 	8	78.4225227606	1	6.79045432942	113.423	96.191	0.253	111.187	98.31	2.48	113.894	101.296	-2.985
423796	PRO	 769 	PRO	 770 	GLU	 771 	5	59.6206295135	1	5.61699287876	111.738	103.328	-0.581	110.957	106.942	-1.486	113.389	108.446	1.041
453174	SER	 772 	PRO	 769 	PRO	 770 	7	70.3749220985	1	5.52228041664	116.205	106.572	-0.715	111.738	103.328	-0.581	110.957	106.942	-1.486
424160	PRO	 769 	PRO	 770 	LYS	 840 	9	83.8899092856	1	7.64579897722	111.738	103.328	-0.581	110.957	106.942	-1.486	105.887	105.928	3.598
515094	TRP	 838 	TRP	 785 	PRO	 769 	7	73.4590512839	1	7.28269476224	106.161	99.761	2.454	111.187	98.31	2.48	111.738	103.328	-0.581
510559	TRP	 838 	PRO	 769 	LYS	 840 	8	77.3047048234	1	7.64579897722	106.161	99.761	2.454	111.738	103.328	-0.581	105.887	105.928	3.598
540435	TYR	 778 	SER	 772 	GLU	 771 	4	44.4065998895	1	7.57124917038	119.61	104.899	3.499	116.205	106.572	-0.715	113.389	108.446	1.041
454035	SER	 782 	SER	 772 	GLU	 771 	4	49.9940449587	1	7.67184488894	115.127	101.578	3.985	116.205	106.572	-0.715	113.389	108.446	1.041
445180	SER	 772 	ILE	 773 	PHE	 774 	5	56.7860005598	1	5.7696102988	116.205	106.572	-0.715	114.946	107.458	-4.19	114.128	111.129	-3.58
627049	ARG	 777 	SER	 772 	ILE	 773 	2	26.7329653614	1	7.58806042411	118.515	108.384	2.442	116.205	106.572	-0.715	114.946	107.458	-4.19
541086	TYR	 778 	SER	 772 	SER	 782 	7	74.6735724249	1	6.94205445095	119.61	104.899	3.499	116.205	106.572	-0.715	115.127	101.578	3.985
646781	ASN	 776 	ILE	 773 	PHE	 774 	6	64.2805283293	1	5.90366513278	119.269	109.714	-1.046	114.946	107.458	-4.19	114.128	111.129	-3.58
659740	ASN	 776 	TYR	 775 	PHE	 774 	5	54.2998424153	1	5.90366513278	119.269	109.714	-1.046	116.351	112.136	-0.666	114.128	111.129	-3.58
630938	ARG	 777 	TYR	 775 	PHE	 774 	3	35.8921361216	1	7.9401056668	118.515	108.384	2.442	116.351	112.136	-0.666	114.128	111.129	-3.58
664060	ASN	 776 	ARG	 777 	PHE	 774 	5	56.5847527835	1	7.9401056668	119.269	109.714	-1.046	118.515	108.384	2.442	114.128	111.129	-3.58
665138	ASN	 776 	ARG	 777 	TYR	 778 	3	40.0578148648	1	6.63004758656	119.269	109.714	-1.046	118.515	108.384	2.442	119.61	104.899	3.499
631874	ARG	 777 	TYR	 778 	THR	 779 	3	38.6971006389	1	6.68408452969	118.515	108.384	2.442	119.61	104.899	3.499	118.854	103.436	6.923
631804	ARG	 777 	TYR	 778 	SER	 782 	5	54.3245576006	1	7.75764326326	118.515	108.384	2.442	119.61	104.899	3.499	115.127	101.578	3.985
542600	TYR	 778 	THR	 780 	THR	 779 	9	89.8506950713	1	7.00097778885	119.61	104.899	3.499	117.87	100.002	8.19	118.854	103.436	6.923
540434	TYR	 778 	SER	 782 	GLU	 781 	3	41.1164224902	1	7.75932116876	119.61	104.899	3.499	115.127	101.578	3.985	114.268	101.098	7.649
484928	THR	 780 	THR	 779 	SER	 782 	9	87.353961846	1	5.26211459396	117.87	100.002	8.19	118.854	103.436	6.923	115.127	101.578	3.985
484780	THR	 779 	THR	 780 	ASP	 783 	5	60.5618295229	1	6.74075848848	118.854	103.436	6.923	117.87	100.002	8.19	116.319	97.936	3.963
483339	THR	 779 	SER	 782 	ASP	 783 	4	51.603433104	1	6.74075848848	118.854	103.436	6.923	115.127	101.578	3.985	116.319	97.936	3.963
511636	TRP	 785 	SER	 782 	GLU	 781 	5	53.85311919	1	6.63204840151	111.187	98.31	2.48	115.127	101.578	3.985	114.268	101.098	7.649
567796	VAL	 784 	PRO	 846 	GLU	 781 	5	58.7709088233	1	8.09618064275	112.998	96.964	5.537	108.376	96.917	11.303	114.268	101.098	7.649
629720	ARG	 845 	TRP	 785 	GLU	 781 	9	89.9918485778	1	7.65505800109	107.893	100.044	9.169	111.187	98.31	2.48	114.268	101.098	7.649
625399	ARG	 845 	PRO	 842 	GLU	 781 	8	76.4594808804	1	6.63791691723	107.893	100.044	9.169	110.37	104.917	7.738	114.268	101.098	7.649
452599	SER	 847 	PRO	 846 	GLU	 781 	8	80.2848500427	1	8.09618064275	111.804	96.28	12.809	108.376	96.917	11.303	114.268	101.098	7.649
512142	TRP	 785 	SER	 782 	ASP	 783 	7	69.941673117	1	5.35505266081	111.187	98.31	2.48	115.127	101.578	3.985	116.319	97.936	3.963
601565	ALA	 786 	TRP	 785 	SER	 782 	6	66.7827963669	1	6.77135208064	113.423	96.191	0.253	111.187	98.31	2.48	115.127	101.578	3.985
543823	TYR	 787 	TRP	 785 	ASP	 783 	8	80.6913830479	1	6.11807845651	112.659	93.246	2.535	111.187	98.31	2.48	116.319	97.936	3.963
572910	VAL	 784 	TRP	 838 	TRP	 785 	7	68.5062055654	1	8.00454039905	112.998	96.964	5.537	106.161	99.761	2.454	111.187	98.31	2.48
633387	ARG	 845 	VAL	 784 	TRP	 785 	4	50.1444385039	1	7.65505800109	107.893	100.044	9.169	112.998	96.964	5.537	111.187	98.31	2.48
571973	VAL	 784 	TRP	 838 	CYS	 837 	6	65.4924721617	1	8.00454039905	112.998	96.964	5.537	106.161	99.761	2.454	107.286	97.378	5.2
567656	VAL	 784 	PRO	 846 	CYS	 837 	9	85.2199657945	1	7.38998301757	112.998	96.964	5.537	108.376	96.917	11.303	107.286	97.378	5.2
633391	ARG	 845 	VAL	 784 	TRP	 838 	8	80.0561060855	1	8.00454039905	107.893	100.044	9.169	112.998	96.964	5.537	106.161	99.761	2.454
569812	VAL	 784 	SER	 847 	PRO	 846 	5	53.5187751959	1	7.40104560181	112.998	96.964	5.537	111.804	96.28	12.809	108.376	96.917	11.303
569020	VAL	 784 	SER	 847 	PHE	 848 	5	55.7962519174	1	7.40104560181	112.998	96.964	5.537	111.804	96.28	12.809	113.693	93.246	11.542
603149	ALA	 786 	TYR	 787 	TRP	 785 	6	65.1185352793	1	5.27388898253	113.423	96.191	0.253	112.659	93.246	2.535	111.187	98.31	2.48
604587	ALA	 786 	VAL	 789 	TRP	 785 	4	51.5684635855	1	6.64290802285	113.423	96.191	0.253	109.838	93.475	-1.871	111.187	98.31	2.48
600769	ALA	 786 	TRP	 785 	CYS	 837 	2	33.4875664709	1	7.97148336259	113.423	96.191	0.253	111.187	98.31	2.48	107.286	97.378	5.2
543606	TYR	 787 	TRP	 785 	GLY	 788 	7	71.3550046077	1	5.27388898253	112.659	93.246	2.535	111.187	98.31	2.48	108.974	93.693	1.824
543752	TYR	 787 	TRP	 785 	MET	 834 	9	89.8784535751	1	8.07892344313	112.659	93.246	2.535	111.187	98.31	2.48	104.621	93.652	3.158
543172	TYR	 787 	TRP	 785 	CYS	 837 	5	59.9753476158	1	7.28318460565	112.659	93.246	2.535	111.187	98.31	2.48	107.286	97.378	5.2
507607	TRP	 785 	MET	 834 	GLY	 788 	8	82.292540348	1	8.07892344313	111.187	98.31	2.48	104.621	93.652	3.158	108.974	93.693	1.824
504296	TRP	 785 	GLY	 788 	CYS	 837 	9	84.4147766113	1	5.27503033167	111.187	98.31	2.48	108.974	93.693	1.824	107.286	97.378	5.2
572551	VAL	 789 	TRP	 785 	MET	 834 	8	81.9903526695	1	8.07892344313	109.838	93.475	-1.871	111.187	98.31	2.48	104.621	93.652	3.158
515316	TRP	 792 	TRP	 838 	TRP	 785 	4	50.6409238766	2	11.4253929911	106.975	89.633	-2.771	106.161	99.761	2.454	111.187	98.31	2.48
507176	TRP	 785 	MET	 834 	CYS	 837 	9	87.8591924134	1	8.07892344313	111.187	98.31	2.48	104.621	93.652	3.158	107.286	97.378	5.2
514950	TRP	 785 	TRP	 838 	MET	 834 	7	69.3092663869	1	8.07892344313	111.187	98.31	2.48	106.161	99.761	2.454	104.621	93.652	3.158
514374	TRP	 785 	TRP	 838 	CYS	 837 	7	75.7471434099	1	5.23132421094	111.187	98.31	2.48	106.161	99.761	2.454	107.286	97.378	5.2
511495	TRP	 785 	SER	 839 	CYS	 837 	8	81.4634270874	1	7.87528913755	111.187	98.31	2.48	104.932	102.465	4.853	107.286	97.378	5.2
629576	ARG	 845 	TRP	 785 	CYS	 837 	9	89.6296859067	1	7.65505800109	107.893	100.044	9.169	111.187	98.31	2.48	107.286	97.378	5.2
515162	TRP	 785 	TRP	 838 	SER	 839 	3	36.0702994976	1	7.87528913755	111.187	98.31	2.48	106.161	99.761	2.454	104.932	102.465	4.853
630366	ARG	 845 	TRP	 785 	SER	 839 	7	70.8516840276	1	7.87528913755	107.893	100.044	9.169	111.187	98.31	2.48	104.932	102.465	4.853
590692	ALA	 786 	GLY	 788 	CYS	 837 	5	57.4326704654	1	7.97148336259	113.423	96.191	0.253	108.974	93.693	1.824	107.286	97.378	5.2
360506	MET	 834 	GLY	 788 	LEU	 833 	3	34.9818645532	1	7.4192790081	104.621	93.652	3.158	108.974	93.693	1.824	103.41	92.567	6.601
622802	ARG	 835 	MET	 834 	GLY	 788 	3	37.7863271769	1	7.48783413278	102.244	96.595	3.358	104.621	93.652	3.158	108.974	93.693	1.824
504294	TRP	 838 	GLY	 788 	CYS	 837 	7	71.5229068978	1	6.71792326541	106.161	99.761	2.454	108.974	93.693	1.824	107.286	97.378	5.2
575792	VAL	 790 	VAL	 789 	TRP	 792 	9	83.7922523301	1	5.26034228924	111.937	90.364	-1.185	109.838	93.475	-1.871	106.975	89.633	-2.771
572696	VAL	 789 	TRP	 792 	PRO	 801 	9	87.9661070693	1	7.66910874874	109.838	93.475	-1.871	106.975	89.633	-2.771	108.463	93.452	-9.253
572119	VAL	 790 	TRP	 792 	GLU	 793 	8	75.8761673393	1	5.26034228924	111.937	90.364	-1.185	106.975	89.633	-2.771	109.758	88.069	-4.856
507388	TRP	 792 	MET	 834 	LEU	 791 	5	56.1622016293	1	7.539676253	106.975	89.633	-2.771	104.621	93.652	3.158	108.86	88.76	0.387
498464	TRP	 792 	GLU	 793 	PHE	 795 	9	88.180565161	1	5.5310589402	106.975	89.633	-2.771	109.758	88.069	-4.856	106.006	84.324	-3.278
510196	TRP	 792 	PRO	 801 	GLU	 793 	5	56.4646107874	1	7.66910874874	106.975	89.633	-2.771	108.463	93.452	-9.253	109.758	88.069	-4.856
502782	TRP	 792 	ILE	 794 	PHE	 795 	7	68.9967157037	1	5.53024601623	106.975	89.633	-2.771	109.741	84.845	-2.86	106.006	84.324	-3.278
511856	TRP	 792 	SER	 796 	ILE	 794 	9	88.8904069215	1	5.99275637749	106.975	89.633	-2.771	106.187	85.389	-6.928	109.741	84.845	-2.86
511422	TRP	 792 	SER	 796 	PHE	 795 	7	69.8428540665	1	5.99275637749	106.975	89.633	-2.771	106.187	85.389	-6.928	106.006	84.324	-3.278
509983	TRP	 792 	PRO	 823 	PHE	 795 	8	81.2596594775	1	6.84902051391	106.975	89.633	-2.771	100.955	87.474	-5.222	106.006	84.324	-3.278
512215	TRP	 792 	SER	 796 	PRO	 823 	8	79.5729363781	1	6.84902051391	106.975	89.633	-2.771	106.187	85.389	-6.928	100.955	87.474	-5.222
510272	TRP	 792 	PRO	 801 	LEU	 820 	9	83.456428204	1	7.99386389676	106.975	89.633	-2.771	108.463	93.452	-9.253	102.885	95.977	-5.403
510051	TRP	 792 	PRO	 823 	CYS	 822 	4	50.1347127309	1	7.6495746287	106.975	89.633	-2.771	100.955	87.474	-5.222	99.411	90.523	-3.485
543175	TYR	 831 	TRP	 792 	CYS	 822 	8	75.9226500244	1	7.97781480106	100.945	90.506	2.379	106.975	89.633	-2.771	99.411	90.523	-3.485
543749	TYR	 831 	TRP	 792 	MET	 834 	6	65.3901633045	1	7.97781480106	100.945	90.506	2.379	106.975	89.633	-2.771	104.621	93.652	3.158
412204	PRO	 801 	GLU	 793 	GLN	 800 	5	54.5962907404	1	7.19427751758	108.463	93.452	-9.253	109.758	88.069	-4.856	110.734	91.151	-11.283
301179	GLY	 798 	ILE	 794 	PHE	 795 	4	44.1910821606	1	7.80512889067	111.59	85.334	-8.637	109.741	84.845	-2.86	106.006	84.324	-3.278
452380	SER	 796 	PRO	 823 	PHE	 795 	5	60.4346399529	1	6.26212719449	106.187	85.389	-6.928	100.955	87.474	-5.222	106.006	84.324	-3.278
533019	TYR	 797 	GLY	 798 	PHE	 795 	4	49.9221680113	1	7.80512889067	108.932	82.836	-7.602	111.59	85.334	-8.637	106.006	84.324	-3.278
653982	ASN	 825 	PRO	 823 	PHE	 795 	7	75.7476960014	1	7.6285766038	98.686	82.183	-3.108	100.955	87.474	-5.222	106.006	84.324	-3.278
409184	PRO	 823 	CYS	 826 	PHE	 795 	9	86.138769388	1	6.26212719449	100.955	87.474	-5.222	100.581	84.61	-0.874	106.006	84.324	-3.278
639581	ASN	 825 	CYS	 826 	PHE	 795 	6	62.7481939947	1	7.6285766038	98.686	82.183	-3.108	100.581	84.61	-0.874	106.006	84.324	-3.278
540724	TYR	 797 	SER	 796 	GLY	 798 	5	58.2187509325	1	5.66710816908	108.932	82.836	-7.602	106.187	85.389	-6.928	111.59	85.334	-8.637
452595	SER	 796 	PRO	 823 	GLU	 824 	4	45.1273388496	1	7.61976804109	106.187	85.389	-6.928	100.955	87.474	-5.222	98.66	84.569	-6.072
298442	GLY	 798 	LEU	 799 	GLN	 800 	3	43.7456885651	1	6.44759963087	111.59	85.334	-8.637	109.588	87.543	-11.005	110.734	91.151	-11.283
538922	TYR	 802 	PRO	 801 	GLN	 800 	3	42.8874489232	1	6.51617871148	106.492	96.096	-11.169	108.463	93.452	-9.253	110.734	91.151	-11.283
538925	TYR	 803 	PRO	 801 	GLN	 800 	6	66.9429091436	1	5.5642842307	106.915	93.918	-14.236	108.463	93.452	-9.253	110.734	91.151	-11.283
544686	TYR	 802 	TYR	 803 	GLN	 800 	7	74.7365881839	1	6.51617871148	106.492	96.096	-11.169	106.915	93.918	-14.236	110.734	91.151	-11.283
545333	TYR	 803 	TYR	 802 	PRO	 801 	6	65.9389985775	1	5.23867817297	106.915	93.918	-14.236	106.492	96.096	-11.169	108.463	93.452	-9.253
545043	TYR	 802 	TYR	 803 	GLY	 804 	4	46.5020278323	1	6.28238059974	106.492	96.096	-11.169	106.915	93.918	-14.236	105.783	95.66	-17.396
545192	TYR	 802 	TYR	 803 	MET	 805 	9	86.7831146928	1	5.66161752505	106.492	96.096	-11.169	106.915	93.918	-14.236	106.598	99.082	-15.978
536404	TYR	 802 	MET	 805 	GLY	 804 	5	59.4084056987	1	6.28238059974	106.492	96.096	-11.169	106.598	99.082	-15.978	105.783	95.66	-17.396
536408	TYR	 803 	MET	 805 	GLY	 804 	9	89.7874750745	1	5.45911613725	106.915	93.918	-14.236	106.598	99.082	-15.978	105.783	95.66	-17.396
594002	ALA	 806 	MET	 805 	GLY	 804 	3	39.7187385883	1	6.61893292004	109.737	100.951	-16.97	106.598	99.082	-15.978	105.783	95.66	-17.396
593858	ALA	 806 	MET	 805 	HIS	 807 	3	42.8842096995	1	6.47435162777	109.737	100.951	-16.97	106.598	99.082	-15.978	111.945	102.25	-14.164
593715	ALA	 806 	MET	 805 	GLU	 808 	4	47.7823537187	1	7.98290229177	109.737	100.951	-16.97	106.598	99.082	-15.978	110.661	105.804	-14.552
357555	MET	 805 	HIS	 807 	GLU	 808 	4	44.6335120189	1	7.98290229177	106.598	99.082	-15.978	111.945	102.25	-14.164	110.661	105.804	-14.552
357560	MET	 805 	HIS	 807 	GLU	 809 	9	86.1704872134	1	6.47435162777	106.598	99.082	-15.978	111.945	102.25	-14.164	107.098	104.499	-14.279
565062	VAL	 810 	MET	 805 	HIS	 807 	7	74.2267276674	1	6.47435162777	107.977	102.65	-11.08	106.598	99.082	-15.978	111.945	102.25	-14.164
587957	ALA	 806 	HIS	 807 	GLU	 808 	6	61.2755782164	1	5.50019172393	109.737	100.951	-16.97	111.945	102.25	-14.164	110.661	105.804	-14.552
239480	HIS	 807 	GLU	 809 	GLU	 808 	9	89.8702358259	1	5.34458932005	111.945	102.25	-14.164	107.098	104.499	-14.279	110.661	105.804	-14.552
560741	VAL	 810 	ILE	 811 	HIS	 807 	6	66.4077428265	1	6.48076608126	107.977	102.65	-11.08	109.213	105.877	-9.54	111.945	102.25	-14.164
544759	TYR	 813 	TYR	 812 	GLU	 809 	8	76.2304826165	1	6.0148177861	103.77	104.679	-9.272	105.924	107.632	-10.355	107.098	104.499	-14.279
574422	VAL	 810 	TYR	 812 	TYR	 813 	7	74.0540364381	1	5.43698059588	107.977	102.65	-11.08	105.924	107.632	-10.355	103.77	104.679	-9.272
544972	TYR	 813 	TYR	 812 	ILE	 811 	5	60.3051861857	1	5.57972015427	103.77	104.679	-9.272	105.924	107.632	-10.355	109.213	105.877	-9.54
574424	VAL	 814 	TYR	 812 	TYR	 813 	9	89.8416508871	1	5.36094096218	105.658	104.558	-5.971	105.924	107.632	-10.355	103.77	104.679	-9.272
632022	ARG	 815 	TYR	 813 	TYR	 812 	7	75.6869567911	1	5.57333535686	105.699	108.324	-5.523	103.77	104.679	-9.272	105.924	107.632	-10.355
545263	TYR	 812 	TYR	 813 	ASP	 816 	8	78.4539786228	1	6.0084478861	105.924	107.632	-10.355	103.77	104.679	-9.272	101.91	108.337	-5.94
660464	ASN	 818 	TYR	 813 	ASP	 816 	9	85.2549372857	1	5.68619248707	100.867	102.843	-4.91	103.77	104.679	-9.272	101.91	108.337	-5.94
660244	ASN	 818 	TYR	 813 	GLY	 817 	5	53.3179137884	1	6.75046050281	100.867	102.843	-4.91	103.77	104.679	-9.272	101.724	105.98	-2.972
660170	ASN	 818 	TYR	 813 	ILE	 819 	3	43.8383104582	1	7.52646729881	100.867	102.843	-4.91	103.77	104.679	-9.272	102.373	99.469	-4.023
653048	ASN	 818 	ASP	 816 	GLY	 817 	9	89.8175775314	1	5.68619248707	100.867	102.843	-4.91	101.91	108.337	-5.94	101.724	105.98	-2.972
648650	ASN	 818 	GLY	 817 	ILE	 819 	3	39.6091846687	1	6.62713535398	100.867	102.843	-4.91	101.724	105.98	-2.972	102.373	99.469	-4.023
647065	ASN	 818 	ILE	 819 	LEU	 820 	2	25.6164933731	1	7.17337640167	100.867	102.843	-4.91	102.373	99.469	-4.023	102.885	95.977	-5.403
629936	ARG	 835 	TRP	 838 	ILE	 819 	9	85.1396907676	1	7.92184814295	102.244	96.595	3.358	106.161	99.761	2.454	102.373	99.469	-4.023
586370	ALA	 821 	LEU	 820 	CYS	 822 	3	37.2580399431	1	6.74488813843	99.805	93.747	-5.459	102.885	95.977	-5.403	99.411	90.523	-3.485
412130	PRO	 823 	GLU	 824 	CYS	 822 	3	42.5402525081	1	6.53503527152	100.955	87.474	-5.222	98.66	84.569	-6.072	99.411	90.523	-3.485
409252	PRO	 823 	CYS	 826 	CYS	 822 	5	54.5154929053	1	6.56884997545	100.955	87.474	-5.222	100.581	84.61	-0.874	99.411	90.523	-3.485
178855	GLU	 824 	CYS	 822 	CYS	 826 	8	79.2447822629	1	6.56884997545	98.66	84.569	-6.072	99.411	90.523	-3.485	100.581	84.61	-0.874
207656	LEU	 828 	CYS	 822 	CYS	 826 	9	87.4672473225	1	7.811838516	97.154	87.677	3.431	99.411	90.523	-3.485	100.581	84.61	-0.874
524456	TYR	 831 	CYS	 826 	CYS	 822 	9	84.8511833293	1	6.74368749276	100.945	90.506	2.379	100.581	84.61	-0.874	99.411	90.523	-3.485
654054	ASN	 825 	PRO	 823 	CYS	 826 	7	72.023685177	1	6.13286539882	98.686	82.183	-3.108	100.955	87.474	-5.222	100.581	84.61	-0.874
642533	ASN	 825 	GLU	 824 	CYS	 826 	6	60.6055867243	1	5.54176199417	98.686	82.183	-3.108	98.66	84.569	-6.072	100.581	84.61	-0.874
654056	ASN	 825 	PRO	 827 	CYS	 826 	9	89.6504442772	1	6.11196146912	98.686	82.183	-3.108	98.932	84.429	2.571	100.581	84.61	-0.874
538852	TYR	 831 	PRO	 827 	CYS	 826 	5	57.2456103605	1	6.74368749276	100.945	90.506	2.379	98.932	84.429	2.571	100.581	84.61	-0.874
211975	LEU	 830 	LEU	 828 	CYS	 826 	8	82.9228508952	1	6.89538787887	102.154	87.967	4.94	97.154	87.677	3.431	100.581	84.61	-0.874
660392	ASN	 832 	TYR	 831 	MET	 834 	9	83.6190550689	1	5.29531009479	99.854	92.718	5.266	100.945	90.506	2.379	104.621	93.652	3.158
665140	ASN	 832 	ARG	 835 	TYR	 831 	5	55.9189671514	1	6.30252036887	99.854	92.718	5.266	102.244	96.595	3.358	100.945	90.506	2.379
630364	ARG	 835 	TRP	 838 	SER	 839 	5	53.0342178247	1	6.62701056284	102.244	96.595	3.358	106.161	99.761	2.454	104.932	102.465	4.853
384771	ASP	 844 	LEU	 836 	CYS	 837 	4	48.0635038878	1	7.98244736907	106.162	103.121	10.629	103.791	97.573	6.692	107.286	97.378	5.2
413573	PRO	 846 	LEU	 836 	CYS	 837 	6	62.3915814215	1	6.53558581919	108.376	96.917	11.303	103.791	97.573	6.692	107.286	97.378	5.2
511712	TRP	 838 	SER	 839 	LEU	 836 	9	89.5769575736	1	5.34934257643	106.161	99.761	2.454	104.932	102.465	4.853	103.791	97.573	6.692
511492	TRP	 838 	SER	 839 	CYS	 837 	5	59.4418562455	1	5.6159855769	106.161	99.761	2.454	104.932	102.465	4.853	107.286	97.378	5.2
629575	ARG	 845 	TRP	 838 	CYS	 837 	8	76.0742545305	1	6.94054306233	107.893	100.044	9.169	106.161	99.761	2.454	107.286	97.378	5.2
626695	ARG	 845 	SER	 839 	CYS	 837 	8	80.4525173253	1	5.76685512216	107.893	100.044	9.169	104.932	102.465	4.853	107.286	97.378	5.2
623809	ARG	 845 	ASP	 844 	CYS	 837 	2	32.8160161448	1	7.98244736907	107.893	100.044	9.169	106.162	103.121	10.629	107.286	97.378	5.2
422214	PRO	 846 	ASP	 844 	CYS	 837 	7	72.5770246864	1	7.98244736907	108.376	96.917	11.303	106.162	103.121	10.629	107.286	97.378	5.2
625253	ARG	 845 	PRO	 846 	CYS	 837 	6	67.1981979778	1	6.21668963356	107.893	100.044	9.169	108.376	96.917	11.303	107.286	97.378	5.2
511995	TRP	 838 	SER	 839 	LYS	 840 	4	47.4547962106	1	6.27819249466	106.161	99.761	2.454	104.932	102.465	4.853	105.887	105.928	3.598
453104	SER	 839 	PRO	 842 	ASP	 844 	9	84.4021293752	1	6.62626387944	104.932	102.465	4.853	110.37	104.917	7.738	106.162	103.121	10.629
627415	ARG	 845 	SER	 839 	PRO	 842 	8	78.9452354303	1	6.62626387944	107.893	100.044	9.169	104.932	102.465	4.853	110.37	104.917	7.738
625467	ARG	 845 	PRO	 842 	LEU	 841 	4	48.1313557659	1	7.29686850642	107.893	100.044	9.169	110.37	104.917	7.738	107.214	106.976	6.994
597100	ALA	 843 	PRO	 846 	ASP	 844 	5	59.7176571555	1	8.09393365429	109.431	104.941	11.422	108.376	96.917	11.303	106.162	103.121	10.629
634610	ARG	 845 	ALA	 843 	PRO	 846 	3	36.6981322113	1	8.09393365429	107.893	100.044	9.169	109.431	104.941	11.422	108.376	96.917	11.303
452378	SER	 847 	PRO	 846 	PHE	 848 	3	43.0742199266	1	6.46558976428	111.804	96.28	12.809	108.376	96.917	11.303	113.693	93.246	11.542
454612	SER	 850 	SER	 847 	PRO	 846 	5	58.675472933	1	6.22046477363	109.623	91.919	14.79	111.804	96.28	12.809	108.376	96.917	11.303
416382	PRO	 846 	ILE	 851 	PHE	 848 	7	71.8102787243	1	6.46558976428	108.376	96.917	11.303	109.647	90.689	11.206	113.693	93.246	11.542
453822	SER	 850 	SER	 847 	PHE	 848 	7	68.9853042356	1	5.37357730009	109.623	91.919	14.79	111.804	96.28	12.809	113.693	93.246	11.542
453894	SER	 847 	SER	 850 	CYS	 849 	7	69.6061872926	1	5.32433150733	111.804	96.28	12.809	109.623	91.919	14.79	113.403	91.708	15.02
445256	SER	 847 	ILE	 851 	CYS	 849 	9	88.5443369151	1	6.20334901485	111.804	96.28	12.809	109.647	90.689	11.206	113.403	91.708	15.02
454252	SER	 847 	SER	 850 	ILE	 851 	5	58.7617881677	1	6.20334901485	111.804	96.28	12.809	109.623	91.919	14.79	109.647	90.689	11.206
437981	SER	 850 	CYS	 849 	PHE	 848 	6	63.6836952428	1	5.37357730009	109.623	91.919	14.79	113.403	91.708	15.02	113.693	93.246	11.542
265183	ILE	 851 	CYS	 849 	PHE	 848 	8	76.6989819482	1	5.44908184927	109.647	90.689	11.206	113.403	91.708	15.02	113.693	93.246	11.542
236381	HIS	 852 	CYS	 849 	PHE	 848 	6	62.3943759002	1	5.89607700085	111.775	87.716	12.252	113.403	91.708	15.02	113.693	93.246	11.542
443814	SER	 850 	HIS	 852 	CYS	 849 	7	72.1684555755	1	5.36076086018	109.623	91.919	14.79	111.775	87.716	12.252	113.403	91.708	15.02
626692	ARG	 853 	SER	 850 	CYS	 849 	5	58.0783527144	1	6.18681873017	109.536	86.882	15.201	109.623	91.919	14.79	113.403	91.708	15.02
271016	ILE	 851 	HIS	 852 	CYS	 849 	9	84.7779872658	1	5.44908184927	109.647	90.689	11.206	111.775	87.716	12.252	113.403	91.708	15.02
616614	ARG	 853 	HIS	 852 	CYS	 849 	7	72.820212587	1	6.18681873017	109.536	86.882	15.201	111.775	87.716	12.252	113.403	91.708	15.02
635694	ARG	 857 	ARG	 853 	ILE	 854 	7	73.2172384376	1	6.01451461051	105.755	82.277	14.381	109.536	86.882	15.201	106.473	87.139	12.956
622444	ARG	 857 	MET	 858 	GLN	 856 	5	57.6057547722	1	5.69990675362	105.755	82.277	14.381	103.991	81.649	11.088	109.269	82.656	12.99
613803	ARG	 857 	GLU	 860 	GLN	 856 	4	49.3421513645	1	7.10748943017	105.755	82.277	14.381	105.114	76.89	13.065	109.269	82.656	12.99
353094	MET	 858 	GLN	 856 	CYS	 859 	7	71.788791242	1	5.69990675362	103.991	81.649	11.088	109.269	82.656	12.99	106.645	79.027	10.322
180294	GLU	 860 	GLN	 856 	CYS	 859 	7	71.679515035	1	7.10748943017	105.114	76.89	13.065	109.269	82.656	12.99	106.645	79.027	10.322
354536	MET	 858 	GLU	 860 	CYS	 859 	9	89.905744448	1	5.27425245888	103.991	81.649	11.088	105.114	76.89	13.065	106.645	79.027	10.322
