596595	ALA	 674 	PRO	 675 	GLU	 673 	4	47.1211626808	1	6.32625940031	48.411	3.378	69.402	48.561	0.387	66.997	51.022	6.021	68.488
654124	ASN	 676 	PRO	 675 	GLN	 677 	5	56.0172642095	1	5.79211325856	45.265	-0.316	65.257	48.561	0.387	66.997	44.785	-3.945	66.273
586442	ALA	 678 	LEU	 679 	GLN	 677 	3	42.6955404681	1	6.54256990792	41.432	-4.257	64.475	40.659	-7.613	62.762	44.785	-3.945	66.273
618266	ARG	 681 	ILE	 682 	LEU	 680 	3	39.6545584503	1	6.61274481588	37.734	-10.623	58.296	37.84	-12.392	54.934	39.877	-7.593	59.002
272453	ILE	 682 	ILE	 756 	CYS	 757 	6	64.5053117142	1	5.70221106239	37.84	-12.392	54.934	35.166	-8.44	52.9	34.979	-11.059	50.185
325736	LYS	 684 	GLU	 685 	CYS	 757 	9	89.0382015682	1	6.36930749768	34.254	-17.161	51.623	31.848	-16.413	48.736	34.979	-11.059	50.185
412058	PRO	 709 	GLU	 687 	PHE	 688 	3	38.2955050612	1	8.03209679972	29.352	-19.141	58.676	29.247	-18.585	53.05	26.551	-16.208	51.743
502999	TRP	 707 	ILE	 708 	GLU	 687 	8	78.3721313227	1	5.8968450039	25.579	-14.894	55.824	25.941	-18.46	57.031	29.247	-18.585	53.05
412276	PRO	 709 	GLU	 687 	GLU	 710 	5	55.4066837866	1	6.66593909363	29.352	-19.141	58.676	29.247	-18.585	53.05	30.521	-22.743	58.102
332858	LYS	 690 	LYS	 689 	PHE	 688 	3	42.940991266	1	6.53118404273	22.799	-12.893	47.549	23.506	-16.156	49.435	26.551	-16.208	51.743
331419	LYS	 689 	GLY	 705 	PHE	 688 	4	50.5076954637	1	7.02309796315	23.506	-16.156	49.435	21.305	-11.541	51.593	26.551	-16.208	51.743
505663	TRP	 707 	LYS	 689 	PHE	 688 	8	81.3955585291	1	6.83441979981	25.579	-14.894	55.824	23.506	-16.156	49.435	26.551	-16.208	51.743
504221	TRP	 707 	GLY	 705 	PHE	 688 	6	62.5846665499	1	7.02309796315	25.579	-14.894	55.824	21.305	-11.541	51.593	26.551	-16.208	51.743
502781	TRP	 707 	ILE	 708 	PHE	 688 	6	66.9926610882	1	5.77983979017	25.579	-14.894	55.824	25.941	-18.46	57.031	26.551	-16.208	51.743
509979	TRP	 707 	PRO	 709 	PHE	 688 	4	50.8745115729	1	8.03209679972	25.579	-14.894	55.824	29.352	-19.141	58.676	26.551	-16.208	51.743
506167	TRP	 707 	LYS	 689 	GLY	 705 	8	76.6211298782	1	6.88556795043	25.579	-14.894	55.824	23.506	-16.156	49.435	21.305	-11.541	51.593
331706	LYS	 690 	GLY	 705 	LEU	 706 	3	43.8051036529	1	6.90156373585	22.799	-12.893	47.549	21.305	-11.541	51.593	22.196	-14.015	54.332
301466	GLY	 705 	ILE	 691 	LEU	 706 	3	39.0345848385	1	7.56079896572	21.305	-11.541	51.593	19.008	-13.494	47.496	22.196	-14.015	54.332
535038	TYR	 703 	LYS	 692 	LYS	 704 	7	68.5671549694	1	6.16103538376	22.622	-6.637	47.301	17.701	-10.141	46.091	20.671	-8.018	50.252
534968	TYR	 703 	LYS	 692 	GLY	 705 	9	89.1580298463	1	6.72464274144	22.622	-6.637	47.301	17.701	-10.141	46.091	21.305	-11.541	51.593
575715	VAL	 693 	VAL	 702 	THR	 701 	4	46.966556093	1	7.84450336223	19.054	-6.843	44.728	24.234	-3.246	46.751	25.552	-2.716	43.218
446904	SER	 696 	GLY	 695 	LEU	 694 	1	21.6836477599	1	7.28875037301	22.818	0.395	42.453	20.007	-0.838	44.684	18.579	-3.661	46.778
447123	SER	 696 	GLY	 697 	GLY	 695 	4	45.9108809205	1	6.33094937588	22.818	0.395	42.453	23.485	4.118	42.834	20.007	-0.838	44.684
475928	THR	 701 	GLY	 697 	GLY	 695 	9	87.0477112357	1	7.15006999966	25.552	-2.716	43.218	23.485	4.118	42.834	20.007	-0.838	44.684
482624	THR	 701 	SER	 696 	PHE	 699 	9	86.6309354611	1	7.16855117859	25.552	-2.716	43.218	22.818	0.395	42.453	29.439	3.028	43.239
591124	ALA	 698 	GLY	 700 	GLY	 697 	5	55.8628458874	1	6.6318308935	26.852	5.161	41.4	28.289	-0.375	41.988	23.485	4.118	42.834
475924	THR	 701 	GLY	 697 	GLY	 700 	5	59.3720583076	1	7.15006999966	25.552	-2.716	43.218	23.485	4.118	42.834	28.289	-0.375	41.988
475417	THR	 701 	GLY	 700 	PHE	 699 	2	32.8620036836	1	6.9356143203	25.552	-2.716	43.218	28.289	-0.375	41.988	29.439	3.028	43.239
296858	GLY	 700 	GLU	 722 	PHE	 699 	3	42.5182935575	1	7.70485360017	28.289	-0.375	41.988	30.58	-4.274	45.417	29.439	3.028	43.239
619418	ARG	 724 	GLY	 700 	PHE	 699 	3	36.5495116117	1	7.57840438351	30.923	-2.878	38.728	28.289	-0.375	41.988	29.439	3.028	43.239
570961	VAL	 702 	THR	 701 	GLY	 700 	2	34.283019206	1	6.88272002917	24.234	-3.246	46.751	25.552	-2.716	43.218	28.289	-0.375	41.988
573913	VAL	 702 	TYR	 703 	LYS	 704 	2	33.1756432368	1	6.90825260106	24.234	-3.246	46.751	22.622	-6.637	47.301	20.671	-8.018	50.252
534962	TYR	 703 	LYS	 704 	GLY	 705 	3	39.9317820051	1	6.64868174904	22.622	-6.637	47.301	20.671	-8.018	50.252	21.305	-11.541	51.593
331704	LYS	 704 	GLY	 705 	LEU	 706 	1	17.9154093311	1	7.41188464562	20.671	-8.018	50.252	21.305	-11.541	51.593	22.196	-14.015	54.332
592564	ALA	 719 	LYS	 704 	GLY	 705 	5	55.8405169282	1	6.22618133369	24.022	-6.082	52.851	20.671	-8.018	50.252	21.305	-11.541	51.593
596956	ALA	 719 	PRO	 717 	LYS	 704 	5	60.3163816226	1	7.70226207033	24.022	-6.082	52.851	20.825	-10.723	57.462	20.671	-8.018	50.252
591051	ALA	 719 	GLY	 705 	ILE	 720 	4	52.472787879	1	7.14641091738	24.022	-6.082	52.851	21.305	-11.541	51.593	26.538	-6.911	50.093
503067	TRP	 707 	ILE	 708 	LEU	 706 	4	44.2223693811	1	6.40840471568	25.579	-14.894	55.824	25.941	-18.46	57.031	22.196	-14.015	54.332
510271	TRP	 707 	PRO	 717 	LEU	 706 	8	77.1778237969	1	6.53305449235	25.579	-14.894	55.824	20.825	-10.723	57.462	22.196	-14.015	54.332
510416	TRP	 707 	PRO	 709 	ILE	 708 	9	88.8849006592	1	6.35660616996	25.579	-14.894	55.824	29.352	-19.141	58.676	25.941	-18.46	57.031
503211	TRP	 707 	ILE	 716 	ILE	 708 	4	51.6975362608	1	6.61093230944	25.579	-14.894	55.824	22.79	-13.244	59.594	25.941	-18.46	57.031
510559	TRP	 707 	PRO	 717 	LYS	 715 	8	79.9148802195	1	6.66394785394	25.579	-14.894	55.824	20.825	-10.723	57.462	21.851	-16.949	59.605
572692	VAL	 718 	TRP	 707 	PRO	 717 	5	58.7125572251	1	6.53305449235	23.392	-8.854	55.415	25.579	-14.894	55.824	20.825	-10.723	57.462
515363	TRP	 707 	TRP	 927 	TRP	 793 	6	66.0015958253	7	42.3912564806	25.579	-14.894	55.824	26.251	27.045	61.963	17.382	10.062	66.317
515012	TRP	 707 	TRP	 856 	MET	 983 	6	67.1924220024	8	52.6154255423	25.579	-14.894	55.824	26.167	20.171	54.123	-13.456	20.282	58.526
601774	ALA	 989 	TRP	 707 	TRP	 881 	8	79.7751739258	8	56.1560719691	-24.694	8.943	63.435	25.579	-14.894	55.824	17.249	20.351	59.782
543239	TYR	 992 	TRP	 707 	CYS	 915 	9	85.2847641441	8	59.8870117889	-26.737	12.18	66.617	25.579	-14.894	55.824	10.658	23.525	65.769
419692	PRO	 709 	LYS	 713 	ILE	 708 	5	53.5653651841	1	7.57056708576	29.352	-19.141	58.676	24.221	-22.699	62.957	25.941	-18.46	57.031
419767	PRO	 709 	LYS	 713 	GLY	 711 	8	82.3898589656	1	7.57056708576	29.352	-19.141	58.676	24.221	-22.699	62.957	30.658	-24.056	61.674
297076	GLY	 711 	GLU	 712 	GLU	 710 	5	52.9063745552	1	5.98205391149	30.658	-24.056	61.674	27.939	-22.07	63.456	30.521	-22.743	58.102
331635	LYS	 713 	GLY	 711 	GLU	 710 	4	46.2546555492	1	7.95380166964	24.221	-22.699	62.957	30.658	-24.056	61.674	30.521	-22.743	58.102
604368	ALA	 719 	VAL	 718 	PRO	 717 	1	22.4558503635	1	7.2815527877	24.022	-6.082	52.851	23.392	-8.854	55.415	20.825	-10.723	57.462
589466	ALA	 719 	ILE	 765 	LEU	 764 	3	38.9168413182	1	8.09189477193	24.022	-6.082	52.851	29.683	-7.175	53.731	31.931	-5.134	51.427
593648	ALA	 719 	MET	 769 	GLN	 767 	9	85.1182612734	1	7.76773976135	24.022	-6.082	52.851	19.502	-2.137	57.785	24.779	-5.547	58.609
330194	LYS	 721 	ILE	 720 	GLU	 722 	3	37.3872440724	1	6.71985929912	28.127	-3.979	48.293	26.538	-6.911	50.093	30.58	-4.274	45.417
268205	ILE	 720 	GLU	 722 	GLN	 763 	6	67.1152773984	1	6.71985929912	26.538	-6.911	50.093	30.58	-4.274	45.417	32.803	-6.929	48.169
484351	THR	 727 	THR	 761 	LEU	 723 	8	77.048808507	1	7.28835145969	37.749	-3.661	37.935	35.998	-7.182	42.855	32.06	-2.636	42.374
483411	THR	 727 	SER	 728 	PRO	 729 	4	46.334421433	1	6.33576293748	37.749	-3.661	37.935	39.152	-0.185	38.307	42.253	-0.061	40.561
657655	ASN	 732 	THR	 727 	PRO	 729 	8	77.7288136963	1	7.39100791503	39.342	-1.054	44.665	37.749	-3.661	37.935	42.253	-0.061	40.561
657799	ASN	 732 	THR	 727 	THR	 761 	8	81.5788012209	1	7.39100791503	39.342	-1.054	44.665	37.749	-3.661	37.935	35.998	-7.182	42.855
484923	THR	 727 	THR	 761 	SER	 760 	4	48.0308331496	1	7.60991419137	37.749	-3.661	37.935	35.998	-7.182	42.855	36.896	-10.497	41.168
452956	SER	 728 	PRO	 729 	LYS	 730 	5	55.3508426812	1	5.87988010082	39.152	-0.185	38.307	42.253	-0.061	40.561	41.605	3.206	42.437
656214	ASN	 732 	SER	 728 	PRO	 729 	7	73.6218418703	1	6.41992406497	39.342	-1.054	44.665	39.152	-0.185	38.307	42.253	-0.061	40.561
419839	PRO	 729 	LYS	 733 	LYS	 730 	8	78.2024822939	1	6.23707375297	42.253	-0.061	40.561	41.721	1.146	46.657	41.605	3.206	42.437
596959	ALA	 731 	PRO	 729 	LYS	 733 	8	78.7485908162	1	6.23707375297	38.032	2.072	42.938	42.253	-0.061	40.561	41.721	1.146	46.657
654556	ASN	 732 	PRO	 729 	LYS	 733 	5	57.8512842424	1	6.23707375297	39.342	-1.054	44.665	42.253	-0.061	40.561	41.721	1.146	46.657
650239	ASN	 732 	LYS	 730 	LYS	 733 	8	77.6174155747	1	5.31345019738	39.342	-1.054	44.665	41.605	3.206	42.437	41.721	1.146	46.657
662116	ASN	 732 	VAL	 762 	THR	 761 	5	53.4650181159	1	7.21185274392	39.342	-1.054	44.665	36.318	-6.761	46.618	35.998	-7.182	42.855
383476	ASP	 737 	GLU	 734 	GLU	 738 	5	56.2388074963	1	6.25691769164	40.085	2.205	52.393	38.7	3.151	47.779	36.473	2.084	53.528
560523	VAL	 762 	ILE	 735 	GLN	 763 	4	47.8271348623	1	8.05589877047	36.318	-6.761	46.618	36.691	0.096	48.825	32.803	-6.929	48.169
569670	VAL	 741 	SER	 744 	MET	 742 	7	69.8718880616	1	5.30553795576	37.88	2.617	58.59	38.241	0.097	63.08	34.804	0.405	59.05
634468	ARG	 752 	ALA	 743 	MET	 742 	5	56.8220858329	1	7.95319426394	28.92	-2.616	61.486	36.823	-2.423	60.615	34.804	0.405	59.05
622372	ARG	 752 	MET	 742 	CYS	 751 	5	52.6405314703	1	7.39931631977	28.92	-2.616	61.486	34.804	0.405	59.05	27.64	0.91	60.831
569737	VAL	 745 	SER	 744 	ASP	 746 	2	33.8992158199	1	6.89732890328	34.944	1.271	64.613	38.241	0.097	63.08	32.706	-0.442	67.16
575500	VAL	 750 	VAL	 745 	ASP	 746 	5	57.1519152629	1	7.3061692425	27.98	3.314	63.771	34.944	1.271	64.613	32.706	-0.442	67.16
654697	ASN	 747 	PRO	 748 	ASP	 746 	2	30.2322359646	1	7.07667753964	29.694	1.5	68.446	25.889	0.884	68.52	32.706	-0.442	67.16
661899	ASN	 747 	VAL	 750 	ASP	 746 	4	50.046255444	1	6.92300028889	29.694	1.5	68.446	27.98	3.314	63.771	32.706	-0.442	67.16
654341	ASN	 747 	PRO	 748 	HIS	 749 	6	62.7396046191	1	5.39328647487	29.694	1.5	68.446	25.889	0.884	68.52	25.341	3.939	66.399
661973	ASN	 747 	VAL	 750 	PRO	 748 	6	65.5313912117	1	5.72976282232	29.694	1.5	68.446	27.98	3.314	63.771	25.889	0.884	68.52
654056	ASN	 747 	PRO	 748 	CYS	 751 	9	89.6885648985	1	7.90918712637	29.694	1.5	68.446	25.889	0.884	68.52	27.64	0.91	60.831
654487	ASN	 747 	PRO	 748 	GLY	 800 	8	81.552220999	1	7.43050455891	29.694	1.5	68.446	25.889	0.884	68.52	27.692	7.942	67.055
645415	ASN	 747 	HIS	 749 	CYS	 751 	8	76.6365910625	1	7.90918712637	29.694	1.5	68.446	25.341	3.939	66.399	27.64	0.91	60.831
648583	ASN	 747 	GLY	 800 	HIS	 749 	8	82.0228448811	1	6.88783340391	29.694	1.5	68.446	27.692	7.942	67.055	25.341	3.939	66.399
661250	ASN	 747 	VAL	 750 	CYS	 751 	3	36.2276602031	1	7.90918712637	29.694	1.5	68.446	27.98	3.314	63.771	27.64	0.91	60.831
418182	PRO	 748 	GLY	 800 	HIS	 749 	7	75.1078040354	1	7.43050455891	25.889	0.884	68.52	27.692	7.942	67.055	25.341	3.939	66.399
419623	PRO	 748 	LYS	 828 	HIS	 749 	8	81.6337824948	1	7.14537563743	25.889	0.884	68.52	23.41	4.11	62.646	25.341	3.939	66.399
567650	VAL	 750 	PRO	 748 	CYS	 751 	3	40.7123137345	1	7.88589868056	27.98	3.314	63.771	25.889	0.884	68.52	27.64	0.91	60.831
419334	PRO	 748 	LYS	 828 	CYS	 751 	7	68.3862724949	1	7.88589868056	25.889	0.884	68.52	23.41	4.11	62.646	27.64	0.91	60.831
559010	VAL	 750 	HIS	 749 	CYS	 751 	3	37.1453555254	1	6.74261566456	27.98	3.314	63.771	25.341	3.939	66.399	27.64	0.91	60.831
560740	VAL	 750 	ILE	 829 	HIS	 749 	5	56.9648712669	1	6.12754583826	27.98	3.314	63.771	25.841	6.322	60.776	25.341	3.939	66.399
328614	LYS	 828 	HIS	 749 	CYS	 751 	7	73.3875890911	1	6.74261566456	23.41	4.11	62.646	25.341	3.939	66.399	27.64	0.91	60.831
271085	ILE	 797 	HIS	 749 	GLN	 796 	6	62.2248353387	1	6.73532605001	23.425	10.358	65.699	25.341	3.939	66.399	21.729	8.532	68.549
328687	LYS	 799 	HIS	 749 	GLN	 796 	8	76.766514035	1	6.84250721593	26.315	9.544	70.201	25.341	3.939	66.399	21.729	8.532	68.549
299888	GLY	 800 	HIS	 749 	GLN	 796 	9	89.2864283701	1	6.2261298573	27.692	7.942	67.055	25.341	3.939	66.399	21.729	8.532	68.549
242287	HIS	 826 	HIS	 749 	GLN	 796 	8	77.5482316787	1	7.85773472446	17.614	2.518	66.264	25.341	3.939	66.399	21.729	8.532	68.549
559088	VAL	 827 	HIS	 749 	GLN	 796 	9	84.0462532162	1	6.79953888142	19.75	4.274	63.631	25.341	3.939	66.399	21.729	8.532	68.549
331780	LYS	 799 	GLY	 800 	HIS	 749 	5	53.8399281452	1	6.84250721593	26.315	9.544	70.201	27.692	7.942	67.055	25.341	3.939	66.399
559299	VAL	 827 	HIS	 749 	HIS	 826 	4	44.8380186073	1	7.85773472446	19.75	4.274	63.631	25.341	3.939	66.399	17.614	2.518	66.264
328900	LYS	 828 	HIS	 826 	HIS	 749 	5	53.2972655643	1	7.85773472446	23.41	4.11	62.646	17.614	2.518	66.264	25.341	3.939	66.399
615170	ARG	 752 	LEU	 753 	CYS	 751 	3	41.3762864314	1	6.58772411383	28.92	-2.616	61.486	31.408	-4.183	59.025	27.64	0.91	60.831
628131	ARG	 752 	THR	 766 	CYS	 751 	4	45.7507272945	1	7.57620505266	28.92	-2.616	61.486	27.749	-5.161	56.3	27.64	0.91	60.831
612291	ARG	 752 	GLN	 767 	CYS	 751 	4	47.4147329921	1	7.40374594378	28.92	-2.616	61.486	24.779	-5.547	58.609	27.64	0.91	60.831
468296	THR	 766 	GLN	 767 	CYS	 751 	9	87.3431218846	1	7.57620505266	27.749	-5.161	56.3	24.779	-5.547	58.609	27.64	0.91	60.831
476936	THR	 830 	LYS	 828 	CYS	 751 	9	86.250143078	1	6.49717607888	27.326	5.014	57.541	23.41	4.11	62.646	27.64	0.91	60.831
474055	THR	 830 	ILE	 829 	CYS	 751 	8	82.9496963895	1	5.70343492993	27.326	5.014	57.541	25.841	6.322	60.776	27.64	0.91	60.831
628205	ARG	 752 	THR	 766 	GLN	 767 	6	64.8731522445	1	5.89430759292	28.92	-2.616	61.486	27.749	-5.161	56.3	24.779	-5.547	58.609
212187	LEU	 754 	LEU	 764 	LEU	 753 	4	52.4452951572	1	8.07604637183	31.259	-7.988	58.952	31.931	-5.134	51.427	31.408	-4.183	59.025
301464	GLY	 755 	ILE	 756 	LEU	 754 	1	22.2428431985	1	7.21773212304	34.048	-8.597	56.488	35.166	-8.44	52.9	31.259	-7.988	58.952
269786	ILE	 765 	LEU	 754 	LEU	 764 	3	35.91116646	1	8.07604637183	29.683	-7.175	53.731	31.259	-7.988	58.952	31.931	-5.134	51.427
301249	GLY	 755 	ILE	 756 	CYS	 757 	2	33.93952518	1	6.83052077078	34.048	-8.597	56.488	35.166	-8.44	52.9	34.979	-11.059	50.185
269571	ILE	 756 	LEU	 764 	CYS	 757 	4	48.4026625757	1	6.77779411018	35.166	-8.44	52.9	31.931	-5.134	51.427	34.979	-11.059	50.185
272451	ILE	 765 	ILE	 756 	CYS	 757 	4	45.4028865834	1	7.46372480736	29.683	-7.175	53.731	35.166	-8.44	52.9	34.979	-11.059	50.185
570536	VAL	 762 	THR	 759 	CYS	 757 	9	89.2784171177	1	5.80156815008	36.318	-6.761	46.618	36.162	-12.007	44.585	34.979	-11.059	50.185
468295	THR	 759 	GLN	 763 	CYS	 757 	8	82.4083207407	1	7.06498556262	36.162	-12.007	44.585	32.803	-6.929	48.169	34.979	-11.059	50.185
554695	VAL	 762 	GLN	 763 	CYS	 757 	8	79.50447335	1	5.74362376902	36.318	-6.761	46.618	32.803	-6.929	48.169	34.979	-11.059	50.185
209093	LEU	 764 	GLN	 763 	CYS	 757 	6	62.4631694563	1	6.77779411018	31.931	-5.134	51.427	32.803	-6.929	48.169	34.979	-11.059	50.185
266693	ILE	 765 	GLN	 763 	CYS	 757 	6	65.022700957	1	7.46372480736	29.683	-7.175	53.731	32.803	-6.929	48.169	34.979	-11.059	50.185
265319	ILE	 994 	CYS	 757 	CYS	 915 	9	89.4129980888	8	74.2925206128	-33.488	12.444	66.896	34.979	-11.059	50.185	10.658	23.525	65.769
482906	THR	 759 	SER	 760 	LEU	 758 	3	37.1263472562	1	6.73794100598	36.162	-12.007	44.585	36.896	-10.497	41.168	37.933	-11.081	47.8
484928	THR	 761 	THR	 759 	SER	 760 	9	89.7553409856	1	5.12839360814	35.998	-7.182	42.855	36.162	-12.007	44.585	36.896	-10.497	41.168
571324	VAL	 762 	THR	 759 	SER	 760 	5	55.4523957178	1	6.63281840547	36.318	-6.761	46.618	36.162	-12.007	44.585	36.896	-10.497	41.168
571398	VAL	 762 	THR	 759 	THR	 761 	7	72.5714613705	1	5.62831600037	36.318	-6.761	46.618	36.162	-12.007	44.585	35.998	-7.182	42.855
484207	THR	 759 	THR	 761 	GLN	 763 	8	79.5993350751	1	7.06498556262	36.162	-12.007	44.585	35.998	-7.182	42.855	32.803	-6.929	48.169
474121	THR	 766 	ILE	 765 	GLN	 767 	2	27.2051748542	1	7.10594708677	27.749	-5.161	56.3	29.683	-7.175	53.731	24.779	-5.547	58.609
356043	MET	 769 	LEU	 768 	GLN	 767 	4	46.185473864	1	6.33670300708	19.502	-2.137	57.785	21.419	-5.298	56.848	24.779	-5.547	58.609
420988	PRO	 770 	MET	 769 	LEU	 768 	5	56.0016046048	1	5.85004863228	15.969	-3.186	56.603	19.502	-2.137	57.785	21.419	-5.298	56.848
361945	MET	 769 	LYS	 822 	LEU	 768 	2	31.7483954225	1	7.49698139253	19.502	-2.137	57.785	17.923	-0.793	61.715	21.419	-5.298	56.848
420700	PRO	 770 	MET	 769 	PHE	 771 	5	57.0506156415	1	5.7844402495	15.969	-3.186	56.603	19.502	-2.137	57.785	14.35	0.265	56.714
421277	PRO	 770 	MET	 769 	LYS	 822 	6	65.170276755	1	5.97303180973	15.969	-3.186	56.603	19.502	-2.137	57.785	17.923	-0.793	61.715
478303	THR	 823 	MET	 769 	PHE	 771 	8	82.5797122736	1	7.70845736837	14.469	-0.136	63.27	19.502	-2.137	57.785	14.35	0.265	56.714
478879	THR	 823 	MET	 769 	LYS	 822 	8	77.968657113	1	7.70845736837	14.469	-0.136	63.27	19.502	-2.137	57.785	17.923	-0.793	61.715
567582	VAL	 821 	PRO	 770 	PHE	 771 	7	73.0799324167	1	6.85262256366	17.625	2.58	59.915	15.969	-3.186	56.603	14.35	0.265	56.714
481180	THR	 823 	PRO	 770 	PHE	 771 	5	60.2869442069	1	7.48340757944	14.469	-0.136	63.27	15.969	-3.186	56.603	14.35	0.265	56.714
293978	GLY	 772 	CYS	 773 	PHE	 771 	3	36.9510338438	1	6.7556178844	16.971	1.864	54.47	18.392	5.36	54.886	14.35	0.265	56.714
481182	THR	 823 	PRO	 824 	PHE	 771 	7	71.1270762115	1	7.76207047121	14.469	-0.136	63.27	12.461	3.089	63.693	14.35	0.265	56.714
389093	ASP	 776 	GLY	 772 	CYS	 773 	6	64.36579217	1	7.54204766625	13.768	8.421	52.565	16.971	1.864	54.47	18.392	5.36	54.886
533093	TYR	 777 	GLY	 772 	CYS	 773 	6	62.0506145578	1	7.03480554102	12.382	7.032	55.782	16.971	1.864	54.47	18.392	5.36	54.886
528772	TYR	 777 	LEU	 774 	CYS	 773 	5	54.5473509176	1	6.30226149886	12.382	7.032	55.782	16.77	7.915	57.182	18.392	5.36	54.886
586371	ALA	 816 	LEU	 774 	CYS	 773 	4	46.7123054624	1	7.43230744789	20.472	12.305	56.523	16.77	7.915	57.182	18.392	5.36	54.886
537416	TYR	 777 	ASP	 776 	CYS	 773 	9	85.3958115816	1	6.30226149886	12.382	7.032	55.782	13.768	8.421	52.565	18.392	5.36	54.886
662695	ASN	 818 	ALA	 816 	CYS	 773 	8	81.1217162489	1	7.43230744789	24.177	8.65	55.389	20.472	12.305	56.523	18.392	5.36	54.886
664134	ASN	 818 	ARG	 817 	CYS	 773 	7	73.8997692481	1	6.67407926234	24.177	8.65	55.389	21.22	10.065	53.479	18.392	5.36	54.886
661254	ASN	 818 	VAL	 819 	CYS	 773 	7	73.1268290332	1	6.67407926234	24.177	8.65	55.389	22.242	7.418	58.422	18.392	5.36	54.886
643973	ASN	 818 	LEU	 820 	CYS	 773 	6	62.5378644583	1	6.67407926234	24.177	8.65	55.389	20.636	3.999	58.141	18.392	5.36	54.886
574856	VAL	 821 	VAL	 819 	CYS	 773 	9	88.1705144777	1	6.85215163288	17.625	2.58	59.915	22.242	7.418	58.422	18.392	5.36	54.886
298298	GLY	 887 	LEU	 775 	PHE	 886 	3	40.1018766375	1	7.85765435738	13.272	15.416	54.219	16.171	10.57	54.542	10.733	15.672	57.02
537559	TYR	 777 	ASP	 776 	GLU	 780 	8	79.691072618	1	5.87864576242	12.382	7.032	55.782	13.768	8.421	52.565	7.934	8.159	53.239
632743	ARG	 779 	VAL	 778 	HIS	 781 	8	81.4878001115	1	5.57350132323	9.906	11.367	53.528	11.179	10.426	56.982	6.629	8.255	56.79
328755	LYS	 782 	HIS	 781 	GLU	 780 	4	51.3500467188	1	6.07209024966	5.948	11.981	57.519	6.629	8.255	56.79	7.934	8.159	53.239
652904	ASN	 784 	ASP	 783 	HIS	 781 	9	89.1402982038	1	5.64770448944	3.528	8.809	61.416	2.423	11.412	58.849	6.629	8.255	56.79
653048	ASN	 784 	ASP	 783 	GLY	 959 	9	85.1267848564	1	7.37523653858	3.528	8.809	61.416	2.423	11.412	58.849	-0.345	14.128	64.748
648727	ASN	 784 	GLY	 959 	GLY	 786 	8	82.730323975	1	7.37523653858	3.528	8.809	61.416	-0.345	14.128	64.748	6.243	11.901	66.231
653044	ASN	 784 	ASP	 960 	GLY	 959 	5	54.3803422384	1	7.63198879716	3.528	8.809	61.416	1.799	12.855	67.652	-0.345	14.128	64.748
447049	SER	 787 	GLY	 786 	ILE	 785 	2	32.3380625112	1	6.92410528516	8.489	14.109	68.345	6.243	11.901	66.231	6.706	10.34	62.817
389450	ASP	 960 	GLY	 786 	ILE	 785 	3	38.9354456585	1	7.33355977681	1.799	12.855	67.652	6.243	11.901	66.231	6.706	10.34	62.817
446764	SER	 787 	GLY	 786 	GLN	 788 	5	59.6461482539	1	5.61363287008	8.489	14.109	68.345	6.243	11.901	66.231	9.944	11.229	70.398
533165	TYR	 789 	GLY	 786 	GLN	 788 	6	67.3021498043	1	5.76533320806	11.384	9.526	67.312	6.243	11.901	66.231	9.944	11.229	70.398
303055	GLY	 786 	GLY	 959 	ILE	 957 	8	77.3044428115	1	7.11059505246	6.243	11.901	66.231	-0.345	14.128	64.748	3.469	18.244	65.478
389522	ASP	 960 	GLY	 786 	GLY	 959 	3	43.3400219666	1	7.11059505246	1.799	12.855	67.652	6.243	11.901	66.231	-0.345	14.128	64.748
540368	TYR	 789 	SER	 787 	GLN	 788 	9	89.7001121932	1	5.51833335347	11.384	9.526	67.312	8.489	14.109	68.345	9.944	11.229	70.398
452524	SER	 787 	PRO	 951 	GLN	 952 	5	56.2548346686	1	6.44946083018	8.489	14.109	68.345	9.143	15.813	73.393	5.921	17.773	72.99
540367	TYR	 954 	SER	 787 	GLN	 952 	8	80.2464316094	1	8.03119878972	10.148	21.061	72.008	8.489	14.109	68.345	5.921	17.773	72.99
659885	ASN	 792 	TYR	 789 	GLN	 788 	6	61.0945175272	1	5.98096589189	15.791	10.129	69.786	11.384	9.526	67.312	9.944	11.229	70.398
543390	TYR	 789 	TRP	 793 	LEU	 790 	7	71.2307705813	1	6.1035501964	11.384	9.526	67.312	17.382	10.062	66.317	12.839	12.722	65.863
543392	TYR	 789 	TRP	 793 	LEU	 791 	9	88.2664280704	1	6.1035501964	11.384	9.526	67.312	17.382	10.062	66.317	14.564	13.658	69.129
660748	ASN	 792 	TYR	 789 	TRP	 793 	5	59.5768505429	1	6.1035501964	15.791	10.129	69.786	11.384	9.526	67.312	17.382	10.062	66.317
659887	ASN	 792 	TYR	 789 	GLN	 825 	8	80.6663931398	1	7.50773481151	15.791	10.129	69.786	11.384	9.526	67.312	13.99	3.32	67.186
543247	TYR	 789 	TRP	 793 	GLN	 825 	8	80.9585973513	1	7.59706449887	11.384	9.526	67.312	17.382	10.062	66.317	13.99	3.32	67.186
658592	ASN	 792 	TRP	 793 	LEU	 790 	9	85.7378714432	1	5.55228619579	15.791	10.129	69.786	17.382	10.062	66.317	12.839	12.722	65.863
499972	TRP	 793 	LEU	 790 	CYS	 794 	5	55.272204793	1	6.50054813073	17.382	10.062	66.317	12.839	12.722	65.863	19.188	13.309	67.129
658589	ASN	 792 	TRP	 793 	LEU	 791 	6	63.5203522611	1	5.36466998053	15.791	10.129	69.786	17.382	10.062	66.317	14.564	13.658	69.129
655707	ASN	 792 	SER	 945 	LEU	 791 	4	50.8967369885	1	7.76381413997	15.791	10.129	69.786	18.549	13.965	75.785	14.564	13.658	69.129
658373	ASN	 792 	TRP	 793 	CYS	 794 	6	63.8923510169	1	5.35832604458	15.791	10.129	69.786	17.382	10.062	66.317	19.188	13.309	67.129
658446	ASN	 792 	TRP	 793 	GLN	 796 	7	71.4690349039	1	6.27219435286	15.791	10.129	69.786	17.382	10.062	66.317	21.729	8.532	68.549
658448	ASN	 792 	TRP	 793 	GLN	 825 	9	88.5676699111	1	7.59706449887	15.791	10.129	69.786	17.382	10.062	66.317	13.99	3.32	67.186
659313	ASN	 792 	TRP	 874 	TRP	 793 	1	21.9193924881	2	19.1153723741	15.791	10.129	69.786	27.936	21.973	60.976	17.382	10.062	66.317
661254	ASN	 792 	VAL	 795 	CYS	 794 	7	69.2746839617	1	5.35832604458	15.791	10.129	69.786	20.572	11.716	70.326	19.188	13.309	67.129
641096	ASN	 792 	GLN	 796 	CYS	 794 	9	87.3268854816	1	6.27219435286	15.791	10.129	69.786	21.729	8.532	68.549	19.188	13.309	67.129
639583	ASN	 792 	CYS	 794 	PHE	 944 	8	77.5137195995	1	7.73255940811	15.791	10.129	69.786	19.188	13.309	67.129	18.826	16.496	72.955
661324	ASN	 792 	VAL	 795 	GLN	 796 	5	57.508820322	1	6.27219435286	15.791	10.129	69.786	20.572	11.716	70.326	21.729	8.532	68.549
655419	ASN	 792 	SER	 945 	PHE	 944 	4	51.3847426645	1	7.73255940811	15.791	10.129	69.786	18.549	13.965	75.785	18.826	16.496	72.955
663485	ASN	 792 	ALA	 948 	SER	 945 	6	62.5691735516	1	7.63606318727	15.791	10.129	69.786	13.676	13.772	74.605	18.549	13.965	75.785
571976	VAL	 795 	TRP	 793 	CYS	 794 	9	89.6326412258	1	5.38366947351	20.572	11.716	70.326	17.382	10.062	66.317	19.188	13.309	67.129
497093	TRP	 793 	GLN	 796 	CYS	 794 	6	65.9425863343	1	5.59399767608	17.382	10.062	66.317	21.729	8.532	68.549	19.188	13.309	67.129
502854	TRP	 793 	ILE	 797 	CYS	 794 	7	70.4732882327	1	6.08172582414	17.382	10.062	66.317	23.425	10.358	65.699	19.188	13.309	67.129
572336	VAL	 795 	TRP	 793 	ILE	 797 	9	84.2067018159	1	6.08172582414	20.572	11.716	70.326	17.382	10.062	66.317	23.425	10.358	65.699
501485	TRP	 793 	HIS	 826 	GLN	 796 	6	66.2577694344	1	7.63692647601	17.382	10.062	66.317	17.614	2.518	66.264	21.729	8.532	68.549
501483	TRP	 793 	HIS	 826 	GLN	 825 	4	52.4697911892	1	7.59706449887	17.382	10.062	66.317	17.614	2.518	66.264	13.99	3.32	67.186
572047	VAL	 827 	TRP	 793 	GLN	 825 	8	82.6750384978	1	7.59706449887	19.75	4.274	63.631	17.382	10.062	66.317	13.99	3.32	67.186
572259	VAL	 827 	TRP	 793 	HIS	 826 	4	50.6533444245	1	7.54775257941	19.75	4.274	63.631	17.382	10.062	66.317	17.614	2.518	66.264
515316	TRP	 793 	TRP	 856 	TRP	 874 	4	47.0376824902	2	18.1124747619	17.382	10.062	66.317	26.167	20.171	54.123	27.936	21.973	60.976
515320	TRP	 793 	TRP	 856 	TRP	 881 	8	81.5699683312	2	18.1124747619	17.382	10.062	66.317	26.167	20.171	54.123	17.249	20.351	59.782
554692	VAL	 795 	GLN	 796 	CYS	 794 	5	60.3278023141	1	5.59399767608	20.572	11.716	70.326	21.729	8.532	68.549	19.188	13.309	67.129
603652	ALA	 798 	VAL	 795 	CYS	 794 	5	59.7735812702	1	6.11924447951	25.162	12.61	68.255	20.572	11.716	70.326	19.188	13.309	67.129
560450	VAL	 795 	ILE	 941 	CYS	 794 	3	36.2067673689	1	7.85925855282	20.572	11.716	70.326	23.852	14.394	73.361	19.188	13.309	67.129
265183	ILE	 941 	CYS	 794 	PHE	 944 	8	78.5897709632	1	7.85925855282	23.852	14.394	73.361	19.188	13.309	67.129	18.826	16.496	72.955
331566	LYS	 799 	GLY	 800 	GLN	 796 	7	70.4492743003	1	6.17555705989	26.315	9.544	70.201	27.692	7.942	67.055	21.729	8.532	68.549
559087	VAL	 827 	HIS	 826 	GLN	 796 	8	76.8270583389	1	7.63692647601	19.75	4.274	63.631	17.614	2.518	66.264	21.729	8.532	68.549
328688	LYS	 828 	HIS	 826 	GLN	 796 	9	89.2894411827	1	7.63692647601	23.41	4.11	62.646	17.614	2.518	66.264	21.729	8.532	68.549
359216	MET	 801 	ILE	 829 	ILE	 797 	9	84.2730516965	1	8.04149370453	29.553	11.081	66.09	25.841	6.322	60.776	23.425	10.358	65.699
663128	ASN	 802 	ALA	 798 	GLY	 800 	9	88.8595554543	1	6.01623761166	30.949	11.649	69.59	25.162	12.61	68.255	27.692	7.942	67.055
663270	ASN	 802 	ALA	 798 	MET	 801 	7	73.0568016424	1	6.01623761166	30.949	11.649	69.59	25.162	12.61	68.255	29.553	11.081	66.09
665287	ASN	 802 	ARG	 938 	ALA	 798 	8	75.9251881073	1	7.31998230872	30.949	11.649	69.59	29.016	15.445	73.795	25.162	12.61	68.255
620860	ARG	 938 	LYS	 799 	PHE	 937 	5	54.9530245847	1	7.41849297364	29.016	15.445	73.795	26.315	9.544	70.201	28.867	16.318	70.077
621295	ARG	 938 	LYS	 799 	ILE	 941 	8	79.8702940359	1	7.41849297364	29.016	15.445	73.795	26.315	9.544	70.201	23.852	14.394	73.361
651604	ASN	 802 	MET	 801 	GLY	 800 	5	60.0911424742	1	5.54762318475	30.949	11.649	69.59	29.553	11.081	66.09	27.692	7.942	67.055
660389	ASN	 802 	TYR	 803 	MET	 801 	6	67.0441745988	1	5.16809074998	30.949	11.649	69.59	32.35	8.133	69.283	29.553	11.081	66.09
660462	ASN	 802 	TYR	 803 	ASP	 806 	7	68.8047507516	1	6.32056215854	30.949	11.649	69.59	32.35	8.133	69.283	36.92	9.793	70.513
652758	ASN	 802 	ASP	 806 	GLU	 805 	7	74.5009644921	1	6.32056215854	30.949	11.649	69.59	36.92	9.793	70.513	35.559	11.96	67.72
664636	ASN	 802 	ARG	 938 	LYS	 936 	5	59.8454251218	1	8.09155578365	30.949	11.649	69.59	29.016	15.445	73.795	30.552	19.628	70.875
635981	ARG	 808 	ARG	 807 	ASP	 806 	6	63.5979765163	1	5.42114240728	39.966	10.723	66.126	38.557	7.612	67.793	36.92	9.793	70.513
624026	ARG	 808 	ASP	 806 	LEU	 809 	3	41.8842974545	1	7.61267108182	39.966	10.723	66.126	36.92	9.793	70.513	37.872	10.217	62.972
559226	VAL	 810 	HIS	 869 	LEU	 809 	3	42.0363212617	1	7.7496257329	36.424	13.029	60.834	35.213	17.384	64.245	37.872	10.217	62.972
559298	VAL	 810 	HIS	 869 	HIS	 811 	3	38.3160409956	1	8.01414867594	36.424	13.029	60.834	35.213	17.384	64.245	33.47	11.805	58.762
566503	VAL	 810 	ASP	 872 	HIS	 869 	8	82.3272813299	1	6.96069630138	36.424	13.029	60.834	31.244	17.656	61.292	35.213	17.384	64.245
634183	ARG	 812 	ALA	 835 	HIS	 811 	8	82.6138774507	1	5.85369584109	33.301	14.612	56.184	36.376	9.635	56.383	33.47	11.805	58.762
621220	ARG	 812 	LYS	 836 	HIS	 811 	5	59.5174477221	1	7.84619359945	33.301	14.612	56.184	39.881	10.539	57.479	33.47	11.805	58.762
386143	ASP	 813 	HIS	 811 	PHE	 832 	8	77.0544921424	1	7.62649001835	30.018	13.311	54.738	33.47	11.805	58.762	32.904	6.284	55.413
592419	ALA	 835 	LYS	 836 	HIS	 811 	4	50.2952215781	1	6.65956199761	36.376	9.635	56.383	39.881	10.539	57.479	33.47	11.805	58.762
386500	ASP	 872 	HIS	 811 	HIS	 869 	5	59.1696547565	1	8.01414867594	31.244	17.656	61.292	33.47	11.805	58.762	35.213	17.384	64.245
634394	ARG	 812 	ALA	 835 	LYS	 836 	3	41.8704499643	1	7.84619359945	33.301	14.612	56.184	36.376	9.635	56.383	39.881	10.539	57.479
508827	TRP	 856 	ASP	 813 	LEU	 814 	4	52.1434050423	1	7.89100918768	26.167	20.171	54.123	30.018	13.311	54.738	27.421	13.363	57.546
601422	ALA	 815 	TRP	 856 	ASP	 813 	7	75.0710680124	1	7.89100918768	23.903	13.868	56.203	26.167	20.171	54.123	30.018	13.311	54.738
605305	ALA	 816 	ALA	 815 	LEU	 814 	2	27.6501057948	1	7.10313268917	20.472	12.305	56.523	23.903	13.868	56.203	27.421	13.363	57.546
599546	ALA	 815 	THR	 879 	LEU	 814 	3	41.9835720521	1	7.27592564558	23.903	13.868	56.203	21.184	16.752	59.144	27.421	13.363	57.546
663771	ASN	 818 	ALA	 815 	VAL	 819 	4	48.6269740652	1	7.02035483434	24.177	8.65	55.389	23.903	13.868	56.203	22.242	7.418	58.422
601637	ALA	 815 	TRP	 856 	THR	 879 	6	61.2226588558	1	7.85686266903	23.903	13.868	56.203	26.167	20.171	54.123	21.184	16.752	59.144
661466	ASN	 818 	VAL	 819 	LEU	 820 	3	43.23824754	1	6.46095859761	24.177	8.65	55.389	22.242	7.418	58.422	20.636	3.999	58.141
563623	VAL	 821 	LYS	 822 	HIS	 826 	8	78.7216584118	1	6.34931224622	17.625	2.58	59.915	17.923	-0.793	61.715	17.614	2.518	66.264
481753	THR	 823 	PRO	 824 	LYS	 822 	2	32.8707533324	1	6.9868341901	14.469	-0.136	63.27	12.461	3.089	63.693	17.923	-0.793	61.715
477003	THR	 823 	LYS	 822 	GLN	 825 	4	45.0900423955	1	7.89411800013	14.469	-0.136	63.27	17.923	-0.793	61.715	13.99	3.32	67.186
477223	THR	 823 	LYS	 822 	HIS	 826 	8	81.2160048413	1	5.63485607625	14.469	-0.136	63.27	17.923	-0.793	61.715	17.614	2.518	66.264
419624	PRO	 824 	LYS	 822 	HIS	 826 	9	88.4676110736	1	6.9868341901	12.461	3.089	63.693	17.923	-0.793	61.715	17.614	2.518	66.264
328682	LYS	 822 	HIS	 826 	GLN	 825 	3	40.0402939566	1	7.89411800013	17.923	-0.793	61.715	17.614	2.518	66.264	13.99	3.32	67.186
333223	LYS	 828 	LYS	 822 	HIS	 826 	8	76.8752685909	1	7.41709774777	23.41	4.11	62.646	17.923	-0.793	61.715	17.614	2.518	66.264
472686	THR	 823 	HIS	 826 	GLN	 825 	7	70.6874727373	1	5.24484823422	14.469	-0.136	63.27	17.614	2.518	66.264	13.99	3.32	67.186
415088	PRO	 824 	HIS	 826 	GLN	 825 	9	89.8861026189	1	5.78701054086	12.461	3.089	63.693	17.614	2.518	66.264	13.99	3.32	67.186
567941	VAL	 827 	PRO	 824 	HIS	 826 	6	66.5499973196	1	7.38495700732	19.75	4.274	63.631	12.461	3.089	63.693	17.614	2.518	66.264
559082	VAL	 827 	HIS	 826 	GLN	 825 	3	36.0709057329	1	6.83562294162	19.75	4.274	63.631	17.614	2.518	66.264	13.99	3.32	67.186
563617	VAL	 827 	LYS	 828 	HIS	 826 	2	30.8127512349	1	7.01555443283	19.75	4.274	63.631	23.41	4.11	62.646	17.614	2.518	66.264
480169	THR	 830 	ASP	 831 	ILE	 829 	2	23.6874616643	1	7.2416282009	27.326	5.014	57.541	29.284	5.969	54.415	25.841	6.322	60.776
592563	ALA	 840 	LYS	 843 	GLY	 839 	4	52.3293703483	1	7.89001197718	48.269	12.853	67.282	43.996	18.897	64.55	47.158	11.976	63.751
331639	LYS	 843 	GLY	 839 	GLU	 841 	8	79.6225338315	1	7.65094020366	43.996	18.897	64.55	47.158	11.976	63.751	49.989	16.168	66.515
325875	LYS	 843 	GLU	 844 	GLU	 842 	4	52.2250275694	1	6.03402204172	43.996	18.897	64.55	42.586	19.365	61.02	47.231	16.951	64.021
527477	TYR	 845 	GLU	 842 	GLU	 844 	6	63.5864288231	1	7.90907447177	42.508	17.514	57.702	47.231	16.951	64.021	42.586	19.365	61.02
530354	TYR	 845 	HIS	 846 	GLU	 844 	3	42.0003654203	1	6.53117523881	42.508	17.514	57.702	43.625	19.37	54.572	42.586	19.365	61.02
544757	TYR	 867 	TYR	 845 	GLU	 844 	6	67.2154182634	1	5.48759482834	37.932	19.675	58.129	42.508	17.514	57.702	42.586	19.365	61.02
530359	TYR	 867 	HIS	 846 	GLU	 844 	8	79.2123555196	1	6.71978593409	37.932	19.675	58.129	43.625	19.37	54.572	42.586	19.365	61.02
531942	TYR	 845 	ILE	 866 	HIS	 846 	7	72.0307644888	1	5.83215303297	42.508	17.514	57.702	39.764	22.442	56.219	43.625	19.37	54.572
544899	TYR	 867 	TYR	 845 	HIS	 846 	4	51.3821991758	1	6.71978593409	37.932	19.675	58.129	42.508	17.514	57.702	43.625	19.37	54.572
545475	TYR	 845 	TYR	 867 	THR	 868 	4	52.3002889827	1	6.62300988977	42.508	17.514	57.702	37.932	19.675	58.129	37.608	19.126	61.856
587954	ALA	 847 	HIS	 846 	GLU	 848 	3	37.9749846068	1	6.70691620642	41.734	18.019	51.558	43.625	19.37	54.572	42.945	18.344	47.979
634035	ARG	 865 	ALA	 847 	GLU	 848 	4	45.9150982856	1	7.32036303745	39.244	22.809	52.446	41.734	18.019	51.558	42.945	18.344	47.979
302834	GLY	 850 	GLY	 849 	GLU	 848 	3	41.1781489958	1	6.57623737406	36.932	18.467	45.319	40.325	16.803	45.684	42.945	18.344	47.979
568154	VAL	 852 	PRO	 853 	LYS	 851 	3	41.9033054043	1	6.56221319373	32.278	17.067	48.79	28.544	17.993	49.001	33.763	16.377	45.366
421280	PRO	 853 	MET	 857 	LYS	 855 	9	89.9315219053	1	6.81955526409	28.544	17.993	49.001	29.586	21.65	54.662	25.067	22.153	51.059
507536	TRP	 856 	MET	 857 	ILE	 854 	9	87.4994344535	1	5.41812255306	26.167	20.171	54.123	29.586	21.65	54.662	28.519	21.769	49.511
507676	TRP	 856 	MET	 857 	LYS	 855 	5	55.8418815454	1	5.80137733646	26.167	20.171	54.123	29.586	21.65	54.662	25.067	22.153	51.059
601352	ALA	 858 	TRP	 856 	MET	 857 	9	89.8721743471	1	7.00695954034	31.138	24.236	56.927	26.167	20.171	54.123	29.586	21.65	54.662
514948	TRP	 874 	TRP	 856 	MET	 857 	5	59.8553464649	1	7.30343576682	27.936	21.973	60.976	26.167	20.171	54.123	29.586	21.65	54.662
515166	TRP	 856 	TRP	 874 	SER	 875 	7	73.6703025162	1	7.30343576682	26.167	20.171	54.123	27.936	21.973	60.976	26.863	18.926	58.931
572911	VAL	 878 	TRP	 874 	TRP	 856 	8	77.2895393801	1	7.30343576682	22.039	20.42	58.529	27.936	21.973	60.976	26.167	20.171	54.123
513727	TRP	 856 	THR	 879 	SER	 875 	8	78.9409504071	1	7.85686266903	26.167	20.171	54.123	21.184	16.752	59.144	26.863	18.926	58.931
572834	VAL	 878 	TRP	 856 	THR	 879 	3	43.5039624686	1	7.85686266903	22.039	20.42	58.529	26.167	20.171	54.123	21.184	16.752	59.144
593786	ALA	 858 	MET	 857 	LEU	 859 	3	40.6555176631	1	6.56292762416	31.138	24.236	56.927	29.586	21.65	54.662	32.253	27.583	55.533
598468	ALA	 858 	SER	 861 	MET	 857 	5	55.7445033701	1	6.38966172814	31.138	24.236	56.927	35.609	23.758	54.334	29.586	21.65	54.662
598467	ALA	 858 	SER	 871 	MET	 857 	4	47.7517421535	1	7.18001009749	31.138	24.236	56.927	33.212	20.887	60.812	29.586	21.65	54.662
601348	ALA	 858 	TRP	 874 	MET	 857 	5	56.0535806785	1	6.5340205846	31.138	24.236	56.927	27.936	21.973	60.976	29.586	21.65	54.662
449932	SER	 861 	MET	 857 	ILE	 862 	5	53.9193480143	1	7.05355839275	35.609	23.758	54.334	29.586	21.65	54.662	34.347	25.543	51.208
451591	SER	 871 	ASP	 872 	MET	 857 	8	78.4627368463	1	7.91567432377	33.212	20.887	60.812	31.244	17.656	61.292	29.586	21.65	54.662
509190	TRP	 874 	ASP	 872 	MET	 857 	7	74.1408006833	1	7.91567432377	27.936	21.973	60.976	31.244	17.656	61.292	29.586	21.65	54.662
601563	ALA	 858 	TRP	 874 	SER	 875 	4	50.1273154135	1	7.10547260919	31.138	24.236	56.927	27.936	21.973	60.976	26.863	18.926	58.931
601712	ALA	 858 	TRP	 927 	TRP	 874 	9	87.9553781109	1	7.55873970977	31.138	24.236	56.927	26.251	27.045	61.963	27.936	21.973	60.976
601135	ALA	 858 	TRP	 927 	ILE	 929 	8	75.8934289601	1	8.03854651041	31.138	24.236	56.927	26.251	27.045	61.963	31.448	30.837	61.504
540435	TYR	 867 	SER	 861 	GLU	 860 	4	45.5339864564	1	7.67353021757	37.932	19.675	58.129	35.609	23.758	54.334	35.873	26.882	56.485
454035	SER	 871 	SER	 861 	GLU	 860 	4	49.955609881	1	7.85772708867	33.212	20.887	60.812	35.609	23.758	54.334	35.873	26.882	56.485
616758	ARG	 865 	HIS	 864 	GLU	 860 	7	72.5380102444	1	6.65330677182	39.244	22.809	52.446	39.928	26.571	52.702	35.873	26.882	56.485
445543	SER	 861 	ILE	 862 	HIS	 864 	8	82.5667121796	1	5.86825195437	35.609	23.758	54.334	34.347	25.543	51.208	39.928	26.571	52.702
445609	SER	 861 	ILE	 866 	ILE	 862 	2	25.9546381705	1	8.00438698465	35.609	23.758	54.334	39.764	22.442	56.219	34.347	25.543	51.208
541086	TYR	 867 	SER	 861 	SER	 871 	7	69.2509019333	1	7.48015601442	37.932	19.675	58.129	35.609	23.758	54.334	33.212	20.887	60.812
445467	SER	 900 	ILE	 862 	LEU	 863 	4	48.8168339652	1	7.72800957556	29.429	30.076	49.898	34.347	25.543	51.208	36.809	28.42	51.484
618410	ARG	 865 	ILE	 862 	ILE	 866 	3	39.4393011624	1	8.00438698465	39.244	22.809	52.446	34.347	25.543	51.208	39.764	22.442	56.219
542089	TYR	 867 	THR	 868 	ILE	 866 	2	34.1768447113	1	6.88621528853	37.932	19.675	58.129	37.608	19.126	61.856	39.764	22.442	56.219
542017	TYR	 867 	THR	 868 	HIS	 869 	2	28.5940179506	1	7.07439735949	37.932	19.675	58.129	37.608	19.126	61.856	35.213	17.384	64.245
541802	TYR	 867 	THR	 868 	GLN	 870 	3	42.4881121105	1	7.80004647422	37.932	19.675	58.129	37.608	19.126	61.856	33.701	20.875	64.571
530283	TYR	 867 	HIS	 869 	GLN	 870 	4	49.3818763069	1	7.80004647422	37.932	19.675	58.129	35.213	17.384	64.245	33.701	20.875	64.571
537702	TYR	 867 	ASP	 872 	HIS	 869 	7	69.5621080919	1	7.66878569266	37.932	19.675	58.129	31.244	17.656	61.292	35.213	17.384	64.245
540362	TYR	 867 	SER	 871 	GLN	 870 	3	40.1782152404	1	7.80004647422	37.932	19.675	58.129	33.212	20.887	60.812	33.701	20.875	64.571
472686	THR	 868 	HIS	 869 	GLN	 870 	7	68.9722155022	1	5.06901124481	37.608	19.126	61.856	35.213	17.384	64.245	33.701	20.875	64.571
483339	THR	 868 	SER	 871 	ASP	 872 	4	52.2238626838	1	6.55587461747	37.608	19.126	61.856	33.212	20.887	60.812	31.244	17.656	61.292
559086	VAL	 873 	HIS	 869 	GLN	 870 	7	75.3528967297	1	6.58263617406	29.02	19.551	63.714	35.213	17.384	64.245	33.701	20.875	64.571
451304	SER	 871 	ASP	 872 	HIS	 869 	9	84.4906767013	1	5.29721615568	33.212	20.887	60.812	31.244	17.656	61.292	35.213	17.384	64.245
511563	TRP	 874 	SER	 871 	GLN	 870 	4	50.9701652513	1	6.88221287087	27.936	21.973	60.976	33.212	20.887	60.812	33.701	20.875	64.571
597965	ALA	 931 	SER	 871 	GLN	 870 	6	66.7295403115	1	7.06314759863	34.319	26.593	64.825	33.212	20.887	60.812	33.701	20.875	64.571
508686	TRP	 874 	ASP	 872 	GLN	 870 	7	70.1807724094	1	6.88221287087	27.936	21.973	60.976	31.244	17.656	61.292	33.701	20.875	64.571
572044	VAL	 873 	TRP	 874 	GLN	 870 	5	57.9099170136	1	6.88221287087	29.02	19.551	63.714	27.936	21.973	60.976	33.701	20.875	64.571
567725	VAL	 873 	PRO	 935 	GLN	 870 	6	61.8940202395	1	7.87474380536	29.02	19.551	63.714	28.618	22.824	70.261	33.701	20.875	64.571
621008	ARG	 934 	LYS	 936 	GLN	 870 	9	87.8280376546	1	7.15622987333	29.763	25.543	67.863	30.552	19.628	70.875	33.701	20.875	64.571
419407	PRO	 935 	LYS	 936 	GLN	 870 	8	78.7438640158	1	7.87474380536	28.618	22.824	70.261	30.552	19.628	70.875	33.701	20.875	64.571
512142	TRP	 874 	SER	 871 	ASP	 872 	7	68.6626300256	1	5.44786279196	27.936	21.973	60.976	33.212	20.887	60.812	31.244	17.656	61.292
512283	TRP	 874 	SER	 871 	SER	 875 	4	51.0475662826	1	6.90604684317	27.936	21.973	60.976	33.212	20.887	60.812	26.863	18.926	58.931
543823	TYR	 876 	TRP	 874 	ASP	 872 	8	81.190397063	1	6.17821470977	25.11	17.581	62.026	27.936	21.973	60.976	31.244	17.656	61.292
574349	VAL	 873 	TYR	 876 	TRP	 874 	6	68.2747494969	1	5.32714182278	29.02	19.551	63.714	25.11	17.581	62.026	27.936	21.973	60.976
633387	ARG	 934 	VAL	 873 	TRP	 874 	4	48.6839953338	1	7.96954189399	29.763	25.543	67.863	29.02	19.551	63.714	27.936	21.973	60.976
567656	VAL	 873 	PRO	 935 	CYS	 926 	9	85.8802767687	1	7.33057583004	29.02	19.551	63.714	28.618	22.824	70.261	26.117	24.476	64.797
543968	TYR	 876 	TRP	 874 	SER	 875 	9	89.6457317981	1	5.32714182278	25.11	17.581	62.026	27.936	21.973	60.976	26.863	18.926	58.931
543606	TYR	 876 	TRP	 874 	GLY	 877 	7	72.8426844763	1	5.32714182278	25.11	17.581	62.026	27.936	21.973	60.976	23.117	20.828	62.131
543172	TYR	 876 	TRP	 874 	CYS	 926 	5	58.4991779345	1	7.49890091947	25.11	17.581	62.026	27.936	21.973	60.976	26.117	24.476	64.797
504296	TRP	 874 	GLY	 877 	CYS	 926 	9	83.3882569095	1	5.42360212405	27.936	21.973	60.976	23.117	20.828	62.131	26.117	24.476	64.797
514374	TRP	 874 	TRP	 927 	CYS	 926 	7	75.4030518451	1	5.43494047805	27.936	21.973	60.976	26.251	27.045	61.963	26.117	24.476	64.797
629576	ARG	 934 	TRP	 874 	CYS	 926 	9	89.5232642273	1	7.96954189399	29.763	25.543	67.863	27.936	21.973	60.976	26.117	24.476	64.797
542165	TYR	 876 	THR	 879 	GLY	 877 	6	67.8882072353	1	5.4104005397	25.11	17.581	62.026	21.184	16.752	59.144	23.117	20.828	62.131
513367	TRP	 881 	THR	 879 	GLY	 877 	8	78.8787759984	1	6.33867131188	17.249	20.351	59.782	21.184	16.752	59.144	23.117	20.828	62.131
360649	MET	 923 	GLY	 877 	ILE	 922 	2	33.484683412	1	7.69312290296	20.892	24.149	64.758	23.117	20.828	62.131	20.811	24.33	68.581
565202	VAL	 924 	MET	 923 	GLY	 877 	3	43.1068405073	1	7.48287565044	21.861	27.802	64.535	20.892	24.149	64.758	23.117	20.828	62.131
504294	TRP	 927 	GLY	 877 	CYS	 926 	7	70.2615056834	1	6.96428524689	26.251	27.045	61.963	23.117	20.828	62.131	26.117	24.476	64.797
572838	VAL	 878 	TRP	 881 	THR	 879 	7	68.5114482646	1	5.37066755627	22.039	20.42	58.529	17.249	20.351	59.782	21.184	16.752	59.144
572837	VAL	 880 	TRP	 881 	THR	 879 	6	63.886291501	1	5.37066755627	18.882	17.748	62.029	17.249	20.351	59.782	21.184	16.752	59.144
513151	TRP	 881 	THR	 879 	LEU	 883 	8	78.1755978841	1	6.41074870822	17.249	20.351	59.782	21.184	16.752	59.144	14.939	15.437	59.751
572117	VAL	 880 	TRP	 881 	GLU	 882 	6	63.8800655139	1	5.37588634552	18.882	17.748	62.029	17.249	20.351	59.782	16.614	17.647	57.156
507317	TRP	 881 	MET	 884 	GLU	 882 	6	66.3627287425	1	5.54382954283	17.249	20.351	59.782	12.975	18.337	61.281	16.614	17.647	57.156
513510	TRP	 881 	THR	 885 	MET	 884 	7	75.295386769	1	6.08406533495	17.249	20.351	59.782	11.574	19.3	57.857	12.975	18.337	61.281
510630	TRP	 881 	PRO	 912 	MET	 884 	7	75.1207420462	1	7.25541149763	17.249	20.351	59.782	11.333	24.483	60.536	12.975	18.337	61.281
513654	TRP	 881 	THR	 885 	PRO	 912 	7	74.9148774114	1	7.25541149763	17.249	20.351	59.782	11.574	19.3	57.857	11.333	24.483	60.536
478520	THR	 885 	MET	 884 	GLU	 882 	9	86.8538147466	1	5.54382954283	11.574	19.3	57.857	12.975	18.337	61.281	16.614	17.647	57.156
446907	SER	 888 	GLY	 887 	LEU	 883 	4	51.9335826186	1	8.06315378745	13.587	18.814	52.555	13.272	15.416	54.219	14.939	15.437	59.751
478804	THR	 885 	MET	 884 	GLY	 887 	5	56.1511618439	1	7.64802549682	11.574	19.3	57.857	12.975	18.337	61.281	13.272	15.416	54.219
481828	THR	 885 	PRO	 912 	MET	 884 	5	58.952713918	1	6.40503747062	11.574	19.3	57.857	11.333	24.483	60.536	12.975	18.337	61.281
478735	THR	 885 	MET	 884 	ILE	 914 	8	78.8682228294	1	7.82231794291	11.574	19.3	57.857	12.975	18.337	61.281	7.611	22.14	63.974
420774	PRO	 912 	MET	 884 	CYS	 915 	7	70.3440084209	1	7.24057849899	11.333	24.483	60.536	12.975	18.337	61.281	10.658	23.525	65.769
358852	MET	 884 	ILE	 914 	CYS	 915 	5	54.1332803759	1	7.24057849899	12.975	18.337	61.281	7.611	22.14	63.974	10.658	23.525	65.769
481611	THR	 885 	PRO	 913 	ILE	 914 	4	50.8720167175	1	7.82231794291	11.574	19.3	57.857	7.589	24.893	61.339	7.611	22.14	63.974
448562	SER	 888 	LYS	 889 	GLY	 887 	3	39.0647111253	1	6.63316907669	13.587	18.814	52.555	16.496	19.732	50.349	13.272	15.416	54.219
539501	TYR	 891 	PRO	 890 	ASP	 892 	6	63.5960484028	1	5.3862157402	18.628	25.63	49.877	18.658	22.437	51.925	16.398	23.935	47.271
389451	ASP	 892 	GLY	 893 	ILE	 894 	4	49.1514298851	1	6.17668948548	16.398	23.935	47.271	16.804	26.957	45.036	20.334	28.336	45.457
596810	ALA	 896 	PRO	 895 	ILE	 894 	3	40.6344339871	1	6.65136692718	26.003	24.921	44.793	22.89	26.493	43.252	20.334	28.336	45.457
416812	PRO	 895 	ILE	 899 	ILE	 894 	5	59.4633906275	1	6.67617742425	22.89	26.493	43.252	26.083	28.729	48.672	20.334	28.336	45.457
598612	ALA	 896 	SER	 897 	PRO	 895 	5	59.5841955825	1	5.61759815224	26.003	24.921	44.793	28.402	27.564	43.42	22.89	26.493	43.252
452815	SER	 897 	PRO	 895 	ILE	 899 	8	80.6003367582	1	6.67617742425	28.402	27.564	43.42	22.89	26.493	43.252	26.083	28.729	48.672
598684	ALA	 896 	SER	 900 	SER	 897 	5	57.0744631773	1	8.02324909248	26.003	24.921	44.793	29.429	30.076	49.898	28.402	27.564	43.42
454252	SER	 900 	SER	 901 	ILE	 902 	5	57.4455174699	1	5.71952384382	29.429	30.076	49.898	28.254	33.657	49.33	24.899	33.363	51.076
210674	LEU	 903 	GLU	 907 	GLU	 904 	3	42.1154600493	1	7.55657660584	26.764	31.942	54.087	21.92	33.676	55.681	29.26	34.805	54.284
325875	LYS	 905 	GLU	 907 	GLU	 904 	4	46.2473703307	1	7.55657660584	26.38	37.304	54.251	21.92	33.676	55.681	29.26	34.805	54.284
297074	GLY	 906 	GLU	 904 	GLU	 907 	3	41.9805681992	1	7.55657660584	24.829	35.544	57.25	29.26	34.805	54.284	21.92	33.676	55.681
615313	ARG	 908 	LEU	 909 	GLU	 907 	2	26.9244177489	1	7.1601912684	21.108	30.239	57.156	18.521	27.483	56.848	21.92	33.676	55.681
633389	ARG	 908 	VAL	 924 	TRP	 927 	6	66.2087436902	1	7.80740795655	21.108	30.239	57.156	21.861	27.802	64.535	26.251	27.045	61.963
413642	PRO	 910 	LEU	 909 	GLN	 911 	3	37.2585094918	1	6.74745959603	15.08	28.639	57.994	18.521	27.483	56.848	13.408	27.612	61.249
423728	PRO	 912 	PRO	 910 	GLN	 911 	9	89.7160915694	1	6.14606451317	11.333	24.483	60.536	15.08	28.639	57.994	13.408	27.612	61.249
423723	PRO	 913 	PRO	 912 	GLN	 911 	4	45.3398594035	1	6.42353656485	7.589	24.893	61.339	11.333	24.483	60.536	13.408	27.612	61.249
538925	TYR	 920 	PRO	 912 	GLN	 911 	6	64.2680200375	1	7.68009257757	16.259	25.818	66.275	11.333	24.483	60.536	13.408	27.612	61.249
410695	PRO	 913 	GLN	 911 	CYS	 915 	8	78.1424684408	1	6.68554178807	7.589	24.893	61.339	13.408	27.612	61.249	10.658	23.525	65.769
525896	TYR	 920 	GLN	 911 	CYS	 915 	9	83.361036078	1	6.68554178807	16.259	25.818	66.275	13.408	27.612	61.249	10.658	23.525	65.769
424012	PRO	 912 	PRO	 913 	ILE	 914 	5	60.4339230657	1	5.58236303012	11.333	24.483	60.536	7.589	24.893	61.339	7.611	22.14	63.974
416454	PRO	 912 	ILE	 914 	CYS	 915 	7	69.8181103488	1	5.58236303012	11.333	24.483	60.536	7.611	22.14	63.974	10.658	23.525	65.769
416452	PRO	 913 	ILE	 914 	CYS	 915 	5	60.3040208017	1	5.56013354156	7.589	24.893	61.339	7.611	22.14	63.974	10.658	23.525	65.769
567655	VAL	 956 	PRO	 913 	CYS	 915 	8	80.6230658501	1	8.03336511059	5.032	20.852	67.794	7.589	24.893	61.339	10.658	23.525	65.769
474056	THR	 916 	ILE	 914 	CYS	 915 	9	88.839035788	1	6.65649615038	10.504	25.516	68.928	7.611	22.14	63.974	10.658	23.525	65.769
560451	VAL	 956 	ILE	 914 	CYS	 915 	4	51.624769859	1	6.54961296566	5.032	20.852	67.794	7.611	22.14	63.974	10.658	23.525	65.769
474050	THR	 916 	ILE	 917 	CYS	 915 	3	43.8009635223	1	6.37002080059	10.504	25.516	68.928	13.116	28.245	69.27	10.658	23.525	65.769
479810	THR	 916 	ASP	 918 	CYS	 915 	3	37.4587888554	1	7.65721045812	10.504	25.516	68.928	14.836	25.883	71.737	10.658	23.525	65.769
541733	TYR	 920 	THR	 916 	CYS	 915 	6	62.5925861655	1	6.34426024056	16.259	25.818	66.275	10.504	25.516	68.928	10.658	23.525	65.769
541731	TYR	 954 	THR	 916 	CYS	 915 	4	52.3569934549	1	6.72729641089	10.148	21.061	72.008	10.504	25.516	68.928	10.658	23.525	65.769
570532	VAL	 956 	THR	 916 	CYS	 915 	5	59.3696248626	1	7.27884853531	5.032	20.852	67.794	10.504	25.516	68.928	10.658	23.525	65.769
387654	ASP	 918 	ILE	 917 	CYS	 915 	7	69.6535973697	1	7.65721045812	14.836	25.883	71.737	13.116	28.245	69.27	10.658	23.525	65.769
566213	VAL	 919 	ASP	 918 	CYS	 915 	6	61.6381679161	1	7.65721045812	15.567	23.278	69.038	14.836	25.883	71.737	10.658	23.525	65.769
537414	TYR	 920 	ASP	 918 	CYS	 915 	7	72.1643584475	1	7.65721045812	16.259	25.818	66.275	14.836	25.883	71.737	10.658	23.525	65.769
537415	TYR	 954 	ASP	 918 	CYS	 915 	8	80.9800604386	1	7.65721045812	10.148	21.061	72.008	14.836	25.883	71.737	10.658	23.525	65.769
573415	VAL	 919 	TYR	 954 	CYS	 915 	8	81.523597348	1	6.72729641089	15.567	23.278	69.038	10.148	21.061	72.008	10.658	23.525	65.769
536335	TYR	 920 	MET	 921 	ILE	 917 	8	77.1350454927	1	5.7647002524	16.259	25.818	66.275	18.79	27.612	68.472	13.116	28.245	69.27
537990	TYR	 920 	ASP	 918 	MET	 921 	7	69.3110025928	1	5.64469644888	16.259	25.818	66.275	14.836	25.883	71.737	18.79	27.612	68.472
392331	ASP	 918 	MET	 921 	ILE	 922 	4	51.3938832977	1	6.93345296371	14.836	25.883	71.737	18.79	27.612	68.472	20.811	24.33	68.581
565352	VAL	 919 	MET	 923 	MET	 921 	9	89.2548056153	1	6.88713772187	15.567	23.278	69.038	20.892	24.149	64.758	18.79	27.612	68.472
363679	MET	 921 	MET	 923 	LYS	 925 	8	81.7302329565	1	6.1719240112	18.79	27.612	68.472	20.892	24.149	64.758	24.769	27.31	66.971
358854	MET	 923 	ILE	 922 	CYS	 926 	7	69.3200617478	1	6.51871214275	20.892	24.149	64.758	20.811	24.33	68.581	26.117	24.476	64.797
572547	VAL	 924 	TRP	 927 	MET	 923 	4	51.6373003669	1	6.70206848667	21.861	27.802	64.535	26.251	27.045	61.963	20.892	24.149	64.758
361734	MET	 923 	LYS	 925 	CYS	 926 	7	71.4246883027	1	5.46995603273	20.892	24.149	64.758	24.769	27.31	66.971	26.117	24.476	64.797
572478	VAL	 924 	TRP	 927 	LYS	 925 	7	70.9212751759	1	5.22939891383	21.861	27.802	64.535	26.251	27.045	61.963	24.769	27.31	66.971
572547	VAL	 924 	TRP	 927 	MET	 928 	4	49.341463506	1	6.89007503588	21.861	27.802	64.535	26.251	27.045	61.963	28.415	29.705	63.588
505736	TRP	 927 	LYS	 925 	CYS	 926 	9	89.8995312834	1	5.22939891383	26.251	27.045	61.963	24.769	27.31	66.971	26.117	24.476	64.797
361733	MET	 928 	LYS	 925 	CYS	 926 	6	64.4209339796	1	5.83822969743	28.415	29.705	63.588	24.769	27.31	66.971	26.117	24.476	64.797
620934	ARG	 934 	LYS	 925 	CYS	 926 	7	75.629284886	1	5.37196323517	29.763	25.543	67.863	24.769	27.31	66.971	26.117	24.476	64.797
450078	SER	 933 	MET	 928 	LYS	 925 	7	70.2501053013	1	7.48516793399	31.836	28.455	69.156	28.415	29.705	63.588	24.769	27.31	66.971
507172	TRP	 927 	MET	 928 	CYS	 926 	5	55.7450591921	1	5.83822969743	26.251	27.045	61.963	28.415	29.705	63.588	26.117	24.476	64.797
629574	ARG	 934 	TRP	 927 	CYS	 926 	7	75.6283101271	1	7.02852388486	29.763	25.543	67.863	26.251	27.045	61.963	26.117	24.476	64.797
625253	ARG	 934 	PRO	 935 	CYS	 926 	6	67.9281572774	1	6.23212652311	29.763	25.543	67.863	28.618	22.824	70.261	26.117	24.476	64.797
507531	TRP	 927 	MET	 928 	ILE	 929 	4	44.6933925985	1	6.44970960587	26.251	27.045	61.963	28.415	29.705	63.588	31.448	30.837	61.504
630149	ARG	 934 	TRP	 927 	MET	 928 	6	63.6291687915	1	7.02852388486	29.763	25.543	67.863	26.251	27.045	61.963	28.415	29.705	63.588
392336	ASP	 930 	MET	 928 	ILE	 929 	9	89.3641861601	1	5.32488441189	33.603	30.338	64.607	28.415	29.705	63.588	31.448	30.837	61.504
624391	ARG	 934 	ASP	 930 	MET	 928 	8	81.8274365427	1	6.95263698175	29.763	25.543	67.863	33.603	30.338	64.607	28.415	29.705	63.588
627271	ARG	 934 	SER	 933 	MET	 928 	8	81.4537368528	1	6.65344760256	29.763	25.543	67.863	31.836	28.455	69.156	28.415	29.705	63.588
595660	ALA	 931 	ASP	 930 	ASP	 932 	5	58.8674948835	1	5.65491052095	34.319	26.593	64.825	33.603	30.338	64.607	35.081	26.573	68.559
453099	SER	 933 	PRO	 935 	ASP	 932 	4	48.3797446212	1	7.6630394753	31.836	28.455	69.156	28.618	22.824	70.261	35.081	26.573	68.559
627410	ARG	 934 	SER	 933 	PRO	 935 	3	40.9403895515	1	6.57911164216	29.763	25.543	67.863	31.836	28.455	69.156	28.618	22.824	70.261
625754	ARG	 934 	PRO	 935 	LYS	 936 	3	38.354249524	1	6.68445136118	29.763	25.543	67.863	28.618	22.824	70.261	30.552	19.628	70.875
419258	PRO	 935 	LYS	 936 	PHE	 937 	3	42.1446414962	1	6.5133626492	28.618	22.824	70.261	30.552	19.628	70.875	28.867	16.318	70.077
627272	ARG	 949 	SER	 945 	MET	 947 	9	88.9026341807	1	6.69125175135	12.312	13.53	78.169	18.549	13.965	75.785	14.44	17.427	75.272
392475	ASP	 950 	MET	 947 	LYS	 946 	4	44.2310582558	1	7.52757683455	9.483	15.896	77.234	14.44	17.427	75.272	16.934	16.592	78.048
597029	ALA	 948 	PRO	 951 	MET	 947 	6	62.5896905985	1	5.84755042732	13.676	13.772	74.605	9.143	15.813	73.393	14.44	17.427	75.272
625832	ARG	 949 	PRO	 951 	MET	 947 	9	83.8639758612	1	6.1696698453	12.312	13.53	78.169	9.143	15.813	73.393	14.44	17.427	75.272
422792	PRO	 951 	ASP	 950 	MET	 947 	9	85.2891398315	1	5.84755042732	9.143	15.813	73.393	9.483	15.896	77.234	14.44	17.427	75.272
624389	ARG	 953 	ASP	 950 	MET	 947 	6	66.1846480213	1	7.68204263201	7.525	20.732	74.749	9.483	15.896	77.234	14.44	17.427	75.272
537991	TYR	 954 	ASP	 950 	MET	 947 	8	80.6579494744	1	7.3777046566	10.148	21.061	72.008	9.483	15.896	77.234	14.44	17.427	75.272
625830	ARG	 953 	PRO	 951 	MET	 947 	7	68.3709442631	1	7.68204263201	7.525	20.732	74.749	9.143	15.813	73.393	14.44	17.427	75.272
539431	TYR	 954 	PRO	 951 	MET	 947 	8	82.4346074473	1	6.50237771896	10.148	21.061	72.008	9.143	15.813	73.393	14.44	17.427	75.272
422284	PRO	 951 	ASP	 950 	GLN	 952 	5	55.4088984257	1	5.85000076923	9.143	15.813	73.393	9.483	15.896	77.234	5.921	17.773	72.99
625901	ARG	 953 	PRO	 951 	ASP	 950 	6	65.204299925	1	5.77891728614	7.525	20.732	74.749	9.143	15.813	73.393	9.483	15.896	77.234
413646	PRO	 951 	LEU	 955 	GLN	 952 	7	69.4312720749	1	6.2016685658	9.143	15.813	73.393	8.605	19.873	68.736	5.921	17.773	72.99
631736	ARG	 953 	TYR	 954 	PRO	 951 	9	87.2686552095	1	5.5199414852	7.525	20.732	74.749	10.148	21.061	72.008	9.143	15.813	73.393
631085	ARG	 953 	TYR	 954 	GLN	 952 	6	62.1789305943	1	5.44451990537	7.525	20.732	74.749	10.148	21.061	72.008	5.921	17.773	72.99
389163	ASP	 960 	GLY	 959 	GLN	 958 	4	46.7775332449	1	6.29515861595	1.799	12.855	67.652	-0.345	14.128	64.748	-0.204	17.897	64.459
392113	ASP	 982 	MET	 983 	GLU	 981 	2	27.527644548	1	7.18183938835	-12.633	18.713	55.109	-13.456	20.282	58.526	-10.71	15.727	53.7
393992	ASP	 984 	ASP	 982 	MET	 983 	9	89.7160426337	1	7.34203936247	-14.147	19.518	62.248	-12.633	18.713	55.109	-13.456	20.282	58.526
393987	ASP	 985 	ASP	 984 	MET	 983 	4	48.7018195028	1	6.28558048234	-17.932	19.607	62.887	-14.147	19.518	62.248	-13.456	20.282	58.526
602859	ALA	 989 	TYR	 992 	ASP	 988 	4	50.8581440081	1	6.71522188762	-24.694	8.943	63.435	-26.737	12.18	66.617	-21.033	9.935	63.875
393557	ASP	 988 	ASP	 990 	GLU	 991 	6	67.0490517698	1	5.57481560233	-21.033	9.935	63.875	-24.489	6.959	66.7	-24.061	10.267	68.544
602426	ALA	 989 	TYR	 992 	LEU	 993 	3	35.4381436449	1	7.7131184355	-24.694	8.943	63.435	-26.737	12.18	66.617	-30.056	11.507	68.351
416522	PRO	 995 	ILE	 994 	GLN	 996 	3	38.3973189367	1	6.75659041233	-33.896	16.241	66.312	-33.488	12.444	66.896	-36.68	17.739	64.171
