600985	ALA	 129 	TRP	 128 	LEU	 130 	2	29.3980480514	1	7.05559586428	25.143	60.146	24.365	27.046	62.239	21.832	24.692	56.438	25.086
600703	ALA	 129 	TRP	 128 	PHE	 200 	8	77.0454598382	1	7.02917107489	25.143	60.146	24.365	27.046	62.239	21.832	32.164	60.203	24.699
543101	TYR	 199 	TRP	 128 	PHE	 200 	6	62.6622127356	1	7.60390557543	33.986	59.145	21.544	27.046	62.239	21.832	32.164	60.203	24.699
515363	TRP	 128 	TRP	 382 	TRP	 277 	6	63.4073570703	7	45.7009343012	27.046	62.239	21.832	55.652	39.451	-5.572	40.893	45.742	25.112
594938	ALA	 129 	ASP	 132 	PHE	 133 	3	35.3983613838	1	7.82187809928	25.143	60.146	24.365	22.005	58.169	20.778	22.32	54.574	19.657
383476	ASP	 132 	GLU	 134 	GLU	 131 	5	52.856981678	1	7.42027944218	22.005	58.169	20.778	20.599	51.202	19.74	21.072	57.039	24.297
181662	GLU	 131 	GLU	 134 	PHE	 133 	7	69.3353504683	1	7.42027944218	21.072	57.039	24.297	20.599	51.202	19.74	22.32	54.574	19.657
390603	ASP	 132 	LYS	 153 	GLN	 154 	4	43.9991781075	1	7.7075772458	22.005	58.169	20.778	19.098	56.137	16.217	19.138	59.026	13.675
619849	ARG	 137 	GLY	 136 	ILE	 135 	2	28.682307496	1	7.02287078053	24.717	41.738	20.291	23.227	45.09	19.455	22.826	48.45	21.124
625682	ARG	 137 	PRO	 138 	GLY	 136 	3	41.8918021712	1	6.49779208655	24.717	41.738	20.291	28.189	41.647	21.852	23.227	45.09	19.455
634323	ARG	 151 	ALA	 150 	GLY	 136 	4	46.992289598	1	7.79302354674	23.319	51.834	15.551	25.43	49.547	17.72	23.227	45.09	19.455
625467	ARG	 137 	PRO	 138 	LEU	 139 	4	50.5840814993	1	6.10528082892	24.717	41.738	20.291	28.189	41.647	21.852	30.676	41.536	18.978
631736	ARG	 137 	TYR	 148 	PRO	 138 	9	89.1249849619	1	5.21098512759	24.717	41.738	20.291	28.215	45.469	21.29	28.189	41.647	21.852
654486	ASN	 146 	PRO	 138 	GLY	 140 	7	74.6097739833	1	7.25755558022	32.857	45.487	25.869	28.189	41.647	21.852	33.303	40.309	21.361
660532	ASN	 146 	TYR	 148 	PRO	 138 	5	53.0597561692	1	7.25755558022	32.857	45.487	25.869	28.215	45.469	21.29	28.189	41.647	21.852
331705	LYS	 141 	GLY	 140 	LEU	 139 	2	23.4606541608	1	7.16415005426	34.475	40.33	24.931	33.303	40.309	21.361	30.676	41.536	18.978
331921	LYS	 141 	GLY	 142 	GLY	 140 	2	30.4325067654	1	6.96332779639	34.475	40.33	24.931	36.88	42.467	26.932	33.303	40.309	21.361
333368	LYS	 141 	LYS	 143 	GLY	 142 	9	89.6234536401	1	7.08501249117	34.475	40.33	24.931	38.591	42.455	30.292	36.88	42.467	26.932
650162	ASN	 146 	LYS	 141 	GLY	 145 	3	43.3536676125	1	7.56705583434	32.857	45.487	25.869	34.475	40.33	24.931	35.338	47.016	28.368
506166	TRP	 277 	LYS	 143 	GLY	 142 	7	68.9849826164	1	6.55255469264	40.893	45.742	25.112	38.591	42.455	30.292	36.88	42.467	26.932
504224	TRP	 277 	GLY	 142 	PHE	 144 	9	86.0577269281	1	5.64682300059	40.893	45.742	25.112	36.88	42.467	26.932	38.545	46.301	30.217
504728	TRP	 277 	GLY	 145 	GLY	 142 	9	84.7121296151	1	6.56373651208	40.893	45.742	25.112	35.338	47.016	28.368	36.88	42.467	26.932
661682	ASN	 146 	VAL	 147 	GLY	 142 	3	41.5563284556	1	7.91720859899	32.857	45.487	25.869	31.728	46.375	22.364	36.88	42.467	26.932
658808	ASN	 146 	TRP	 277 	GLY	 142 	9	86.1507035874	1	8.07560338303	32.857	45.487	25.869	40.893	45.742	25.112	36.88	42.467	26.932
649660	ASN	 146 	LYS	 143 	PHE	 144 	5	56.1109902132	1	7.8507776048	32.857	45.487	25.869	38.591	42.455	30.292	38.545	46.301	30.217
505662	TRP	 277 	LYS	 143 	PHE	 144 	7	68.4924473823	1	6.55255469264	40.893	45.742	25.112	38.591	42.455	30.292	38.545	46.301	30.217
658879	ASN	 146 	TRP	 277 	LYS	 143 	8	78.9118237952	1	8.07560338303	32.857	45.487	25.869	40.893	45.742	25.112	38.591	42.455	30.292
511996	TRP	 277 	SER	 278 	LYS	 143 	5	53.4974654242	1	6.55255469264	40.893	45.742	25.112	41.519	42.485	27.06	38.591	42.455	30.292
648217	ASN	 146 	GLY	 145 	PHE	 144 	2	25.0598033314	1	7.20562585762	32.857	45.487	25.869	35.338	47.016	28.368	38.545	46.301	30.217
504221	TRP	 277 	GLY	 145 	PHE	 144 	6	67.4433982444	1	6.56373651208	40.893	45.742	25.112	35.338	47.016	28.368	38.545	46.301	30.217
658303	ASN	 146 	TRP	 277 	PHE	 144 	8	75.8470738437	1	8.07560338303	32.857	45.487	25.869	40.893	45.742	25.112	38.545	46.301	30.217
148544	GLN	 168 	PHE	 165 	PHE	 144 	9	86.6257838425	1	5.54672813468	39.878	49.106	34.486	35.451	50.547	31.996	38.545	46.301	30.217
324220	LYS	 166 	GLN	 168 	PHE	 144 	5	54.6830708424	1	7.99044792236	36.628	52.813	34.432	39.878	49.106	34.486	38.545	46.301	30.217
504220	TRP	 277 	GLY	 276 	PHE	 144 	5	56.8143428158	1	7.76701403372	40.893	45.742	25.112	43.248	48.954	24.634	38.545	46.301	30.217
511424	TRP	 277 	SER	 278 	PHE	 144 	9	87.8944018332	1	5.77695257034	40.893	45.742	25.112	41.519	42.485	27.06	38.545	46.301	30.217
661681	ASN	 146 	VAL	 147 	GLY	 145 	2	30.7341171389	1	7.03498379529	32.857	45.487	25.869	31.728	46.375	22.364	35.338	47.016	28.368
650164	ASN	 146 	LYS	 162 	GLY	 145 	5	53.3511138704	1	6.94022802219	32.857	45.487	25.869	34.074	49.878	22.173	35.338	47.016	28.368
658804	ASN	 146 	TRP	 277 	GLY	 145 	5	60.3177042273	1	8.07560338303	32.857	45.487	25.869	40.893	45.742	25.112	35.338	47.016	28.368
504507	TRP	 277 	GLY	 145 	LEU	 164 	4	46.7963936817	1	7.70185192016	40.893	45.742	25.112	35.338	47.016	28.368	35.89	50.675	28.267
511926	TRP	 277 	SER	 278 	GLY	 145 	7	70.9454857318	1	7.7746759418	40.893	45.742	25.112	41.519	42.485	27.06	35.338	47.016	28.368
662258	ASN	 146 	VAL	 147 	TYR	 148 	3	41.685843924	1	6.52040865284	32.857	45.487	25.869	31.728	46.375	22.364	28.215	45.469	21.29
661466	ASN	 146 	VAL	 147 	LEU	 161 	3	37.4536844825	1	7.89497986065	32.857	45.487	25.869	31.728	46.375	22.364	30.84	50.824	20.412
658591	ASN	 146 	TRP	 277 	LEU	 164 	8	79.3141064448	1	8.07560338303	32.857	45.487	25.869	40.893	45.742	25.112	35.89	50.675	28.267
573913	VAL	 147 	TYR	 148 	LYS	 162 	2	31.6863222626	1	7.38558399857	31.728	46.375	22.364	28.215	45.469	21.29	34.074	49.878	22.173
606104	ALA	 160 	ALA	 150 	TYR	 148 	9	89.188672976	1	6.16176930759	30.365	49.294	16.964	25.43	49.547	17.72	28.215	45.469	21.29
634105	ARG	 151 	ALA	 150 	LEU	 149 	2	26.2709084256	1	7.14757364425	23.319	51.834	15.551	25.43	49.547	17.72	26.791	46.011	17.815
634033	ARG	 151 	ALA	 150 	GLU	 152 	2	33.9743566835	1	6.81794969181	23.319	51.834	15.551	25.43	49.547	17.72	22.861	55.546	15.746
618194	ARG	 151 	ILE	 158 	GLU	 152 	3	42.2323738123	1	6.78836092146	23.319	51.834	15.551	25.223	50.426	11.966	22.861	55.546	15.746
621439	ARG	 151 	LYS	 153 	LYS	 156 	8	82.9242226579	1	6.06433887576	23.319	51.834	15.551	19.098	56.137	16.217	19.703	54.022	11.421
325660	LYS	 153 	GLU	 152 	PHE	 157 	5	57.2561731442	1	7.48976975614	19.098	56.137	16.217	22.861	55.546	15.746	23.411	53.468	10.706
333005	LYS	 156 	LYS	 153 	GLN	 154 	6	68.0581620398	1	5.51722366775	19.703	54.022	11.421	19.098	56.137	16.217	19.138	59.026	13.675
448638	SER	 155 	LYS	 153 	LYS	 156 	7	71.2667537444	1	5.98604051106	21.013	57.521	10.717	19.098	56.137	16.217	19.703	54.022	11.421
448060	SER	 155 	LYS	 153 	PHE	 157 	5	58.8920309878	1	7.48976975614	21.013	57.521	10.717	19.098	56.137	16.217	23.411	53.468	10.706
332858	LYS	 153 	LYS	 156 	PHE	 157 	3	42.3904227489	1	7.48976975614	19.098	56.137	16.217	19.703	54.022	11.421	23.411	53.468	10.706
439418	SER	 155 	GLN	 154 	PHE	 157 	3	38.8828330337	1	7.61346530825	21.013	57.521	10.717	19.138	59.026	13.675	23.411	53.468	10.706
324218	LYS	 156 	GLN	 154 	PHE	 157 	3	42.6493038067	1	7.61346530825	19.703	54.022	11.421	19.138	59.026	13.675	23.411	53.468	10.706
269498	ILE	 158 	LEU	 159 	PHE	 157 	3	41.2216653031	1	6.53477780801	25.223	50.426	11.966	28.223	50.879	14.29	23.411	53.468	10.706
586586	ALA	 160 	LEU	 161 	LEU	 159 	3	38.6069790767	1	6.65812270839	30.365	49.294	16.964	30.84	50.824	20.412	28.223	50.879	14.29
589466	ALA	 160 	ILE	 209 	LEU	 208 	3	42.8434669684	1	7.91840905738	30.365	49.294	16.964	32.327	54.916	18.393	34.425	54.373	21.483
557498	VAL	 163 	LEU	 164 	PHE	 165 	3	37.0097620334	1	6.74490837595	33.024	50.801	25.708	35.89	50.675	28.267	35.451	50.547	31.996
557786	VAL	 163 	LEU	 208 	LEU	 164 	3	41.2772886143	1	7.86410102936	33.024	50.801	25.708	34.425	54.373	21.483	35.89	50.675	28.267
528986	TYR	 207 	LEU	 164 	LEU	 208 	3	43.4258118157	1	7.86410102936	32.729	54.722	24.8	35.89	50.675	28.267	34.425	54.373	21.483
592059	ALA	 167 	LYS	 166 	PHE	 165 	4	48.796385812	1	5.79422143174	37.891	50.936	37.237	36.628	52.813	34.432	35.451	50.547	31.996
592204	ALA	 172 	LYS	 171 	GLN	 168 	5	59.8848267216	1	6.74167434693	46.418	50.484	35.369	43.468	49.886	37.731	39.878	49.106	34.486
297079	GLY	 173 	GLU	 170 	GLU	 175 	8	83.0826714659	1	6.56735357659	47.978	53.797	34.483	42.143	53.253	36.3	44.139	56.959	31.259
592562	ALA	 172 	LYS	 171 	GLY	 173 	3	35.6694030827	1	6.79599330488	46.418	50.484	35.369	43.468	49.886	37.731	47.978	53.797	34.483
603794	ALA	 172 	VAL	 174 	GLU	 175 	3	36.3701863575	1	8.00072284234	46.418	50.484	35.369	46.272	53.838	31.038	44.139	56.959	31.259
561962	VAL	 174 	GLY	 173 	GLN	 177 	3	35.1141235475	1	7.33594008972	46.272	53.838	31.038	47.978	53.797	34.483	47.57	55.585	27.38
299883	GLY	 173 	HIS	 176 	GLN	 177 	4	51.3619201775	1	7.33594008972	47.978	53.797	34.483	47.393	58.381	29.954	47.57	55.585	27.38
559088	VAL	 174 	HIS	 176 	GLN	 177 	9	83.3298617302	1	4.80318082108	46.272	53.838	31.038	47.393	58.381	29.954	47.57	55.585	27.38
239405	HIS	 176 	GLU	 175 	GLN	 177 	6	63.6342931975	1	5.3578239986	47.393	58.381	29.954	44.139	56.959	31.259	47.57	55.585	27.38
616756	ARG	 179 	HIS	 176 	GLU	 175 	5	52.5495867338	1	7.32295875995	43.375	60.034	24.657	47.393	58.381	29.954	44.139	56.959	31.259
615242	ARG	 179 	LEU	 178 	GLN	 177 	3	38.3554384434	1	6.6937549253	43.375	60.034	24.657	44.109	56.666	26.278	47.57	55.585	27.38
181808	GLU	 183 	GLU	 181 	GLN	 185 	9	89.2847060227	1	5.92357409002	43.263	61.557	19.273	45.64	56.771	20.313	42.843	57.286	15.19
441079	SER	 186 	GLU	 181 	GLU	 183 	8	81.5896581286	1	7.75017354644	40.449	60.249	15.728	45.64	56.771	20.313	43.263	61.557	19.273
445395	SER	 186 	ILE	 184 	GLU	 181 	4	49.4164610205	1	7.75017354644	40.449	60.249	15.728	45.371	59.68	16.713	45.64	56.771	20.313
569165	VAL	 182 	SER	 186 	GLN	 185 	6	66.8598555179	1	5.69831650578	42.19	58.242	20.769	40.449	60.249	15.728	42.843	57.286	15.19
271156	ILE	 184 	HIS	 187 	GLU	 183 	5	52.9680223642	1	6.97057458177	45.371	59.68	16.713	41.733	61.704	12.474	43.263	61.557	19.273
239408	HIS	 187 	GLU	 183 	GLN	 185 	9	83.4518253856	1	6.97057458177	41.733	61.704	12.474	43.263	61.557	19.273	42.843	57.286	15.19
443955	SER	 186 	HIS	 187 	GLU	 183 	4	51.7928134495	1	6.97057458177	40.449	60.249	15.728	41.733	61.704	12.474	43.263	61.557	19.273
443885	SER	 186 	HIS	 187 	GLN	 185 	6	65.3590905561	1	5.30353467039	40.449	60.249	15.728	41.733	61.704	12.474	42.843	57.286	15.19
616687	ARG	 195 	HIS	 187 	GLN	 185 	8	77.311734551	1	8.01310457937	38.007	54.679	11.486	41.733	61.704	12.474	42.843	57.286	15.19
615241	ARG	 189 	LEU	 188 	GLN	 185 	2	28.4123624737	1	7.71236850779	41.275	58.634	7.76	43.273	58.572	10.999	42.843	57.286	15.19
626979	ARG	 195 	SER	 186 	HIS	 187 	4	48.3221851115	1	8.01310457937	38.007	54.679	11.486	40.449	60.249	15.728	41.733	61.704	12.474
540724	TYR	 197 	SER	 186 	GLY	 198 	5	54.3225845481	1	7.07535250005	33.988	58.249	14.309	40.449	60.249	15.728	33.722	59.549	17.806
635621	ARG	 195 	ARG	 189 	HIS	 187 	6	65.5792105372	1	8.01310457937	38.007	54.679	11.486	41.275	58.634	7.76	41.733	61.704	12.474
625544	ARG	 189 	PRO	 191 	HIS	 190 	9	89.1380061066	1	7.01002574888	41.275	58.634	7.76	40.321	52.767	4.044	42.26	55.654	5.64
635619	ARG	 195 	ARG	 189 	HIS	 190 	4	51.0332605017	1	7.29481665294	38.007	54.679	11.486	41.275	58.634	7.76	42.26	55.654	5.64
636055	ARG	 195 	ARG	 189 	PRO	 191 	8	79.9048832434	1	8.02456877346	38.007	54.679	11.486	41.275	58.634	7.76	40.321	52.767	4.044
635695	ARG	 189 	ARG	 195 	ILE	 193 	8	77.387009228	1	7.05557885648	41.275	58.634	7.76	38.007	54.679	11.486	42.411	51.778	8.979
654340	ASN	 192 	PRO	 191 	HIS	 190 	5	60.0529600167	1	5.5995662332	42.501	50.06	5.575	40.321	52.767	4.044	42.26	55.654	5.64
625540	ARG	 195 	PRO	 191 	HIS	 190 	5	55.3343251915	1	8.02456877346	38.007	54.679	11.486	40.321	52.767	4.044	42.26	55.654	5.64
662983	ASN	 192 	ALA	 243 	HIS	 190 	8	77.7089988713	1	6.6475581231	42.501	50.06	5.575	47.712	51.851	5.586	42.26	55.654	5.64
271226	ILE	 193 	HIS	 190 	LEU	 194 	3	37.372586199	1	7.63936528777	42.411	51.778	8.979	42.26	55.654	5.64	39.387	51.171	11.118
602503	ALA	 243 	TYR	 246 	HIS	 190 	8	80.0054980993	1	7.53119665126	47.712	51.851	5.586	49.649	57.033	5.171	42.26	55.654	5.64
654413	ASN	 192 	PRO	 191 	ILE	 193 	6	62.3203897731	1	5.44981155638	42.501	50.06	5.575	40.321	52.767	4.044	42.411	51.778	8.979
663410	ASN	 192 	ALA	 243 	PRO	 191 	3	42.415317764	1	7.60550465124	42.501	50.06	5.575	47.712	51.851	5.586	40.321	52.767	4.044
654554	ASN	 192 	PRO	 191 	LYS	 271 	3	37.1548700527	1	7.29130701589	42.501	50.06	5.575	40.321	52.767	4.044	41.392	47.213	8.645
647066	ASN	 192 	ILE	 193 	LEU	 194 	3	42.7895478512	1	6.45415881428	42.501	50.06	5.575	42.411	51.778	8.979	39.387	51.171	11.118
665719	ASN	 192 	ASN	 242 	GLU	 239 	8	80.7422847331	1	8.01338792272	42.501	50.06	5.575	49.725	51.539	2.438	46.745	46.836	1.678
642679	ASN	 192 	GLU	 269 	GLU	 239 	8	77.9670465944	1	7.91175385107	42.501	50.06	5.575	39.351	44.213	2.7	46.745	46.836	1.678
666725	ASN	 192 	ASN	 242 	ALA	 243 	6	65.8320508127	1	8.01338792272	42.501	50.06	5.575	49.725	51.539	2.438	47.712	51.851	5.586
330265	LYS	 271 	ILE	 193 	LEU	 270 	2	31.9787182621	1	7.70612360399	41.392	47.213	8.645	42.411	51.778	8.979	41.699	44.884	5.61
545048	TYR	 199 	TYR	 197 	GLY	 198 	9	89.1033136837	1	7.29027057111	33.986	59.145	21.544	33.988	58.249	14.309	33.722	59.549	17.806
533017	TYR	 199 	GLY	 198 	PHE	 200 	2	27.1932302258	1	7.09707890614	33.986	59.145	21.544	33.722	59.549	17.806	32.164	60.203	24.699
544541	TYR	 207 	TYR	 199 	PHE	 200 	6	68.1300370101	1	5.63422700998	32.729	54.722	24.8	33.986	59.145	21.544	32.164	60.203	24.699
544902	TYR	 199 	TYR	 207 	HIS	 201 	7	73.0610359239	1	7.01220578705	33.986	59.145	21.544	32.729	54.722	24.8	32.081	58.962	28.29
574421	VAL	 206 	TYR	 199 	TYR	 207 	6	66.871116849	1	7.72194729327	33.691	55.562	28.378	33.986	59.145	21.544	32.729	54.722	24.8
544975	TYR	 207 	TYR	 199 	ILE	 209 	8	79.7136125892	1	6.42252979752	32.729	54.722	24.8	33.986	59.145	21.544	32.327	54.916	18.393
386137	ASP	 202 	HIS	 201 	PHE	 200 	2	25.8651125775	1	7.13076398431	29.847	58.794	31.294	32.081	58.962	28.29	32.164	60.203	24.699
530141	TYR	 207 	HIS	 201 	PHE	 200 	6	68.0187848936	1	5.52970198112	32.729	54.722	24.8	32.081	58.962	28.29	32.164	60.203	24.699
595297	ALA	 203 	ASP	 202 	HIS	 201 	2	33.2702076605	1	6.84310032076	30.68	58.612	34.979	29.847	58.794	31.294	32.081	58.962	28.29
480098	THR	 204 	ASP	 202 	HIS	 201 	3	37.7163851335	1	8.08621753356	31.528	54.931	35.278	29.847	58.794	31.294	32.081	58.962	28.29
634183	ARG	 205 	ALA	 203 	HIS	 201 	8	79.6009649503	1	6.84310032076	32.476	54.147	31.692	30.68	58.612	34.979	32.081	58.962	28.29
603940	ALA	 203 	VAL	 206 	HIS	 201 	5	57.6367381498	1	7.87031270027	30.68	58.612	34.979	33.691	55.562	28.378	32.081	58.962	28.29
628420	ARG	 205 	THR	 204 	HIS	 201 	5	53.8492633058	1	8.08621753356	32.476	54.147	31.692	31.528	54.931	35.278	32.081	58.962	28.29
570819	VAL	 206 	THR	 204 	HIS	 201 	4	46.762061496	1	8.08621753356	33.691	55.562	28.378	31.528	54.931	35.278	32.081	58.962	28.29
634970	ARG	 205 	ALA	 203 	VAL	 206 	3	41.5699949103	1	7.87031270027	32.476	54.147	31.692	30.68	58.612	34.979	33.691	55.562	28.378
633312	ARG	 205 	VAL	 206 	THR	 204 	1	22.8391933662	1	7.25856252987	32.476	54.147	31.692	33.691	55.562	28.378	31.528	54.931	35.278
633457	ARG	 205 	VAL	 206 	TYR	 207 	2	33.0631864493	1	6.92057064121	32.476	54.147	31.692	33.691	55.562	28.378	32.729	54.722	24.8
573625	VAL	 206 	TYR	 207 	LEU	 208 	2	28.2999258035	1	7.03516183183	33.691	55.562	28.378	32.729	54.722	24.8	34.425	54.373	21.483
269712	ILE	 209 	LEU	 210 	GLU	 211 	1	20.7338629579	1	7.3355008009	32.327	54.916	18.393	33.969	53.054	15.547	33.783	51.66	11.983
602354	ALA	 213 	TYR	 212 	GLU	 211 	3	43.112831042	1	6.50058258928	34.145	45.383	10.332	32.099	48.264	11.849	33.783	51.66	11.983
602931	ALA	 213 	TYR	 212 	PRO	 214 	4	51.0494514587	1	6.19177276715	34.145	45.383	10.332	32.099	48.264	11.849	31.596	42.568	9.474
602642	ALA	 213 	TYR	 212 	GLY	 265 	3	36.8399737332	1	7.66038921988	34.145	45.383	10.332	32.099	48.264	11.849	35.464	44.767	5.922
591124	ALA	 213 	GLY	 216 	GLY	 265 	5	55.9141410432	1	7.77179573844	34.145	45.383	10.332	35.593	39.505	11.64	35.464	44.767	5.922
452885	SER	 266 	PRO	 214 	GLY	 265 	6	67.8227609482	1	6.38974162232	32.623	44.218	3.387	31.596	42.568	9.474	35.464	44.767	5.922
475705	THR	 217 	GLY	 216 	LEU	 215 	2	34.2886767888	1	6.83552390092	39.278	39.058	12.445	35.593	39.505	11.64	33.903	39.779	8.284
542452	TYR	 219 	THR	 217 	PRO	 259 	5	54.9497755381	1	6.99461664425	43.269	35.739	12.913	39.278	39.058	12.445	46.248	38.767	12.954
657655	ASN	 261 	THR	 217 	PRO	 259 	8	77.7643846648	1	7.62344344768	44.57	43.443	15.744	39.278	39.058	12.445	46.248	38.767	12.954
631728	ARG	 220 	TYR	 219 	PRO	 259 	1	10.3322682083	1	7.97578466359	40.007	33.805	12.75	43.269	35.739	12.913	46.248	38.767	12.954
539352	TYR	 219 	PRO	 259 	LYS	 258 	1	10.867525281	1	7.96743860974	43.269	35.739	12.913	46.248	38.767	12.954	49.264	40.897	13.88
448206	SER	 226 	LYS	 224 	GLN	 223 	7	71.0447807929	1	5.49579530186	44.898	27.131	7.79	39.873	28.601	9.461	42.679	29.809	11.743
448203	SER	 226 	LYS	 227 	GLN	 223 	4	51.363798332	1	7.57531227079	44.898	27.131	7.79	47.057	29.363	5.577	42.679	29.809	11.743
448057	SER	 226 	LYS	 227 	PHE	 228 	2	32.0369503927	1	6.98040213741	44.898	27.131	7.79	47.057	29.363	5.577	46.205	32.01	2.972
563258	VAL	 324 	LYS	 227 	PHE	 228 	3	41.3737534886	1	7.77646384933	52.602	29.401	6.542	47.057	29.363	5.577	46.205	32.01	2.972
331417	LYS	 227 	GLY	 325 	PHE	 228 	2	27.7545793596	1	7.88332486962	47.057	29.363	5.577	49.952	29.111	9.273	46.205	32.01	2.972
383258	ASP	 229 	GLU	 230 	PHE	 228 	3	39.8280282018	1	6.62741480519	47.054	31.552	-0.701	49.276	34.029	-2.543	46.205	32.01	2.972
628063	ARG	 232 	THR	 233 	PHE	 228 	8	82.6139887282	1	6.2467592398	45.071	36.989	-0.626	48.279	37.184	1.454	46.205	32.01	2.972
465344	THR	 233 	PHE	 322 	PHE	 228 	9	88.2677632377	1	6.01439672785	48.279	37.184	1.454	50.177	34.176	6.304	46.205	32.01	2.972
292544	GLY	 325 	PHE	 228 	PHE	 322 	9	87.4821390361	1	7.88332486962	49.952	29.111	9.273	46.205	32.01	2.972	50.177	34.176	6.304
383404	ASP	 229 	GLU	 230 	GLN	 231 	5	53.9753108018	1	5.88836513813	47.054	31.552	-0.701	49.276	34.029	-2.543	46.748	36.434	-3.979
642608	ASN	 386 	GLU	 230 	GLN	 231 	9	83.3656885711	1	6.06107366726	49.125	38.011	-7.11	49.276	34.029	-2.543	46.748	36.434	-3.979
628204	ARG	 232 	THR	 233 	GLN	 231 	5	57.8604520985	1	5.69420319272	45.071	36.989	-0.626	48.279	37.184	1.454	46.748	36.434	-3.979
628205	ARG	 232 	THR	 235 	GLN	 231 	6	64.3908408523	1	5.72272915662	45.071	36.989	-0.626	47.334	41.581	-1.547	46.748	36.434	-3.979
662760	ASN	 386 	ALA	 385 	GLN	 231 	1	6.42090302419	1	8.06529956046	49.125	38.011	-7.11	51.072	40.014	-9.77	46.748	36.434	-3.979
597964	ALA	 385 	SER	 387 	GLN	 231 	5	53.7308866825	1	8.06529956046	51.072	40.014	-9.77	47.561	41.077	-5.403	46.748	36.434	-3.979
655567	ASN	 386 	SER	 387 	GLN	 231 	8	78.6030483257	1	4.92404244498	49.125	38.011	-7.11	47.561	41.077	-5.403	46.748	36.434	-3.979
655564	ASN	 386 	SER	 388 	GLN	 231 	5	58.052415034	1	7.39943389727	49.125	38.011	-7.11	44.445	43.281	-5.581	46.748	36.434	-3.979
453963	SER	 388 	SER	 387 	GLN	 231 	4	48.2093325805	1	7.39943389727	44.445	43.281	-5.581	47.561	41.077	-5.403	46.748	36.434	-3.979
664924	ASN	 386 	ARG	 232 	SER	 387 	5	59.1378195327	1	7.71502793255	49.125	38.011	-7.11	45.071	36.989	-0.626	47.561	41.077	-5.403
627484	ARG	 232 	SER	 388 	SER	 387 	5	58.8788028675	1	8.03325369947	45.071	36.989	-0.626	44.445	43.281	-5.581	47.561	41.077	-5.403
542597	TYR	 236 	THR	 233 	THR	 235 	6	68.1926349	1	5.40672128004	46.655	41.81	2.21	48.279	37.184	1.454	47.334	41.581	-1.547
542092	TYR	 236 	THR	 233 	ILE	 237 	5	58.2369907268	1	6.09253846931	46.655	41.81	2.21	48.279	37.184	1.454	50.235	42.801	2.774
474056	THR	 233 	ILE	 237 	CYS	 319 	9	88.8781973288	1	6.53652040462	48.279	37.184	1.454	50.235	42.801	2.774	53.366	37.893	5.497
600198	ALA	 234 	THR	 238 	THR	 235 	7	71.9303357966	1	6.35798144068	50.284	39.367	-0.973	50.01	45.613	0.183	47.334	41.581	-1.547
663556	ASN	 386 	ALA	 234 	THR	 235 	5	55.0150189727	1	6.84832461263	49.125	38.011	-7.11	50.284	39.367	-0.973	47.334	41.581	-1.547
589612	ALA	 234 	ILE	 383 	ILE	 237 	5	56.8430999244	1	7.71693468937	50.284	39.367	-0.973	53.121	42.018	-4.34	50.235	42.801	2.774
663632	ASN	 386 	ALA	 234 	TRP	 382 	9	87.8286234191	1	7.06917824079	49.125	38.011	-7.11	50.284	39.367	-0.973	55.652	39.451	-5.572
542520	TYR	 236 	THR	 235 	SER	 387 	1	5.3214569974	1	7.70168124503	46.655	41.81	2.21	47.334	41.581	-1.547	47.561	41.077	-5.403
484494	THR	 235 	THR	 238 	ILE	 237 	7	69.6066685914	1	5.34558153993	47.334	41.581	-1.547	50.01	45.613	0.183	50.235	42.801	2.774
484496	THR	 238 	THR	 235 	ILE	 383 	9	88.5712087878	1	6.56200236208	50.01	45.613	0.183	47.334	41.581	-1.547	53.121	42.018	-4.34
657726	ASN	 386 	THR	 235 	SER	 388 	7	70.2882037262	1	7.21201365778	49.125	38.011	-7.11	47.334	41.581	-1.547	44.445	43.281	-5.581
527477	TYR	 236 	GLU	 269 	GLU	 239 	6	63.5416415497	1	7.91175385107	46.655	41.81	2.21	39.351	44.213	2.7	46.745	46.836	1.678
474411	THR	 238 	ILE	 383 	ILE	 237 	4	48.1562053041	1	7.71693468937	50.01	45.613	0.183	53.121	42.018	-4.34	50.235	42.801	2.774
210675	LEU	 270 	GLU	 239 	GLU	 269 	4	46.4013459216	1	7.91175385107	41.699	44.884	5.61	46.745	46.836	1.678	39.351	44.213	2.7
663485	ASN	 242 	ALA	 241 	SER	 245 	6	62.8632491308	1	6.0791435252	49.725	51.539	2.438	51.549	48.478	3.774	52.381	54.459	4.475
605887	ALA	 241 	ALA	 243 	SER	 245 	8	82.6483469268	1	6.0791435252	51.549	48.478	3.774	47.712	51.851	5.586	52.381	54.459	4.475
662693	ASN	 242 	ALA	 243 	CYS	 247 	6	60.7582946199	1	8.03387540356	49.725	51.539	2.438	47.712	51.851	5.586	50.613	56.352	8.809
660607	ASN	 242 	TYR	 246 	SER	 245 	8	81.354069739	1	6.13670114964	49.725	51.539	2.438	49.649	57.033	5.171	52.381	54.459	4.475
655491	ASN	 242 	SER	 245 	CYS	 247 	4	46.0532426469	1	8.03387540356	49.725	51.539	2.438	52.381	54.459	4.475	50.613	56.352	8.809
659810	ASN	 242 	TYR	 246 	CYS	 247 	3	42.2549955279	1	8.03387540356	49.725	51.539	2.438	49.649	57.033	5.171	50.613	56.352	8.809
602212	ALA	 243 	TYR	 246 	CYS	 247 	5	59.8168031304	1	6.25000248	47.712	51.851	5.586	49.649	57.033	5.171	50.613	56.352	8.809
442587	SER	 245 	LEU	 374 	LEU	 244 	4	43.9439229532	1	7.99099674634	52.381	54.459	4.475	57.462	51.32	2.24	51.187	52.02	7.138
240775	HIS	 248 	LEU	 244 	CYS	 247 	8	77.5862163921	1	5.98778698686	54.317	56.942	8.491	51.187	52.02	7.138	50.613	56.352	8.809
540583	TYR	 246 	SER	 245 	HIS	 248 	8	79.9707474095	1	5.72895322027	49.649	57.033	5.171	52.381	54.459	4.475	54.317	56.942	8.491
443814	SER	 245 	HIS	 248 	CYS	 247 	7	72.3385490648	1	5.10310111599	52.381	54.459	4.475	54.317	56.942	8.491	50.613	56.352	8.809
453896	SER	 249 	SER	 245 	CYS	 247 	9	87.0446568497	1	5.99389906488	53.593	60.01	6.384	52.381	54.459	4.475	50.613	56.352	8.809
534534	TYR	 246 	LYS	 250 	CYS	 247 	7	72.2719636288	1	6.1914381205	49.649	57.033	5.171	51.429	61.508	9.062	50.613	56.352	8.809
443813	SER	 249 	HIS	 248 	CYS	 247 	6	63.9472857085	1	5.30490235537	53.593	60.01	6.384	54.317	56.942	8.491	50.613	56.352	8.809
328614	LYS	 250 	HIS	 248 	CYS	 247 	7	70.7089053904	1	5.43276550203	51.429	61.508	9.062	54.317	56.942	8.491	50.613	56.352	8.809
616612	ARG	 251 	HIS	 248 	CYS	 247 	5	57.9512475392	1	5.96632977634	54.142	60.337	11.504	54.317	56.942	8.491	50.613	56.352	8.809
626695	ARG	 251 	SER	 249 	CYS	 247 	8	81.7694626423	1	5.96632977634	54.142	60.337	11.504	53.593	60.01	6.384	50.613	56.352	8.809
569096	VAL	 252 	SER	 249 	CYS	 247 	9	89.7020686885	1	7.65413790051	52.61	57.627	13.591	53.593	60.01	6.384	50.613	56.352	8.809
620935	ARG	 251 	LYS	 250 	CYS	 247 	8	78.2120124088	1	5.96632977634	54.142	60.337	11.504	51.429	61.508	9.062	50.613	56.352	8.809
559013	VAL	 252 	HIS	 254 	CYS	 247 	6	64.1167023544	1	7.72518595245	52.61	57.627	13.591	51.953	51.735	14.856	50.613	56.352	8.809
448421	SER	 249 	LYS	 250 	HIS	 248 	6	61.9257344198	1	5.43276550203	53.593	60.01	6.384	51.429	61.508	9.062	54.317	56.942	8.491
626983	ARG	 251 	SER	 249 	HIS	 248 	8	79.4302896369	1	5.15972189173	54.142	60.337	11.504	53.593	60.01	6.384	54.317	56.942	8.491
632810	ARG	 251 	VAL	 252 	ILE	 253 	3	41.7158199975	1	6.41518978675	54.142	60.337	11.504	52.61	57.627	13.591	54.454	54.433	13.994
560739	VAL	 252 	ILE	 253 	HIS	 254 	4	49.8900368234	1	6.06197476075	52.61	57.627	13.591	54.454	54.433	13.994	51.953	51.735	14.856
624099	ARG	 255 	ASP	 256 	HIS	 254 	4	52.0547353746	1	5.95158315073	53.505	48.737	16.542	50.646	46.438	17.234	51.953	51.735	14.856
387941	ASP	 256 	ILE	 257 	HIS	 254 	6	65.9216924771	1	7.43665200208	50.646	46.438	17.234	49.789	44.671	14.007	51.953	51.735	14.856
653264	ASN	 261 	ASP	 256 	ASP	 274 	9	89.3420666718	1	6.93598594289	44.57	43.443	15.744	50.646	46.438	17.234	45.222	49.393	17.564
419689	PRO	 259 	LYS	 258 	ILE	 257 	2	32.3686471338	1	6.96453200151	46.248	38.767	12.954	49.264	40.897	13.88	49.789	44.671	14.007
646994	ASN	 261 	ILE	 257 	GLU	 260 	3	42.9401034379	1	7.66281234274	44.57	43.443	15.744	49.789	44.671	14.007	44.436	39.661	16.235
327313	LYS	 271 	LEU	 270 	GLU	 269 	2	32.6441242896	1	6.96481916492	41.392	47.213	8.645	41.699	44.884	5.61	39.351	44.213	2.7
595370	ALA	 273 	ASP	 274 	ILE	 272 	3	43.0117542244	1	6.47090557805	42.611	48.445	14.967	45.222	49.393	17.564	43.857	47.768	11.451
594939	ALA	 273 	ASP	 274 	PHE	 275 	4	47.3222583372	1	6.34811980038	42.611	48.445	14.967	45.222	49.393	17.564	43.595	50.23	20.979
504218	TRP	 277 	GLY	 276 	PHE	 275 	3	43.8049935726	1	6.67267839777	40.893	45.742	25.112	43.248	48.954	24.634	43.595	50.23	20.979
511921	TRP	 277 	SER	 278 	GLY	 276 	2	34.2423131438	1	7.12199957877	40.893	45.742	25.112	41.519	42.485	27.06	43.248	48.954	24.634
475494	THR	 292 	GLY	 291 	CYS	 290 	7	72.0139598338	1	4.96834539862	53.28	38.036	23.085	52.395	35.216	20.658	54.514	33.226	23.245
389093	ASP	 294 	GLY	 291 	CYS	 290 	6	60.6309320797	1	5.98647024548	56.435	36.194	18.414	52.395	35.216	20.658	54.514	33.226	23.245
296932	GLY	 291 	GLU	 330 	CYS	 290 	5	56.6912981802	1	7.45042341079	52.395	35.216	20.658	56.949	30.498	17.121	54.514	33.226	23.245
479815	THR	 292 	ASP	 294 	CYS	 290 	8	78.2384537697	1	5.98647024548	53.28	38.036	23.085	56.435	36.194	18.414	54.514	33.226	23.245
383335	ASP	 294 	GLU	 330 	CYS	 290 	8	77.3868453886	1	7.1326422173	56.435	36.194	18.414	56.949	30.498	17.121	54.514	33.226	23.245
584935	ALA	 331 	GLU	 330 	CYS	 290 	8	81.9580931253	1	7.64653457456	58.693	28.077	19.438	56.949	30.498	17.121	54.514	33.226	23.245
656936	ASN	 332 	THR	 333 	CYS	 290 	9	83.2845048116	1	7.38735487167	57.968	26.706	22.881	59.683	29.042	25.295	54.514	33.226	23.245
659814	ASN	 332 	TYR	 334 	CYS	 290 	7	73.7561063062	1	7.38735487167	57.968	26.706	22.881	59.767	32.857	25.483	54.514	33.226	23.245
541734	TYR	 334 	THR	 333 	CYS	 290 	7	70.1994000634	1	6.95894510684	59.767	32.857	25.483	59.683	29.042	25.295	54.514	33.226	23.245
539500	TYR	 295 	PRO	 327 	ASP	 294 	5	58.4375144742	1	7.68194454549	55.727	39.452	16.701	54.611	32.872	12.897	56.435	36.194	18.414
479959	THR	 337 	ASP	 294 	GLU	 330 	8	79.9104634792	1	7.3045477615	62.43	32.717	20.722	56.435	36.194	18.414	56.949	30.498	17.121
423866	PRO	 298 	PRO	 297 	LEU	 296 	3	38.9559283569	1	6.73631434837	64.771	42.564	18.003	61.275	43.031	16.453	58.062	42.019	18.268
420988	PRO	 297 	MET	 300 	LEU	 296 	5	55.2023562316	1	6.70367481312	61.275	43.031	16.453	62.516	46.175	21.066	58.062	42.019	18.268
423797	PRO	 297 	PRO	 298 	GLU	 299 	6	60.7395080798	1	5.53527280267	61.275	43.031	16.453	64.771	42.564	18.003	65.297	46.287	18.418
424231	PRO	 297 	PRO	 298 	MET	 300 	8	82.4962284543	1	5.71879235503	61.275	43.031	16.453	64.771	42.564	18.003	62.516	46.175	21.066
424014	PRO	 297 	PRO	 298 	ILE	 301 	7	70.6602553706	1	6.56889046948	61.275	43.031	16.453	64.771	42.564	18.003	62.602	42.894	22.885
424015	PRO	 297 	PRO	 298 	ILE	 341 	8	76.5443673491	1	7.18407628022	61.275	43.031	16.453	64.771	42.564	18.003	63.981	36.391	16.899
453175	SER	 342 	PRO	 297 	PRO	 298 	8	76.605276572	1	7.47735073405	67.036	38.433	17.71	61.275	43.031	16.453	64.771	42.564	18.003
420918	PRO	 297 	MET	 300 	GLU	 299 	7	68.6673868248	1	5.71879235503	61.275	43.031	16.453	62.516	46.175	21.066	65.297	46.287	18.418
421132	PRO	 297 	MET	 300 	ILE	 301 	5	55.8227260783	1	6.56889046948	61.275	43.031	16.453	62.516	46.175	21.066	62.602	42.894	22.885
572696	VAL	 310 	TRP	 313 	PRO	 297 	9	86.161782205	1	6.58508283927	59.847	48.285	12.749	59.695	43.737	10.429	61.275	43.031	16.453
512215	TRP	 313 	SER	 314 	PRO	 297 	8	81.0118010323	1	6.82767573922	59.695	43.737	10.429	56.235	43.415	11.863	61.275	43.031	16.453
452592	SER	 342 	PRO	 298 	GLU	 299 	1	22.776303257	1	8.07531429729	67.036	38.433	17.71	64.771	42.564	18.003	65.297	46.287	18.418
415155	PRO	 298 	HIS	 366 	GLU	 299 	4	46.8462287703	1	7.81656561413	64.771	42.564	18.003	68.5	42.254	12.538	65.297	46.287	18.418
420919	PRO	 298 	MET	 300 	GLU	 302 	8	81.248729902	1	5.62994582567	64.771	42.564	18.003	62.516	46.175	21.066	66.231	43.817	23.294
625832	ARG	 304 	PRO	 298 	MET	 300 	9	87.7646699599	1	8.07466810463	67.021	48.938	22.42	64.771	42.564	18.003	62.516	46.175	21.066
625400	ARG	 304 	PRO	 298 	GLU	 302 	9	85.9844984261	1	8.07466810463	67.021	48.938	22.42	64.771	42.564	18.003	66.231	43.817	23.294
541012	TYR	 338 	SER	 342 	PRO	 298 	5	54.5409170666	1	7.4209464356	64.558	35.83	21.114	67.036	38.433	17.71	64.771	42.564	18.003
452744	SER	 342 	PRO	 298 	HIS	 366 	9	89.585646331	1	6.62327456776	67.036	38.433	17.71	64.771	42.564	18.003	68.5	42.254	12.538
358995	MET	 300 	ILE	 301 	GLU	 299 	4	48.4204481363	1	6.22330804316	62.516	46.175	21.066	62.602	42.894	22.885	65.297	46.287	18.418
357558	MET	 300 	HIS	 306 	GLU	 299 	7	68.3789290564	1	6.4702677688	62.516	46.175	21.066	63.458	51.551	17.591	65.297	46.287	18.418
357560	MET	 305 	HIS	 306 	GLU	 299 	9	83.4333752498	1	6.05035941081	65.88	51.943	20.486	63.458	51.551	17.591	65.297	46.287	18.418
415158	PRO	 368 	HIS	 306 	GLU	 299 	7	73.3729600319	1	7.91252412319	66.501	47.956	11.233	63.458	51.551	17.591	65.297	46.287	18.418
415160	PRO	 368 	HIS	 366 	GLU	 299 	9	86.4791278077	1	7.81656561413	66.501	47.956	11.233	68.5	42.254	12.538	65.297	46.287	18.418
622730	ARG	 304 	MET	 300 	ILE	 301 	3	42.7778803447	1	7.50158129997	67.021	48.938	22.42	62.516	46.175	21.066	62.602	42.894	22.885
363605	MET	 305 	MET	 300 	GLY	 303 	6	67.4964932689	1	6.71350415208	65.88	51.943	20.486	62.516	46.175	21.066	64.88	46.996	24.913
622948	ARG	 304 	MET	 300 	MET	 305 	5	52.9194715449	1	6.70244134626	67.021	48.938	22.42	62.516	46.175	21.066	65.88	51.943	20.486
363460	MET	 300 	MET	 305 	HIS	 306 	5	60.1401805244	1	6.70244134626	62.516	46.175	21.066	65.88	51.943	20.486	63.458	51.551	17.591
622802	ARG	 304 	MET	 305 	GLY	 303 	3	37.490696593	1	6.71350415208	67.021	48.938	22.42	65.88	51.943	20.486	64.88	46.996	24.913
622658	ARG	 304 	MET	 305 	HIS	 306 	3	40.8546960372	1	6.5453784459	67.021	48.938	22.42	65.88	51.943	20.486	63.458	51.551	17.591
392264	ASP	 307 	MET	 305 	HIS	 306 	9	89.9795017999	1	7.08208641574	61.606	53.797	15.152	65.88	51.943	20.486	63.458	51.551	17.591
386353	ASP	 307 	HIS	 306 	GLU	 308 	2	27.2714630032	1	7.0780847692	61.606	53.797	15.152	63.458	51.551	17.591	59.744	53.539	11.903
390819	ASP	 307 	LYS	 309 	HIS	 306 	4	46.5775970546	1	7.3391598293	61.606	53.797	15.152	61.757	50.672	10.506	63.458	51.551	17.591
328756	LYS	 309 	HIS	 306 	GLU	 308 	5	55.5158223031	1	7.3391598293	61.757	50.672	10.506	63.458	51.551	17.591	59.744	53.539	11.903
563623	VAL	 310 	LYS	 309 	HIS	 306 	8	82.5255871839	1	7.3391598293	59.847	48.285	12.749	61.757	50.672	10.506	63.458	51.551	17.591
419624	PRO	 368 	LYS	 309 	HIS	 306 	9	83.6448524771	1	7.91252412319	66.501	47.956	11.233	61.757	50.672	10.506	63.458	51.551	17.591
567943	VAL	 310 	PRO	 368 	HIS	 306 	8	80.0405025996	1	7.91252412319	59.847	48.285	12.749	66.501	47.956	11.233	63.458	51.551	17.591
572475	VAL	 310 	TRP	 313 	LYS	 309 	4	44.0821097965	1	7.23546805673	59.847	48.285	12.749	59.695	43.737	10.429	61.757	50.672	10.506
510558	TRP	 313 	PRO	 368 	LYS	 309 	7	74.2776613827	1	8.04785766524	59.695	43.737	10.429	66.501	47.956	11.233	61.757	50.672	10.506
572694	VAL	 310 	TRP	 313 	PRO	 368 	7	75.327749143	1	8.04785766524	59.847	48.285	12.749	59.695	43.737	10.429	66.501	47.956	11.233
500186	TRP	 313 	LEU	 364 	LEU	 312 	3	40.4822502709	1	7.46017037339	59.695	43.737	10.429	63.143	40.659	8.37	58.58	46.556	8.128
629788	ARG	 371 	TRP	 313 	LEU	 312 	5	57.0654354883	1	7.93806412169	65.086	46.942	5.563	59.695	43.737	10.429	58.58	46.556	8.128
505951	TRP	 313 	LYS	 365 	LEU	 363 	8	80.8145358134	1	7.45984912716	59.695	43.737	10.429	66.733	41.568	9.241	61.519	42.246	5.341
510560	TRP	 313 	PRO	 368 	LYS	 365 	9	83.4261748217	1	8.04785766524	59.695	43.737	10.429	66.501	47.956	11.233	66.733	41.568	9.241
630294	ARG	 371 	TRP	 313 	PRO	 368 	7	71.3669790105	1	8.04785766524	65.086	46.942	5.563	59.695	43.737	10.429	66.501	47.956	11.233
301253	GLY	 316 	ILE	 360 	CYS	 319 	6	67.0334522093	1	7.34833321237	57.658	40.505	7.442	60.336	38.243	3.196	53.366	37.893	5.497
527332	TYR	 320 	GLU	 321 	CYS	 319 	5	56.5050318196	1	5.74957181014	55.216	34.836	6.631	52.582	33.527	9.155	53.366	37.893	5.497
528772	TYR	 320 	LEU	 323 	CYS	 319 	5	55.6202015882	1	6.42367534983	55.216	34.836	6.631	51.799	31.897	3.807	53.366	37.893	5.497
531651	TYR	 320 	ILE	 360 	CYS	 319 	4	52.363276588	1	7.34833321237	55.216	34.836	6.631	60.336	38.243	3.196	53.366	37.893	5.497
538780	TYR	 320 	PRO	 327 	PHE	 322 	5	59.8061057689	1	8.05160983903	55.216	34.836	6.631	54.611	32.872	12.897	50.177	34.176	6.304
539359	TYR	 320 	PRO	 328 	LYS	 326 	8	77.0921171128	1	7.77597929524	55.216	34.836	6.631	58.202	32.481	11.792	52.145	30.174	12.044
412056	PRO	 327 	GLU	 321 	PHE	 322 	1	7.3916500211	1	8.05160983903	54.611	32.872	12.897	52.582	33.527	9.155	50.177	34.176	6.304
331639	LYS	 326 	GLY	 325 	GLU	 321 	8	78.2325601307	1	5.14119441375	52.145	30.174	12.044	49.952	29.111	9.273	52.582	33.527	9.155
423796	PRO	 328 	PRO	 327 	GLU	 321 	5	56.4967903939	1	6.29541777804	58.202	32.481	11.792	54.611	32.872	12.897	52.582	33.527	9.155
419263	PRO	 327 	LYS	 326 	PHE	 322 	8	77.6358037542	1	8.05160983903	54.611	32.872	12.897	52.145	30.174	12.044	50.177	34.176	6.304
419761	PRO	 327 	LYS	 326 	GLY	 325 	2	26.6469477018	1	6.99891262983	54.611	32.872	12.897	52.145	30.174	12.044	49.952	29.111	9.273
424154	PRO	 328 	PRO	 327 	LYS	 326 	3	41.5895711164	1	6.48637047971	58.202	32.481	11.792	54.611	32.872	12.897	52.145	30.174	12.044
423580	PRO	 327 	PRO	 328 	PHE	 329 	5	60.5958605589	1	5.46942364422	54.611	32.872	12.897	58.202	32.481	11.792	59.522	32.607	15.29
423799	PRO	 328 	PRO	 327 	GLU	 330 	8	82.9017052404	1	5.82241693801	58.202	32.481	11.792	54.611	32.872	12.897	56.949	30.498	17.121
407740	PRO	 328 	PHE	 346 	PHE	 329 	5	57.9202848877	1	6.37456045544	58.202	32.481	11.792	63.711	31.199	10.696	59.522	32.607	15.29
481181	THR	 347 	PRO	 328 	PHE	 346 	6	67.1963827696	1	7.38128843766	63.137	28.468	8.047	58.202	32.481	11.792	63.711	31.199	10.696
584859	ALA	 331 	GLU	 330 	PHE	 329 	4	48.3929801481	1	6.19790650139	58.693	28.077	19.438	56.949	30.498	17.121	59.522	32.607	15.29
263744	ILE	 341 	PHE	 346 	PHE	 329 	9	87.0721469162	1	8.09363781003	63.981	36.391	16.899	63.711	31.199	10.696	59.522	32.607	15.29
177341	GLU	 345 	PHE	 329 	PHE	 346 	6	61.1088690354	1	7.17966997849	66.376	32.05	13.226	59.522	32.607	15.29	63.711	31.199	10.696
662833	ASN	 332 	ALA	 331 	GLU	 330 	2	30.5962665429	1	6.97102754262	57.968	26.706	22.881	58.693	28.077	19.438	56.949	30.498	17.121
660680	ASN	 332 	TYR	 334 	THR	 333 	9	88.9719488054	1	6.91676268206	57.968	26.706	22.881	59.767	32.857	25.483	59.683	29.042	25.295
657796	ASN	 332 	THR	 337 	THR	 333 	5	60.252439986	1	7.79120311634	57.968	26.706	22.881	62.43	32.717	20.722	59.683	29.042	25.295
660677	ASN	 332 	TYR	 334 	THR	 337 	6	67.2347128001	1	7.79120311634	57.968	26.706	22.881	59.767	32.857	25.483	62.43	32.717	20.722
542596	TYR	 334 	THR	 337 	THR	 333 	5	56.6150797016	1	6.47795978685	59.767	32.857	25.483	62.43	32.717	20.722	59.683	29.042	25.295
544685	TYR	 338 	TYR	 334 	GLN	 335 	6	64.103340579	1	7.13306182505	64.558	35.83	21.114	59.767	32.857	25.483	63.487	32.214	25.862
544760	TYR	 338 	TYR	 334 	GLU	 336 	9	83.3010806779	1	7.13306182505	64.558	35.83	21.114	59.767	32.857	25.483	63.711	29.873	22.865
628275	ARG	 340 	THR	 337 	GLU	 336 	4	48.9862520773	1	6.5757661911	65.263	32.812	17.191	62.43	32.717	20.722	63.711	29.873	22.865
542522	TYR	 338 	THR	 337 	SER	 342 	3	36.7442763652	1	7.93473603846	64.558	35.83	21.114	62.43	32.717	20.722	67.036	38.433	17.71
633459	ARG	 340 	VAL	 344 	TYR	 338 	4	51.3106152609	1	7.97022722386	65.263	32.812	17.191	66.689	35.799	13.434	64.558	35.83	21.114
621073	ARG	 340 	LYS	 339 	GLU	 345 	2	31.4200603102	1	7.36302349582	65.263	32.812	17.191	67.129	33.191	20.461	66.376	32.05	13.226
635694	ARG	 343 	ARG	 340 	ILE	 341 	7	68.7464848045	1	5.36970259884	69.27	35.695	16.286	65.263	32.812	17.191	63.981	36.391	16.899
613658	ARG	 340 	GLU	 345 	PHE	 346 	3	39.926742614	1	6.8698979614	65.263	32.812	17.191	66.376	32.05	13.226	63.711	31.199	10.696
268058	ILE	 341 	GLU	 345 	PHE	 346 	3	41.0569031852	1	8.09363781003	63.981	36.391	16.899	66.376	32.05	13.226	63.711	31.199	10.696
632743	ARG	 343 	VAL	 344 	HIS	 366 	8	77.1306939355	1	7.59347647656	69.27	35.695	16.286	66.689	35.799	13.434	68.5	42.254	12.538
556059	VAL	 344 	GLU	 345 	PHE	 346 	4	49.1577983675	1	6.12577570598	66.689	35.799	13.434	66.376	32.05	13.226	63.711	31.199	10.696
465337	THR	 347 	PHE	 346 	PHE	 348 	2	28.4580884577	1	7.17304084751	63.137	28.468	8.047	63.711	31.199	10.696	60.87	27.904	4.993
422138	PRO	 349 	ASP	 350 	PHE	 348 	3	40.2750454134	1	6.6262701424	58.482	25.026	4.251	58.878	22.928	1.097	60.87	27.904	4.993
407738	PRO	 349 	PHE	 351 	PHE	 348 	3	39.1814984222	1	7.95408982851	58.482	25.026	4.251	56.582	25.08	-1.082	60.87	27.904	4.993
551739	VAL	 352 	PHE	 348 	PHE	 351 	4	46.697805746	1	7.95408982851	56.496	28.765	-0.335	60.87	27.904	4.993	56.582	25.08	-1.082
422140	PRO	 349 	ASP	 350 	PHE	 351 	5	59.0724589401	1	5.66160798714	58.482	25.026	4.251	58.878	22.928	1.097	56.582	25.08	-1.082
510486	TRP	 382 	PRO	 381 	GLY	 355 	7	69.7603942617	1	7.18345835931	55.652	39.451	-5.572	57.906	41.283	-7.87	59.631	35.14	-4.57
501632	TRP	 382 	HIS	 380 	LEU	 359 	9	88.4051471823	1	7.08232320641	55.652	39.451	-5.572	58.086	43.979	-5.097	60.471	39.472	-0.382
635840	ARG	 362 	ARG	 371 	LYS	 365 	9	86.8063674622	1	7.03678037173	64.043	41.305	2.744	65.086	46.942	5.563	66.733	41.568	9.241
636052	ARG	 362 	ARG	 371 	PRO	 372 	5	55.2620899254	1	6.91099399508	64.043	41.305	2.744	65.086	46.942	5.563	63.062	48.144	2.578
328825	LYS	 365 	HIS	 366 	LEU	 364 	2	31.7820935074	1	6.97235240073	66.733	41.568	9.241	68.5	42.254	12.538	63.143	40.659	8.37
664639	ASN	 367 	ARG	 371 	LYS	 365 	8	77.0961047989	1	7.39187127864	69.597	45.67	11.279	65.086	46.942	5.563	66.733	41.568	9.241
419407	PRO	 368 	LYS	 365 	GLN	 370 	8	76.2653293254	1	6.91050367195	66.501	47.956	11.233	66.733	41.568	9.241	68.843	47.412	6.216
654339	ASN	 367 	PRO	 368 	HIS	 366 	4	49.4914274555	1	6.18157180659	69.597	45.67	11.279	66.501	47.956	11.233	68.5	42.254	12.538
654128	ASN	 367 	PRO	 368 	GLN	 370 	9	87.4686703208	1	5.56337927882	69.597	45.67	11.279	66.501	47.956	11.233	68.843	47.412	6.216
664853	ASN	 367 	ARG	 371 	PRO	 368 	6	65.7902038601	1	7.39187127864	69.597	45.67	11.279	65.086	46.942	5.563	66.501	47.956	11.233
655566	ASN	 367 	SER	 369 	GLN	 370 	7	69.5204794505	1	5.48611155556	69.597	45.67	11.279	68.115	50.26	8.665	68.843	47.412	6.216
625322	ARG	 371 	PRO	 372 	GLN	 370 	3	35.3033585493	1	6.86955813717	65.086	46.942	5.563	63.062	48.144	2.578	68.843	47.412	6.216
625826	ARG	 371 	PRO	 372 	MET	 373 	3	42.9531103776	1	6.43748941747	65.086	46.942	5.563	63.062	48.144	2.578	61.116	51.323	3.016
420986	PRO	 372 	MET	 373 	LEU	 374 	3	41.6803831046	1	6.44679920581	63.062	48.144	2.578	61.116	51.323	3.016	57.462	51.32	2.24
625829	ARG	 375 	PRO	 372 	MET	 373 	6	64.5912281168	1	7.7234617886	57.465	51.491	-1.56	63.062	48.144	2.578	61.116	51.323	3.016
568227	VAL	 377 	PRO	 372 	MET	 373 	4	48.2573961333	1	7.92991935646	57.267	45.839	-1.226	63.062	48.144	2.578	61.116	51.323	3.016
613879	ARG	 375 	GLU	 379 	GLU	 376 	8	76.9575900456	1	5.87956920191	57.465	51.491	-1.56	56.91	47.496	-5.838	59.753	48.577	-2.218
239479	HIS	 380 	GLU	 376 	GLU	 379 	8	77.1592076157	1	5.67530915457	58.086	43.979	-5.097	59.753	48.577	-2.218	56.91	47.496	-5.838
472831	THR	 384 	HIS	 380 	LEU	 378 	8	75.9829472139	1	6.87351678546	52.45	43.039	-7.871	58.086	43.979	-5.097	54.36	47.501	-3.004
415154	PRO	 381 	HIS	 380 	GLU	 379 	3	40.9159630188	1	6.61229226517	57.906	41.283	-7.87	58.086	43.979	-5.097	56.91	47.496	-5.838
271155	ILE	 383 	HIS	 380 	GLU	 379 	4	51.5496416856	1	6.82707909724	53.121	42.018	-4.34	58.086	43.979	-5.097	56.91	47.496	-5.838
472756	THR	 384 	HIS	 380 	GLU	 379 	5	57.7385569786	1	6.62491796176	52.45	43.039	-7.871	58.086	43.979	-5.097	56.91	47.496	-5.838
510341	TRP	 382 	PRO	 381 	HIS	 380 	6	67.8540519712	1	5.16263159639	55.652	39.451	-5.572	57.906	41.283	-7.87	58.086	43.979	-5.097
481540	THR	 384 	PRO	 381 	HIS	 380 	5	59.9353163155	1	6.35162750797	52.45	43.039	-7.871	57.906	41.283	-7.87	58.086	43.979	-5.097
503144	TRP	 382 	ILE	 383 	HIS	 380 	9	86.2576864974	1	5.39164121581	55.652	39.451	-5.572	53.121	42.018	-4.34	58.086	43.979	-5.097
513222	TRP	 382 	THR	 384 	HIS	 380 	7	75.4717048422	1	6.35162750797	55.652	39.451	-5.572	52.45	43.039	-7.871	58.086	43.979	-5.097
510411	TRP	 382 	PRO	 381 	ILE	 383 	4	51.7184943735	1	5.99143972681	55.652	39.451	-5.572	57.906	41.283	-7.87	53.121	42.018	-4.34
513653	TRP	 382 	THR	 384 	PRO	 381 	6	63.4417954403	1	5.7316204515	55.652	39.451	-5.572	52.45	43.039	-7.871	57.906	41.283	-7.87
601491	ALA	 385 	TRP	 382 	PRO	 381 	4	50.4383122408	1	7.20582521298	51.072	40.014	-9.77	55.652	39.451	-5.572	57.906	41.283	-7.87
600053	ALA	 385 	THR	 384 	PRO	 381 	6	66.436831135	1	7.20582521298	51.072	40.014	-9.77	52.45	43.039	-7.871	57.906	41.283	-7.87
513296	TRP	 382 	THR	 384 	ILE	 383 	9	88.932997742	1	5.33028601484	55.652	39.451	-5.572	52.45	43.039	-7.871	53.121	42.018	-4.34
658733	ASN	 386 	TRP	 382 	ILE	 383 	6	62.083293383	1	6.85862763241	49.125	38.011	-7.11	55.652	39.451	-5.572	53.121	42.018	-4.34
601638	ALA	 385 	TRP	 382 	THR	 384 	7	71.2272500584	1	6.23831491671	51.072	40.014	-9.77	55.652	39.451	-5.572	52.45	43.039	-7.871
659239	ASN	 386 	TRP	 382 	THR	 384 	8	82.2490130432	1	6.85862763241	49.125	38.011	-7.11	55.652	39.451	-5.572	52.45	43.039	-7.871
663631	ASN	 386 	ALA	 385 	TRP	 382 	8	80.3648470971	1	6.85862763241	49.125	38.011	-7.11	51.072	40.014	-9.77	55.652	39.451	-5.572
599691	ALA	 385 	THR	 384 	ILE	 383 	4	48.8365203009	1	6.13997695435	51.072	40.014	-9.77	52.45	43.039	-7.871	53.121	42.018	-4.34
663484	ASN	 386 	ALA	 385 	SER	 387 	5	58.8762863161	1	5.70331298457	49.125	38.011	-7.11	51.072	40.014	-9.77	47.561	41.077	-5.403
656288	ASN	 386 	SER	 388 	SER	 387 	9	89.5497577235	1	7.21201365778	49.125	38.011	-7.11	44.445	43.281	-5.581	47.561	41.077	-5.403
