454399	SER	 398 	SER	  38 	LYS	  34 	8	78.1570258351	1	7.96843152697	78.407	-29.267	56.584	79.803	-28.733	48.757	79.136	-34.475	51.109
452596	SER	  38 	PRO	 399 	GLU	  35 	5	53.6674379764	1	7.87294290593	79.803	-28.733	48.757	78.136	-28.106	52.939	81.986	-33.557	48.762
392186	ASP	  41 	MET	  40 	LEU	  37 	3	41.317282217	1	8.03070015628	74.701	-23.672	46.147	76.475	-26.819	44.925	77.077	-31.177	47.735
454614	SER	  38 	SER	 398 	PRO	 399 	7	73.9168459762	1	7.96843152697	79.803	-28.733	48.757	78.407	-29.267	56.584	78.136	-28.106	52.939
480392	THR	  39 	ASP	  41 	MET	  40 	9	89.8786909778	1	6.94200338519	80.16	-27.823	45.07	74.701	-23.672	46.147	76.475	-26.819	44.925
392185	ASP	  41 	MET	  40 	LEU	  42 	2	25.0333381447	1	7.22673577765	74.701	-23.672	46.147	76.475	-26.819	44.925	71.244	-22.129	46.618
480389	THR	  44 	ASP	  41 	MET	  40 	6	61.1681778961	1	6.08881006437	71.917	-24.581	41.565	74.701	-23.672	46.147	76.475	-26.819	44.925
480461	THR	  44 	ASP	  41 	ASP	  43 	6	67.5664505983	1	5.52280626131	71.917	-24.581	41.565	74.701	-23.672	46.147	70.973	-21.166	42.934
480458	THR	  44 	ASP	  43 	ASP	  45 	3	41.0109617317	1	6.56358880491	71.917	-24.581	41.565	70.973	-21.166	42.934	69.345	-26.621	39.667
599981	ALA	  46 	THR	  48 	ASP	  45 	6	66.3988979454	1	5.61991334453	69.686	-30.094	41.181	71.826	-30.309	36.228	69.345	-26.621	39.667
598539	ALA	  46 	SER	  79 	ASP	  45 	4	49.3144238174	1	7.15459928997	69.686	-30.094	41.181	64.402	-30.412	43.186	69.345	-26.621	39.667
480171	THR	  48 	ASP	  45 	ILE	  49 	4	45.9099898537	1	7.39812199142	71.826	-30.309	36.228	69.345	-26.621	39.667	74.074	-32.213	38.619
657654	ASN	  47 	THR	  48 	PRO	  50 	7	73.0971980091	1	7.11222496832	68.638	-31.624	37.845	71.826	-30.309	36.228	74.406	-35.712	37.069
664639	ASN	  47 	ARG	  77 	LYS	  53 	8	77.2168934918	1	8.07901664808	68.638	-31.624	37.845	63.35	-35.218	38.469	70.889	-37.635	40.079
664494	ASN	  47 	ARG	  77 	ILE	  78 	7	69.6458354762	1	6.42410740882	68.638	-31.624	37.845	63.35	-35.218	38.469	65.138	-33.732	41.484
419692	PRO	  50 	LYS	  53 	ILE	  49 	5	54.9548460572	1	6.45553320803	74.406	-35.712	37.069	70.889	-37.635	40.079	74.074	-32.213	38.619
621224	ARG	  55 	LYS	  53 	HIS	  57 	9	84.9519854509	1	5.78939832798	73.193	-41.131	43.7	70.889	-37.635	40.079	68.582	-42.757	41.479
616758	ARG	  55 	HIS	  57 	GLU	  54 	7	74.9006727847	1	5.37010595799	73.193	-41.131	43.7	68.582	-42.757	41.479	72.858	-40.88	39.911
622516	ARG	  55 	MET	  58 	GLU	  54 	5	58.5746463435	1	6.20321771341	73.193	-41.131	43.7	70.517	-45.53	43.284	72.858	-40.88	39.911
587959	ALA	  56 	HIS	  57 	GLU	  54 	8	81.8865632087	1	5.42915361728	69.541	-40.226	44.159	68.582	-42.757	41.479	72.858	-40.88	39.911
357558	MET	  58 	HIS	  57 	GLU	  54 	7	69.4073166098	1	6.20321771341	70.517	-45.53	43.284	68.582	-42.757	41.479	72.858	-40.88	39.911
622662	ARG	  55 	MET	  58 	HIS	  57 	7	69.3988264997	1	5.37010595799	73.193	-41.131	43.7	70.517	-45.53	43.284	68.582	-42.757	41.479
587815	ALA	  56 	HIS	  57 	CYS	  60 	8	77.9103786008	1	6.12602195556	69.541	-40.226	44.159	68.582	-42.757	41.479	65.436	-44.594	45.423
357628	MET	  58 	HIS	  57 	LEU	  59 	5	60.1181725828	1	5.58423217641	70.517	-45.53	43.284	68.582	-42.757	41.479	69.024	-44.715	46.69
357416	MET	  58 	HIS	  57 	CYS	  60 	9	86.4891570239	1	5.59177771375	70.517	-45.53	43.284	68.582	-42.757	41.479	65.436	-44.594	45.423
593861	ALA	  61 	MET	  58 	HIS	  57 	6	61.5220927111	1	5.97283006622	65.961	-47.77	43.396	70.517	-45.53	43.284	68.582	-42.757	41.479
362019	MET	  58 	LYS	  69 	HIS	  57 	4	51.6429458161	1	7.84972967687	70.517	-45.53	43.284	64.773	-49.218	39.408	68.582	-42.757	41.479
587814	ALA	  61 	HIS	  57 	CYS	  60 	7	70.2614326203	1	5.97283006622	65.961	-47.77	43.396	68.582	-42.757	41.479	65.436	-44.594	45.423
501416	TRP	  68 	HIS	  57 	CYS	  60 	9	83.2641611936	1	7.15443512795	62.487	-46.366	40.473	68.582	-42.757	41.479	65.436	-44.594	45.423
328614	LYS	  69 	HIS	  57 	CYS	  60 	7	69.392306414	1	7.78087675008	64.773	-49.218	39.408	68.582	-42.757	41.479	65.436	-44.594	45.423
601062	ALA	  61 	TRP	  68 	HIS	  57 	7	74.5499743031	1	7.15443512795	65.961	-47.77	43.396	62.487	-46.366	40.473	68.582	-42.757	41.479
506023	TRP	  68 	LYS	  69 	HIS	  57 	8	80.1611283059	1	7.78087675008	62.487	-46.366	40.473	64.773	-49.218	39.408	68.582	-42.757	41.479
593573	ALA	  61 	MET	  58 	CYS	  60 	6	65.8566451802	1	5.59177771375	65.961	-47.77	43.396	70.517	-45.53	43.284	65.436	-44.594	45.423
361734	MET	  58 	LYS	  69 	CYS	  60 	7	71.5868048257	1	7.84972967687	70.517	-45.53	43.284	64.773	-49.218	39.408	65.436	-44.594	45.423
594075	ALA	  61 	MET	  58 	LYS	  69 	4	44.5352962898	1	7.84972967687	65.961	-47.77	43.396	70.517	-45.53	43.284	64.773	-49.218	39.408
590691	ALA	  61 	GLY	  65 	CYS	  60 	4	44.3037964143	1	7.03831101899	65.961	-47.77	43.396	62.163	-50.636	43.9	65.436	-44.594	45.423
600772	ALA	  61 	TRP	  68 	CYS	  60 	5	58.7674602424	1	6.0281908563	65.961	-47.77	43.396	62.487	-46.366	40.473	65.436	-44.594	45.423
592129	ALA	  61 	LYS	  69 	CYS	  60 	2	28.0624467963	1	7.61584991974	65.961	-47.77	43.396	64.773	-49.218	39.408	65.436	-44.594	45.423
610782	ARG	  62 	CYS	  60 	PHE	  63 	7	69.7940738141	1	5.53232925629	67.439	-49.667	46.35	65.436	-44.594	45.423	64.875	-48.592	48.955
620934	ARG	  62 	LYS	  69 	CYS	  60 	7	70.4749420505	1	7.61584991974	67.439	-49.667	46.35	64.773	-49.218	39.408	65.436	-44.594	45.423
207581	LEU	 150 	CYS	  60 	PHE	  63 	6	65.6649443672	1	8.06747878832	64.082	-41.346	52.412	65.436	-44.594	45.423	64.875	-48.592	48.955
331496	LYS	  69 	GLY	  65 	CYS	  60 	9	83.4265573498	1	7.61584991974	64.773	-49.218	39.408	62.163	-50.636	43.9	65.436	-44.594	45.423
505733	TRP	  68 	LYS	  69 	CYS	  60 	6	64.4026289704	1	7.61584991974	62.487	-46.366	40.473	64.773	-49.218	39.408	65.436	-44.594	45.423
495711	TRP	  68 	CYS	 221 	CYS	  60 	1	6.58384527239	8	52.7931814537	62.487	-46.366	40.473	78.997	-12.208	77.185	65.436	-44.594	45.423
633820	ARG	  62 	ALA	  61 	PHE	  63 	5	57.5734723655	1	5.72342214064	67.439	-49.667	46.35	65.961	-47.77	43.396	64.875	-48.592	48.955
634394	ARG	  62 	ALA	  61 	LYS	  69 	3	35.4839450315	1	7.44986718002	67.439	-49.667	46.35	65.961	-47.77	43.396	64.773	-49.218	39.408
601207	ALA	  61 	TRP	  68 	GLY	  65 	8	80.4120922252	1	5.48472469683	65.961	-47.77	43.396	62.487	-46.366	40.473	62.163	-50.636	43.9
605524	ALA	  61 	ALA	  67 	GLY	  66 	5	53.9198570711	1	7.95304042489	65.961	-47.77	43.396	59.663	-48.058	38.548	59.57	-50.836	41.135
606030	ALA	  61 	ALA	  67 	TRP	  68 	7	72.2923174752	1	7.95304042489	65.961	-47.77	43.396	59.663	-48.058	38.548	62.487	-46.366	40.473
605599	ALA	  67 	ALA	  61 	LYS	  69 	8	78.7736642303	1	7.95304042489	59.663	-48.058	38.548	65.961	-47.77	43.396	64.773	-49.218	39.408
605958	ALA	  61 	ALA	  67 	THR	  70 	7	70.4883147549	1	7.95304042489	65.961	-47.77	43.396	59.663	-48.058	38.548	64.557	-48.661	35.646
601279	ALA	  61 	TRP	  68 	LYS	  69 	8	81.1887888284	1	4.75224378583	65.961	-47.77	43.396	62.487	-46.366	40.473	64.773	-49.218	39.408
601637	ALA	  61 	TRP	  68 	THR	  70 	6	60.9836394586	1	7.92638612484	65.961	-47.77	43.396	62.487	-46.366	40.473	64.557	-48.661	35.646
331706	LYS	  69 	GLY	  65 	LEU	  64 	3	34.6226824466	1	8.07070715613	64.773	-49.218	39.408	62.163	-50.636	43.9	61.73	-48.219	46.816
601206	ALA	  67 	TRP	  68 	GLY	  65 	7	74.6806952659	1	6.4451522868	59.663	-48.058	38.548	62.487	-46.366	40.473	62.163	-50.636	43.9
599762	ALA	  67 	THR	  70 	GLY	  66 	3	42.4797031866	1	7.72851311702	59.663	-48.058	38.548	64.557	-48.661	35.646	59.57	-50.836	41.135
634324	ARG	 102 	ALA	  67 	GLY	  66 	5	60.5967783996	1	8.09494101276	53.244	-51.336	42.233	59.663	-48.058	38.548	59.57	-50.836	41.135
513365	TRP	  68 	THR	  70 	GLY	  66 	6	63.3822636966	1	7.72851311702	62.487	-46.366	40.473	64.557	-48.661	35.646	59.57	-50.836	41.135
601640	ALA	  67 	TRP	  68 	THR	  70 	9	89.7937220024	1	5.73165368807	59.663	-48.058	38.548	62.487	-46.366	40.473	64.557	-48.661	35.646
600991	ALA	  67 	TRP	  68 	LEU	  94 	8	79.995665103	1	7.99784089614	59.663	-48.058	38.548	62.487	-46.366	40.473	59.21	-40.073	38.543
601491	ALA	  67 	TRP	  68 	PRO	 100 	4	47.8499545604	1	7.84710118451	59.663	-48.058	38.548	62.487	-46.366	40.473	54.672	-46.58	39.797
602932	ALA	  67 	TYR	  98 	PRO	  99 	5	58.8293422029	1	6.61635103361	59.663	-48.058	38.548	57.361	-43.804	34.186	54.629	-44.114	36.851
513440	TRP	  68 	THR	  70 	LYS	  69 	9	89.9231946575	1	5.73165368807	62.487	-46.366	40.473	64.557	-48.661	35.646	64.773	-49.218	39.408
572837	VAL	  71 	TRP	  68 	THR	  70 	6	65.2657827749	1	5.73165368807	63.401	-45.06	35.236	62.487	-46.366	40.473	64.557	-48.661	35.646
501479	TRP	  68 	HIS	  75 	CYS	 221 	9	85.3157438871	8	53.5940118017	62.487	-46.366	40.473	62.748	-39.048	33.735	78.997	-12.208	77.185
495711	TRP	  68 	CYS	 221 	CYS	  92 	1	16.1266544593	8	52.7931814537	62.487	-46.366	40.473	78.997	-12.208	77.185	62.9	-36.946	43.842
510272	TRP	  68 	PRO	 100 	LEU	  94 	9	84.187910316	1	8.03162555153	62.487	-46.366	40.473	54.672	-46.58	39.797	59.21	-40.073	38.543
514435	TRP	  68 	TRP	 188 	CYS	 221 	5	58.6204056434	8	52.7931814537	62.487	-46.366	40.473	67.264	-45.333	76.442	78.997	-12.208	77.185
495715	TRP	  68 	CYS	 221 	CYS	 195 	5	56.9838925886	8	52.7931814537	62.487	-46.366	40.473	78.997	-12.208	77.185	75.857	-34.771	77.167
495713	TRP	  68 	CYS	 221 	CYS	 228 	3	42.1063841188	8	52.7931814537	62.487	-46.366	40.473	78.997	-12.208	77.185	88.213	-27.09	73.153
495718	TRP	  68 	CYS	 221 	CYS	 252 	8	78.8036345353	8	52.7931814537	62.487	-46.366	40.473	78.997	-12.208	77.185	61.578	-35.128	73.501
543239	TYR	 366 	TRP	  68 	CYS	 228 	9	85.6996197138	8	54.0083462902	47.983	-21.843	86.355	62.487	-46.366	40.473	88.213	-27.09	73.153
630573	ARG	 361 	TRP	  68 	TRP	 321 	7	71.1508982634	8	53.3038371977	42.887	-30.418	87.407	62.487	-46.366	40.473	61.376	-17.414	68.948
601771	ALA	 426 	TRP	  68 	TRP	 387 	5	53.0469343504	8	57.1224554182	72.798	-25.982	92.829	62.487	-46.366	40.473	73.768	-25.793	69.517
571035	VAL	  71 	THR	  70 	LYS	  69 	4	51.7520586519	1	6.04788657301	63.401	-45.06	35.236	64.557	-48.661	35.646	64.773	-49.218	39.408
571251	VAL	  71 	THR	  70 	PRO	  72 	4	49.5755847742	1	6.17322225422	63.401	-45.06	35.236	64.557	-48.661	35.646	65.8	-43.311	32.828
559154	VAL	  71 	HIS	  75 	GLU	  74 	3	41.942848144	1	8.09392049627	63.401	-45.06	35.236	62.748	-39.048	33.735	66.113	-38.031	32.278
415158	PRO	  72 	HIS	  75 	GLU	  74 	7	69.9836289207	1	5.32076329111	65.8	-43.311	32.828	62.748	-39.048	33.735	66.113	-38.031	32.278
616755	ARG	  77 	HIS	  75 	GLU	  74 	4	49.7708310172	1	7.34000129428	63.35	-35.218	38.469	62.748	-39.048	33.735	66.113	-38.031	32.278
626983	ARG	  77 	SER	  95 	HIS	  75 	8	79.6510004538	1	6.90516046157	63.35	-35.218	38.469	57.964	-38.28	35.42	62.748	-39.048	33.735
236515	HIS	  75 	CYS	 221 	CYS	 195 	5	52.9022774217	8	53.5940118017	62.748	-39.048	33.735	78.997	-12.208	77.185	75.857	-34.771	77.167
618266	ARG	  77 	ILE	  78 	LEU	  76 	3	39.3401794526	1	6.66260046829	63.35	-35.218	38.469	65.138	-33.732	41.484	63.956	-38.797	37.32
635692	ARG	  93 	ARG	  77 	ILE	  78 	5	55.0411156474	1	6.42595720496	60.105	-37.726	41.385	63.35	-35.218	38.469	65.138	-33.732	41.484
626695	ARG	  77 	SER	  79 	CYS	  92 	8	79.129429143	1	6.81574860158	63.35	-35.218	38.469	64.402	-30.412	43.186	62.9	-36.946	43.842
635333	ARG	  77 	ARG	  93 	CYS	  92 	6	64.8786538101	1	5.66194427737	63.35	-35.218	38.469	60.105	-37.726	41.385	62.9	-36.946	43.842
636128	ARG	  77 	ARG	  93 	SER	  95 	9	83.3468564363	1	6.90516046157	63.35	-35.218	38.469	60.105	-37.726	41.385	57.964	-38.28	35.42
627050	ARG	  80 	SER	  79 	ILE	  78 	3	35.3258501712	1	6.83325551988	66.193	-28.866	46.164	64.402	-30.412	43.186	65.138	-33.732	41.484
265184	ILE	  78 	CYS	  92 	PHE	  90 	9	88.8728892641	1	6.25116277184	65.138	-33.732	41.484	62.9	-36.946	43.842	65.884	-33.138	47.662
627051	ARG	  80 	SER	  79 	ILE	  81 	4	49.16204764	1	6.18376301292	66.193	-28.866	46.164	64.402	-30.412	43.186	63.634	-28.207	48.912
442371	SER	  79 	LEU	  91 	CYS	  92 	4	52.0238362736	1	6.73643050881	64.402	-30.412	43.186	62.462	-34.098	46.328	62.9	-36.946	43.842
622731	ARG	  80 	MET	  88 	ILE	  81 	4	51.4058756236	1	7.75144431703	66.193	-28.866	46.164	69.931	-30.713	52.674	63.634	-28.207	48.912
622301	ARG	  80 	MET	  88 	PHE	  90 	6	66.5486317389	1	7.73072784413	66.193	-28.866	46.164	69.931	-30.713	52.674	65.884	-33.138	47.662
331851	LYS	  82 	GLY	  83 	ILE	  81 	4	44.7607197316	1	6.39157296759	64.194	-25.5	51.529	64.901	-26.797	55.016	63.634	-28.207	48.912
362164	MET	  88 	LYS	  82 	GLY	  83 	5	58.3157859637	1	7.83578732483	69.931	-30.713	52.674	64.194	-25.5	51.529	64.901	-26.797	55.016
360728	MET	  85 	GLY	  83 	GLY	  84 	9	89.8580539532	1	6.61661612911	70.469	-25.873	58.469	64.901	-26.797	55.016	66.691	-26.254	58.312
360724	MET	  88 	GLY	  84 	GLY	  83 	5	58.3425891537	1	7.88462586303	69.931	-30.713	52.674	66.691	-26.254	58.312	64.901	-26.797	55.016
303125	GLY	  83 	GLY	 259 	GLY	  84 	6	66.7962374997	1	6.5105073535	64.901	-26.797	55.016	61.412	-25.228	60.284	66.691	-26.254	58.312
651604	ASN	  87 	MET	  85 	GLY	  84 	5	60.5775747391	1	6.14253612118	70.142	-30.984	56.455	70.469	-25.873	58.469	66.691	-26.254	58.312
363603	MET	  88 	MET	  85 	GLY	  84 	4	49.954151351	1	7.88462586303	69.931	-30.713	52.674	70.469	-25.873	58.469	66.691	-26.254	58.312
655927	ASN	  87 	SER	  86 	GLY	  84 	8	79.2358687334	1	6.14253612118	70.142	-30.984	56.455	70.891	-29.413	59.826	66.691	-26.254	58.312
656069	ASN	  87 	SER	  86 	MET	  85 	6	61.475743053	1	5.50322142022	70.142	-30.984	56.455	70.891	-29.413	59.826	70.469	-25.873	58.469
450147	SER	  86 	MET	  88 	MET	  85 	4	52.0019177142	1	7.56948274323	70.891	-29.413	59.826	69.931	-30.713	52.674	70.469	-25.873	58.469
569669	VAL	 400 	SER	  86 	MET	  85 	6	61.0452995358	1	7.908851813	74.974	-26.191	53.868	70.891	-29.413	59.826	70.469	-25.873	58.469
651746	ASN	  87 	MET	  85 	MET	  88 	3	42.8254681036	1	7.56948274323	70.142	-30.984	56.455	70.469	-25.873	58.469	69.931	-30.713	52.674
565351	VAL	 400 	MET	  88 	MET	  85 	8	79.2005959364	1	7.56948274323	74.974	-26.191	53.868	69.931	-30.713	52.674	70.469	-25.873	58.469
656064	ASN	  87 	SER	  86 	MET	  88 	1	20.0039230445	1	7.33230550373	70.142	-30.984	56.455	70.891	-29.413	59.826	69.931	-30.713	52.674
660604	ASN	  87 	TYR	 113 	SER	  86 	5	54.6392413752	1	6.2837075839	70.142	-30.984	56.455	72.505	-34.942	57.314	70.891	-29.413	59.826
662043	ASN	  87 	VAL	 400 	SER	  86 	4	48.744691131	1	7.908851813	70.142	-30.984	56.455	74.974	-26.191	53.868	70.891	-29.413	59.826
540220	TYR	 113 	SER	  86 	PHE	 114 	5	52.5309205584	1	7.13110391174	72.505	-34.942	57.314	70.891	-29.413	59.826	76.052	-34.122	58.397
655420	ASN	 115 	SER	  86 	PHE	 114 	5	56.0427440907	1	8.04648625177	76.129	-35.094	62.07	70.891	-29.413	59.826	76.052	-34.122	58.397
651387	ASN	  87 	MET	  88 	LEU	  89 	4	44.6937214513	1	6.40060661188	70.142	-30.984	56.455	69.931	-30.713	52.674	66.626	-31.849	51.177
664709	ASN	  87 	ARG	 111 	MET	  88 	6	64.4134235987	1	6.50865592884	70.142	-30.984	56.455	67.169	-35.956	53.488	69.931	-30.713	52.674
660387	ASN	  87 	TYR	 113 	MET	  88 	4	47.2352778757	1	6.78524258962	70.142	-30.984	56.455	72.505	-34.942	57.314	69.931	-30.713	52.674
661828	ASN	  87 	VAL	 400 	MET	  88 	5	57.3693605225	1	7.2810467654	70.142	-30.984	56.455	74.974	-26.191	53.868	69.931	-30.713	52.674
659739	ASN	  87 	TYR	 113 	PHE	 114 	4	44.4889967701	1	6.9675324183	70.142	-30.984	56.455	72.505	-34.942	57.314	76.052	-34.122	58.397
355898	MET	  88 	LEU	  89 	PHE	  90 	3	34.4312349008	1	6.88323891784	69.931	-30.713	52.674	66.626	-31.849	51.177	65.884	-33.138	47.662
615099	ARG	 111 	LEU	  89 	PHE	  90 	4	50.9140248265	1	6.59807737148	67.169	-35.956	53.488	66.626	-31.849	51.177	65.884	-33.138	47.662
207579	LEU	  91 	CYS	  92 	PHE	  90 	4	49.2350281252	1	6.16421284512	62.462	-34.098	46.328	62.9	-36.946	43.842	65.884	-33.138	47.662
615169	ARG	  93 	LEU	  94 	CYS	  92 	2	25.7087217844	1	7.17451252699	60.105	-37.726	41.385	59.21	-40.073	38.543	62.9	-36.946	43.842
620933	ARG	  93 	LYS	 107 	CYS	  92 	6	63.3204699487	1	5.51684556608	60.105	-37.726	41.385	57.91	-39.149	44.668	62.9	-36.946	43.842
632454	ARG	  93 	VAL	 108 	CYS	  92 	7	69.8492090653	1	6.62876066848	60.105	-37.726	41.385	59.993	-39.208	47.845	62.9	-36.946	43.842
211975	LEU	 110 	LEU	 109 	CYS	  92 	8	76.2473874031	1	7.08238752117	65.704	-37.512	50.321	61.986	-36.787	49.984	62.9	-36.946	43.842
664640	ASN	 106 	ARG	  93 	LYS	 107 	9	84.3048663663	1	5.91431263969	55.743	-41.521	42.63	60.105	-37.726	41.385	57.91	-39.149	44.668
569306	VAL	  97 	SER	  95 	LEU	  94 	3	38.4489852474	1	7.7152053764	56.046	-41.31	31.616	57.964	-38.28	35.42	59.21	-40.073	38.543
541012	TYR	  98 	SER	  95 	PRO	  99 	5	53.1926218891	1	6.87062893773	57.361	-43.804	34.186	57.964	-38.28	35.42	54.629	-44.114	36.851
574131	VAL	  97 	TYR	  98 	PRO	  99 	4	51.1833149218	1	6.10536894872	56.046	-41.31	31.616	57.361	-43.804	34.186	54.629	-44.114	36.851
654773	ASN	 106 	PRO	  99 	PRO	 100 	6	65.8596179264	1	6.43128960629	55.743	-41.521	42.63	54.629	-44.114	36.851	54.672	-46.58	39.797
664853	ASN	 103 	ARG	 102 	PRO	 100 	6	68.0723326393	1	6.89509891155	52.847	-49.722	45.657	53.244	-51.336	42.233	54.672	-46.58	39.797
625400	ARG	 102 	PRO	 100 	GLU	 104 	9	87.7131965751	1	5.86119757388	53.244	-51.336	42.233	54.672	-46.58	39.797	55.928	-47.51	45.446
654197	ASN	 103 	PRO	 100 	GLU	 104 	6	65.8289854375	1	6.89509891155	52.847	-49.722	45.657	54.672	-46.58	39.797	55.928	-47.51	45.446
654776	ASN	 103 	PRO	 100 	PRO	 105 	9	88.8890181064	1	6.89509891155	52.847	-49.722	45.657	54.672	-46.58	39.797	55.324	-43.741	45.7
423797	PRO	 100 	PRO	 105 	GLU	 104 	6	66.1276638291	1	6.58258566218	54.672	-46.58	39.797	55.324	-43.741	45.7	55.928	-47.51	45.446
654772	ASN	 106 	PRO	 100 	PRO	 105 	5	57.0562146873	1	6.58258566218	55.743	-41.521	42.63	54.672	-46.58	39.797	55.324	-43.741	45.7
664489	ASN	 103 	ARG	 102 	ILE	 101 	2	29.1970354263	1	7.06837322161	52.847	-49.722	45.657	53.244	-51.336	42.233	54.157	-50.192	38.727
573915	VAL	 108 	TYR	 153 	LYS	 107 	4	48.2769705591	1	7.13312035508	59.993	-39.208	47.845	56.965	-35.874	50.934	57.91	-39.149	44.668
633458	ARG	 111 	VAL	 112 	TYR	 113 	3	39.9525836071	1	6.6437465334	67.169	-35.956	53.488	70.94	-35.739	53.927	72.505	-34.942	57.314
636411	ARG	 149 	ARG	 111 	VAL	 112 	4	52.4536792236	1	6.76039407135	66.956	-41.115	54.891	67.169	-35.956	53.488	70.94	-35.739	53.927
573337	VAL	 112 	TYR	 113 	PHE	 114 	2	31.7528317006	1	6.98055391785	70.94	-35.739	53.927	72.505	-34.942	57.314	76.052	-34.122	58.397
659744	ASN	 115 	TYR	 113 	PHE	 114 	9	89.9853226549	1	5.98130554311	76.129	-35.094	62.07	72.505	-34.942	57.314	76.052	-34.122	58.397
660245	ASN	 115 	TYR	 113 	GLY	 147 	6	63.5804889711	1	7.5888200005	76.129	-35.094	62.07	72.505	-34.942	57.314	74.021	-39.835	56.532
533526	TYR	 113 	GLY	 148 	GLY	 147 	7	71.5874476542	1	5.41290356463	72.505	-34.942	57.314	70.345	-39.613	55.636	74.021	-39.835	56.532
653979	ASN	 115 	PRO	 116 	PHE	 114 	4	44.572779601	1	6.41158646514	76.129	-35.094	62.07	78.73	-37.736	62.966	76.052	-34.122	58.397
641020	ASN	 115 	GLN	 394 	PHE	 114 	5	53.4619571235	1	7.66527788146	76.129	-35.094	62.07	79.229	-28.112	61.439	76.052	-34.122	58.397
654195	ASN	 115 	PRO	 116 	GLU	 117 	4	50.6723415198	1	6.11236149127	76.129	-35.094	62.07	78.73	-37.736	62.966	76.83	-40.995	63.501
469873	THR	 118 	GLU	 119 	GLU	 117 	2	31.5528571715	1	6.97991733475	77.128	-43.256	66.539	75.891	-46.778	67.295	76.83	-40.995	63.501
472756	THR	 118 	HIS	 121 	GLU	 117 	5	55.077652154	1	6.43185828513	77.128	-43.256	66.539	72.144	-42.846	67.499	76.83	-40.995	63.501
239478	HIS	 121 	GLU	 117 	GLU	 119 	7	73.8144748804	1	6.97991733475	72.144	-42.846	67.499	76.83	-40.995	63.501	75.891	-46.778	67.295
587957	ALA	 124 	HIS	 121 	GLU	 125 	6	62.4742327199	1	5.84521770339	67.557	-44.673	68.394	72.144	-42.846	67.499	66.804	-42.875	65.122
181659	GLU	 125 	GLU	 303 	PHE	 302 	4	47.9823873727	1	7.79827019281	66.804	-42.875	65.122	66.577	-36.241	63.976	62.9	-36.126	64.971
527476	TYR	 304 	GLU	 125 	GLU	 303 	5	58.9812937273	1	8.09614544089	67.665	-35.18	67.487	66.804	-42.875	65.122	66.577	-36.241	63.976
560380	VAL	 127 	ILE	 128 	PHE	 129 	5	58.0425676479	1	5.69421302728	63.41	-46.973	66.252	62.012	-43.465	66.428	61.412	-43.006	62.689
575572	VAL	 127 	VAL	 185 	PRO	 186 	5	55.3851190817	1	7.81743640844	63.41	-46.973	66.252	59.5	-45.167	72.776	61.671	-48.299	73.196
482620	THR	 130 	SER	 133 	PHE	 129 	5	60.1390372475	1	6.04577943693	59.906	-46.479	62.295	55.826	-43.968	60.586	61.412	-43.006	62.689
448345	SER	 133 	LYS	 140 	LEU	 132 	2	25.3545842729	1	7.94613019022	55.826	-43.968	60.586	55.972	-42.66	56.118	56.416	-42.495	64.05
448274	SER	 133 	LYS	 140 	GLU	 134 	3	35.2183248435	1	7.48480654393	55.826	-43.968	60.586	55.972	-42.66	56.118	53.949	-47.03	61.848
452741	SER	 133 	PRO	 139 	HIS	 136 	6	67.4820480507	1	7.15363753625	55.826	-43.968	60.586	55.684	-38.998	57.116	51.029	-42.402	61.349
448421	SER	 133 	LYS	 140 	HIS	 136 	6	61.345294074	1	7.20160912574	55.826	-43.968	60.586	55.972	-42.66	56.118	51.029	-42.402	61.349
619781	ARG	 135 	GLY	 138 	HIS	 136 	6	67.9133389708	1	7.89573467133	51.67	-44.967	64.087	54.745	-38.487	60.786	51.029	-42.402	61.349
419624	PRO	 139 	LYS	 140 	HIS	 136 	9	89.2050678685	1	7.20160912574	55.684	-38.998	57.116	55.972	-42.66	56.118	51.029	-42.402	61.349
418105	PRO	 139 	GLY	 138 	LEU	 137 	2	23.8868489777	1	7.24241044128	55.684	-38.998	57.116	54.745	-38.487	60.786	52.431	-39.628	63.556
419763	PRO	 139 	LYS	 140 	GLY	 138 	4	45.5690168422	1	6.38041393642	55.684	-38.998	57.116	55.972	-42.66	56.118	54.745	-38.487	60.786
533448	TYR	 142 	GLY	 143 	ILE	 144 	1	21.1338835323	1	7.26954675341	61.012	-45.484	53.215	64.598	-46.075	54.221	67.545	-45.098	56.38
301178	GLY	 143 	ILE	 144 	PHE	 145 	3	38.9121161283	1	6.64914415545	64.598	-46.075	54.221	67.545	-45.098	56.38	71.103	-44.998	55.079
619704	ARG	 149 	GLY	 148 	LEU	 150 	1	22.7121498177	1	7.25414598695	66.956	-41.115	54.891	70.345	-39.613	55.636	64.082	-41.346	52.412
531795	TYR	 153 	ILE	 154 	GLU	 152 	4	45.137865874	1	6.38510908286	56.965	-35.874	50.934	54.314	-33.755	52.63	57.173	-39.451	52.241
424012	PRO	 264 	PRO	 155 	ILE	 154 	5	54.8529896926	1	6.83761903004	49.938	-29.508	55.723	52.791	-30.843	50.663	54.314	-33.755	52.63
452815	SER	 156 	PRO	 264 	ILE	 154 	8	76.2818562076	1	6.83761903004	52.946	-28.044	53.21	49.938	-29.508	55.723	54.314	-33.755	52.63
627408	ARG	 157 	SER	 156 	PRO	 155 	1	22.9109012878	1	7.23498431235	54.812	-24.969	54.372	52.946	-28.044	53.21	52.791	-30.843	50.663
453172	SER	 156 	PRO	 264 	PRO	 155 	5	56.0055537145	1	5.96032163562	52.946	-28.044	53.21	49.938	-29.508	55.723	52.791	-30.843	50.663
625975	ARG	 157 	PRO	 155 	PRO	 264 	8	82.0065437038	1	7.23498431235	54.812	-24.969	54.372	52.791	-30.843	50.663	49.938	-29.508	55.723
424157	PRO	 155 	PRO	 264 	LYS	 265 	6	67.9357546728	1	5.96032163562	52.791	-30.843	50.663	49.938	-29.508	55.723	48.066	-28.519	52.556
627410	ARG	 157 	SER	 156 	PRO	 158 	3	34.6575950137	1	6.83145474991	54.812	-24.969	54.372	52.946	-28.044	53.21	56.767	-24.446	57.583
627411	ARG	 157 	SER	 156 	PRO	 264 	4	44.5100926932	1	6.79585152869	54.812	-24.969	54.372	52.946	-28.044	53.21	49.938	-29.508	55.723
627194	ARG	 157 	SER	 156 	LYS	 265 	3	38.8674580056	1	7.83638130772	54.812	-24.969	54.372	52.946	-28.044	53.21	48.066	-28.519	52.556
625466	ARG	 157 	PRO	 158 	LEU	 159 	3	37.9420500783	1	6.69562961939	54.812	-24.969	54.372	56.767	-24.446	57.583	55.988	-21.757	60.128
625755	ARG	 157 	PRO	 264 	LYS	 265 	4	47.8536039391	1	7.83638130772	54.812	-24.969	54.372	49.938	-29.508	55.723	48.066	-28.519	52.556
654486	ASN	 260 	PRO	 158 	GLY	 259 	7	69.9426953035	1	6.73711882039	60.138	-28.473	61.803	56.767	-24.446	57.583	61.412	-25.228	60.284
442370	SER	 160 	LEU	 159 	CYS	 161 	3	39.5809166385	1	6.6152401317	58.036	-18.57	60.146	55.988	-21.757	60.128	59.995	-17.48	63.196
444025	SER	 160 	HIS	 162 	LEU	 159 	2	33.7602223203	1	8.03460826674	58.036	-18.57	60.146	57.423	-14.741	63.771	55.988	-21.757	60.128
240772	HIS	 162 	LEU	 159 	CYS	 161 	5	59.5008658099	1	8.03460826674	57.423	-14.741	63.771	55.988	-21.757	60.128	59.995	-17.48	63.196
443816	SER	 160 	HIS	 162 	CYS	 161 	9	89.7159466869	1	5.30826101468	58.036	-18.57	60.146	57.423	-14.741	63.771	59.995	-17.48	63.196
451301	SER	 160 	ASP	 324 	HIS	 162 	6	65.603530291	1	8.00421226605	58.036	-18.57	60.146	65.177	-16.248	62.478	57.423	-14.741	63.771
239333	HIS	 162 	GLU	 163 	CYS	 161 	6	60.8232414541	1	5.52666897869	57.423	-14.741	63.771	54.486	-17.147	63.486	59.995	-17.48	63.196
271013	ILE	 164 	HIS	 162 	CYS	 161 	6	65.3337032083	1	5.76333740119	55.582	-19.38	66.379	57.423	-14.741	63.771	59.995	-17.48	63.196
443811	SER	 165 	HIS	 162 	CYS	 161 	4	46.8505780432	1	7.32901780595	55.262	-16.362	68.679	57.423	-14.741	63.771	59.995	-17.48	63.196
501413	TRP	 321 	HIS	 162 	CYS	 161 	6	65.4762934394	1	7.04077176167	61.376	-17.414	68.948	57.423	-14.741	63.771	59.995	-17.48	63.196
502856	TRP	 321 	ILE	 164 	CYS	 161 	9	88.4448419045	1	6.63591387828	61.376	-17.414	68.948	55.582	-19.38	66.379	59.995	-17.48	63.196
511494	TRP	 321 	SER	 165 	CYS	 161 	7	75.1263715951	1	7.32901780595	61.376	-17.414	68.948	55.262	-16.362	68.679	59.995	-17.48	63.196
180292	GLU	 258 	GLN	 257 	CYS	 161 	5	53.4266100508	1	8.01359931616	59.865	-23.276	63.161	62.398	-24.727	65.63	59.995	-17.48	63.196
180295	GLU	 320 	GLN	 257 	CYS	 161 	8	81.9995000058	1	8.01359931616	63.787	-20.379	68.721	62.398	-24.727	65.63	59.995	-17.48	63.196
497094	TRP	 321 	GLN	 257 	CYS	 161 	7	71.6980566736	1	8.09528115633	61.376	-17.414	68.948	62.398	-24.727	65.63	59.995	-17.48	63.196
181735	GLU	 320 	GLU	 258 	CYS	 161 	8	75.915156764	1	7.39515334527	63.787	-20.379	68.721	59.865	-23.276	63.161	59.995	-17.48	63.196
498533	TRP	 321 	GLU	 320 	CYS	 161 	6	67.8651873096	1	7.30130741717	61.376	-17.414	68.948	63.787	-20.379	68.721	59.995	-17.48	63.196
383334	ASP	 324 	GLU	 320 	CYS	 161 	7	71.8294415609	1	7.61395495127	65.177	-16.248	62.478	63.787	-20.379	68.721	59.995	-17.48	63.196
512933	TRP	 321 	THR	 322 	CYS	 161 	6	62.4691786703	1	7.61914437453	61.376	-17.414	68.948	64.541	-15.283	68.902	59.995	-17.48	63.196
502855	TRP	 321 	ILE	 323 	CYS	 161 	8	78.1384982572	1	6.98038867113	61.376	-17.414	68.948	66.359	-16.963	66.017	59.995	-17.48	63.196
508616	TRP	 321 	ASP	 324 	CYS	 161 	9	84.5277905051	1	7.59394870933	61.376	-17.414	68.948	65.177	-16.248	62.478	59.995	-17.48	63.196
474055	THR	 322 	ILE	 323 	CYS	 161 	8	80.0284958355	1	7.61914437453	64.541	-15.283	68.902	66.359	-16.963	66.017	59.995	-17.48	63.196
387653	ASP	 324 	ILE	 323 	CYS	 161 	6	63.8301182121	1	6.98038867113	65.177	-16.248	62.478	66.359	-16.963	66.017	59.995	-17.48	63.196
537412	TYR	 325 	ASP	 324 	CYS	 161 	5	53.3979721091	1	7.58423503064	66.646	-18.356	59.658	65.177	-16.248	62.478	59.995	-17.48	63.196
503142	TRP	 321 	ILE	 164 	HIS	 162 	7	75.7250430639	1	7.04077176167	61.376	-17.414	68.948	55.582	-19.38	66.379	57.423	-14.741	63.771
511782	TRP	 321 	SER	 165 	HIS	 162 	7	74.7486436111	1	7.04077176167	61.376	-17.414	68.948	55.262	-16.362	68.679	57.423	-14.741	63.771
508903	TRP	 321 	ASP	 324 	HIS	 162 	8	81.5223406618	1	8.00421226605	61.376	-17.414	68.948	65.177	-16.248	62.478	57.423	-14.741	63.771
511852	TRP	 321 	SER	 165 	ILE	 164 	5	57.564638294	1	6.63591387828	61.376	-17.414	68.948	55.262	-16.362	68.679	55.582	-19.38	66.379
454467	SER	 165 	SER	 170 	MET	 169 	4	50.5512103729	1	7.28827729988	55.262	-16.362	68.679	51.792	-21.258	69.991	50.015	-20.986	66.628
598181	ALA	 167 	SER	 170 	HIS	 168 	6	65.2278377216	1	5.60886673045	49.072	-17.131	70.319	51.792	-21.258	69.991	46.924	-19.279	68.03
449860	SER	 170 	MET	 169 	HIS	 168 	5	59.4993682079	1	5.60886673045	51.792	-21.258	69.991	50.015	-20.986	66.628	46.924	-19.279	68.03
478662	THR	 171 	MET	 169 	HIS	 168 	7	69.7081381327	1	5.37173612531	48.727	-22.96	71.455	50.015	-20.986	66.628	46.924	-19.279	68.03
362020	MET	 169 	LYS	 172 	HIS	 168 	5	53.7677599152	1	6.59174074126	50.015	-20.986	66.628	48.689	-25.593	68.715	46.924	-19.279	68.03
482984	THR	 171 	SER	 170 	HIS	 168 	9	85.6497822106	1	5.60886673045	48.727	-22.96	71.455	51.792	-21.258	69.991	46.924	-19.279	68.03
448423	SER	 170 	LYS	 172 	HIS	 168 	8	78.4180895876	1	6.59174074126	51.792	-21.258	69.991	48.689	-25.593	68.715	46.924	-19.279	68.03
477222	THR	 171 	LYS	 172 	HIS	 168 	7	69.7641276171	1	6.59174074126	48.727	-22.96	71.455	48.689	-25.593	68.715	46.924	-19.279	68.03
478735	THR	 171 	MET	 169 	ILE	 173 	8	80.2357422683	1	6.26846608031	48.727	-22.96	71.455	50.015	-20.986	66.628	52.422	-26.219	69.101
600124	ALA	 174 	THR	 171 	SER	 170 	5	60.1173173358	1	6.05214226535	52.036	-26.577	72.868	48.727	-22.96	71.455	51.792	-21.258	69.991
603075	ALA	 174 	TYR	 353 	THR	 171 	4	51.9208846415	1	7.99832688754	52.036	-26.577	72.868	50.463	-28.169	77.271	48.727	-22.96	71.455
656863	ASN	 352 	THR	 171 	PHE	 349 	8	82.8109264123	1	6.1643925897	47.761	-25.524	76.977	48.727	-22.96	71.455	52.124	-22.241	76.508
660676	ASN	 352 	TYR	 353 	THR	 171 	5	60.109612287	1	7.99832688754	47.761	-25.524	76.977	50.463	-28.169	77.271	48.727	-22.96	71.455
606104	ALA	 178 	ALA	 174 	TYR	 353 	9	87.6115775755	1	6.23495797901	52.238	-32.433	74.999	52.036	-26.577	72.868	50.463	-28.169	77.271
663702	ASN	 352 	ALA	 174 	TYR	 353 	7	74.9522938453	1	6.02231807529	47.761	-25.524	76.977	52.036	-26.577	72.868	50.463	-28.169	77.271
621436	ARG	 176 	LYS	 179 	LYS	 175 	5	53.7945935374	1	6.57880923876	51.56	-31.209	69.801	51.537	-35.437	72.754	49.398	-29.236	72.251
563623	VAL	 177 	LYS	 179 	HIS	 181 	8	80.5455728838	1	6.11017266532	54.495	-31.14	72.212	51.537	-35.437	72.754	56.052	-36.02	75.543
587884	ALA	 178 	HIS	 181 	GLN	 182 	5	55.2692228999	1	6.49587700007	52.238	-32.433	74.999	56.052	-36.02	75.543	53.441	-38.708	76.171
602287	ALA	 178 	TYR	 353 	GLN	 357 	8	81.5113177736	1	6.43582620959	52.238	-32.433	74.999	50.463	-28.169	77.271	48.234	-34.006	78.814
324365	LYS	 179 	GLN	 357 	GLN	 182 	6	66.3585086831	1	7.49713958787	51.537	-35.437	72.754	48.234	-34.006	78.814	53.441	-38.708	76.171
558941	VAL	 180 	HIS	 181 	PHE	 251 	6	64.7363719343	1	6.67257701342	55.188	-36.068	71.834	56.052	-36.02	75.543	60.52	-38.466	75.05
553180	VAL	 180 	CYS	 252 	PHE	 251 	5	58.6395713964	1	6.67257701342	55.188	-36.068	71.834	61.578	-35.128	73.501	60.52	-38.466	75.05
559012	VAL	 180 	HIS	 253 	CYS	 252 	5	59.577604442	1	7.38632208883	55.188	-36.068	71.834	61.931	-33.696	69.973	61.578	-35.128	73.501
472683	THR	 250 	HIS	 181 	GLN	 182 	4	46.6802262617	1	7.19177627572	60.08	-37.546	78.68	56.052	-36.02	75.543	53.441	-38.708	76.171
472542	THR	 250 	HIS	 181 	PHE	 251 	7	71.8663728601	1	5.32862355585	60.08	-37.546	78.68	56.052	-36.02	75.543	60.52	-38.466	75.05
472616	THR	 250 	HIS	 181 	CYS	 252 	9	89.3564264465	1	5.95836420505	60.08	-37.546	78.68	56.052	-36.02	75.543	61.578	-35.128	73.501
628421	ARG	 310 	THR	 250 	HIS	 181 	6	66.543081693	1	7.38816201771	61.037	-31.967	79.191	60.08	-37.546	78.68	56.052	-36.02	75.543
236382	HIS	 181 	CYS	 252 	PHE	 251 	7	73.499179602	1	5.95836420505	56.052	-36.02	75.543	61.578	-35.128	73.501	60.52	-38.466	75.05
616541	ARG	 310 	HIS	 181 	PHE	 251 	6	65.2894211566	1	7.72348179256	61.037	-31.967	79.191	56.052	-36.02	75.543	60.52	-38.466	75.05
616616	ARG	 310 	HIS	 181 	CYS	 252 	9	84.5304996351	1	7.38816201771	61.037	-31.967	79.191	56.052	-36.02	75.543	61.578	-35.128	73.501
510416	TRP	 188 	PRO	 186 	ILE	 187 	9	89.5097176385	1	7.11444453208	67.264	-45.333	76.442	61.671	-48.299	73.196	64.999	-46.472	73.56
506091	TRP	 188 	LYS	 189 	ILE	 187 	4	49.7840688206	1	6.19491928922	67.264	-45.333	76.442	65.037	-43.702	79.101	64.999	-46.472	73.56
511851	TRP	 188 	SER	 306 	ILE	 187 	4	51.4446453094	1	7.81728463087	67.264	-45.333	76.442	65.533	-38.74	72.615	64.999	-46.472	73.56
543531	TYR	 307 	TRP	 188 	ILE	 187 	4	48.105545519	1	7.90007803759	64.381	-39.05	76.195	67.264	-45.333	76.442	64.999	-46.472	73.56
505876	TRP	 188 	LYS	 189 	GLU	 190 	5	55.7686377503	1	5.83706510157	67.264	-45.333	76.442	65.037	-43.702	79.101	67.663	-41.701	80.994
510556	TRP	 188 	PRO	 191 	LYS	 189 	5	60.1350068319	1	8.05795042179	67.264	-45.333	76.442	68.43	-38.108	79.814	65.037	-43.702	79.101
543678	TYR	 307 	TRP	 188 	LYS	 189 	7	69.5056645723	1	6.91728176381	64.381	-39.05	76.195	67.264	-45.333	76.442	65.037	-43.702	79.101
543320	TYR	 307 	TRP	 188 	GLU	 190 	9	84.4900559132	1	6.91728176381	64.381	-39.05	76.195	67.264	-45.333	76.442	67.663	-41.701	80.994
543893	TYR	 307 	TRP	 188 	PRO	 191 	6	65.2311189928	1	8.05795042179	64.381	-39.05	76.195	67.264	-45.333	76.442	68.43	-38.108	79.814
515326	TRP	 188 	TRP	 387 	TRP	 201 	5	57.2258032648	3	21.7271544616	67.264	-45.333	76.442	73.768	-25.793	69.517	80.904	-33.634	68.971
515324	TRP	 188 	TRP	 390 	TRP	 201 	3	38.5947478783	3	21.760202159	67.264	-45.333	76.442	77.034	-28.186	67.275	80.904	-33.634	68.971
543963	TYR	 307 	TRP	 188 	SER	 306 	4	48.0103234977	1	7.81728463087	64.381	-39.05	76.195	67.264	-45.333	76.442	65.533	-38.74	72.615
515338	TRP	 188 	TRP	 321 	TRP	 390 	8	82.5235524744	4	29.5008328865	67.264	-45.333	76.442	61.376	-17.414	68.948	77.034	-28.186	67.275
515323	TRP	 188 	TRP	 390 	TRP	 387 	2	23.9564966529	3	21.760202159	67.264	-45.333	76.442	77.034	-28.186	67.275	73.768	-25.793	69.517
539359	TYR	 307 	PRO	 191 	LYS	 189 	8	77.5678493681	1	6.58131096363	64.381	-39.05	76.195	68.43	-38.108	79.814	65.037	-43.702	79.101
542236	TYR	 307 	THR	 250 	LYS	 189 	5	60.5758264639	1	7.91488635421	64.381	-39.05	76.195	60.08	-37.546	78.68	65.037	-43.702	79.101
534458	TYR	 307 	LYS	 189 	PHE	 251 	3	41.0108747311	1	8.01433627944	64.381	-39.05	76.195	65.037	-43.702	79.101	60.52	-38.466	75.05
660315	ASN	 308 	TYR	 307 	LYS	 189 	4	48.871975191	1	7.96007468558	65.39	-35.836	77.933	64.381	-39.05	76.195	65.037	-43.702	79.101
422356	PRO	 191 	ASP	 192 	GLU	 190 	5	59.3450593358	1	5.67871332258	68.43	-38.108	79.814	72.02	-38.845	78.734	67.663	-41.701	80.994
538994	TYR	 193 	PRO	 191 	GLU	 190 	3	38.1392002918	1	8.0809272364	71.548	-37.753	75.11	68.43	-38.108	79.814	67.663	-41.701	80.994
652759	ASN	 308 	ASP	 192 	GLU	 190 	8	77.4187502514	1	7.32479228374	65.39	-35.836	77.933	72.02	-38.845	78.734	67.663	-41.701	80.994
539498	TYR	 307 	PRO	 191 	ASP	 192 	3	36.4873786002	1	8.05250687674	64.381	-39.05	76.195	68.43	-38.108	79.814	72.02	-38.845	78.734
654697	ASN	 308 	PRO	 191 	ASP	 192 	2	32.1519028045	1	7.32479228374	65.39	-35.836	77.933	68.43	-38.108	79.814	72.02	-38.845	78.734
541011	TYR	 307 	SER	 306 	PRO	 191 	4	51.7138728842	1	7.78573272082	64.381	-39.05	76.195	65.533	-38.74	72.615	68.43	-38.108	79.814
656211	ASN	 308 	SER	 306 	PRO	 191 	4	50.0123720947	1	7.78573272082	65.39	-35.836	77.933	65.533	-38.74	72.615	68.43	-38.108	79.814
545335	TYR	 309 	TYR	 307 	PRO	 191 	8	81.7441609135	1	7.1877491609	64.32	-33.339	80.559	64.381	-39.05	76.195	68.43	-38.108	79.814
660532	ASN	 308 	TYR	 309 	PRO	 191 	5	54.2686685747	1	6.33959667487	65.39	-35.836	77.933	64.32	-33.339	80.559	68.43	-38.108	79.814
537416	TYR	 193 	ASP	 192 	CYS	 195 	9	87.0492052653	1	5.81167222063	71.548	-37.753	75.11	72.02	-38.845	78.734	75.857	-34.771	77.167
537559	TYR	 193 	ASP	 192 	GLU	 196 	8	76.983452847	1	5.85612653552	71.548	-37.753	75.11	72.02	-38.845	78.734	76.596	-37.934	75.195
383333	ASP	 192 	GLU	 196 	CYS	 195 	6	65.2693759361	1	5.85612653552	72.02	-38.845	78.734	76.596	-37.934	75.195	75.857	-34.771	77.167
660463	ASN	 308 	TYR	 307 	ASP	 192 	8	78.5369114142	1	8.05250687674	65.39	-35.836	77.933	64.381	-39.05	76.195	72.02	-38.845	78.734
528772	TYR	 193 	LEU	 194 	CYS	 195 	5	59.001725267	1	5.62948079311	71.548	-37.753	75.11	72.502	-34.081	75.546	75.857	-34.771	77.167
527333	TYR	 193 	GLU	 196 	CYS	 195 	6	65.3245094293	1	5.62948079311	71.548	-37.753	75.11	76.596	-37.934	75.195	75.857	-34.771	77.167
545404	TYR	 193 	TYR	 307 	SER	 306 	5	59.5917883139	1	7.36378455687	71.548	-37.753	75.11	64.381	-39.05	76.195	65.533	-38.74	72.615
660608	ASN	 308 	TYR	 193 	SER	 306 	9	84.8043416954	1	7.04025439881	65.39	-35.836	77.933	71.548	-37.753	75.11	65.533	-38.74	72.615
660820	ASN	 308 	TYR	 193 	TYR	 307 	5	52.7215770001	1	7.36378455687	65.39	-35.836	77.933	71.548	-37.753	75.11	64.381	-39.05	76.195
180293	GLU	 196 	GLN	 199 	CYS	 195 	6	63.2766146778	1	5.82955821654	76.596	-37.934	75.195	80.921	-35.149	74.304	75.857	-34.771	77.167
600848	ALA	 197 	TRP	 201 	GLN	 199 	9	89.2039697445	1	6.12578362334	76.114	-36.124	71.866	80.904	-33.634	68.971	80.921	-35.149	74.304
634828	ARG	 200 	ALA	 197 	TRP	 201 	5	59.8967858275	1	6.12578362334	81.26	-36.868	70.94	76.114	-36.124	71.866	80.904	-33.634	68.971
514589	TRP	 390 	TRP	 201 	LEU	 198 	6	64.0869521853	1	7.56661119657	77.034	-28.186	67.275	80.904	-33.634	68.971	78.046	-33.036	72.994
629644	ARG	 200 	TRP	 201 	GLN	 199 	5	60.3441811395	1	5.54404211744	81.26	-36.868	70.94	80.904	-33.634	68.971	80.921	-35.149	74.304
505808	TRP	 201 	LYS	 203 	GLN	 199 	9	83.5985143007	1	6.07013130006	80.904	-33.634	68.971	85.83	-34.707	70.761	80.921	-35.149	74.304
629789	ARG	 200 	TRP	 201 	LEU	 202 	6	61.4384177178	1	5.49136103348	81.26	-36.868	70.94	80.904	-33.634	68.971	83.401	-31.817	71.182
629646	ARG	 200 	TRP	 201 	GLN	 204 	7	71.768969731	1	6.30926794486	81.26	-36.868	70.94	80.904	-33.634	68.971	85.587	-34.566	66.967
572188	VAL	 389 	TRP	 201 	LEU	 202 	5	58.1121212516	1	7.29464440532	79.142	-26.637	70.043	80.904	-33.634	68.971	83.401	-31.817	71.182
500187	TRP	 201 	LEU	 393 	LEU	 202 	4	48.9986275841	1	7.67637017086	80.904	-33.634	68.971	81.502	-28.644	64.455	83.401	-31.817	71.182
505951	TRP	 201 	LYS	 203 	LEU	 205 	8	82.9148620442	1	6.05933610225	80.904	-33.634	68.971	85.83	-34.707	70.761	85.852	-30.771	66.962
500192	TRP	 201 	LEU	 393 	LEU	 205 	9	83.6888862007	1	6.75662341706	80.904	-33.634	68.971	81.502	-28.644	64.455	85.852	-30.771	66.962
515333	TRP	 201 	TRP	 321 	TRP	 387 	3	35.5751000307	4	25.3856595936	80.904	-33.634	68.971	61.376	-17.414	68.948	73.768	-25.793	69.517
515331	TRP	 201 	TRP	 321 	TRP	 390 	1	21.0585880843	4	25.3856595936	80.904	-33.634	68.971	61.376	-17.414	68.948	77.034	-28.186	67.275
515318	TRP	 201 	TRP	 387 	TRP	 390 	6	60.6926610588	2	10.616114779	80.904	-33.634	68.971	73.768	-25.793	69.517	77.034	-28.186	67.275
572908	VAL	 389 	TRP	 201 	TRP	 390 	5	57.3993583382	1	7.29464440532	79.142	-26.637	70.043	80.904	-33.634	68.971	77.034	-28.186	67.275
514590	TRP	 201 	TRP	 390 	LEU	 393 	7	75.3126839648	1	6.89449200449	80.904	-33.634	68.971	77.034	-28.186	67.275	81.502	-28.644	64.455
331566	LYS	 203 	GLY	 207 	GLN	 204 	7	73.4193726426	1	6.484566755	85.83	-34.707	70.761	90.516	-33.366	66.484	85.587	-34.566	66.967
212042	LEU	 393 	LEU	 205 	GLN	 204 	3	41.9110450105	1	7.62020032545	81.502	-28.644	64.455	85.852	-30.771	66.962	85.587	-34.566	66.967
484207	THR	 208 	THR	 206 	GLN	 204 	8	77.4041596956	1	6.35092623166	89.631	-30.928	63.689	88.983	-31.118	69.105	85.587	-34.566	66.967
484568	THR	 208 	THR	 206 	GLY	 207 	9	89.5163840747	1	5.45793550713	89.631	-30.928	63.689	88.983	-31.118	69.105	90.516	-33.366	66.484
571398	VAL	 209 	THR	 206 	THR	 208 	7	68.8709047837	1	5.73705795683	91.246	-27.766	65.036	88.983	-31.118	69.105	89.631	-30.928	63.689
484783	THR	 206 	THR	 208 	ASP	 210 	8	80.3481459589	1	7.92729550351	88.983	-31.118	69.105	89.631	-30.928	63.689	94.741	-26.631	66.014
571178	VAL	 209 	THR	 206 	ASP	 210 	3	40.067662566	1	7.92729550351	91.246	-27.766	65.036	88.983	-31.118	69.105	94.741	-26.631	66.014
599979	ALA	 211 	THR	 206 	ASP	 210 	4	49.5503305345	1	7.92729550351	95.513	-27.399	69.666	88.983	-31.118	69.105	94.741	-26.631	66.014
599334	ALA	 211 	THR	 206 	CYS	 228 	7	68.8244206372	1	8.09596504439	95.513	-27.399	69.666	88.983	-31.118	69.105	88.213	-27.09	73.153
570964	VAL	 209 	THR	 208 	GLY	 207 	5	55.7340911786	1	5.83006037705	91.246	-27.766	65.036	89.631	-30.928	63.689	90.516	-33.366	66.484
571177	VAL	 209 	THR	 208 	ASP	 210 	2	28.958339739	1	7.06979023734	91.246	-27.766	65.036	89.631	-30.928	63.689	94.741	-26.631	66.014
386358	ASP	 210 	HIS	 213 	GLU	 212 	7	68.9293764608	1	5.30302734294	94.741	-26.631	66.014	93.113	-22.715	68.268	96.26	-23.704	70.167
662836	ASN	 227 	ALA	 211 	GLU	 212 	5	54.0678601006	1	8.00344494577	89.442	-23.496	73.125	95.513	-27.399	69.666	96.26	-23.704	70.167
662691	ASN	 227 	ALA	 211 	CYS	 228 	4	49.2241176833	1	8.09596504439	89.442	-23.496	73.125	95.513	-27.399	69.666	88.213	-27.09	73.153
616754	ARG	 214 	HIS	 213 	GLU	 212 	3	43.85789168	1	6.4402534888	90.65	-20.541	70.153	93.113	-22.715	68.268	96.26	-23.704	70.167
645555	ASN	 227 	HIS	 213 	GLU	 212 	4	48.842435045	1	7.43492784094	89.442	-23.496	73.125	93.113	-22.715	68.268	96.26	-23.704	70.167
616537	ARG	 214 	HIS	 213 	PHE	 215 	2	34.1671521034	1	6.84688089571	90.65	-20.541	70.153	93.113	-22.715	68.268	87.164	-19.446	69.164
645343	ASN	 227 	HIS	 213 	PHE	 215 	8	82.0870493329	1	6.84688089571	89.442	-23.496	73.125	93.113	-22.715	68.268	87.164	-19.446	69.164
664060	ASN	 227 	ARG	 214 	PHE	 215 	5	55.0345594626	1	6.10584187479	89.442	-23.496	73.125	90.65	-20.541	70.153	87.164	-19.446	69.164
664129	ASN	 227 	ARG	 214 	CYS	 228 	2	27.2675466818	1	7.60449669603	89.442	-23.496	73.125	90.65	-20.541	70.153	88.213	-27.09	73.153
384698	ASP	 216 	LEU	 217 	PHE	 215 	3	41.9591845085	1	6.51352139783	86.577	-15.764	69.845	83.325	-14.732	71.502	87.164	-19.446	69.164
569739	VAL	 226 	SER	 225 	ASP	 216 	4	47.804268761	1	6.66298461652	87.525	-20.496	74.439	87.335	-16.746	73.86	86.577	-15.764	69.845
413573	PRO	 218 	LEU	 217 	CYS	 221 	6	65.9172347303	1	7.57618960956	81.71	-11.295	71.825	83.325	-14.732	71.502	78.997	-12.208	77.185
569307	VAL	 226 	SER	 225 	LEU	 217 	4	44.600394566	1	7.71295436263	87.525	-20.496	74.439	87.335	-16.746	73.86	83.325	-14.732	71.502
442587	SER	 413 	LEU	 217 	LEU	 412 	4	46.4188615517	1	7.59340299207	78.069	-16.312	74.03	83.325	-14.732	71.502	78.003	-19.955	72.936
412135	PRO	 218 	GLU	 219 	CYS	 221 	8	77.4247051489	1	6.07647414213	81.71	-11.295	71.825	83.216	-9.858	75.03	78.997	-12.208	77.185
452599	SER	 224 	PRO	 218 	GLU	 219 	8	78.3203595651	1	6.14377001523	86.335	-13.357	75.304	81.71	-11.295	71.825	83.216	-9.858	75.03
412133	PRO	 218 	GLU	 220 	CYS	 221 	6	61.3512147119	1	6.07647414213	81.71	-11.295	71.825	79.812	-8.621	76.184	78.997	-12.208	77.185
567656	VAL	 223 	PRO	 218 	CYS	 221 	9	86.7921486535	1	7.54617982823	84.133	-14.62	78.151	81.71	-11.295	71.825	78.997	-12.208	77.185
452454	SER	 224 	PRO	 218 	CYS	 221 	7	73.4103389567	1	7.6618931081	86.335	-13.357	75.304	81.71	-11.295	71.825	78.997	-12.208	77.185
452455	SER	 413 	PRO	 218 	CYS	 221 	8	81.2089878508	1	6.57945248482	78.069	-16.312	74.03	81.71	-11.295	71.825	78.997	-12.208	77.185
454612	SER	 225 	SER	 224 	PRO	 218 	5	58.3771447781	1	8.0929136286	87.335	-16.746	73.86	86.335	-13.357	75.304	81.71	-11.295	71.825
625899	ARG	 409 	PRO	 218 	ASP	 410 	4	51.5598727176	1	7.85848006933	79.979	-18.243	68.587	81.71	-11.295	71.825	76.652	-16.457	69.035
627415	ARG	 409 	SER	 413 	PRO	 218 	8	76.6978936386	1	7.85848006933	79.979	-18.243	68.587	78.069	-16.312	74.03	81.71	-11.295	71.825
181733	GLU	 219 	GLU	 220 	CYS	 221 	6	65.1508388195	1	5.28833489862	83.216	-9.858	75.03	79.812	-8.621	76.184	78.997	-12.208	77.185
297077	GLY	 222 	GLU	 219 	GLU	 220 	6	67.5869203034	1	5.70185846896	81.639	-12.348	79.911	83.216	-9.858	75.03	79.812	-8.621	76.184
440932	SER	 224 	GLU	 219 	CYS	 221 	5	57.8733320426	1	7.6618931081	86.335	-13.357	75.304	83.216	-9.858	75.03	78.997	-12.208	77.185
556133	VAL	 223 	GLU	 220 	CYS	 221 	6	66.4099831386	1	7.65036803036	84.133	-14.62	78.151	79.812	-8.621	76.184	78.997	-12.208	77.185
561892	VAL	 223 	GLY	 222 	CYS	 221 	5	56.8531855214	1	5.75581410402	84.133	-14.62	78.151	81.639	-12.348	79.911	78.997	-12.208	77.185
446691	SER	 224 	GLY	 222 	CYS	 221 	4	48.8201536699	1	7.6618931081	86.335	-13.357	75.304	81.639	-12.348	79.911	78.997	-12.208	77.185
569092	VAL	 223 	SER	 224 	CYS	 221 	5	58.9019681713	1	7.6618931081	84.133	-14.62	78.151	86.335	-13.357	75.304	78.997	-12.208	77.185
569096	VAL	 223 	SER	 413 	CYS	 221 	9	84.8667144478	1	7.52446682497	84.133	-14.62	78.151	78.069	-16.312	74.03	78.997	-12.208	77.185
322781	LYS	 417 	CYS	 221 	PHE	 416 	6	60.9913407793	1	5.91012563318	75.385	-14.834	79.26	78.997	-12.208	77.185	77.877	-17.687	79.097
569522	VAL	 223 	SER	 224 	GLY	 222 	3	39.5576363668	1	6.65544483863	84.133	-14.62	78.151	86.335	-13.357	75.304	81.639	-12.348	79.911
662041	ASN	 227 	VAL	 226 	SER	 225 	2	27.7438460499	1	7.10930193479	89.442	-23.496	73.125	87.525	-20.496	74.439	87.335	-16.746	73.86
661250	ASN	 227 	VAL	 226 	CYS	 228 	3	36.8668637002	1	6.75336775246	89.442	-23.496	73.125	87.525	-20.496	74.439	88.213	-27.09	73.153
661467	ASN	 227 	VAL	 226 	LEU	 229 	4	50.2305690235	1	7.79243864268	89.442	-23.496	73.125	87.525	-20.496	74.439	89.717	-27.652	76.609
566426	VAL	 226 	ASP	 230 	LEU	 229 	3	41.5951760578	1	7.79243864268	87.525	-20.496	74.439	87.546	-24.886	78.061	89.717	-27.652	76.609
652614	ASN	 227 	ASP	 230 	CYS	 228 	7	68.8343687299	1	5.46726732472	89.442	-23.496	73.125	87.546	-24.886	78.061	88.213	-27.09	73.153
595015	ALA	 232 	ASP	 230 	CYS	 228 	8	82.8936536218	1	5.99603877573	85.411	-29.591	77.827	87.546	-24.886	78.061	88.213	-27.09	73.153
181662	GLU	 234 	GLU	 236 	PHE	 237 	7	74.1862272449	1	5.38759482515	82.03	-26.186	80.477	81.411	-31.007	82.801	79.839	-28.024	84.55
616543	ARG	 239 	HIS	 241 	PHE	 237 	8	79.5687047047	1	6.33382293722	76.612	-32.166	83.104	74.157	-29.166	87.105	79.839	-28.024	84.55
598107	ALA	 240 	SER	 243 	LEU	 244 	4	49.2201327697	1	7.24913767285	77.003	-31.682	86.866	71.607	-33.838	86.584	70.271	-31.86	89.549
445539	SER	 245 	ILE	 242 	HIS	 241 	4	45.8365529254	1	7.24729922109	67.124	-30.815	87.689	71.517	-30.529	84.728	74.157	-29.166	87.105
454181	SER	 245 	SER	 243 	HIS	 241 	6	67.8507065991	1	7.24729922109	67.124	-30.815	87.689	71.607	-33.838	86.584	74.157	-29.166	87.105
328828	LYS	 423 	HIS	 241 	LEU	 422 	5	58.597724584	1	6.56191237369	74.263	-22.826	88.144	74.157	-29.166	87.105	71.92	-23.299	85.199
416379	PRO	 378 	ILE	 242 	PHE	 379 	4	50.6095995422	1	8.06178181297	67.828	-23.431	83.727	71.517	-30.529	84.728	67.803	-25.094	80.302
448346	SER	 245 	LYS	 246 	LEU	 244 	3	42.291735874	1	6.5114162054	67.124	-30.815	87.689	63.81	-32.258	88.845	70.271	-31.86	89.549
454400	SER	 247 	SER	 245 	LYS	 246 	9	89.9110149587	1	5.37561503458	62.342	-31.667	85.386	67.124	-30.815	87.689	63.81	-32.258	88.845
541088	TYR	 309 	SER	 245 	SER	 247 	9	88.9586565816	1	8.06659110157	64.32	-33.339	80.559	67.124	-30.815	87.689	62.342	-31.667	85.386
452955	SER	 247 	PRO	 248 	LYS	 246 	4	50.7387281442	1	6.10267859222	62.342	-31.667	85.386	60.391	-34.833	84.495	63.81	-32.258	88.845
598610	ALA	 311 	SER	 247 	PRO	 248 	3	43.4916046327	1	7.90278634407	62.427	-28.553	80.151	62.342	-31.667	85.386	60.391	-34.833	84.495
571251	VAL	 249 	THR	 250 	PRO	 248 	4	44.1661818175	1	6.42427544553	62.142	-36.863	81.802	60.08	-37.546	78.68	60.391	-34.833	84.495
631736	ARG	 310 	TYR	 309 	PRO	 248 	9	85.2005993248	1	6.0633066886	61.037	-31.967	79.191	64.32	-33.339	80.559	60.391	-34.833	84.495
602933	ALA	 311 	TYR	 309 	PRO	 248 	6	63.783684239	1	7.90278634407	62.427	-28.553	80.151	64.32	-33.339	80.559	60.391	-34.833	84.495
634612	ARG	 310 	ALA	 311 	PRO	 248 	5	60.1169904308	1	7.90278634407	61.037	-31.967	79.191	62.427	-28.553	80.151	60.391	-34.833	84.495
570457	VAL	 249 	THR	 250 	PHE	 251 	2	26.5595188475	1	7.12671011056	62.142	-36.863	81.802	60.08	-37.546	78.68	60.52	-38.466	75.05
662117	ASN	 308 	VAL	 249 	THR	 250 	6	65.7082364422	1	5.6283398085	65.39	-35.836	77.933	62.142	-36.863	81.802	60.08	-37.546	78.68
574276	VAL	 249 	TYR	 309 	THR	 250 	5	52.5191152191	1	6.26155651576	62.142	-36.863	81.802	64.32	-33.339	80.559	60.08	-37.546	78.68
574420	VAL	 249 	TYR	 307 	TYR	 309 	5	58.9749085441	1	7.1877491609	62.142	-36.863	81.802	64.381	-39.05	76.195	64.32	-33.339	80.559
466784	THR	 250 	CYS	 252 	PHE	 251 	9	89.0528186848	1	5.90870281872	60.08	-37.546	78.68	61.578	-35.128	73.501	60.52	-38.466	75.05
656860	ASN	 308 	THR	 250 	PHE	 251 	5	59.4643756425	1	6.2406320994	65.39	-35.836	77.933	60.08	-37.546	78.68	60.52	-38.466	75.05
628058	ARG	 310 	THR	 250 	PHE	 251 	3	41.9430551089	1	7.72348179256	61.037	-31.967	79.191	60.08	-37.546	78.68	60.52	-38.466	75.05
541736	TYR	 307 	THR	 250 	CYS	 252 	9	85.1629298597	1	5.90870281872	64.381	-39.05	76.195	60.08	-37.546	78.68	61.578	-35.128	73.501
656936	ASN	 308 	THR	 250 	CYS	 252 	9	89.7210074448	1	5.90870281872	65.39	-35.836	77.933	60.08	-37.546	78.68	61.578	-35.128	73.501
541734	TYR	 309 	THR	 250 	CYS	 252 	7	70.6310763046	1	7.7803887435	64.32	-33.339	80.559	60.08	-37.546	78.68	61.578	-35.128	73.501
628135	ARG	 310 	THR	 250 	CYS	 252 	8	82.9770160166	1	6.53151605678	61.037	-31.967	79.191	60.08	-37.546	78.68	61.578	-35.128	73.501
545479	TYR	 309 	TYR	 307 	THR	 250 	8	79.0792577073	1	7.1877491609	64.32	-33.339	80.559	64.381	-39.05	76.195	60.08	-37.546	78.68
236377	HIS	 253 	CYS	 252 	PHE	 251 	2	29.3619508186	1	7.10772467109	61.931	-33.696	69.973	61.578	-35.128	73.501	60.52	-38.466	75.05
581979	ALA	 305 	CYS	 252 	PHE	 251 	4	46.9929984238	1	7.28876100582	64.832	-36.809	69.412	61.578	-35.128	73.501	60.52	-38.466	75.05
437981	SER	 306 	CYS	 252 	PHE	 251 	6	67.3903589716	1	5.57982705825	65.533	-38.74	72.615	61.578	-35.128	73.501	60.52	-38.466	75.05
639581	ASN	 308 	CYS	 252 	PHE	 251 	6	61.0699933778	1	6.2406320994	65.39	-35.836	77.933	61.578	-35.128	73.501	60.52	-38.466	75.05
610779	ARG	 310 	CYS	 252 	PHE	 251 	4	48.0219993667	1	7.72348179256	61.037	-31.967	79.191	61.578	-35.128	73.501	60.52	-38.466	75.05
659740	ASN	 308 	TYR	 307 	PHE	 251 	5	53.1035793745	1	6.2406320994	65.39	-35.836	77.933	64.381	-39.05	76.195	60.52	-38.466	75.05
645413	ASN	 254 	HIS	 253 	CYS	 252 	6	61.5429640403	1	5.52208348361	64.928	-31.537	70.976	61.931	-33.696	69.973	61.578	-35.128	73.501
443814	SER	 306 	HIS	 253 	CYS	 252 	7	70.344488868	1	6.73769278017	65.533	-38.74	72.615	61.931	-33.696	69.973	61.578	-35.128	73.501
652615	ASN	 254 	ASP	 313 	CYS	 252 	8	81.1435890221	1	6.23932897033	64.928	-31.537	70.976	62.331	-29.064	74.762	61.578	-35.128	73.501
659816	ASN	 308 	TYR	 307 	CYS	 252 	9	84.1672709018	1	5.88856790739	65.39	-35.836	77.933	64.381	-39.05	76.195	61.578	-35.128	73.501
544614	TYR	 309 	TYR	 307 	CYS	 252 	7	68.5676972946	1	7.7803887435	64.32	-33.339	80.559	64.381	-39.05	76.195	61.578	-35.128	73.501
659812	ASN	 308 	TYR	 309 	CYS	 252 	5	58.8955540443	1	7.7803887435	65.39	-35.836	77.933	64.32	-33.339	80.559	61.578	-35.128	73.501
664135	ASN	 308 	ARG	 310 	CYS	 252 	8	82.8986857952	1	6.53151605678	65.39	-35.836	77.933	61.037	-31.967	79.191	61.578	-35.128	73.501
652616	ASN	 308 	ASP	 313 	CYS	 252 	9	86.6179269193	1	8.07915255457	65.39	-35.836	77.933	62.331	-29.064	74.762	61.578	-35.128	73.501
537415	TYR	 309 	ASP	 313 	CYS	 252 	8	76.0511314648	1	7.7803887435	64.32	-33.339	80.559	62.331	-29.064	74.762	61.578	-35.128	73.501
645340	ASN	 254 	HIS	 253 	PHE	 302 	5	54.1651207249	1	7.82507060671	64.928	-31.537	70.976	61.931	-33.696	69.973	62.9	-36.126	64.971
655780	ASN	 254 	SER	 306 	HIS	 253 	5	59.0128977959	1	7.41185233258	64.928	-31.537	70.976	65.533	-38.74	72.615	61.931	-33.696	69.973
537703	TYR	 304 	ASP	 255 	HIS	 253 	8	82.21987265	1	6.59007905871	67.665	-35.18	67.487	64.799	-29.261	67.912	61.931	-33.696	69.973
530355	TYR	 304 	HIS	 253 	GLU	 303 	4	44.3944562072	1	8.00164670552	67.665	-35.18	67.487	61.931	-33.696	69.973	66.577	-36.241	63.976
540584	TYR	 304 	SER	 306 	HIS	 253 	9	86.7985472727	1	6.73769278017	67.665	-35.18	67.487	65.533	-38.74	72.615	61.931	-33.696	69.973
598179	ALA	 305 	SER	 306 	HIS	 253 	4	48.1414669798	1	6.73769278017	64.832	-36.809	69.412	65.533	-38.74	72.615	61.931	-33.696	69.973
663338	ASN	 254 	ALA	 305 	ASP	 255 	3	41.4115384087	1	7.69567365472	64.928	-31.537	70.976	64.832	-36.809	69.412	64.799	-29.261	67.912
653259	ASN	 254 	ASP	 313 	ASP	 255 	4	44.7330788517	1	7.28370324766	64.928	-31.537	70.976	62.331	-29.064	74.762	64.799	-29.261	67.912
666220	ASN	 316 	ASN	 254 	ASP	 255 	5	56.5340501447	1	7.18546957408	64.973	-24.719	73.244	64.928	-31.537	70.976	64.799	-29.261	67.912
663701	ASN	 254 	ALA	 305 	TYR	 304 	6	65.1781111886	1	5.73896671884	64.928	-31.537	70.976	64.832	-36.809	69.412	67.665	-35.18	67.487
660607	ASN	 254 	TYR	 304 	SER	 306 	8	81.1009151322	1	7.41185233258	64.928	-31.537	70.976	67.665	-35.18	67.487	65.533	-38.74	72.615
663483	ASN	 254 	ALA	 305 	SER	 306 	4	45.119513316	1	7.41185233258	64.928	-31.537	70.976	64.832	-36.809	69.412	65.533	-38.74	72.615
652539	ASN	 254 	ASP	 313 	PHE	 312 	4	48.554517993	1	7.01285719233	64.928	-31.537	70.976	62.331	-29.064	74.762	65.059	-28.771	77.419
665503	ASN	 254 	ASN	 316 	PHE	 312 	8	78.5411165197	1	7.18546957408	64.928	-31.537	70.976	64.973	-24.719	73.244	65.059	-28.771	77.419
652688	ASN	 260 	ASP	 255 	GLN	 257 	9	88.0573030267	1	7.72436055606	60.138	-28.473	61.803	64.799	-29.261	67.912	62.398	-24.727	65.63
386288	ASP	 255 	HIS	 317 	GLN	 257 	9	84.9635421103	1	7.24469819937	64.799	-29.261	67.912	61.623	-23.921	71.638	62.398	-24.727	65.63
268203	ILE	 261 	GLU	 258 	GLN	 257 	4	47.6794783989	1	7.03241139297	56.623	-27.18	62.454	59.865	-23.276	63.161	62.398	-24.727	65.63
645484	ASN	 316 	HIS	 317 	GLN	 257 	5	58.6203801371	1	8.03764175614	64.973	-24.719	73.244	61.623	-23.921	71.638	62.398	-24.727	65.63
501486	TRP	 321 	HIS	 317 	GLN	 257 	7	71.3615125551	1	8.09528115633	61.376	-17.414	68.948	61.623	-23.921	71.638	62.398	-24.727	65.63
498603	TRP	 321 	GLU	 320 	GLN	 257 	4	46.4196083346	1	8.09528115633	61.376	-17.414	68.948	63.787	-20.379	68.721	62.398	-24.727	65.63
648437	ASN	 260 	GLY	 259 	GLU	 258 	6	63.5046703219	1	5.37842932463	60.138	-28.473	61.803	61.412	-25.228	60.284	59.865	-23.276	63.161
647212	ASN	 260 	ILE	 300 	ILE	 261 	5	54.2121367894	1	6.58795878858	60.138	-28.473	61.803	58.439	-33.488	61.895	56.623	-27.18	62.454
272667	ILE	 300 	ILE	 261 	LEU	 262 	4	49.8122697214	1	7.53777506961	58.439	-33.488	61.895	56.623	-27.18	62.454	54.48	-27.604	59.341
419546	PRO	 264 	LYS	 265 	LEU	 263 	3	42.4139091542	1	6.55340812097	49.938	-29.508	55.723	48.066	-28.519	52.556	51.007	-26.713	58.127
557785	VAL	 298 	LEU	 299 	LEU	 297 	2	33.9468344193	1	6.85727300025	52.475	-31.289	62.491	55.916	-31.671	64.065	50.083	-28.371	62.613
603002	ALA	 305 	TYR	 304 	SER	 306 	3	40.5097577334	1	6.59662095319	64.832	-36.809	69.412	67.665	-35.18	67.487	65.533	-38.74	72.615
660603	ASN	 308 	TYR	 307 	SER	 306 	4	50.6699713663	1	6.06092311451	65.39	-35.836	77.933	64.381	-39.05	76.195	65.533	-38.74	72.615
660817	ASN	 308 	TYR	 307 	TYR	 309 	2	24.4314475771	1	7.1877491609	65.39	-35.836	77.933	64.381	-39.05	76.195	64.32	-33.339	80.559
660463	ASN	 308 	TYR	 309 	ASP	 313 	8	80.5197433942	1	8.07915255457	65.39	-35.836	77.933	64.32	-33.339	80.559	62.331	-29.064	74.762
652540	ASN	 308 	ASP	 313 	PHE	 312 	5	56.6409048026	1	8.07915255457	65.39	-35.836	77.933	62.331	-29.064	74.762	65.059	-28.771	77.419
599259	ALA	 311 	THR	 376 	PHE	 312 	4	44.4109888901	1	6.90424043614	62.427	-28.553	80.151	62.477	-24.405	82.103	65.059	-28.771	77.419
599545	ALA	 311 	THR	 376 	LEU	 377 	2	23.9553139371	1	7.94135926652	62.427	-28.553	80.151	62.477	-24.405	82.103	64.746	-21.404	82.716
580544	ALA	 315 	PHE	 379 	PHE	 312 	9	86.9098948298	1	5.6438845665	63.643	-23.857	76.694	67.803	-25.094	80.302	65.059	-28.771	77.419
465344	THR	 376 	PHE	 312 	PHE	 379 	9	87.4379719385	1	6.90424043614	62.477	-24.405	82.103	65.059	-28.771	77.419	67.803	-25.094	80.302
551743	VAL	 382 	PHE	 312 	PHE	 379 	8	80.6571582993	1	7.47186629966	71.806	-25.63	78.083	65.059	-28.771	77.419	67.803	-25.094	80.302
436543	SER	 383 	PHE	 312 	PHE	 379 	8	82.398072345	1	6.87046337593	70.214	-25.18	74.638	65.059	-28.771	77.419	67.803	-25.094	80.302
652901	ASN	 316 	ASP	 313 	HIS	 317 	6	60.7677204511	1	6.05896765134	64.973	-24.719	73.244	62.331	-29.064	74.762	61.623	-23.921	71.638
580540	ALA	 315 	PHE	 318 	PHE	 314 	5	59.2230172266	1	6.13508549248	63.643	-23.857	76.694	61.302	-20.6	73.428	60.554	-26.011	76.221
599260	ALA	 315 	THR	 376 	PHE	 314 	5	57.7007990885	1	6.39336288662	63.643	-23.857	76.694	62.477	-24.405	82.103	60.554	-26.011	76.221
638143	ASN	 316 	PHE	 318 	PHE	 314 	8	82.2470076376	1	6.13508549248	64.973	-24.719	73.244	61.302	-20.6	73.428	60.554	-26.011	76.221
234940	HIS	 317 	PHE	 314 	PHE	 318 	5	58.9894510145	1	6.13508549248	61.623	-23.921	71.638	60.554	-26.011	76.221	61.302	-20.6	73.428
662981	ASN	 316 	ALA	 315 	HIS	 317 	6	62.1364941502	1	5.44496391173	64.973	-24.719	73.244	63.643	-23.857	76.694	61.623	-23.921	71.638
663485	ASN	 316 	ALA	 315 	SER	 383 	6	64.4748169155	1	7.01109877266	64.973	-24.719	73.244	63.643	-23.857	76.694	70.214	-25.18	74.638
645558	ASN	 316 	HIS	 317 	GLU	 320 	7	68.8229478443	1	6.37963361017	64.973	-24.719	73.244	61.623	-23.921	71.638	63.787	-20.379	68.721
646781	ASN	 316 	ILE	 319 	PHE	 318 	6	66.9683571516	1	5.52053059044	64.973	-24.719	73.244	64.821	-19.681	72.317	61.302	-20.6	73.428
661179	ASN	 316 	VAL	 380 	PHE	 379 	4	49.0865747844	1	7.61346760681	64.973	-24.719	73.244	68.04	-21.844	78.36	67.803	-25.094	80.302
655778	ASN	 316 	SER	 383 	HIS	 384 	3	35.3188857575	1	8.06186802174	64.973	-24.719	73.244	70.214	-25.18	74.638	72.669	-22.389	73.824
501342	TRP	 321 	HIS	 317 	PHE	 318 	7	69.0011754177	1	7.0454352598	61.376	-17.414	68.948	61.623	-23.921	71.638	61.302	-20.6	73.428
503142	TRP	 321 	ILE	 319 	HIS	 317 	7	69.6847960822	1	7.0454352598	61.376	-17.414	68.948	64.821	-19.681	72.317	61.623	-23.921	71.638
501558	TRP	 321 	HIS	 317 	GLU	 320 	7	73.5765517669	1	7.0454352598	61.376	-17.414	68.948	61.623	-23.921	71.638	63.787	-20.379	68.721
502781	TRP	 321 	ILE	 319 	PHE	 318 	6	67.7645552419	1	5.49786067484	61.376	-17.414	68.948	64.821	-19.681	72.317	61.302	-20.6	73.428
473978	THR	 322 	ILE	 319 	PHE	 318 	3	41.8839365641	1	7.69716090516	64.541	-15.283	68.902	64.821	-19.681	72.317	61.302	-20.6	73.428
498464	TRP	 321 	GLU	 320 	PHE	 318 	9	87.3142566311	1	5.49786067484	61.376	-17.414	68.948	63.787	-20.379	68.721	61.302	-20.6	73.428
512860	TRP	 321 	THR	 322 	PHE	 318 	5	53.5539852388	1	7.69716090516	61.376	-17.414	68.948	64.541	-15.283	68.902	61.302	-20.6	73.428
494143	TRP	 321 	PHE	 340 	PHE	 318 	8	79.3427506727	1	6.42635798878	61.376	-17.414	68.948	62.046	-14.221	73.658	61.302	-20.6	73.428
509983	TRP	 321 	PRO	 341 	PHE	 318 	8	80.8215297284	1	7.14513120943	61.376	-17.414	68.948	58.61	-15.026	75.088	61.302	-20.6	73.428
407740	PRO	 341 	PHE	 318 	PHE	 340 	5	60.0748850798	1	6.42635798878	58.61	-15.026	75.088	61.302	-20.6	73.428	62.046	-14.221	73.658
420702	PRO	 341 	MET	 346 	PHE	 318 	7	75.4575912422	1	7.80140564257	58.61	-15.026	75.088	55.571	-19.113	78.508	61.302	-20.6	73.428
513296	TRP	 321 	THR	 322 	ILE	 319 	9	85.9421812833	1	5.57521560121	61.376	-17.414	68.948	64.541	-15.283	68.902	64.821	-19.681	72.317
503214	TRP	 321 	ILE	 323 	ILE	 319 	7	70.7216899734	1	7.03156938386	61.376	-17.414	68.948	66.359	-16.963	66.017	64.821	-19.681	72.317
502784	TRP	 321 	ILE	 319 	PHE	 340 	9	83.4592529657	1	6.269809088	61.376	-17.414	68.948	64.821	-19.681	72.317	62.046	-14.221	73.658
474411	THR	 322 	ILE	 319 	ILE	 323 	4	50.273236512	1	7.03156938386	64.541	-15.283	68.902	64.821	-19.681	72.317	66.359	-16.963	66.017
502998	TRP	 321 	ILE	 323 	GLU	 320 	7	73.9510994667	1	5.79865941404	61.376	-17.414	68.948	66.359	-16.963	66.017	63.787	-20.379	68.721
508755	TRP	 321 	ASP	 324 	GLU	 320 	4	52.3828322239	1	7.61395495127	61.376	-17.414	68.948	65.177	-16.248	62.478	63.787	-20.379	68.721
498459	TRP	 321 	GLU	 320 	PHE	 340 	4	50.8963129308	1	8.08245098964	61.376	-17.414	68.948	63.787	-20.379	68.721	62.046	-14.221	73.658
387795	ASP	 324 	ILE	 323 	GLU	 320 	4	46.4211553341	1	7.61395495127	65.177	-16.248	62.478	66.359	-16.963	66.017	63.787	-20.379	68.721
513292	TRP	 321 	THR	 322 	ILE	 323 	5	56.2290385502	1	5.79865941404	61.376	-17.414	68.948	64.541	-15.283	68.902	66.359	-16.963	66.017
513582	TRP	 321 	THR	 322 	ASP	 324 	7	73.2097466754	1	7.59394870933	61.376	-17.414	68.948	64.541	-15.283	68.902	65.177	-16.248	62.478
659238	ASN	 339 	TRP	 321 	THR	 322 	7	73.1405041681	1	6.18488156718	61.636	-11.572	70.962	61.376	-17.414	68.948	64.541	-15.283	68.902
512864	TRP	 321 	THR	 322 	PHE	 340 	9	85.9707801884	1	5.7295941392	61.376	-17.414	68.948	64.541	-15.283	68.902	62.046	-14.221	73.658
508973	TRP	 321 	ASP	 324 	ILE	 323 	6	65.9804655741	1	7.59394870933	61.376	-17.414	68.948	65.177	-16.248	62.478	66.359	-16.963	66.017
659095	ASN	 339 	TRP	 321 	PRO	 341 	8	79.7653777481	1	7.14513120943	61.636	-11.572	70.962	61.376	-17.414	68.948	58.61	-15.026	75.088
509981	TRP	 321 	PRO	 341 	PHE	 340 	6	67.1733279906	1	7.14513120943	61.376	-17.414	68.948	58.61	-15.026	75.088	62.046	-14.221	73.658
515313	TRP	 321 	TRP	 390 	TRP	 387 	1	19.5239343723	2	19.0789904607	61.376	-17.414	68.948	77.034	-28.186	67.275	73.768	-25.793	69.517
484489	THR	 337 	THR	 322 	ILE	 323 	2	33.3633429718	1	8.08200179411	66.777	-11.736	72.167	64.541	-15.283	68.902	66.359	-16.963	66.017
484206	THR	 322 	THR	 337 	GLN	 336 	7	73.7062764109	1	5.31423842145	64.541	-15.283	68.902	66.777	-11.736	72.167	66.745	-10.809	68.486
657007	ASN	 339 	THR	 322 	GLN	 336 	8	80.8437120367	1	5.72840518818	61.636	-11.572	70.962	64.541	-15.283	68.902	66.745	-10.809	68.486
484275	THR	 322 	THR	 337 	GLU	 338 	4	46.2918295295	1	7.22335476077	64.541	-15.283	68.902	66.777	-11.736	72.167	64.018	-9.166	72.708
657800	ASN	 339 	THR	 337 	THR	 322 	9	87.8057067965	1	5.31423842145	61.636	-11.572	70.962	66.777	-11.736	72.167	64.541	-15.283	68.902
657075	ASN	 339 	THR	 322 	GLU	 338 	4	44.8417617616	1	7.22335476077	61.636	-11.572	70.962	64.541	-15.283	68.902	64.018	-9.166	72.708
537770	TYR	 325 	ASP	 324 	ILE	 323 	3	42.5031716792	1	6.5161107265	66.646	-18.356	59.658	65.177	-16.248	62.478	66.359	-16.963	66.017
537771	TYR	 333 	ASP	 324 	ILE	 323 	4	52.0513358489	1	6.840311835	70.258	-15.999	60.48	65.177	-16.248	62.478	66.359	-16.963	66.017
388015	ASP	 324 	ILE	 335 	ILE	 323 	8	79.0755982522	1	6.38546482255	65.177	-16.248	62.478	68.985	-13.252	66.637	66.359	-16.963	66.017
272523	ILE	 323 	ILE	 335 	GLN	 336 	4	48.6518210429	1	6.64203831666	66.359	-16.963	66.017	68.985	-13.252	66.637	66.745	-10.809	68.486
544539	TYR	 325 	TYR	 333 	PHE	 332 	4	51.7048289778	1	6.36033599741	66.646	-18.356	59.658	70.258	-15.999	60.48	72.058	-16.177	57.125
545115	TYR	 325 	TYR	 333 	LYS	 334 	4	46.7171411309	1	6.65080874781	66.646	-18.356	59.658	70.258	-15.999	60.48	69.344	-13.198	62.875
393776	ASP	 328 	ASP	 326 	ILE	 327 	9	89.9385427048	1	6.62160984958	69.236	-13.6	52.766	64.882	-16.58	56.767	67.794	-14.196	56.238
393343	ASP	 326 	ASP	 328 	PHE	 332 	8	75.934036762	1	7.19621768709	64.882	-16.58	56.767	69.236	-13.6	52.766	72.058	-16.177	57.125
537340	TYR	 333 	ASP	 326 	PHE	 332 	5	53.0610491856	1	7.19621768709	70.258	-15.999	60.48	64.882	-16.58	56.767	72.058	-16.177	57.125
531583	TYR	 333 	ILE	 327 	PHE	 332 	8	76.5228767358	1	5.2265350855	70.258	-15.999	60.48	67.794	-14.196	56.238	72.058	-16.177	57.125
596593	ALA	 330 	PRO	 331 	GLU	 329 	2	31.1621050041	1	6.29120091874	75.324	-13.839	55.792	75.613	-15.361	58.295	72.53	-12.077	53.903
602355	ALA	 330 	TYR	 333 	GLU	 329 	4	48.0279970511	1	7.98755262893	75.324	-13.839	55.792	70.258	-15.999	60.48	72.53	-12.077	53.903
602931	ALA	 330 	TYR	 333 	PRO	 331 	4	52.4335414268	1	7.23237858522	75.324	-13.839	55.792	70.258	-15.999	60.48	75.613	-15.361	58.295
596882	ALA	 330 	PRO	 331 	GLY	 403 	3	40.1105776508	1	6.41983449942	75.324	-13.839	55.792	75.613	-15.361	58.295	77.329	-19.174	58.747
602144	ALA	 330 	TYR	 333 	PHE	 402 	9	85.3264941011	1	7.9143707899	75.324	-13.839	55.792	70.258	-15.999	60.48	74.866	-21.174	56.656
407741	PRO	 331 	PHE	 402 	PHE	 332 	6	66.6463551771	1	6.08566339851	75.613	-15.361	58.295	74.866	-21.174	56.656	72.058	-16.177	57.125
417819	PRO	 331 	GLY	 403 	PHE	 332 	4	51.7565712044	1	6.27664990262	75.613	-15.361	58.295	77.329	-19.174	58.747	72.058	-16.177	57.125
539354	TYR	 333 	PRO	 331 	LYS	 334 	3	38.9231600336	1	8.05948695638	70.258	-15.999	60.48	75.613	-15.361	58.295	69.344	-13.198	62.875
538782	TYR	 333 	PRO	 331 	PHE	 402 	7	70.0349057442	1	7.9143707899	70.258	-15.999	60.48	75.613	-15.361	58.295	74.866	-21.174	56.656
539283	TYR	 333 	PRO	 331 	GLY	 403 	4	46.3601709804	1	7.94247788791	70.258	-15.999	60.48	75.613	-15.361	58.295	77.329	-19.174	58.747
545334	TYR	 407 	TYR	 333 	PRO	 331 	7	74.7570635744	1	8.01967393352	76.25	-19.204	64.739	70.258	-15.999	60.48	75.613	-15.361	58.295
417817	PRO	 331 	GLY	 403 	PHE	 404 	2	24.2355278981	1	7.59841391344	75.613	-15.361	58.295	77.329	-19.174	58.747	77.996	-21.915	61.312
422646	PRO	 331 	ASP	 406 	GLY	 403 	7	73.7267229838	1	6.61634717952	75.613	-15.361	58.295	79.188	-17.081	63.59	77.329	-19.174	58.747
539500	TYR	 407 	PRO	 331 	ASP	 406 	5	59.7007619746	1	7.52991062364	76.25	-19.204	64.739	75.613	-15.361	58.295	79.188	-17.081	63.59
534457	TYR	 333 	LYS	 334 	PHE	 332 	2	30.5355247389	1	7.02159077418	70.258	-15.999	60.48	69.344	-13.198	62.875	72.058	-16.177	57.125
534889	TYR	 333 	LYS	 334 	ILE	 335 	2	33.93481073	1	6.86113598466	70.258	-15.999	60.48	69.344	-13.198	62.875	68.985	-13.252	66.637
533019	TYR	 333 	GLY	 403 	PHE	 402 	4	50.5383384319	1	7.94247788791	70.258	-15.999	60.48	77.329	-19.174	58.747	74.866	-21.174	56.656
545046	TYR	 333 	TYR	 407 	GLY	 403 	7	73.8870604249	1	8.01967393352	70.258	-15.999	60.48	76.25	-19.204	64.739	77.329	-19.174	58.747
330122	LYS	 334 	ILE	 335 	GLN	 336 	3	39.4557353756	1	6.62913591654	69.344	-13.198	62.875	68.985	-13.252	66.637	66.745	-10.809	68.486
657005	ASN	 339 	THR	 337 	GLN	 336 	6	64.7503799989	1	5.72840518818	61.636	-11.572	70.962	66.777	-11.736	72.167	66.745	-10.809	68.486
641018	ASN	 339 	GLN	 336 	PHE	 340 	3	41.9795718675	1	7.77636991147	61.636	-11.572	70.962	66.745	-10.809	68.486	62.046	-14.221	73.658
412058	PRO	 341 	GLU	 342 	PHE	 340 	3	43.4270735713	1	6.4662494539	58.61	-15.026	75.088	57.523	-13.004	78.116	62.046	-14.221	73.658
422357	PRO	 341 	ASP	 344 	GLU	 342 	6	67.2938083535	1	7.94180489561	58.61	-15.026	75.088	53.14	-14.819	80.842	57.523	-13.004	78.116
412207	PRO	 341 	GLU	 342 	GLN	 345 	8	81.852962996	1	5.60817430186	58.61	-15.026	75.088	57.523	-13.004	78.116	53.565	-16.113	77.283
654699	ASN	 343 	PRO	 341 	ASP	 344 	4	45.3479708505	1	7.94180489561	56.912	-14.848	81.376	58.61	-15.026	75.088	53.14	-14.819	80.842
654128	ASN	 343 	PRO	 341 	GLN	 345 	9	88.083541559	1	6.51566051909	56.912	-14.848	81.376	58.61	-15.026	75.088	53.565	-16.113	77.283
654631	ASN	 343 	PRO	 341 	MET	 346 	8	81.1453664762	1	6.51566051909	56.912	-14.848	81.376	58.61	-15.026	75.088	55.571	-19.113	78.508
422285	PRO	 341 	ASP	 344 	GLN	 345 	6	66.6604066202	1	7.94180489561	58.61	-15.026	75.088	53.14	-14.819	80.842	53.565	-16.113	77.283
422792	PRO	 341 	ASP	 344 	MET	 346 	9	83.3517385475	1	7.94180489561	58.61	-15.026	75.088	53.14	-14.819	80.842	55.571	-19.113	78.508
420845	PRO	 341 	MET	 346 	GLN	 345 	6	68.0485355917	1	6.13477709457	58.61	-15.026	75.088	55.571	-19.113	78.508	53.565	-16.113	77.283
642608	ASN	 343 	GLU	 342 	GLN	 345 	9	84.6170596689	1	5.4364770762	56.912	-14.848	81.376	57.523	-13.004	78.116	53.565	-16.113	77.283
651316	ASN	 343 	MET	 346 	GLU	 342 	5	56.226640058	1	6.42525089004	56.912	-14.848	81.376	55.571	-19.113	78.508	57.523	-13.004	78.116
653192	ASN	 343 	ASP	 344 	MET	 346 	9	87.5912298136	1	5.45854861662	56.912	-14.848	81.376	53.14	-14.819	80.842	55.571	-19.113	78.508
651246	ASN	 343 	MET	 346 	GLN	 345 	7	68.5975678731	1	5.4364770762	56.912	-14.848	81.376	55.571	-19.113	78.508	53.565	-16.113	77.283
651388	ASN	 343 	MET	 346 	LEU	 347 	5	58.1717789275	1	6.28896287157	56.912	-14.848	81.376	55.571	-19.113	78.508	52.783	-19.581	81.058
392048	ASP	 344 	MET	 346 	GLN	 345 	9	89.9481930643	1	5.45854861662	53.14	-14.819	80.842	55.571	-19.113	78.508	53.565	-16.113	77.283
180220	GLU	 348 	GLN	 345 	PHE	 349 	5	56.1263893865	1	6.34267214981	50.084	-19.643	78.379	53.565	-16.113	77.283	52.124	-22.241	76.508
350142	MET	 346 	PHE	 350 	PHE	 349 	7	73.7326050674	1	6.37394085319	55.571	-19.113	78.508	52.254	-24.446	79.596	52.124	-22.241	76.508
638142	ASN	 352 	PHE	 349 	PHE	 350 	7	70.2359791138	1	5.48031194368	47.761	-25.524	76.977	52.124	-22.241	76.508	52.254	-24.446	79.596
522943	TYR	 353 	PHE	 349 	PHE	 350 	8	77.4076082642	1	6.20340825676	50.463	-28.169	77.271	52.124	-22.241	76.508	52.254	-24.446	79.596
660028	ASN	 352 	TYR	 353 	LEU	 351 	5	59.9829765212	1	5.56902980779	47.761	-25.524	76.977	50.463	-28.169	77.271	48.557	-23.925	80.332
664208	ASN	 359 	ARG	 355 	GLN	 357 	9	87.7923849683	1	7.51086186799	46.831	-35.133	84.241	45.669	-29.232	79.742	48.234	-34.006	78.814
664996	ASN	 359 	ARG	 355 	THR	 360 	5	60.4928173983	1	7.51086186799	46.831	-35.133	84.241	45.669	-29.232	79.742	46.051	-31.729	85.745
648364	ASN	 359 	GLY	 358 	GLN	 357 	5	57.7132274774	1	5.71759276269	46.831	-35.133	84.241	45.094	-34.492	80.909	48.234	-34.006	78.814
475562	THR	 360 	GLY	 358 	GLN	 357 	3	43.6244858085	1	7.61504950739	46.051	-31.729	85.745	45.094	-34.492	80.909	48.234	-34.006	78.814
657004	ASN	 359 	THR	 360 	GLN	 357 	5	58.9410583327	1	7.61504950739	46.831	-35.133	84.241	46.051	-31.729	85.745	48.234	-34.006	78.814
657364	ASN	 359 	THR	 360 	GLY	 358 	5	58.8228434048	1	5.65127543126	46.831	-35.133	84.241	46.051	-31.729	85.745	45.094	-34.492	80.909
664563	ASN	 359 	ARG	 361 	GLY	 358 	4	46.9199530851	1	7.98074739608	46.831	-35.133	84.241	42.887	-30.418	87.407	45.094	-34.492	80.909
628275	ARG	 361 	THR	 360 	GLU	 362 	4	46.0320777565	1	6.34296003456	42.887	-30.418	87.407	46.051	-31.729	85.745	41.617	-27.194	85.826
469879	THR	 360 	GLU	 364 	GLU	 362 	8	80.3723651776	1	6.48614053193	46.051	-31.729	85.745	45.738	-26.274	89.24	41.617	-27.194	85.826
540436	TYR	 366 	SER	 369 	GLU	 370 	5	55.7990270082	1	6.35468795457	47.983	-21.843	86.355	52.328	-23.71	84.701	54.29	-21.384	86.982
412203	PRO	 378 	GLU	 375 	GLN	 374 	4	50.054675877	1	7.55758532866	67.828	-23.431	83.727	61.746	-25.678	85.634	61.012	-22.129	86.721
469659	THR	 376 	GLU	 375 	PHE	 379 	4	49.4166282811	1	8.09064453551	62.477	-24.405	82.103	61.746	-25.678	85.634	67.803	-25.094	80.302
412059	PRO	 378 	GLU	 375 	PHE	 379 	4	45.061266785	1	8.09064453551	67.828	-23.431	83.727	61.746	-25.678	85.634	67.803	-25.094	80.302
481181	THR	 376 	PRO	 378 	PHE	 379 	6	66.6487962943	1	5.67620057785	62.477	-24.405	82.103	67.828	-23.431	83.727	67.803	-25.094	80.302
413784	PRO	 378 	LEU	 422 	LEU	 377 	1	21.5785892876	1	7.82448656463	67.828	-23.431	83.727	71.92	-23.299	85.199	64.746	-21.404	82.716
423582	PRO	 381 	PRO	 378 	PHE	 379 	7	70.0218592118	1	6.6746589426	71.832	-21.847	78.627	67.828	-23.431	83.727	67.803	-25.094	80.302
413497	PRO	 378 	LEU	 421 	PHE	 379 	2	31.0322279892	1	7.7296401598	67.828	-23.431	83.727	70.385	-19.831	85.34	67.803	-25.094	80.302
575574	VAL	 382 	VAL	 380 	PRO	 378 	7	70.4497094678	1	7.24671104709	71.806	-25.63	78.083	68.04	-21.844	78.36	67.828	-23.431	83.727
654555	ASN	 424 	PRO	 378 	LYS	 423 	4	50.0971380031	1	7.82848254772	71.19	-21.947	90.213	67.828	-23.431	83.727	74.263	-22.826	88.144
569020	VAL	 380 	SER	 383 	PHE	 379 	5	60.0381009086	1	6.15639610487	68.04	-21.844	78.36	70.214	-25.18	74.638	67.803	-25.094	80.302
567941	VAL	 380 	PRO	 381 	HIS	 384 	6	63.8568582424	1	6.50384209525	68.04	-21.844	78.36	71.832	-21.847	78.627	72.669	-22.389	73.824
567940	VAL	 380 	PRO	 381 	HIS	 418 	5	60.5757490133	1	7.22315125136	68.04	-21.844	78.36	71.832	-21.847	78.627	72.772	-17.041	80.951
569380	VAL	 380 	SER	 383 	HIS	 384 	5	56.1515150616	1	6.50384209525	68.04	-21.844	78.36	70.214	-25.18	74.638	72.669	-22.389	73.824
567943	VAL	 382 	PRO	 381 	HIS	 384 	8	81.7030641177	1	5.42106364102	71.806	-25.63	78.083	71.832	-21.847	78.627	72.669	-22.389	73.824
541015	TYR	 415 	SER	 383 	PRO	 381 	8	78.0720667346	1	7.9118929467	75.393	-19.7	77.035	70.214	-25.18	74.638	71.832	-21.847	78.627
415231	PRO	 381 	HIS	 384 	LEU	 414 	8	80.6507443816	1	6.84005921027	71.832	-21.847	78.627	72.669	-22.389	73.824	74.388	-16.654	74.982
538783	TYR	 415 	PRO	 381 	PHE	 385 	8	79.4559073636	1	6.09492067217	75.393	-19.7	77.035	71.832	-21.847	78.627	75.677	-24.51	74.719
415231	PRO	 381 	HIS	 418 	LEU	 414 	8	82.5456803911	1	6.84005921027	71.832	-21.847	78.627	72.772	-17.041	80.951	74.388	-16.654	74.982
538778	TYR	 415 	PRO	 381 	PHE	 416 	3	34.7207776616	1	7.3531302858	75.393	-19.7	77.035	71.832	-21.847	78.627	77.877	-17.687	79.097
539356	TYR	 415 	PRO	 381 	LYS	 417 	5	53.5807481123	1	7.88712032367	75.393	-19.7	77.035	71.832	-21.847	78.627	75.385	-14.834	79.26
414941	PRO	 381 	HIS	 418 	PHE	 416 	6	67.7935326084	1	7.3531302858	71.832	-21.847	78.627	72.772	-17.041	80.951	77.877	-17.687	79.097
419622	PRO	 381 	LYS	 419 	HIS	 418 	7	69.2076800516	1	5.59213894677	71.832	-21.847	78.627	75.047	-19.595	82.61	72.772	-17.041	80.951
415231	PRO	 381 	HIS	 418 	LEU	 422 	8	79.8682007182	1	7.61143692084	71.832	-21.847	78.627	72.772	-17.041	80.951	71.92	-23.299	85.199
574203	VAL	 382 	TYR	 415 	SER	 383 	4	48.0717796668	1	7.9118929467	71.806	-25.63	78.083	75.393	-19.7	77.035	70.214	-25.18	74.638
511781	TRP	 387 	SER	 383 	HIS	 384 	6	68.2001954974	1	6.26349151831	73.768	-25.793	69.517	70.214	-25.18	74.638	72.669	-22.389	73.824
436542	SER	 383 	PHE	 385 	PHE	 386 	7	73.1389990589	1	5.504528136	70.214	-25.18	74.638	75.677	-24.51	74.719	74.348	-27.555	72.843
511424	TRP	 387 	SER	 383 	PHE	 385 	9	88.0215702038	1	6.26349151831	73.768	-25.793	69.517	70.214	-25.18	74.638	75.677	-24.51	74.719
511422	TRP	 387 	SER	 383 	PHE	 386 	7	73.4985391244	1	6.26349151831	73.768	-25.793	69.517	70.214	-25.18	74.638	74.348	-27.555	72.843
234944	HIS	 384 	PHE	 386 	PHE	 385 	9	89.5374412704	1	5.51986938251	72.669	-22.389	73.824	74.348	-27.555	72.843	75.677	-24.51	74.719
299742	GLY	 388 	HIS	 384 	PHE	 385 	7	75.2221477314	1	5.76894730432	76.836	-23.629	70.032	72.669	-22.389	73.824	75.677	-24.51	74.719
616539	ARG	 411 	HIS	 384 	PHE	 385 	4	52.2553787648	1	6.51784143716	74.906	-19.38	70.773	72.669	-22.389	73.824	75.677	-24.51	74.719
240698	HIS	 384 	LEU	 414 	PHE	 385 	3	42.2026470784	1	7.96538925603	72.669	-22.389	73.824	74.388	-16.654	74.982	75.677	-24.51	74.719
530142	TYR	 415 	HIS	 384 	PHE	 385 	7	68.6233997193	1	5.34608380032	75.393	-19.7	77.035	72.669	-22.389	73.824	75.677	-24.51	74.719
299744	GLY	 388 	HIS	 384 	PHE	 386 	9	88.9257541894	1	5.76894730432	76.836	-23.629	70.032	72.669	-22.389	73.824	74.348	-27.555	72.843
504584	TRP	 387 	GLY	 388 	HIS	 384 	9	87.2218168396	1	5.76894730432	73.768	-25.793	69.517	76.836	-23.629	70.032	72.669	-22.389	73.824
629863	ARG	 411 	TRP	 387 	HIS	 384 	8	81.3981903875	1	6.63318543386	74.906	-19.38	70.773	73.768	-25.793	69.517	72.669	-22.389	73.824
501629	TRP	 387 	HIS	 384 	LEU	 412 	6	66.7544540104	1	7.98166837196	73.768	-25.793	69.517	72.669	-22.389	73.824	78.003	-19.955	72.936
494144	TRP	 387 	PHE	 385 	PHE	 386 	9	89.846503136	1	5.68780924434	73.768	-25.793	69.517	75.677	-24.51	74.719	74.348	-27.555	72.843
629503	ARG	 411 	TRP	 387 	PHE	 385 	8	81.4966267268	1	6.63318543386	74.906	-19.38	70.773	73.768	-25.793	69.517	75.677	-24.51	74.719
504221	TRP	 387 	GLY	 388 	PHE	 386 	6	62.4713081735	1	5.43188190225	73.768	-25.793	69.517	76.836	-23.629	70.032	74.348	-27.555	72.843
571901	VAL	 389 	TRP	 387 	PHE	 386 	6	66.6238958972	1	5.62718046627	79.142	-26.637	70.043	73.768	-25.793	69.517	74.348	-27.555	72.843
514300	TRP	 390 	TRP	 387 	PHE	 386 	5	55.5774698556	1	6.21412753329	77.034	-28.186	67.275	73.768	-25.793	69.517	74.348	-27.555	72.843
571903	VAL	 389 	TRP	 390 	PHE	 386 	8	80.5952686849	1	6.21412753329	79.142	-26.637	70.043	77.034	-28.186	67.275	74.348	-27.555	72.843
504728	TRP	 387 	GLY	 408 	GLY	 388 	9	85.6063945086	1	6.85327213818	73.768	-25.793	69.517	78.353	-21.318	67.084	76.836	-23.629	70.032
504505	TRP	 387 	GLY	 388 	LEU	 412 	2	32.4460634617	1	7.98166837196	73.768	-25.793	69.517	76.836	-23.629	70.032	78.003	-19.955	72.936
572911	VAL	 389 	TRP	 387 	TRP	 390 	8	78.6877177459	1	5.46524363592	79.142	-26.637	70.043	73.768	-25.793	69.517	77.034	-28.186	67.275
514808	TRP	 390 	TRP	 387 	GLY	 408 	9	88.1681990543	1	6.99611792353	77.034	-28.186	67.275	73.768	-25.793	69.517	78.353	-21.318	67.084
630006	ARG	 411 	TRP	 387 	GLY	 408 	7	75.0805929247	1	6.85327213818	74.906	-19.38	70.773	73.768	-25.793	69.517	78.353	-21.318	67.084
629787	ARG	 411 	TRP	 387 	LEU	 412 	4	45.6959321152	1	7.98166837196	74.906	-19.38	70.773	73.768	-25.793	69.517	78.003	-19.955	72.936
303128	GLY	 388 	GLY	 391 	GLY	 408 	9	87.0549682314	1	5.04336405587	76.836	-23.629	70.032	77.452	-25.025	65.225	78.353	-21.318	67.084
624243	ARG	 411 	ASP	 410 	GLY	 388 	4	47.1986799105	1	7.24330373517	74.906	-19.38	70.773	76.652	-16.457	69.035	76.836	-23.629	70.032
504366	TRP	 390 	GLY	 391 	GLN	 394 	7	73.2543629086	1	6.23557511381	77.034	-28.186	67.275	77.452	-25.025	65.225	79.229	-28.112	61.439
504727	TRP	 390 	GLY	 408 	GLY	 391 	8	82.4313447323	1	6.99611792353	77.034	-28.186	67.275	78.353	-21.318	67.084	77.452	-25.025	65.225
500047	TRP	 390 	LEU	 392 	GLN	 394 	8	81.8166281431	1	6.23557511381	77.034	-28.186	67.275	81.239	-25.005	65.554	79.229	-28.112	61.439
500044	TRP	 390 	LEU	 393 	GLN	 394 	5	58.8868313962	1	6.23557511381	77.034	-28.186	67.275	81.502	-28.644	64.455	79.229	-28.112	61.439
533306	TYR	 407 	GLY	 408 	LEU	 392 	3	41.7960145762	1	7.69454007722	76.25	-19.204	64.739	78.353	-21.318	67.084	81.239	-25.005	65.554
441008	SER	 398 	GLU	 396 	GLN	 394 	9	87.4794634589	1	6.15068215729	78.407	-29.267	56.584	83.952	-28.488	59.129	79.229	-28.112	61.439
292540	GLY	 403 	PHE	 404 	PHE	 402 	5	58.5427789403	1	5.65900318077	77.329	-19.174	58.747	77.996	-21.915	61.312	74.866	-21.174	56.656
533022	TYR	 407 	GLY	 408 	PHE	 404 	7	71.8120103995	1	5.81376315307	76.25	-19.204	64.739	78.353	-21.318	67.084	77.996	-21.915	61.312
635984	ARG	 411 	ARG	 409 	ASP	 410 	9	89.7413140663	1	5.63974237	74.906	-19.38	70.773	79.979	-18.243	68.587	76.652	-16.457	69.035
540222	TYR	 415 	SER	 413 	PHE	 416 	7	70.5500674142	1	5.26018488268	75.393	-19.7	77.035	78.069	-16.312	74.03	77.877	-17.687	79.097
530141	TYR	 415 	HIS	 418 	PHE	 416 	6	68.2298187941	1	5.46952072855	75.393	-19.7	77.035	72.772	-17.041	80.951	77.877	-17.687	79.097
332862	LYS	 419 	LYS	 417 	PHE	 416 	7	75.4290189372	1	5.83128330644	75.047	-19.595	82.61	75.385	-14.834	79.26	77.877	-17.687	79.097
324219	LYS	 417 	GLN	 420 	PHE	 416 	4	49.0318246514	1	8.06672108108	75.385	-14.834	79.26	73.87	-18.463	86.055	77.877	-17.687	79.097
324217	LYS	 419 	GLN	 420 	PHE	 416 	2	32.5216189751	1	8.06672108108	75.047	-19.595	82.61	73.87	-18.463	86.055	77.877	-17.687	79.097
333224	LYS	 417 	LYS	 419 	HIS	 418 	9	89.830443339	1	5.83128330644	75.385	-14.834	79.26	75.047	-19.595	82.61	72.772	-17.041	80.951
328683	LYS	 417 	HIS	 418 	GLN	 420 	4	49.0501895883	1	7.85091657069	75.385	-14.834	79.26	72.772	-17.041	80.951	73.87	-18.463	86.055
333002	LYS	 417 	LYS	 419 	GLN	 420 	3	42.0743249983	1	7.85091657069	75.385	-14.834	79.26	75.047	-19.595	82.61	73.87	-18.463	86.055
328685	LYS	 419 	HIS	 418 	GLN	 420 	6	62.9789163871	1	5.41096146724	75.047	-19.595	82.61	72.772	-17.041	80.951	73.87	-18.463	86.055
328828	LYS	 419 	HIS	 418 	LEU	 422 	5	54.9412150607	1	7.61143692084	75.047	-19.595	82.61	72.772	-17.041	80.951	71.92	-23.299	85.199
333007	LYS	 423 	LYS	 419 	GLN	 420 	8	76.2786037091	1	6.45594090741	74.263	-22.826	88.144	75.047	-19.595	82.61	73.87	-18.463	86.055
644186	ASN	 424 	LEU	 421 	LEU	 425 	3	42.2309288256	1	7.55229501542	71.19	-21.947	90.213	70.385	-19.831	85.34	70.063	-25.591	90.214
