571034	VAL	 147 	THR	 148 	LYS	 146 	3	41.9491140281	1	6.56940263647	38.826	45.227	94.887	40.932	42.764	92.851	35.875	46.945	93.172
571105	VAL	 147 	THR	 148 	MET	 149 	2	28.3086171584	1	7.14789402552	38.826	45.227	94.887	40.932	42.764	92.851	43.579	40.073	93.495
657512	ASN	 150 	THR	 148 	MET	 149 	9	89.9564146176	1	5.43665540567	46.238	42.245	91.786	40.932	42.764	92.851	43.579	40.073	93.495
480389	THR	 148 	ASP	 151 	MET	 149 	6	67.9273452614	1	5.66851559052	40.932	42.764	92.851	45.886	45.067	94.363	43.579	40.073	93.495
478300	THR	 148 	MET	 149 	PHE	 152 	5	59.955154017	1	8.06423083747	40.932	42.764	92.851	43.579	40.073	93.495	47.965	42.957	96.792
484707	THR	 221 	THR	 148 	MET	 149 	4	50.1034163204	1	7.95294869844	36.753	36.367	91.786	40.932	42.764	92.851	43.579	40.073	93.495
656860	ASN	 150 	THR	 148 	PHE	 152 	5	57.6265161375	1	8.06423083747	46.238	42.245	91.786	40.932	42.764	92.851	47.965	42.957	96.792
479738	THR	 148 	ASP	 151 	PHE	 152 	3	38.0730354395	1	8.06423083747	40.932	42.764	92.851	45.886	45.067	94.363	47.965	42.957	96.792
484203	THR	 148 	THR	 221 	GLN	 220 	4	50.0785023202	1	7.91339503627	40.932	42.764	92.851	36.753	36.367	91.786	35.406	37.577	95.127
653189	ASN	 150 	ASP	 151 	MET	 149 	6	60.919629912	1	5.569174894	46.238	42.245	91.786	45.886	45.067	94.363	43.579	40.073	93.495
651103	ASN	 150 	MET	 149 	PHE	 152 	8	76.3085037971	1	6.19876286044	46.238	42.245	91.786	43.579	40.073	93.495	47.965	42.957	96.792
391900	ASP	 151 	MET	 149 	PHE	 152 	5	60.4781152187	1	6.19876286044	45.886	45.067	94.363	43.579	40.073	93.495	47.965	42.957	96.792
653260	ASN	 150 	ASP	 153 	ASP	 151 	5	55.4137311531	1	7.53670697321	46.238	42.245	91.786	51.486	41.433	97.134	45.886	45.067	94.363
652542	ASN	 150 	ASP	 153 	PHE	 152 	7	70.6248236749	1	7.53670697321	46.238	42.245	91.786	51.486	41.433	97.134	47.965	42.957	96.792
393344	ASP	 153 	ASP	 151 	PHE	 152 	9	89.5503303509	1	7.2280285694	51.486	41.433	97.134	45.886	45.067	94.363	47.965	42.957	96.792
327384	LYS	 156 	LEU	 155 	LEU	 157 	1	22.9634979729	1	7.29803405035	53.984	34.138	102.946	54.365	37.289	100.794	51.573	31.495	104.243
592203	ALA	 445 	LYS	 156 	GLN	 446 	4	51.9630175835	1	7.87949808046	58.215	27.718	104.669	53.984	34.138	102.946	55.61	26.613	102.081
448203	SER	 447 	LYS	 156 	GLN	 446 	4	51.2069642346	1	7.7471108163	55.65	28.101	98.575	53.984	34.138	102.946	55.61	26.613	102.081
331705	LYS	 160 	GLY	 159 	LEU	 158 	2	24.7824977761	1	7.17738921893	46.397	26.334	106.131	47.972	29.159	108.099	50.387	32.054	107.827
331706	LYS	 165 	GLY	 159 	LEU	 158 	3	41.373986416	1	7.9466461479	44.567	29.231	103.211	47.972	29.159	108.099	50.387	32.054	107.827
331921	LYS	 160 	GLY	 159 	GLY	 161 	2	31.816303041	1	6.92758984063	46.397	26.334	106.131	47.972	29.159	108.099	43.297	24.249	106.675
331927	LYS	 165 	GLY	 161 	GLY	 159 	8	79.7048643706	1	6.92758984063	44.567	29.231	103.211	43.297	24.249	106.675	47.972	29.159	108.099
331416	LYS	 165 	GLY	 164 	PHE	 163 	1	16.6031359838	1	7.46282198635	44.567	29.231	103.211	41.244	27.349	103.133	38.991	24.275	103.411
563761	VAL	 166 	LYS	 165 	GLY	 164 	2	33.8714217759	1	6.93636309603	45.548	32.415	105.114	44.567	29.231	103.211	41.244	27.349	103.133
565274	VAL	 166 	MET	 180 	LYS	 165 	3	34.4366992203	1	8.08491614057	45.548	32.415	105.114	43.965	37.287	103.534	44.567	29.231	103.211
560665	VAL	 166 	ILE	 167 	LEU	 168 	2	33.0422797367	1	6.9701719491	45.548	32.415	105.114	48.315	34.464	103.459	50.218	37.569	104.655
560811	VAL	 166 	ILE	 182 	ILE	 167 	4	44.8978963676	1	7.84087310189	45.548	32.415	105.114	41.278	32.533	100.59	48.315	34.464	103.459
632665	ARG	 170 	VAL	 169 	LEU	 168 	2	28.8864918289	1	7.06700749964	50.529	43.884	101.498	49.487	40.28	102.107	50.218	37.569	104.655
632594	ARG	 170 	VAL	 169 	GLU	 171 	3	39.4349255706	1	6.65937452018	50.529	43.884	101.498	49.487	40.28	102.107	48.189	46.417	99.871
574422	VAL	 169 	TYR	 177 	TYR	 178 	7	71.2409404568	1	5.72693871104	49.487	40.28	102.107	49.848	44.589	105.862	46.831	42.29	106.19
635477	ARG	 176 	ARG	 170 	GLU	 171 	6	67.679626173	1	5.6119437809	49.7	48.268	104.902	50.529	43.884	101.498	48.189	46.417	99.871
635765	ARG	 170 	ARG	 176 	GLY	 175 	6	63.1085575992	1	5.98031487465	50.529	43.884	101.498	49.7	48.268	104.902	51.803	49.701	102.049
636344	ARG	 176 	ARG	 170 	TYR	 178 	9	83.5591112448	1	6.75474566509	49.7	48.268	104.902	50.529	43.884	101.498	46.831	42.29	106.19
632023	ARG	 170 	TYR	 178 	TYR	 177 	8	80.7963552379	1	6.18311442559	50.529	43.884	101.498	46.831	42.29	106.19	49.848	44.589	105.862
631442	ARG	 176 	TYR	 177 	GLY	 175 	3	39.4915075684	1	6.6703476671	49.7	48.268	104.902	49.848	44.589	105.862	51.803	49.701	102.049
603224	ALA	 179 	TYR	 177 	TYR	 178 	9	89.9826556634	1	7.17275860461	45.963	38.593	106.497	49.848	44.589	105.862	46.831	42.29	106.19
545623	TYR	 177 	TYR	 231 	TYR	 178 	8	78.1891178432	1	6.67738017489	49.848	44.589	105.862	46.961	40.92	110.636	46.831	42.29	106.19
603222	ALA	 179 	TYR	 177 	TYR	 231 	7	71.3668977168	1	7.17275860461	45.963	38.593	106.497	49.848	44.589	105.862	46.961	40.92	110.636
602787	ALA	 179 	TYR	 178 	MET	 180 	4	45.8875307634	1	6.34809428096	45.963	38.593	106.497	46.831	42.29	106.19	43.965	37.287	103.534
536552	TYR	 178 	MET	 180 	MET	 229 	9	86.6902308375	1	6.34809428096	46.831	42.29	106.19	43.965	37.287	103.534	41.459	40.888	107.72
545192	TYR	 231 	TYR	 178 	MET	 229 	9	83.781628477	1	6.22704456384	46.961	40.92	110.636	46.831	42.29	106.19	41.459	40.888	107.72
594074	ALA	 179 	MET	 180 	LYS	 181 	3	41.6309543812	1	6.56018208589	45.963	38.593	106.497	43.965	37.287	103.534	41.815	34.176	103.983
593499	ALA	 179 	MET	 180 	PHE	 227 	4	45.4971943385	1	8.03918969797	45.963	38.593	106.497	43.965	37.287	103.534	38.584	37.98	103.366
594148	ALA	 179 	MET	 229 	MET	 180 	5	60.3692746278	1	6.06381340412	45.963	38.593	106.497	41.459	40.888	107.72	43.965	37.287	103.534
603578	ALA	 179 	VAL	 228 	PHE	 227 	3	40.2566712316	1	8.03918969797	45.963	38.593	106.497	41.158	40.765	103.911	38.584	37.98	103.366
361735	MET	 180 	LYS	 181 	CYS	 226 	8	76.5146481233	1	6.4962223638	43.965	37.287	103.534	41.815	34.176	103.983	38.666	36.435	99.874
363675	MET	 229 	MET	 180 	LYS	 181 	4	45.5750609484	1	7.69043880413	41.459	40.888	107.72	43.965	37.287	103.534	41.815	34.176	103.983
358854	MET	 180 	ILE	 182 	CYS	 226 	7	70.6577232437	1	6.4962223638	43.965	37.287	103.534	41.278	32.533	100.59	38.666	36.435	99.874
351582	MET	 180 	CYS	 226 	PHE	 227 	7	70.2811466019	1	6.4962223638	43.965	37.287	103.534	38.666	36.435	99.874	38.584	37.98	103.366
565348	VAL	 228 	MET	 180 	MET	 229 	5	57.0264166665	1	6.06381340412	41.158	40.765	103.911	43.965	37.287	103.534	41.459	40.888	107.72
265179	ILE	 182 	CYS	 226 	PHE	 227 	4	49.783942343	1	6.68083984242	41.278	32.533	100.59	38.666	36.435	99.874	38.584	37.98	103.366
635837	ARG	 224 	ARG	 184 	LYS	 185 	6	67.7771554102	1	5.39153493914	37.777	32.303	94.921	37.724	28.033	96.852	34.134	28.379	95.553
635980	ARG	 184 	ARG	 224 	ASP	 223 	5	58.6587680267	1	6.05613697005	37.724	28.033	96.852	37.777	32.303	94.921	36.665	30.798	91.569
390675	ASP	 223 	LYS	 185 	GLU	 186 	4	49.9468975933	1	6.96741307804	36.665	30.798	91.569	34.134	28.379	95.553	33.957	24.868	94.028
595154	ALA	 190 	ASP	 192 	GLU	 193 	3	39.3300471779	1	7.8652725954	30.174	20.819	96.635	27.022	22.618	100.784	28.766	25.179	103.028
472759	THR	 197 	HIS	 196 	GLU	 193 	8	76.0559501737	1	6.41637763851	30.631	31.158	104.422	28.235	29.265	106.728	28.766	25.179	103.028
564699	VAL	 194 	MET	 469 	PHE	 470 	4	50.9662755781	1	7.9277326519	27.573	28.397	101.303	24.543	33.059	95.652	27.333	35.167	97.226
484422	THR	 199 	THR	 197 	HIS	 196 	7	73.837506138	1	5.40344464208	27.538	34.165	107.676	30.631	31.158	104.422	28.235	29.265	106.728
472758	THR	 197 	HIS	 196 	GLU	 200 	7	71.3484755606	1	6.15434594413	30.631	31.158	104.422	28.235	29.265	106.728	31.34	34.375	108.185
475781	THR	 197 	GLY	 295 	HIS	 196 	6	62.1069350466	1	6.27534628527	30.631	31.158	104.422	33.42	30.349	109.985	28.235	29.265	106.728
472756	THR	 199 	HIS	 196 	GLU	 200 	5	59.0549472815	1	6.15434594413	27.538	34.165	107.676	28.235	29.265	106.728	31.34	34.375	108.185
472615	THR	 199 	HIS	 196 	CYS	 297 	8	82.2981163926	1	7.41821582323	27.538	34.165	107.676	28.235	29.265	106.728	29.157	31.544	113.727
477221	THR	 199 	LYS	 298 	HIS	 196 	6	60.7058984344	1	8.04740865124	27.538	34.165	107.676	25.364	31.594	113.876	28.235	29.265	106.728
299958	GLY	 295 	HIS	 196 	GLU	 200 	7	75.677175199	1	6.21830603943	33.42	30.349	109.985	28.235	29.265	106.728	31.34	34.375	108.185
299814	GLY	 295 	HIS	 196 	CYS	 297 	7	72.9273398792	1	7.41821582323	33.42	30.349	109.985	28.235	29.265	106.728	29.157	31.544	113.727
240771	HIS	 196 	LEU	 296 	CYS	 297 	4	49.7119481356	1	7.41821582323	28.235	29.265	106.728	31.005	28.533	112.282	29.157	31.544	113.727
328612	LYS	 298 	HIS	 196 	CYS	 297 	5	54.0438837804	1	8.04740865124	25.364	31.594	113.876	28.235	29.265	106.728	29.157	31.544	113.727
484927	THR	 197 	THR	 199 	SER	 201 	8	76.1571084723	1	6.54250701184	30.631	31.158	104.422	27.538	34.165	107.676	31.42	37.469	105.956
484567	THR	 199 	THR	 197 	GLY	 295 	8	77.2065643131	1	7.38181962662	27.538	34.165	107.676	30.631	31.158	104.422	33.42	30.349	109.985
482624	THR	 199 	SER	 201 	PHE	 294 	9	89.5528981387	1	8.07633444082	27.538	34.165	107.676	31.42	37.469	105.956	34.119	33.316	112.28
570535	VAL	 203 	THR	 199 	CYS	 297 	8	82.1846935531	1	7.53539607453	29.65	38.595	111.115	27.538	34.165	107.676	29.157	31.544	113.727
475419	THR	 199 	GLY	 295 	PHE	 294 	4	47.9883968343	1	8.07633444082	27.538	34.165	107.676	33.42	30.349	109.985	34.119	33.316	112.28
466781	THR	 199 	CYS	 297 	PHE	 294 	6	64.3094985145	1	8.07633444082	27.538	34.165	107.676	29.157	31.544	113.727	34.119	33.316	112.28
475495	THR	 199 	GLY	 295 	CYS	 297 	8	80.5242331243	1	7.38181962662	27.538	34.165	107.676	33.42	30.349	109.985	29.157	31.544	113.727
476932	THR	 199 	LYS	 298 	CYS	 297 	5	57.8773407505	1	7.05523330585	27.538	34.165	107.676	25.364	31.594	113.876	29.157	31.544	113.727
440858	SER	 201 	GLU	 200 	PHE	 294 	3	37.6020152529	1	8.0327446119	31.42	37.469	105.956	31.34	34.375	108.185	34.119	33.316	112.28
296935	GLY	 295 	GLU	 200 	CYS	 297 	8	79.7186253235	1	6.59498400301	33.42	30.349	109.985	31.34	34.375	108.185	29.157	31.544	113.727
662117	ASN	 206 	VAL	 203 	THR	 207 	6	61.8946929097	1	5.978650433	28.791	43.768	111.314	29.65	38.595	111.115	31.188	43.431	114.276
574855	VAL	 203 	VAL	 271 	CYS	 297 	8	81.3165249801	1	7.91975018545	29.65	38.595	111.115	25.941	35.786	117.524	29.157	31.544	113.727
657004	ASN	 206 	THR	 207 	GLN	 205 	5	54.4626969055	1	5.90427285955	28.791	43.768	111.314	31.188	43.431	114.276	31.111	43.028	108.386
602287	ALA	 477 	TYR	 475 	GLN	 205 	8	80.6369781961	1	8.06722436777	35.375	49.166	105.349	32.443	44.665	101.607	31.111	43.028	108.386
628418	ARG	 208 	THR	 207 	HIS	 209 	3	42.11161275	1	6.5445383336	33.423	46.055	115.883	31.188	43.431	114.276	35.258	45.142	119.107
599623	ALA	 214 	THR	 207 	HIS	 209 	8	77.4323837029	1	7.94931273759	38.283	43.36	111.975	31.188	43.431	114.276	35.258	45.142	119.107
625544	ARG	 208 	PRO	 210 	HIS	 209 	9	89.494049493	1	7.02888020954	33.423	46.055	115.883	38.911	45.512	120.241	35.258	45.142	119.107
634179	ARG	 208 	ALA	 214 	HIS	 209 	4	46.7883613578	1	7.94931273759	33.423	46.055	115.883	38.283	43.36	111.975	35.258	45.142	119.107
414941	PRO	 210 	HIS	 209 	PHE	 211 	6	61.5432407917	1	5.52982296281	38.911	45.512	120.241	35.258	45.142	119.107	39.299	41.732	120.726
481539	THR	 213 	PRO	 210 	HIS	 209 	4	49.8757813925	1	8.04398272002	39.689	40.586	114.176	38.911	45.512	120.241	35.258	45.142	119.107
481180	THR	 213 	PRO	 210 	PHE	 211 	5	59.8039048747	1	7.85206883566	39.689	40.586	114.176	38.911	45.512	120.241	39.299	41.732	120.726
419263	PRO	 210 	LYS	 290 	PHE	 211 	8	77.0098407563	1	7.56452305172	38.911	45.512	120.241	42.183	38.907	118.541	39.299	41.732	120.726
567579	VAL	 418 	PRO	 210 	PHE	 211 	4	46.5282938611	1	8.01688231172	37.418	46.587	126.822	38.911	45.512	120.241	39.299	41.732	120.726
567723	VAL	 418 	PRO	 210 	GLN	 419 	4	47.0546090142	1	7.94871090178	37.418	46.587	126.822	38.911	45.512	120.241	39.213	49.967	126.817
471098	THR	 213 	LEU	 212 	PHE	 211 	3	39.2903505873	1	6.66092456045	39.689	40.586	114.176	37.738	40.617	117.448	39.299	41.732	120.726
599546	ALA	 214 	THR	 213 	LEU	 215 	3	37.0209923993	1	6.76919943568	38.283	43.36	111.975	39.689	40.586	114.176	37.582	43.07	108.242
599911	ALA	 214 	THR	 213 	MET	 229 	8	76.5353810997	1	6.70104767928	38.283	43.36	111.975	39.689	40.586	114.176	41.459	40.888	107.72
542312	TYR	 231 	THR	 213 	MET	 229 	9	85.6499376646	1	8.0947600335	46.961	40.92	110.636	39.689	40.586	114.176	41.459	40.888	107.72
484639	THR	 292 	THR	 213 	LYS	 290 	8	79.0272143862	1	6.22624614033	39.687	35.097	114.296	39.689	40.586	114.176	42.183	38.907	118.541
602713	ALA	 218 	TYR	 217 	LYS	 216 	2	28.5769005643	1	7.10852446011	35.759	41.168	101.344	37.795	44.151	102.504	39.059	45.604	105.812
545114	TYR	 475 	TYR	 217 	LYS	 216 	3	38.3223271266	1	7.89526453008	32.443	44.665	101.607	37.795	44.151	102.504	39.059	45.604	105.812
563258	VAL	 228 	LYS	 216 	PHE	 227 	3	38.0084676274	1	8.02084266147	41.158	40.765	103.911	39.059	45.604	105.812	38.584	37.98	103.366
361875	MET	 229 	LYS	 216 	GLU	 230 	4	51.9899851095	1	6.9136828102	41.459	40.888	107.72	39.059	45.604	105.812	43.704	42.817	110.108
602717	ALA	 477 	TYR	 475 	LYS	 216 	6	61.7840601136	1	7.89526453008	35.375	49.166	105.349	32.443	44.665	101.607	39.059	45.604	105.812
601276	ALA	 477 	TRP	 479 	LYS	 216 	5	58.6765404029	1	7.78678611495	35.375	49.166	105.349	37.924	52.797	108.57	39.059	45.604	105.812
602138	ALA	 218 	TYR	 217 	PHE	 219 	3	43.245468441	1	6.46461483771	35.759	41.168	101.344	37.795	44.151	102.504	35.831	40.396	97.622
602859	ALA	 218 	TYR	 217 	ASP	 474 	4	44.3730209443	1	7.61843455048	35.759	41.168	101.344	37.795	44.151	102.504	31.299	41.856	99.252
603221	ALA	 218 	TYR	 475 	TYR	 217 	6	66.7341446613	1	5.45093652504	35.759	41.168	101.344	32.443	44.665	101.607	37.795	44.151	102.504
544544	TYR	 475 	TYR	 217 	PHE	 219 	9	86.7325784664	1	6.75152797521	32.443	44.665	101.607	37.795	44.151	102.504	35.831	40.396	97.622
573987	VAL	 228 	TYR	 217 	MET	 229 	4	44.5088306124	1	7.16091621233	41.158	40.765	103.911	37.795	44.151	102.504	41.459	40.888	107.72
545258	TYR	 217 	TYR	 475 	ASP	 474 	3	42.4676117932	1	7.61843455048	37.795	44.151	102.504	32.443	44.665	101.607	31.299	41.856	99.252
544975	TYR	 217 	TYR	 475 	ILE	 476 	8	76.5886004896	1	5.45093652504	37.795	44.151	102.504	32.443	44.665	101.607	34.673	47.774	101.836
580539	ALA	 218 	PHE	 227 	PHE	 219 	4	47.1334782665	1	6.81245924758	35.759	41.168	101.344	38.584	37.98	103.366	35.831	40.396	97.622
580540	ALA	 218 	PHE	 473 	PHE	 219 	5	54.359191168	1	7.07401484307	35.759	41.168	101.344	29.662	38.651	100.612	35.831	40.396	97.622
602139	ALA	 218 	TYR	 475 	PHE	 219 	4	48.9679493041	1	6.75152797521	35.759	41.168	101.344	32.443	44.665	101.607	35.831	40.396	97.622
581983	ALA	 218 	CYS	 226 	PHE	 227 	8	77.9910474805	1	5.74567994236	35.759	41.168	101.344	38.666	36.435	99.874	38.584	37.98	103.366
594939	ALA	 218 	ASP	 474 	PHE	 473 	4	52.4516987464	1	6.63660470421	35.759	41.168	101.344	31.299	41.856	99.252	29.662	38.651	100.612
602144	ALA	 218 	TYR	 475 	PHE	 473 	9	89.1445449229	1	6.70016283384	35.759	41.168	101.344	32.443	44.665	101.607	29.662	38.651	100.612
602571	ALA	 218 	TYR	 475 	ILE	 476 	4	50.120698788	1	6.71272642076	35.759	41.168	101.344	32.443	44.665	101.607	34.673	47.774	101.836
468217	THR	 221 	GLN	 220 	PHE	 219 	2	26.2781066918	1	7.15135099125	36.753	36.367	91.786	35.406	37.577	95.127	35.831	40.396	97.622
209020	LEU	 225 	GLN	 220 	PHE	 219 	5	52.9569179321	1	6.38954309791	36.349	34.04	98.021	35.406	37.577	95.127	35.831	40.396	97.622
149982	GLN	 220 	CYS	 226 	PHE	 219 	7	69.959418851	1	5.87075574351	35.406	37.577	95.127	38.666	36.435	99.874	35.831	40.396	97.622
148540	GLN	 220 	PHE	 473 	PHE	 219 	5	56.2793190039	1	8.01450166885	35.406	37.577	95.127	29.662	38.651	100.612	35.831	40.396	97.622
381822	ASP	 474 	GLN	 220 	PHE	 219 	7	73.0915179484	1	7.22446641628	31.299	41.856	99.252	35.406	37.577	95.127	35.831	40.396	97.622
119739	CYS	 226 	PHE	 219 	PHE	 227 	4	52.0380562381	1	6.81245924758	38.666	36.435	99.874	35.831	40.396	97.622	38.584	37.98	103.366
472681	THR	 221 	HIS	 222 	GLN	 220 	2	33.5288954196	1	6.92597386654	36.753	36.367	91.786	35.403	33.685	89.398	35.406	37.577	95.127
479882	THR	 221 	ASP	 223 	GLN	 220 	3	40.8989438408	1	7.75881988449	36.753	36.367	91.786	36.665	30.798	91.569	35.406	37.577	95.127
628205	ARG	 224 	THR	 221 	GLN	 220 	6	63.9491646526	1	5.78611726463	37.777	32.303	94.921	36.753	36.367	91.786	35.406	37.577	95.127
616687	ARG	 224 	HIS	 222 	GLN	 220 	8	77.812091199	1	6.92597386654	37.777	32.303	94.921	35.403	33.685	89.398	35.406	37.577	95.127
623884	ARG	 224 	ASP	 223 	GLN	 220 	5	57.9486265347	1	7.75881988449	37.777	32.303	94.921	36.665	30.798	91.569	35.406	37.577	95.127
612295	ARG	 224 	GLN	 220 	CYS	 226 	8	82.8620228456	1	6.51121755127	37.777	32.303	94.921	35.406	37.577	95.127	38.666	36.435	99.874
209093	LEU	 225 	GLN	 220 	CYS	 226 	6	60.6573534911	1	5.87075574351	36.349	34.04	98.021	35.406	37.577	95.127	38.666	36.435	99.874
381819	ASP	 474 	GLN	 220 	PHE	 473 	4	48.2537953463	1	8.01450166885	31.299	41.856	99.252	35.406	37.577	95.127	29.662	38.651	100.612
628420	ARG	 224 	THR	 221 	HIS	 222 	5	59.7464817848	1	6.16841381556	37.777	32.303	94.921	36.753	36.367	91.786	35.403	33.685	89.398
628781	ARG	 224 	THR	 221 	ASP	 223 	6	67.0273139043	1	5.57392088211	37.777	32.303	94.921	36.753	36.367	91.786	36.665	30.798	91.569
624099	ARG	 224 	ASP	 223 	HIS	 222 	4	50.1985064572	1	6.16841381556	37.777	32.303	94.921	36.665	30.798	91.569	35.403	33.685	89.398
624025	ARG	 224 	ASP	 223 	LEU	 225 	2	26.1666084107	1	7.22763612809	37.777	32.303	94.921	36.665	30.798	91.569	36.349	34.04	98.021
615170	ARG	 224 	LEU	 225 	CYS	 226 	3	43.1067554381	1	6.51121755127	37.777	32.303	94.921	36.349	34.04	98.021	38.666	36.435	99.874
207577	LEU	 225 	CYS	 226 	PHE	 227 	2	31.5977745481	1	7.00627218997	36.349	34.04	98.021	38.666	36.435	99.874	38.584	37.98	103.366
602354	ALA	 232 	TYR	 231 	GLU	 230 	3	42.9800399256	1	6.48688977862	47.589	39.482	114.091	46.961	40.92	110.636	43.704	42.817	110.108
602857	ALA	 232 	TYR	 231 	ASP	 284 	2	33.6946998181	1	7.47378063633	47.589	39.482	114.091	46.961	40.92	110.636	48.039	41.352	118.019
660461	ASN	 233 	TYR	 231 	ASP	 284 	6	65.728047765	1	7.47378063633	51.418	39.733	114.278	46.961	40.92	110.636	48.039	41.352	118.019
663342	ASN	 233 	ALA	 232 	ASP	 284 	7	74.9757397135	1	5.29470329669	51.418	39.733	114.278	47.589	39.482	114.091	48.039	41.352	118.019
595515	ALA	 232 	ASP	 284 	LYS	 285 	4	48.1852175577	1	6.60049172411	47.589	39.482	114.091	48.039	41.352	118.019	51.318	43.351	117.924
648728	ASN	 233 	GLY	 235 	GLY	 234 	9	89.8216410486	1	5.72419085985	51.418	39.733	114.278	50.468	34.414	116.168	51.638	37.77	117.515
654486	ASN	 233 	PRO	 428 	GLY	 234 	7	70.0712575648	1	7.41522224886	51.418	39.733	114.278	55.299	40.097	120.586	51.638	37.77	117.515
661683	ASN	 233 	VAL	 430 	GLY	 234 	4	49.7167738958	1	7.83272168534	51.418	39.733	114.278	58.41	41.406	116.008	51.638	37.77	117.515
660245	ASN	 233 	TYR	 438 	GLY	 234 	6	65.784262499	1	7.49295482437	51.418	39.733	114.278	55.222	33.483	115.894	51.638	37.77	117.515
654701	ASN	 233 	PRO	 428 	ASP	 284 	6	66.3901434533	1	7.80205831816	51.418	39.733	114.278	55.299	40.097	120.586	48.039	41.352	118.019
652758	ASN	 233 	ASP	 435 	GLU	 433 	7	74.445994005	1	7.71592353513	51.418	39.733	114.278	58.244	39.093	110.738	55.441	43.824	109.848
657579	ASN	 233 	THR	 436 	ASP	 435 	4	50.3998822419	1	7.71592353513	51.418	39.733	114.278	56.393	35.76	111.114	58.244	39.093	110.738
302833	GLY	 234 	GLY	 235 	GLU	 236 	2	34.3221508488	1	6.87675861144	51.638	37.77	117.515	50.468	34.414	116.168	48.144	31.852	117.758
393844	ASP	 286 	ASP	 284 	GLY	 234 	5	55.1416368945	1	8.01527391921	50.632	44.684	121.443	48.039	41.352	118.019	51.638	37.77	117.515
390963	ASP	 286 	LYS	 285 	GLY	 234 	4	49.8114094893	1	8.01527391921	50.632	44.684	121.443	51.318	43.351	117.924	51.638	37.77	117.515
331927	LYS	 285 	GLY	 287 	GLY	 234 	8	76.5783300633	1	6.77830281118	51.318	43.351	117.924	49.785	41.306	122.993	51.638	37.77	117.515
389524	ASP	 286 	GLY	 234 	GLY	 287 	5	58.5749641626	1	8.01527391921	50.632	44.684	121.443	51.638	37.77	117.515	49.785	41.306	122.993
533234	TYR	 438 	GLY	 235 	GLU	 236 	3	37.6245128861	1	7.49884931173	55.222	33.483	115.894	50.468	34.414	116.168	48.144	31.852	117.758
642678	ASN	 280 	GLU	 236 	GLU	 279 	7	68.9299065961	1	6.89811198807	41.45	30.649	116.606	48.144	31.852	117.758	44.19	28.007	117.0
354679	MET	 282 	GLU	 279 	GLU	 236 	8	75.9060569124	1	7.43274955854	45.444	35.246	118.127	44.19	28.007	117.0	48.144	31.852	117.758
211898	LEU	 281 	LEU	 237 	PHE	 238 	3	41.8224059975	1	7.783635012	42.736	32.923	119.396	47.74	31.367	121.506	48.419	27.724	120.518
234944	HIS	 240 	PHE	 238 	PHE	 239 	9	89.8374475872	1	5.57548078644	52.79	30.372	122.747	48.419	27.724	120.518	51.97	28.666	119.422
436542	SER	 242 	PHE	 238 	PHE	 239 	7	71.0092354087	1	5.86644543143	52.868	24.889	123.084	48.419	27.724	120.518	51.97	28.666	119.422
616540	ARG	 243 	HIS	 240 	PHE	 239 	5	57.2588622333	1	6.34678611582	56.257	26.581	123.612	52.79	30.372	122.747	51.97	28.666	119.422
530140	TYR	 438 	HIS	 240 	PHE	 239 	5	58.7524793967	1	7.90927013068	55.222	33.483	115.894	52.79	30.372	122.747	51.97	28.666	119.422
522940	TYR	 438 	PHE	 239 	PHE	 439 	5	55.2039607273	1	7.02021730433	55.222	33.483	115.894	51.97	28.666	119.422	53.787	31.275	113.163
378940	ASP	 440 	PHE	 239 	PHE	 439 	5	56.5633781353	1	7.3899101483	54.794	27.63	112.672	51.97	28.666	119.422	53.787	31.275	113.163
616756	ARG	 243 	HIS	 240 	GLU	 244 	5	60.5892177448	1	6.07576595994	56.257	26.581	123.612	52.79	30.372	122.747	55.724	27.572	127.271
556059	VAL	 246 	GLU	 244 	PHE	 247 	4	50.7082904097	1	6.9916364322	51.634	26.246	130.709	55.724	27.572	127.271	50.734	29.856	131.603
632377	ARG	 245 	VAL	 246 	PHE	 247 	2	27.7347997239	1	7.15642767028	53.763	24.36	128.163	51.634	26.246	130.709	50.734	29.856	131.603
561817	VAL	 246 	GLY	 346 	PHE	 247 	2	29.997426087	1	7.8153270565	51.634	26.246	130.709	48.998	22.352	130.278	50.734	29.856	131.603
564915	VAL	 246 	MET	 343 	GLU	 342 	4	44.2281734751	1	7.53273157626	51.634	26.246	130.709	46.286	27.514	129.696	44.69	24.241	128.587
564772	VAL	 246 	MET	 344 	CYS	 345 	5	58.6275552206	1	6.46126922516	51.634	26.246	130.709	46.361	26.644	133.408	46.818	22.858	133.369
561892	VAL	 246 	GLY	 346 	CYS	 345 	5	52.7428050362	1	6.46126922516	51.634	26.246	130.709	48.998	22.352	130.278	46.818	22.858	133.369
636488	ARG	 253 	ARG	 251 	ALA	 252 	9	89.9592334731	1	5.35135328679	43.249	35.46	133.589	48.482	35.342	132.476	45.543	33.006	131.769
635262	ARG	 251 	ARG	 253 	PHE	 254 	7	71.6822139896	1	5.35135328679	48.482	35.342	132.476	43.249	35.46	133.589	44.365	38.294	131.276
594151	ALA	 252 	MET	 340 	MET	 343 	8	80.6157416356	1	6.61778339023	45.543	33.006	131.769	41.307	28.162	130.224	46.286	27.514	129.696
594149	ALA	 252 	MET	 344 	MET	 343 	6	65.4587162332	1	6.62045987829	45.543	33.006	131.769	46.361	26.644	133.408	46.286	27.514	129.696
609340	ARG	 253 	PHE	 408 	PHE	 409 	5	55.9307343048	1	7.87778718931	43.249	35.46	133.589	38.482	34.049	139.7	37.901	37.407	137.976
296863	GLY	 256 	GLU	 258 	PHE	 254 	8	76.9526268174	1	6.5541725641	40.457	34.859	129.637	39.626	39.518	126.917	44.365	38.294	131.276
423584	PRO	 425 	PRO	 424 	PHE	 254 	9	87.3907755228	1	7.74166681019	51.835	39.955	130.104	49.77	42.714	128.355	44.365	38.294	131.276
530357	TYR	 255 	HIS	 288 	GLU	 258 	6	67.1417564485	1	7.70110245355	43.605	36.311	128.094	45.999	41.629	123.144	39.626	39.518	126.917
531939	TYR	 255 	ILE	 289 	HIS	 288 	4	48.6142385506	1	7.6495006373	43.605	36.311	128.094	43.611	38.858	122.069	45.999	41.629	123.144
601567	ALA	 257 	TRP	 414 	SER	 261 	8	76.6540817987	1	7.94758145602	39.111	38.329	130.493	35.648	45.028	133.002	34.685	40.578	126.762
601352	ALA	 257 	TRP	 414 	MET	 404 	9	89.2112417381	1	8.00977153232	39.111	38.329	130.493	35.648	45.028	133.002	32.365	38.061	134.803
272816	ILE	 259 	ILE	 291 	ILE	 289 	9	83.5132730551	1	7.74696437322	37.903	36.41	125.488	39.55	36.242	117.92	43.611	38.858	122.069
572767	VAL	 418 	TRP	 414 	SER	 261 	8	78.9591228608	1	7.72447208552	37.418	46.587	126.822	35.648	45.028	133.002	34.685	40.578	126.762
575647	VAL	 417 	VAL	 418 	SER	 261 	8	77.1850342665	1	7.42463022648	39.53	45.331	129.772	37.418	46.587	126.822	34.685	40.578	126.762
540436	TYR	 265 	SER	 268 	GLU	 264 	5	59.4605105493	1	6.1084606899	29.883	41.428	122.712	24.837	40.913	122.682	29.807	39.087	125.728
454180	SER	 302 	SER	 268 	HIS	 267 	5	53.9479988118	1	7.79169487339	18.978	36.025	121.104	24.837	40.913	122.682	26.223	37.353	122.359
566503	VAL	 272 	ASP	 270 	HIS	 267 	8	77.1722058126	1	6.78802143485	27.163	32.436	118.897	22.902	37.719	118.792	26.223	37.353	122.359
387939	ASP	 270 	ILE	 301 	HIS	 267 	4	48.2650437347	1	7.84368057738	22.902	37.719	118.792	20.469	33.798	118.387	26.223	37.353	122.359
560740	VAL	 271 	ILE	 301 	HIS	 267 	5	59.2118630923	1	7.84368057738	25.941	35.786	117.524	20.469	33.798	118.387	26.223	37.353	122.359
627483	ARG	 269 	SER	 302 	SER	 268 	4	51.9228088282	1	8.04619848127	24.848	41.044	118.847	18.978	36.025	121.104	24.837	40.913	122.682
451657	SER	 302 	ASP	 270 	ASP	 303 	2	30.806066326	1	7.88508452713	18.978	36.025	121.104	22.902	37.719	118.792	18.496	35.098	124.783
575859	VAL	 271 	VAL	 272 	TYR	 273 	4	46.396069496	1	6.34049509108	25.941	35.786	117.524	27.163	32.436	118.897	30.784	31.716	117.951
574854	VAL	 271 	VAL	 272 	CYS	 297 	7	75.2936066955	1	6.53868710063	25.941	35.786	117.524	27.163	32.436	118.897	29.157	31.544	113.727
574996	VAL	 272 	VAL	 271 	GLU	 299 	5	53.8878313487	1	6.87998124997	27.163	32.436	118.897	25.941	35.786	117.524	23.389	34.851	113.676
631013	ARG	 274 	TYR	 273 	CYS	 297 	6	64.2655880365	1	6.11739274528	30.854	27.862	118.308	30.784	31.716	117.951	29.157	31.544	113.727
537771	TYR	 273 	ASP	 275 	ILE	 276 	4	51.7662538603	1	7.0585252709	30.784	31.716	117.951	34.584	27.366	117.611	36.579	28.693	120.616
537411	TYR	 273 	ASP	 275 	CYS	 297 	4	51.2544729453	1	7.87359314418	30.784	31.716	117.951	34.584	27.366	117.611	29.157	31.544	113.727
524382	TYR	 273 	CYS	 297 	PHE	 294 	7	72.0672400282	1	6.7707064624	30.784	31.716	117.951	29.157	31.544	113.727	34.119	33.316	112.28
534535	TYR	 273 	LYS	 298 	CYS	 297 	8	79.4176856116	1	6.78210210775	30.784	31.716	117.951	25.364	31.594	113.876	29.157	31.544	113.727
623813	ARG	 274 	ASP	 275 	CYS	 297 	6	61.7043792497	1	7.87359314418	30.854	27.862	118.308	34.584	27.366	117.611	29.157	31.544	113.727
620933	ARG	 274 	LYS	 298 	CYS	 297 	6	62.8982284316	1	7.98188874891	30.854	27.862	118.308	25.364	31.594	113.876	29.157	31.544	113.727
619491	ARG	 274 	GLY	 312 	CYS	 311 	4	44.5420392847	1	7.64003540568	30.854	27.862	118.308	32.712	22.837	116.008	29.632	21.538	114.199
624244	ARG	 274 	ASP	 332 	GLY	 335 	5	58.5553670383	1	7.74934816614	30.854	27.862	118.308	30.824	29.209	123.945	34.836	26.39	124.791
380381	ASP	 275 	CYS	 297 	PHE	 294 	6	67.260732821	1	8.00239251724	34.584	27.366	117.611	29.157	31.544	113.727	34.119	33.316	112.28
384771	ASP	 275 	LEU	 296 	CYS	 297 	4	46.2911563778	1	7.87359314418	34.584	27.366	117.611	31.005	28.533	112.282	29.157	31.544	113.727
330265	LYS	 277 	ILE	 276 	LEU	 278 	2	27.2718944401	1	7.12249970165	40.007	27.066	120.369	36.579	28.693	120.616	43.663	27.978	120.805
331707	LYS	 277 	GLY	 335 	LEU	 336 	4	46.9445719993	1	7.95184821284	40.007	27.066	120.369	34.836	26.39	124.791	36.232	29.115	127.061
651315	ASN	 280 	MET	 282 	GLU	 279 	4	49.7196176363	1	7.43274955854	41.45	30.649	116.606	45.444	35.246	118.127	44.19	28.007	117.0
657511	ASN	 280 	THR	 292 	MET	 282 	8	82.3990949266	1	6.91677750112	41.45	30.649	116.606	39.687	35.097	114.296	45.444	35.246	118.127
356185	MET	 282 	LEU	 281 	LEU	 283 	2	30.0078076688	1	7.00371422889	45.444	35.246	118.127	42.736	32.923	119.396	47.621	37.935	119.658
478879	THR	 292 	MET	 282 	LYS	 290 	8	76.2615257621	1	6.91677750112	39.687	35.097	114.296	45.444	35.246	118.127	42.183	38.907	118.541
393626	ASP	 286 	ASP	 284 	LEU	 283 	3	42.1393953204	1	7.60271971074	50.632	44.684	121.443	48.039	41.352	118.019	47.621	37.935	119.658
393704	ASP	 286 	ASP	 284 	HIS	 288 	9	86.6630129205	1	5.80440479291	50.632	44.684	121.443	48.039	41.352	118.019	45.999	41.629	123.144
422863	PRO	 428 	ASP	 284 	ASP	 286 	8	78.8343970067	1	7.80205831816	55.299	40.097	120.586	48.039	41.352	118.019	50.632	44.684	121.443
390823	ASP	 284 	LYS	 290 	HIS	 288 	8	78.8599481679	1	6.56953187069	48.039	41.352	118.019	42.183	38.907	118.541	45.999	41.629	123.144
391035	ASP	 286 	LYS	 427 	LYS	 285 	4	50.5828899537	1	6.93744722502	50.632	44.684	121.443	54.377	41.749	123.941	51.318	43.351	117.924
331778	LYS	 285 	GLY	 287 	HIS	 288 	3	43.3365900284	1	7.64888521289	51.318	43.351	117.924	49.785	41.306	122.993	45.999	41.629	123.144
419836	PRO	 428 	LYS	 285 	LYS	 427 	5	53.1956865537	1	6.93744722502	55.299	40.097	120.586	51.318	43.351	117.924	54.377	41.749	123.941
422646	PRO	 424 	ASP	 286 	GLY	 287 	7	68.7814869398	1	7.23876287773	49.77	42.714	128.355	50.632	44.684	121.443	49.785	41.306	122.993
422719	PRO	 424 	ASP	 286 	LYS	 427 	8	79.2490722592	1	7.23876287773	49.77	42.714	128.355	50.632	44.684	121.443	54.377	41.749	123.941
424084	PRO	 425 	PRO	 424 	GLY	 287 	5	58.0593690437	1	7.52289983982	51.835	39.955	130.104	49.77	42.714	128.355	49.785	41.306	122.993
419767	PRO	 424 	LYS	 427 	GLY	 287 	8	80.5190227847	1	6.452834261	49.77	42.714	128.355	54.377	41.749	123.941	49.785	41.306	122.993
417821	PRO	 425 	GLY	 287 	PHE	 426 	6	66.4134408739	1	7.52289983982	51.835	39.955	130.104	49.785	41.306	122.993	53.647	39.38	126.807
330338	LYS	 290 	ILE	 289 	HIS	 288 	3	41.5530250134	1	6.56953187069	42.183	38.907	118.541	43.611	38.858	122.069	45.999	41.629	123.144
480169	THR	 292 	ASP	 293 	ILE	 291 	2	30.1695525754	1	7.06347860477	39.687	35.097	114.296	37.83	32.461	112.207	39.55	36.242	117.92
325730	LYS	 298 	GLU	 299 	CYS	 297 	3	39.4945087378	1	6.64896036986	25.364	31.594	113.876	23.389	34.851	113.676	29.157	31.544	113.727
447051	SER	 302 	GLY	 304 	ILE	 301 	4	47.8584011846	1	7.54741498793	18.978	36.025	121.104	17.619	31.38	124.944	20.469	33.798	118.387
591051	ALA	 305 	GLY	 304 	ILE	 301 	4	50.7429022012	1	7.54741498793	17.331	30.739	121.173	17.619	31.38	124.944	20.469	33.798	118.387
475855	THR	 306 	GLY	 304 	ILE	 301 	8	82.0859968174	1	7.54741498793	18.688	27.449	119.831	17.619	31.38	124.944	20.469	33.798	118.387
628495	ARG	 329 	THR	 306 	ILE	 301 	8	81.9988597067	1	7.63879977483	24.651	29.875	123.434	18.688	27.449	119.831	20.469	33.798	118.387
422644	PRO	 397 	ASP	 303 	GLY	 304 	5	52.6400371959	1	7.46039469465	19.795	33.747	131.676	18.496	35.098	124.783	17.619	31.38	124.944
599762	ALA	 305 	THR	 306 	GLY	 304 	3	42.6072658463	1	6.53745294438	17.331	30.739	121.173	18.688	27.449	119.831	17.619	31.38	124.944
634324	ARG	 329 	ALA	 305 	GLY	 304 	5	54.7906371447	1	7.70980006226	24.651	29.875	123.434	17.331	30.739	121.173	17.619	31.38	124.944
599905	ALA	 305 	THR	 306 	MET	 307 	2	25.6240333665	1	7.23188557708	17.331	30.739	121.173	18.688	27.449	119.831	20.84	25.987	117.001
478873	THR	 306 	MET	 307 	LYS	 308 	2	33.3300002702	1	6.97657401595	18.688	27.449	119.831	20.84	25.987	117.001	20.798	22.522	115.365
480390	THR	 306 	ASP	 326 	MET	 307 	7	69.8998279675	1	5.94538888551	18.688	27.449	119.831	19.243	21.531	119.701	20.84	25.987	117.001
542310	TYR	 327 	THR	 306 	MET	 307 	7	68.3483931592	1	5.48574206466	21.622	23.588	121.872	18.688	27.449	119.831	20.84	25.987	117.001
478805	THR	 306 	MET	 307 	GLY	 328 	6	62.5198075579	1	6.35146636612	18.688	27.449	119.831	20.84	25.987	117.001	21.974	27.167	123.138
536476	TYR	 327 	MET	 307 	LYS	 308 	5	54.9947720757	1	6.645026787	21.622	23.588	121.872	20.84	25.987	117.001	20.798	22.522	115.365
537992	TYR	 327 	ASP	 326 	MET	 307 	9	89.4643733297	1	5.48574206466	21.622	23.588	121.872	19.243	21.531	119.701	20.84	25.987	117.001
536404	TYR	 327 	MET	 307 	GLY	 328 	5	58.1319970796	1	6.35146636612	21.622	23.588	121.872	20.84	25.987	117.001	21.974	27.167	123.138
653117	ASN	 325 	ASP	 326 	LYS	 308 	6	65.2249907855	1	6.23045078626	18.422	17.907	118.811	19.243	21.531	119.701	20.798	22.522	115.365
293976	GLY	 312 	CYS	 311 	PHE	 310 	1	22.8353662555	1	7.27873196374	32.712	22.837	116.008	29.632	21.538	114.199	26.423	19.504	114.485
553180	VAL	 321 	CYS	 311 	PHE	 310 	5	60.2478548869	1	7.91140069773	26.386	19.222	121.032	29.632	21.538	114.199	26.423	19.504	114.485
475489	THR	 313 	GLY	 312 	CYS	 311 	2	32.77786306	1	6.93656845998	36.117	21.259	116.645	32.712	22.837	116.008	29.632	21.538	114.199
481682	THR	 313 	PRO	 314 	GLY	 312 	3	43.4122086303	1	6.52115963614	36.117	21.259	116.645	36.077	17.65	118.081	32.712	22.837	116.008
542454	TYR	 316 	THR	 313 	PRO	 314 	7	69.6201153607	1	5.46020164463	36.316	21.359	122.081	36.117	21.259	116.645	36.077	17.65	118.081
415229	PRO	 314 	HIS	 355 	LEU	 358 	6	60.8234425542	1	7.85142897822	36.077	17.65	118.081	36.905	10.666	117.826	37.051	11.344	122.656
414942	PRO	 314 	HIS	 355 	PHE	 359 	7	74.1644131062	1	7.7373192386	36.077	17.65	118.081	36.905	10.666	117.826	33.275	11.958	122.51
543387	TYR	 316 	TRP	 334 	LEU	 317 	4	50.4338742395	1	7.91819758531	36.316	21.359	122.081	32.336	25.414	127.515	32.726	20.161	121.603
543605	TYR	 316 	TRP	 334 	GLY	 335 	6	65.0622296018	1	7.86204687089	36.316	21.359	122.081	32.336	25.414	127.515	34.836	26.39	124.791
596666	ALA	 318 	PRO	 319 	LEU	 317 	3	43.007398157	1	6.51520544572	30.273	20.734	124.436	28.445	17.607	125.798	32.726	20.161	121.603
600986	ALA	 318 	TRP	 334 	LEU	 317 	3	41.8872018661	1	7.91819758531	30.273	20.734	124.436	32.336	25.414	127.515	32.726	20.161	121.603
601203	ALA	 318 	TRP	 334 	GLY	 335 	4	49.973823684	1	7.27580442288	30.273	20.734	124.436	32.336	25.414	127.515	34.836	26.39	124.791
422356	PRO	 319 	ASP	 388 	GLU	 320 	5	54.4398049363	1	7.57218205011	28.445	17.607	125.798	24.789	20.381	131.821	25.056	18.94	124.629
652754	ASN	 325 	ASP	 324 	GLU	 323 	3	37.3084423603	1	6.77909123703	18.422	17.907	118.811	20.589	14.852	119.579	23.537	14.809	122.004
653258	ASN	 325 	ASP	 324 	ASP	 326 	3	36.4842152353	1	6.81437018366	18.422	17.907	118.811	20.589	14.852	119.579	19.243	21.531	119.701
660464	ASN	 325 	TYR	 327 	ASP	 326 	9	89.939974129	1	7.20301895041	18.422	17.907	118.811	21.622	23.588	121.872	19.243	21.531	119.701
537841	TYR	 327 	ASP	 326 	GLY	 328 	2	27.7026972086	1	7.14393630991	21.622	23.588	121.872	19.243	21.531	119.701	21.974	27.167	123.138
634827	ARG	 329 	ALA	 330 	TRP	 333 	4	44.5691643723	1	8.00915032947	24.651	29.875	123.434	26.247	28.217	126.488	31.373	29.084	127.716
634322	ARG	 329 	ALA	 330 	GLY	 395 	3	42.0690580613	1	7.67685716944	24.651	29.875	123.434	26.247	28.217	126.488	24.637	28.959	131.056
633388	ARG	 329 	VAL	 331 	TRP	 333 	5	59.3783542229	1	8.00915032947	24.651	29.875	123.434	28.472	26.191	124.118	31.373	29.084	127.716
630221	ARG	 329 	TRP	 333 	ASP	 332 	6	62.3464205175	1	8.00915032947	24.651	29.875	123.434	31.373	29.084	127.716	30.824	29.209	123.945
601422	ALA	 330 	TRP	 333 	ASP	 332 	7	69.9937799413	1	5.34186755732	26.247	28.217	126.488	31.373	29.084	127.716	30.824	29.209	123.945
634829	ARG	 392 	ALA	 330 	TRP	 333 	6	66.2979393739	1	7.90904324176	27.206	25.808	133.586	26.247	28.217	126.488	31.373	29.084	127.716
572910	VAL	 331 	TRP	 333 	TRP	 334 	7	71.5253979756	1	5.4526006639	28.472	26.191	124.118	31.373	29.084	127.716	32.336	25.414	127.515
515021	TRP	 334 	TRP	 333 	ASP	 332 	6	62.821090449	1	5.42522524878	32.336	25.414	127.515	31.373	29.084	127.716	30.824	29.209	123.945
509048	TRP	 333 	ASP	 332 	GLY	 335 	9	85.2268236475	1	5.27310439874	31.373	29.084	127.716	30.824	29.209	123.945	34.836	26.39	124.791
508829	TRP	 333 	ASP	 332 	LEU	 336 	6	68.1812695561	1	6.24217558228	31.373	29.084	127.716	30.824	29.209	123.945	36.232	29.115	127.061
509046	TRP	 334 	ASP	 332 	GLY	 335 	7	74.5198737198	1	5.42522524878	32.336	25.414	127.515	30.824	29.209	123.945	34.836	26.39	124.791
514591	TRP	 334 	TRP	 333 	LEU	 336 	8	82.0801839295	1	5.3928038162	32.336	25.414	127.515	31.373	29.084	127.716	36.232	29.115	127.061
514591	TRP	 333 	TRP	 334 	LEU	 384 	8	82.1561613	1	5.8774704593	31.373	29.084	127.716	32.336	25.414	127.515	32.75	26.447	132.785
514587	TRP	 333 	TRP	 334 	LEU	 385 	4	47.2582612431	1	7.9992506524	31.373	29.084	127.716	32.336	25.414	127.515	33.21	22.723	132.205
630507	ARG	 392 	TRP	 334 	TRP	 333 	4	50.6021543644	1	7.95796311879	27.206	25.808	133.586	32.336	25.414	127.515	31.373	29.084	127.716
515322	TRP	 334 	TRP	 414 	TRP	 333 	1	13.8639884674	3	20.6345707249	32.336	25.414	127.515	35.648	45.028	133.002	31.373	29.084	127.716
515340	TRP	 334 	TRP	 479 	TRP	 333 	1	10.575578054	5	33.7634041234	32.336	25.414	127.515	37.924	52.797	108.57	31.373	29.084	127.716
504728	TRP	 333 	GLY	 337 	GLY	 335 	9	89.9753905026	1	6.14189066982	31.373	29.084	127.716	36.533	26.47	129.781	34.836	26.39	124.791
629788	ARG	 392 	TRP	 333 	LEU	 393 	5	55.4152483177	1	7.90904324176	27.206	25.808	133.586	31.373	29.084	127.716	28.818	29.144	134.488
630005	ARG	 392 	TRP	 333 	GLY	 395 	6	64.289695195	1	7.90904324176	27.206	25.808	133.586	31.373	29.084	127.716	24.637	28.959	131.056
504507	TRP	 333 	GLY	 394 	LEU	 393 	4	51.0995940781	1	7.23820481888	31.373	29.084	127.716	27.398	31.455	131.832	28.818	29.144	134.488
504725	TRP	 333 	GLY	 395 	GLY	 394 	6	63.04562571	1	7.51963569596	31.373	29.084	127.716	24.637	28.959	131.056	27.398	31.455	131.832
659313	ASN	 413 	TRP	 333 	TRP	 414 	1	20.7667785768	2	19.7706343095	37.739	45.815	136.108	31.373	29.084	127.716	35.648	45.028	133.002
515345	TRP	 333 	TRP	 479 	TRP	 414 	6	67.8569566986	5	31.1735671042	31.373	29.084	127.716	37.924	52.797	108.57	35.648	45.028	133.002
630077	ARG	 392 	TRP	 334 	LYS	 386 	6	64.5683827872	1	7.95796311879	27.206	25.808	133.586	32.336	25.414	127.515	29.924	21.66	133.817
565350	VAL	 339 	MET	 343 	MET	 340 	7	74.3554631413	1	6.1181060795	41.044	26.967	126.589	46.286	27.514	129.696	41.307	28.162	130.224
536550	TYR	 341 	MET	 343 	MET	 340 	7	73.7445931476	1	5.45517332447	41.99	24.54	131.264	46.286	27.514	129.696	41.307	28.162	130.224
536548	TYR	 341 	MET	 344 	MET	 340 	5	59.9081149021	1	6.16320501038	41.99	24.54	131.264	46.361	26.644	133.408	41.307	28.162	130.224
363320	MET	 344 	MET	 340 	GLU	 342 	9	87.7094731848	1	6.16320501038	46.361	26.644	133.408	41.307	28.162	130.224	44.69	24.241	128.587
536550	TYR	 341 	MET	 343 	MET	 344 	7	70.518257999	1	5.45517332447	41.99	24.54	131.264	46.286	27.514	129.696	46.361	26.644	133.408
535976	TYR	 341 	MET	 343 	CYS	 345 	9	84.8745834441	1	5.95418247957	41.99	24.54	131.264	46.286	27.514	129.696	46.818	22.858	133.369
535973	TYR	 341 	MET	 344 	CYS	 345 	6	67.4874811852	1	5.52899023331	41.99	24.54	131.264	46.361	26.644	133.408	46.818	22.858	133.369
631016	ARG	 347 	TYR	 341 	CYS	 345 	9	87.8377532091	1	7.22058397915	46.727	19.86	128.472	41.99	24.54	131.264	46.818	22.858	133.369
631736	ARG	 347 	TYR	 341 	PRO	 349 	9	87.9422776682	1	7.22058397915	46.727	19.86	128.472	41.99	24.54	131.264	40.68	18.237	129.779
363316	MET	 344 	MET	 343 	GLU	 342 	5	59.0948658064	1	5.63991941432	46.361	26.644	133.408	46.286	27.514	129.696	44.69	24.241	128.587
354535	MET	 343 	GLU	 342 	CYS	 345 	8	81.3862649996	1	5.95418247957	46.286	27.514	129.696	44.69	24.241	128.587	46.818	22.858	133.369
363172	MET	 343 	MET	 344 	CYS	 345 	5	53.6476303062	1	5.95418247957	46.286	27.514	129.696	46.361	26.644	133.408	46.818	22.858	133.369
360293	MET	 343 	GLY	 346 	CYS	 345 	6	63.9396935383	1	5.95418247957	46.286	27.514	129.696	48.998	22.352	130.278	46.818	22.858	133.369
622805	ARG	 347 	MET	 343 	GLY	 346 	6	65.5048164679	1	7.76378599654	46.727	19.86	128.472	46.286	27.514	129.696	48.998	22.352	130.278
619492	ARG	 347 	GLY	 346 	CYS	 345 	5	57.5658751028	1	5.74255117522	46.727	19.86	128.472	48.998	22.352	130.278	46.818	22.858	133.369
615171	ARG	 347 	LEU	 348 	CYS	 345 	4	52.0584426909	1	8.02393351169	46.727	19.86	128.472	43.201	19.374	127.111	46.818	22.858	133.369
409179	PRO	 370 	CYS	 345 	PHE	 369 	4	52.1770962442	1	7.4588973716	46.422	19.644	139.495	46.818	22.858	133.369	42.733	19.281	138.483
619705	ARG	 347 	GLY	 346 	LEU	 348 	2	24.5911488034	1	7.24593555036	46.727	19.86	128.472	48.998	22.352	130.278	43.201	19.374	127.111
416379	PRO	 349 	ILE	 367 	PHE	 350 	4	46.10319985	1	7.71937490993	40.68	18.237	129.779	37.648	16.534	134.903	39.746	15.25	127.586
625613	ARG	 368 	PRO	 349 	ILE	 367 	6	62.6404795541	1	7.51032762268	40.75	16.373	137.054	40.68	18.237	129.779	37.648	16.534	134.903
659737	ASN	 352 	TYR	 351 	PHE	 350 	2	24.7404137924	1	7.22298234803	42.026	10.555	122.593	41.825	13.614	124.852	39.746	15.25	127.586
659882	ASN	 352 	TYR	 351 	GLN	 353 	3	34.679430394	1	6.9003247025	42.026	10.555	122.593	41.825	13.614	124.852	43.149	10.338	118.925
652688	ASN	 352 	ASP	 354 	GLN	 353 	9	89.6240063654	1	5.45468486716	42.026	10.555	122.593	39.991	8.404	118.012	43.149	10.338	118.925
645485	ASN	 352 	HIS	 355 	GLN	 353 	6	62.1201077463	1	6.99723166688	42.026	10.555	122.593	36.905	10.666	117.826	43.149	10.338	118.925
664203	ASN	 352 	ARG	 357 	GLN	 353 	4	44.274349169	1	7.93263001784	42.026	10.555	122.593	36.56	7.551	122.352	43.149	10.338	118.925
652899	ASN	 352 	ASP	 354 	HIS	 355 	4	50.4927773213	1	6.99723166688	42.026	10.555	122.593	39.991	8.404	118.012	36.905	10.666	117.826
386283	ASP	 354 	HIS	 355 	GLN	 353 	4	46.3238353234	1	6.34845815927	39.991	8.404	118.012	36.905	10.666	117.826	43.149	10.338	118.925
623882	ARG	 357 	ASP	 354 	GLN	 353 	3	39.0008984275	1	7.93263001784	36.56	7.551	122.352	39.991	8.404	118.012	43.149	10.338	118.925
384843	ASP	 354 	LEU	 358 	GLN	 353 	4	51.6099708928	1	7.21927981173	39.991	8.404	118.012	37.051	11.344	122.656	43.149	10.338	118.925
386356	ASP	 354 	HIS	 355 	GLU	 356 	5	60.2263951752	1	5.60473514093	39.991	8.404	118.012	36.905	10.666	117.826	34.519	7.98	119.148
616544	ARG	 357 	HIS	 355 	PHE	 359 	9	83.2445440903	1	6.06514797841	36.56	7.551	122.352	36.905	10.666	117.826	33.275	11.958	122.51
181662	GLU	 356 	GLU	 360 	PHE	 359 	7	70.8901496836	1	6.50648368937	34.519	7.98	119.148	32.704	9.364	125.241	33.275	11.958	122.51
210674	LEU	 361 	GLU	 365 	GLU	 360 	3	37.851200991	1	7.44022022524	35.223	11.224	127.449	34.498	11.479	132.145	32.704	9.364	125.241
354675	MET	 364 	GLU	 360 	GLU	 365 	4	46.5283665646	1	7.44022022524	31.102	10.678	130.566	32.704	9.364	125.241	34.498	11.479	132.145
618194	ARG	 368 	ILE	 367 	GLU	 366 	3	40.2597195364	1	6.60441738536	40.75	16.373	137.054	37.648	16.534	134.903	34.987	13.817	135.086
617978	ARG	 368 	ILE	 367 	PHE	 369 	3	35.5090090307	1	6.79850233507	40.75	16.373	137.054	37.648	16.534	134.903	42.733	19.281	138.483
625179	ARG	 371 	PRO	 370 	PHE	 369 	4	49.5743882389	1	6.22957221645	46.597	19.738	143.348	46.422	19.644	139.495	42.733	19.281	138.483
596958	ALA	 377 	PRO	 375 	LYS	 378 	7	73.646295518	1	5.48010519972	40.774	28.464	139.298	40.638	27.12	144.609	39.41	24.995	140.183
331566	LYS	 386 	GLY	 383 	GLN	 391 	7	73.5887631511	1	7.93467144877	29.924	21.66	133.817	31.895	25.85	136.454	24.178	24.319	135.423
619562	ARG	 392 	GLY	 383 	GLN	 391 	3	38.3384101288	1	7.93467144877	27.206	25.808	133.586	31.895	25.85	136.454	24.178	24.319	135.423
333147	LYS	 387 	LYS	 386 	LEU	 385 	4	51.2531584337	1	6.08658344229	28.362	19.128	131.418	29.924	21.66	133.817	33.21	22.723	132.205
419407	PRO	 389 	LYS	 386 	GLN	 391 	8	78.9767495307	1	6.91720471	24.545	23.768	130.013	29.924	21.66	133.817	24.178	24.319	135.423
621146	ARG	 392 	LYS	 386 	LEU	 393 	3	37.371420924	1	7.5949807768	27.206	25.808	133.586	29.924	21.66	133.817	28.818	29.144	134.488
390603	ASP	 388 	LYS	 387 	GLN	 391 	4	49.5126084641	1	7.77768358832	24.789	20.381	131.821	28.362	19.128	131.418	24.178	24.319	135.423
625759	ARG	 392 	PRO	 389 	LYS	 387 	8	78.0724299115	1	7.11751080083	27.206	25.808	133.586	24.545	23.768	130.013	28.362	19.128	131.418
621003	ARG	 392 	LYS	 387 	GLN	 391 	4	49.916710467	1	7.77768358832	27.206	25.808	133.586	28.362	19.128	131.418	24.178	24.319	135.423
417967	PRO	 389 	GLY	 395 	GLN	 391 	8	78.5710394704	1	6.38834642141	24.545	23.768	130.013	24.637	28.959	131.056	24.178	24.319	135.423
621008	ARG	 392 	LYS	 390 	GLN	 391 	9	89.9847061797	1	5.57756586694	27.206	25.808	133.586	21.822	24.9	132.447	24.178	24.319	135.423
331564	LYS	 390 	GLY	 395 	GLN	 391 	5	56.4562251594	1	6.38834642141	21.822	24.9	132.447	24.637	28.959	131.056	24.178	24.319	135.423
331563	LYS	 390 	GLY	 396 	GLN	 391 	4	49.8777731611	1	7.30980841062	21.822	24.9	132.447	22.015	30.872	133.012	24.178	24.319	135.423
615242	ARG	 392 	LEU	 393 	GLN	 391 	3	38.0797671594	1	6.75902729688	27.206	25.808	133.586	28.818	29.144	134.488	24.178	24.319	135.423
302766	GLY	 396 	GLY	 395 	GLN	 391 	7	75.4175358545	1	7.30980841062	22.015	30.872	133.012	24.637	28.959	131.056	24.178	24.319	135.423
389304	ASP	 399 	GLY	 394 	LEU	 393 	1	14.7495246022	1	8.02482616634	24.983	34.755	130.221	27.398	31.455	131.832	28.818	29.144	134.488
303128	GLY	 394 	GLY	 396 	GLY	 395 	9	89.8564019166	1	5.5415681896	27.398	31.455	131.832	22.015	30.872	133.012	24.637	28.959	131.056
418324	PRO	 397 	GLY	 394 	GLY	 395 	5	58.1640720212	1	7.94249387787	19.795	33.747	131.676	27.398	31.455	131.832	24.637	28.959	131.056
389527	ASP	 399 	GLY	 395 	GLY	 394 	8	81.7624030031	1	5.86605122719	24.983	34.755	130.221	24.637	28.959	131.056	27.398	31.455	131.832
452887	SER	 398 	PRO	 397 	GLY	 394 	8	76.4670425548	1	7.94249387787	22.404	36.421	132.529	19.795	33.747	131.676	27.398	31.455	131.832
422643	PRO	 397 	ASP	 399 	GLY	 394 	4	46.5685120683	1	7.94249387787	19.795	33.747	131.676	24.983	34.755	130.221	27.398	31.455	131.832
389239	ASP	 399 	GLY	 394 	GLU	 402 	8	76.2465876148	1	6.06690909772	24.983	34.755	130.221	27.398	31.455	131.832	27.866	34.906	135.557
418328	PRO	 397 	GLY	 395 	GLY	 396 	9	88.5437969815	1	6.83771219049	19.795	33.747	131.676	24.637	28.959	131.056	22.015	30.872	133.012
452885	SER	 398 	PRO	 397 	GLY	 396 	6	61.3629407459	1	5.58354824462	22.404	36.421	132.529	19.795	33.747	131.676	22.015	30.872	133.012
361876	MET	 404 	LYS	 401 	GLU	 405 	5	60.334711892	1	5.98244849539	32.365	38.061	134.803	27.531	38.265	133.736	31.226	37.916	138.428
357559	MET	 404 	HIS	 406 	GLU	 402 	8	80.3111480775	1	6.38341812824	32.365	38.061	134.803	33.043	34.669	139.284	27.866	34.906	135.557
239478	HIS	 406 	GLU	 402 	GLU	 405 	7	70.9691911364	1	6.38341812824	33.043	34.669	139.284	27.866	34.906	135.557	31.226	37.916	138.428
565064	VAL	 403 	MET	 404 	HIS	 406 	9	85.2514542234	1	5.66080462479	31.397	34.425	134.181	32.365	38.061	134.803	33.043	34.669	139.284
558941	VAL	 403 	HIS	 406 	PHE	 409 	6	61.9122306839	1	8.0991582896	31.397	34.425	134.181	33.043	34.669	139.284	37.901	37.407	137.976
357560	MET	 404 	HIS	 406 	GLU	 405 	9	89.7196054008	1	5.66080462479	32.365	38.061	134.803	33.043	34.669	139.284	31.226	37.916	138.428
357343	MET	 404 	HIS	 406 	PHE	 409 	8	82.1790320558	1	6.41427634266	32.365	38.061	134.803	33.043	34.669	139.284	37.901	37.407	137.976
616755	ARG	 407 	HIS	 406 	GLU	 405 	4	44.8496004022	1	6.44363391263	35.651	35.003	142.096	33.043	34.669	139.284	31.226	37.916	138.428
616541	ARG	 407 	HIS	 406 	PHE	 408 	6	62.2430726339	1	5.49000701275	35.651	35.003	142.096	33.043	34.669	139.284	38.482	34.049	139.7
616543	ARG	 407 	HIS	 406 	PHE	 409 	8	82.7304700884	1	5.7277981808	35.651	35.003	142.096	33.043	34.669	139.284	37.901	37.407	137.976
234942	HIS	 406 	PHE	 409 	PHE	 408 	7	68.8847317169	1	5.7277981808	33.043	34.669	139.284	37.901	37.407	137.976	38.482	34.049	139.7
658732	ASN	 413 	TRP	 414 	ILE	 412 	5	53.7534846882	1	5.95055745288	37.739	45.815	136.108	35.648	45.028	133.002	39.315	42.434	136.905
652970	ASN	 413 	ASP	 416 	ILE	 412 	3	36.170065786	1	8.00296182672	37.739	45.815	136.108	39.518	48.584	131.788	39.315	42.434	136.905
661611	ASN	 413 	VAL	 417 	ILE	 412 	4	48.2930036886	1	7.70185192016	37.739	45.815	136.108	39.53	45.331	129.772	39.315	42.434	136.905
508973	TRP	 414 	ASP	 416 	ILE	 412 	6	65.8994032209	1	8.00296182672	35.648	45.028	133.002	39.518	48.584	131.788	39.315	42.434	136.905
658444	ASN	 413 	TRP	 414 	GLN	 415 	5	58.5997806606	1	5.66363116737	37.739	45.815	136.108	35.648	45.028	133.002	35.69	48.554	131.594
659024	ASN	 413 	TRP	 414 	ASP	 416 	9	89.455627402	1	5.43089329669	37.739	45.815	136.108	35.648	45.028	133.002	39.518	48.584	131.788
508688	TRP	 414 	ASP	 416 	GLN	 415 	9	89.4123555356	1	5.39405524629	35.648	45.028	133.002	39.518	48.584	131.788	35.69	48.554	131.594
575789	VAL	 418 	VAL	 417 	TRP	 414 	6	64.8911599621	1	6.61481526575	37.418	46.587	126.822	39.53	45.331	129.772	35.648	45.028	133.002
381964	ASP	 416 	GLN	 419 	GLN	 415 	5	60.1728966828	1	6.10146105453	39.518	48.584	131.788	39.213	49.967	126.817	35.69	48.554	131.594
554767	VAL	 417 	GLN	 419 	GLN	 415 	8	80.8284283433	1	6.10146105453	39.53	45.331	129.772	39.213	49.967	126.817	35.69	48.554	131.594
575500	VAL	 418 	VAL	 417 	ASP	 416 	5	57.7562687305	1	5.74970999269	37.418	46.587	126.822	39.53	45.331	129.772	39.518	48.584	131.788
333005	LYS	 421 	LYS	 420 	GLN	 419 	6	61.5173939422	1	5.56736894772	43.943	49.916	129.753	42.645	48.215	126.567	39.213	49.967	126.817
333148	LYS	 420 	LYS	 421 	LEU	 422 	5	58.9635679243	1	5.66587945512	42.645	48.215	126.567	43.943	49.916	129.753	45.664	46.813	131.152
423581	PRO	 424 	PRO	 425 	PHE	 426 	6	64.4782361254	1	5.34256389761	49.77	42.714	128.355	51.835	39.955	130.104	53.647	39.38	126.807
424159	PRO	 425 	PRO	 424 	LYS	 427 	8	83.0440541606	1	6.90382278162	51.835	39.955	130.104	49.77	42.714	128.355	54.377	41.749	123.941
419258	PRO	 428 	LYS	 427 	PHE	 426 	3	43.611032716	1	6.47642138839	55.299	40.097	120.586	54.377	41.749	123.941	53.647	39.38	126.807
571324	VAL	 430 	THR	 431 	SER	 432 	5	59.1218302767	1	5.66186806628	58.41	41.406	116.008	61.063	43.575	114.302	58.995	44.28	111.165
633315	ARG	 437 	VAL	 430 	THR	 436 	4	51.1390511287	1	7.73930494295	58.444	34.264	113.998	58.41	41.406	116.008	56.393	35.76	111.114
482833	THR	 431 	SER	 432 	GLU	 433 	2	27.0017022155	1	7.17683781341	61.063	43.575	114.302	58.995	44.28	111.165	55.441	43.824	109.848
484063	THR	 444 	THR	 436 	PHE	 439 	8	76.5495580198	1	7.48619436029	55.676	29.844	106.583	56.393	35.76	111.114	53.787	31.275	113.163
630940	ARG	 437 	TYR	 438 	PHE	 439 	5	59.6594414481	1	5.59633764171	58.444	34.264	113.998	55.222	33.483	115.894	53.787	31.275	113.163
393338	ASP	 441 	ASP	 440 	PHE	 439 	3	41.7437400697	1	6.56909209861	57.548	26.804	110.16	54.794	27.63	112.672	53.787	31.275	113.163
465339	THR	 444 	PHE	 439 	PHE	 443 	4	52.4586973263	1	7.44163221343	55.676	29.844	106.583	53.787	31.275	113.163	53.231	26.94	107.14
393557	ASP	 440 	ASP	 441 	GLU	 442 	6	65.1758604499	1	5.31830245473	54.794	27.63	112.672	57.548	26.804	110.16	55.24	24.098	108.721
393343	ASP	 440 	ASP	 441 	PHE	 443 	8	81.7143890904	1	5.78982668134	54.794	27.63	112.672	57.548	26.804	110.16	53.231	26.94	107.14
480462	THR	 444 	ASP	 440 	ASP	 441 	7	74.1418942564	1	6.53877977913	55.676	29.844	106.583	54.794	27.63	112.672	57.548	26.804	110.16
479959	THR	 444 	ASP	 440 	GLU	 442 	8	81.2068281068	1	6.53877977913	55.676	29.844	106.583	54.794	27.63	112.672	55.24	24.098	108.721
599260	ALA	 445 	THR	 444 	PHE	 443 	5	60.1308973284	1	5.61706159838	58.215	27.718	104.669	55.676	29.844	106.583	53.231	26.94	107.14
445322	SER	 447 	ILE	 448 	GLN	 446 	3	40.6275735255	1	6.60957744489	55.65	28.101	98.575	52.643	30.06	97.285	55.61	26.613	102.081
354605	MET	 469 	GLU	 468 	GLN	 467 	6	61.8804443208	1	5.54259803702	24.543	33.059	95.652	23.151	35.924	93.521	26.405	36.169	91.459
353021	MET	 469 	GLN	 467 	PHE	 470 	6	63.6015071904	1	5.92650630642	24.543	33.059	95.652	26.405	36.169	91.459	27.333	35.167	97.226
354607	MET	 469 	GLU	 471 	GLN	 467 	8	81.7228851964	1	6.25572409878	24.543	33.059	95.652	25.357	38.455	97.187	26.405	36.169	91.459
354460	MET	 469 	GLU	 468 	PHE	 470 	5	59.6890433566	1	5.63819102195	24.543	33.059	95.652	23.151	35.924	93.521	27.333	35.167	97.226
383259	ASP	 474 	GLU	 471 	PHE	 470 	4	47.7541356165	1	8.0359537704	31.299	41.856	99.252	25.357	38.455	97.187	27.333	35.167	97.226
393555	ASP	 474 	ASP	 472 	GLU	 471 	4	52.0804477137	1	7.15111110248	31.299	41.856	99.252	25.912	39.418	100.846	25.357	38.455	97.187
393344	ASP	 474 	ASP	 472 	PHE	 473 	9	89.8521963231	1	6.12408760551	31.299	41.856	99.252	25.912	39.418	100.846	29.662	38.651	100.612
537338	TYR	 475 	ASP	 474 	PHE	 473 	3	40.0201606874	1	6.70016283384	32.443	44.665	101.607	31.299	41.856	99.252	29.662	38.651	100.612
537769	TYR	 475 	ASP	 474 	ILE	 476 	2	24.4630258209	1	7.28585314153	32.443	44.665	101.607	31.299	41.856	99.252	34.673	47.774	101.836
595370	ALA	 477 	ASP	 478 	ILE	 476 	3	35.0845388564	1	6.88793481386	35.375	49.166	105.349	34.575	52.633	106.717	34.673	47.774	101.836
