484852	THR	  82 	THR	   3 	PRO	   4 	5	56.378553463	1	8.05908400502	60.732	74.513	26.861	66.921	77.988	30.678	65.452	74.806	32.353
415227	PRO	   4 	HIS	   6 	LEU	   7 	4	51.7050887735	1	6.98999184549	65.452	74.806	32.353	67.197	69.367	33.072	67.472	68.837	29.328
415229	PRO	   4 	HIS	   6 	LEU	  13 	6	66.3233842164	1	7.84839333877	65.452	74.806	32.353	67.197	69.367	33.072	72.263	71.58	34.544
444025	SER	   5 	HIS	   6 	LEU	   7 	2	31.9957726204	1	6.9691826637	66.507	72.466	35.199	67.197	69.367	33.072	67.472	68.837	29.328
443956	SER	   5 	HIS	   6 	GLU	  12 	5	60.111732393	1	6.18178461288	66.507	72.466	35.199	67.197	69.367	33.072	70.854	68.072	35.095
530430	TYR	  11 	HIS	   6 	LEU	   7 	7	71.0720210688	1	5.29246076981	71.267	66.242	31.776	67.197	69.367	33.072	67.472	68.837	29.328
540583	TYR	  11 	SER	   8 	HIS	   6 	8	77.3441224189	1	6.9790400486	71.267	66.242	31.776	65.545	65.888	27.796	67.197	69.367	33.072
386355	ASP	   9 	HIS	   6 	GLU	  12 	4	48.7243259694	1	7.80626018014	64.967	64.552	31.368	67.197	69.367	33.072	70.854	68.072	35.095
530359	TYR	  11 	HIS	   6 	GLU	  12 	8	81.9717329825	1	5.29246076981	71.267	66.242	31.776	67.197	69.367	33.072	70.854	68.072	35.095
586514	ALA	  80 	LEU	   7 	GLU	  81 	3	39.7882093122	1	7.8359245147	65.096	70.434	24.643	67.472	68.837	29.328	61.348	71.201	25.049
598034	ALA	  80 	SER	   8 	GLU	  79 	3	38.2947229334	1	7.96290047659	65.096	70.434	24.643	65.545	65.888	27.796	66.731	70.17	21.188
631658	ARG	  10 	TYR	  11 	ASP	   9 	3	42.7089908568	1	6.53548498583	68.625	63.491	31.266	71.267	66.242	31.776	64.967	64.552	31.368
635984	ARG	  10 	ARG	  32 	ASP	  30 	9	84.6916406709	1	6.73942438195	68.625	63.491	31.266	72.166	57.957	32.768	74.523	63.029	32.783
298513	GLY	  14 	LEU	  13 	GLU	  15 	2	29.7110412086	1	7.05156018197	74.691	73.105	37.013	72.263	71.58	34.544	76.822	76.274	37.172
634323	ARG	  29 	ALA	  28 	GLY	  14 	4	46.5409441314	1	7.53187207804	75.396	65.839	35.159	75.911	69.363	33.924	74.691	73.105	37.013
587957	ALA	  28 	HIS	  26 	GLU	  15 	6	67.1816569467	1	7.69034108476	75.911	69.363	33.924	76.939	74.787	31.775	76.822	76.274	37.172
301179	GLY	  18 	ILE	  16 	PHE	  19 	4	44.7525870055	1	7.61270326494	81.201	80.403	29.995	77.603	78.499	34.165	78.9	82.51	27.826
301540	GLY	  18 	ILE	  16 	HIS	  26 	5	57.6880560342	1	7.27134788055	81.201	80.403	29.995	77.603	78.499	34.165	76.939	74.787	31.775
271227	ILE	  16 	HIS	  26 	LEU	  27 	4	51.5990176664	1	6.36613234233	77.603	78.499	34.165	76.939	74.787	31.775	78.515	72.2	34.029
298297	GLY	  18 	LEU	  17 	PHE	  19 	2	25.4302821025	1	7.20366857927	81.201	80.403	29.995	81.159	77.894	32.874	78.9	82.51	27.826
299959	GLY	  18 	HIS	  26 	GLU	  24 	8	81.3858390962	1	7.27134788055	81.201	80.403	29.995	76.939	74.787	31.775	76.171	79.61	27.194
562179	VAL	  25 	GLY	  18 	HIS	  26 	4	44.2300089657	1	7.27134788055	78.022	76.597	28.602	81.201	80.403	29.995	76.939	74.787	31.775
302617	GLY	  21 	GLY	  20 	PHE	  19 	2	26.3531684606	1	7.10045808381	76.62	86.606	22.493	78.962	84.795	24.843	78.9	82.51	27.826
360218	MET	  22 	GLY	  20 	PHE	  19 	3	38.860948465	1	7.95427011108	74.903	83.55	21.028	78.962	84.795	24.843	78.9	82.51	27.826
449500	SER	  23 	MET	  22 	PHE	  19 	5	54.2512341193	1	7.95427011108	75.217	80.835	23.685	74.903	83.55	21.028	78.9	82.51	27.826
354459	MET	  22 	GLU	  24 	PHE	  19 	4	51.632843429	1	7.95427011108	74.903	83.55	21.028	76.171	79.61	27.194	78.9	82.51	27.826
360728	MET	  22 	GLY	  20 	GLY	  21 	9	89.7510393416	1	5.70786571321	74.903	83.55	21.028	78.962	84.795	24.843	76.62	86.606	22.493
450003	SER	  23 	MET	  22 	GLY	  21 	4	51.4531058588	1	6.05753365653	75.217	80.835	23.685	74.903	83.55	21.028	76.62	86.606	22.493
449712	SER	  23 	MET	  22 	GLU	  24 	1	18.5145996759	1	7.42637058057	75.217	80.835	23.685	74.903	83.55	21.028	76.171	79.61	27.194
626834	ARG	  43 	SER	  23 	GLU	  24 	3	43.7175523139	1	7.29738240741	70.169	81.291	23.399	75.217	80.835	23.685	76.171	79.61	27.194
559154	VAL	  25 	HIS	  26 	GLU	  24 	3	38.6122986086	1	6.69602225205	78.022	76.597	28.602	76.939	74.787	31.775	76.171	79.61	27.194
328759	LYS	  40 	HIS	  26 	GLU	  24 	8	78.9604928074	1	6.69602225205	76.494	74.283	25.361	76.939	74.787	31.775	76.171	79.61	27.194
559225	VAL	  25 	HIS	  26 	LEU	  27 	2	30.4574875955	1	7.00207019388	78.022	76.597	28.602	76.939	74.787	31.775	78.515	72.2	34.029
605384	ALA	  28 	ALA	  38 	HIS	  26 	9	87.0029191325	1	5.94387777465	75.911	69.363	33.924	79.828	70.448	29.587	76.939	74.787	31.775
592423	ALA	  38 	LYS	  40 	HIS	  26 	8	81.7120676183	1	6.60922514369	79.828	70.448	29.587	76.494	74.283	25.361	76.939	74.787	31.775
634105	ARG	  29 	ALA	  28 	LEU	  27 	2	26.7662480115	1	7.1740770835	75.396	65.839	35.159	75.911	69.363	33.924	78.515	72.2	34.029
595227	ALA	  28 	ASP	  36 	LEU	  27 	4	52.0802122498	1	6.96069515207	75.911	69.363	33.924	79.83	65.384	34.543	78.515	72.2	34.029
624460	ARG	  29 	ASP	  36 	ASP	  30 	5	56.4064887796	1	6.06694931576	75.396	65.839	35.159	79.83	65.384	34.543	74.523	63.029	32.783
635620	ARG	  29 	ARG	  35 	HIS	  34 	5	54.5169561063	1	6.78731080768	75.396	65.839	35.159	79.409	61.642	34.739	76.736	59.237	35.987
635983	ARG	  29 	ARG	  35 	ASP	  36 	8	79.9651656368	1	5.82197372031	75.396	65.839	35.159	79.409	61.642	34.739	79.83	65.384	34.543
624026	ARG	  35 	ASP	  30 	LEU	  31 	3	43.0374544187	1	7.50435007179	79.409	61.642	34.739	74.523	63.029	32.783	71.919	61.183	34.806
566861	VAL	  37 	ASP	  30 	ASP	  36 	6	63.6725681254	1	6.67195361195	79.667	66.924	31.085	74.523	63.029	32.783	79.83	65.384	34.543
624097	ARG	  35 	ASP	  36 	HIS	  34 	2	29.5058549057	1	7.03161297285	79.409	61.642	34.739	79.83	65.384	34.543	76.736	59.237	35.987
604297	ALA	  38 	VAL	  37 	ASP	  36 	2	29.0380000506	1	7.08562177935	79.828	70.448	29.587	79.667	66.924	31.085	79.83	65.384	34.543
566354	VAL	  37 	ASP	  36 	GLU	  93 	3	42.756452039	1	8.05795836425	79.667	66.924	31.085	79.83	65.384	34.543	83.556	66.408	27.472
537554	TYR	  94 	ASP	  36 	GLU	  93 	3	43.6044141596	1	8.05795836425	83.949	68.511	30.574	79.83	65.384	34.543	83.556	66.408	27.472
573771	VAL	  41 	TYR	  89 	ILE	  90 	4	49.4332872387	1	6.51068452622	73.055	75.779	24.939	72.141	71.979	22.959	75.526	70.243	22.565
605739	ALA	  84 	ALA	  44 	ASP	  45 	4	49.6198560875	1	7.86712711223	59.738	79.113	24.698	66.612	80.109	22.531	65.266	83.396	21.094
605815	ALA	  44 	ALA	  47 	PRO	  88 	8	80.0043350491	1	7.3943579843	66.612	80.109	22.531	66.868	79.027	18.305	69.269	73.393	20.946
605523	ALA	  44 	ALA	  84 	GLY	  85 	4	50.7322297251	1	7.72952016622	66.612	80.109	22.531	59.738	79.113	24.698	59.919	76.261	22.154
596883	ALA	  44 	PRO	  86 	GLY	  85 	4	50.9949983442	1	7.72952016622	66.612	80.109	22.531	62.857	74.033	21.065	59.919	76.261	22.154
597175	ALA	  44 	PRO	  88 	PRO	  86 	8	82.2544643035	1	7.3943579843	66.612	80.109	22.531	69.269	73.393	20.946	62.857	74.033	21.065
602932	ALA	  47 	TYR	  53 	PRO	  50 	5	59.8362151412	1	7.30218994549	66.868	79.027	18.305	70.031	77.222	14.483	67.272	79.198	11.016
597176	ALA	  47 	PRO	  86 	PRO	  88 	9	87.8667460631	1	6.9746510307	66.868	79.027	18.305	62.857	74.033	21.065	69.269	73.393	20.946
631734	ARG	  48 	TYR	  53 	PRO	  50 	7	73.9592208695	1	7.1390874767	63.791	80.175	16.302	70.031	77.222	14.483	67.272	79.198	11.016
625683	ARG	  48 	PRO	  86 	GLY	  85 	4	49.9130437564	1	8.0347796485	63.791	80.175	16.302	62.857	74.033	21.065	59.919	76.261	22.154
539501	TYR	  53 	PRO	  50 	ASP	  49 	6	61.633747076	1	5.90524792028	70.031	77.222	14.483	67.272	79.198	11.016	66.254	81.702	13.751
541015	TYR	  53 	SER	  51 	PRO	  50 	8	76.8463173471	1	5.71526097392	70.031	77.222	14.483	70.519	81.182	10.391	67.272	79.198	11.016
522940	TYR	  53 	PHE	  56 	PHE	  52 	5	60.3869362521	1	6.16390833806	70.031	77.222	14.483	74.96	75.818	15.939	71.694	80.667	13.986
609340	ARG	  55 	PHE	  52 	PHE	  56 	5	59.6671535701	1	6.16390833806	75.329	77.326	12.417	71.694	80.667	13.986	74.96	75.818	15.939
635264	ARG	  55 	ARG	  57 	PHE	  56 	9	89.9097713935	1	5.46895693894	75.329	77.326	12.417	74.16	72.378	14.432	74.96	75.818	15.939
635262	ARG	  58 	ARG	  55 	PHE	  56 	7	68.6690376622	1	5.39430199377	77.125	72.768	12.052	75.329	77.326	12.417	74.96	75.818	15.939
636558	ARG	  55 	ARG	  57 	ARG	  58 	7	75.4099746637	1	5.46895693894	75.329	77.326	12.417	74.16	72.378	14.432	77.125	72.768	12.052
635261	ARG	  58 	ARG	  57 	PHE	  56 	6	63.9718645225	1	5.39430199377	77.125	72.768	12.052	74.16	72.378	14.432	74.96	75.818	15.939
633820	ARG	  57 	ALA	  60 	PHE	  56 	5	54.4131099339	1	6.57139627477	74.16	72.378	14.432	78.313	70.214	16.671	74.96	75.818	15.939
635477	ARG	  57 	ARG	  58 	GLU	  59 	6	63.9510238591	1	5.41085058008	74.16	72.378	14.432	77.125	72.768	12.052	79.41	73.526	15.062
636488	ARG	  58 	ARG	  57 	ALA	  60 	9	86.5160495189	1	5.41012208735	77.125	72.768	12.052	74.16	72.378	14.432	78.313	70.214	16.671
605236	ALA	  63 	ALA	  60 	GLU	  59 	5	59.6021581148	1	6.23887369643	83.561	69.036	16.3	78.313	70.214	16.671	79.41	73.526	15.062
584859	ALA	  60 	GLU	  59 	PHE	 157 	4	48.6176828968	1	7.72752055966	78.313	70.214	16.671	79.41	73.526	15.062	84.3	75.076	16.19
301395	GLY	 158 	ILE	 159 	GLU	  59 	4	51.4606697269	1	7.13381622976	81.59	77.761	15.845	83.06	79.129	12.577	79.41	73.526	15.062
662764	ASN	  62 	ALA	  63 	GLN	  61 	5	59.3899984859	1	5.59665703791	82.306	69.731	12.819	83.561	69.036	16.3	78.83	68.296	13.403
662764	ASN	  62 	ALA	  65 	GLN	  61 	5	58.3599154121	1	6.24547075888	82.306	69.731	12.819	83.963	64.75	13.113	78.83	68.296	13.403
664494	ASN	  62 	ARG	 161 	ILE	 134 	7	71.3720582494	1	7.867278246	82.306	69.731	12.819	85.021	75.22	7.88	88.577	71.178	8.917
606244	ALA	  63 	ALA	  73 	ALA	  64 	5	58.611645672	1	6.93566182855	83.561	69.036	16.3	84.959	65.756	22.249	81.961	65.558	16.238
606171	ALA	  63 	ALA	  73 	VAL	  72 	4	50.1418979147	1	7.6346400701	83.561	69.036	16.3	84.959	65.756	22.249	87.093	68.789	23.064
663844	ASN	  67 	ALA	  64 	ALA	  65 	5	58.1715411476	1	7.29578021873	88.383	62.431	17.724	81.961	65.558	16.238	83.963	64.75	13.113
606103	ALA	  64 	ALA	  73 	TYR	  75 	8	77.976430775	1	7.73201739522	81.961	65.558	16.238	84.959	65.756	22.249	79.035	63.219	23.002
604658	ALA	  64 	VAL	  74 	TYR	  75 	3	38.3973925973	1	7.73201739522	81.961	65.558	16.238	81.211	65.927	21.384	79.035	63.219	23.002
645627	ASN	  67 	HIS	  68 	LEU	  66 	4	47.63435941	1	6.22973025098	88.383	62.431	17.724	91.638	63.641	19.369	87.167	64.978	15.242
662979	ASN	  67 	ALA	  73 	HIS	  68 	4	49.798723022	1	7.57473867536	88.383	62.431	17.724	84.959	65.756	22.249	91.638	63.641	19.369
567939	VAL	  72 	PRO	  69 	HIS	  68 	4	51.2966564561	1	7.79820197225	87.093	68.789	23.064	92.802	63.83	23.043	91.638	63.641	19.369
560739	VAL	  72 	ILE	  71 	HIS	  68 	4	48.6770368639	1	7.79820197225	87.093	68.789	23.064	90.322	68.536	20.97	91.638	63.641	19.369
604371	ALA	  70 	VAL	  72 	PRO	  69 	4	50.8623629077	1	7.56206340889	93.694	67.564	22.564	87.093	68.789	23.064	92.802	63.83	23.043
605810	ALA	 125 	ALA	  70 	PRO	  69 	3	36.5504166766	1	8.06254308516	95.437	69.23	17.667	93.694	67.564	22.564	92.802	63.83	23.043
596954	ALA	  70 	PRO	  69 	LYS	 153 	3	36.8021818274	1	7.58147221851	93.694	67.564	22.564	92.802	63.83	23.043	92.135	71.156	24.877
595085	ALA	  70 	ASP	 121 	GLN	 124 	6	63.8786586526	1	7.82551940768	93.694	67.564	22.564	100.251	70.281	21.878	99.183	68.741	17.112
605743	ALA	  70 	ALA	 125 	ASP	 121 	8	82.5938239939	1	7.13070361185	93.694	67.564	22.564	95.437	69.23	17.667	100.251	70.281	21.878
605162	ALA	  70 	ALA	 125 	GLN	 124 	3	39.2683755185	1	7.82551940768	93.694	67.564	22.564	95.437	69.23	17.667	99.183	68.741	17.112
604730	ALA	  73 	VAL	  74 	VAL	  72 	3	37.7638110157	1	6.75361888176	84.959	65.756	22.249	81.211	65.927	21.384	87.093	68.789	23.064
604659	ALA	  73 	VAL	  74 	TYR	  75 	4	44.261405224	1	6.48823196256	84.959	65.756	22.249	81.211	65.927	21.384	79.035	63.219	23.002
566788	VAL	  74 	ASP	  76 	MET	  92 	5	59.8062916129	1	7.08563433999	81.211	65.927	21.384	75.511	64.221	22.169	80.717	67.828	25.346
575211	VAL	  74 	VAL	  91 	ILE	  90 	4	50.8082296557	1	7.23476620217	81.211	65.927	21.384	76.956	67.779	25.153	75.526	70.243	22.565
564915	VAL	  74 	MET	  92 	GLU	  93 	4	49.2231230621	1	6.54172225029	81.211	65.927	21.384	80.717	67.828	25.346	83.556	66.408	27.472
542092	TYR	  75 	THR	  77 	ILE	  90 	5	56.6087890629	1	7.86388110287	79.035	63.219	23.002	73.247	66.894	20.707	75.526	70.243	22.565
536115	TYR	  75 	MET	  92 	GLU	  93 	4	48.7778674468	1	7.11266911925	79.035	63.219	23.002	80.717	67.828	25.346	83.556	66.408	27.472
480241	THR	  77 	ASP	  76 	GLY	  78 	2	30.9232434982	1	6.98018337868	73.247	66.894	20.707	75.511	64.221	22.169	69.539	67.621	20.945
480173	THR	  77 	ASP	  76 	ILE	  90 	6	63.815667119	1	6.03502485496	73.247	66.894	20.707	75.511	64.221	22.169	75.526	70.243	22.565
392336	ASP	  76 	MET	  92 	ILE	  90 	9	86.7017437803	1	7.08563433999	75.511	64.221	22.169	80.717	67.828	25.346	75.526	70.243	22.565
566786	VAL	  91 	ASP	  76 	MET	  92 	3	43.6794641054	1	7.08563433999	76.956	67.779	25.153	75.511	64.221	22.169	80.717	67.828	25.346
475632	THR	  77 	GLY	  78 	GLU	  79 	1	20.8689813741	1	7.30902134352	73.247	66.894	20.707	69.539	67.621	20.945	66.731	70.17	21.188
481685	THR	  77 	PRO	  88 	GLY	  78 	6	65.7942817951	1	7.62355599442	73.247	66.894	20.707	69.269	73.393	20.946	69.539	67.621	20.945
475851	THR	  77 	GLY	  78 	ILE	  90 	4	51.2751718942	1	6.73375474754	73.247	66.894	20.707	69.539	67.621	20.945	75.526	70.243	22.565
542450	TYR	  89 	THR	  77 	PRO	  88 	3	43.2129851544	1	7.62355599442	72.141	71.979	22.959	73.247	66.894	20.707	69.269	73.393	20.946
418106	PRO	  88 	GLY	  78 	LEU	  87 	3	39.3710762365	1	8.06170782155	69.269	73.393	20.946	69.539	67.621	20.945	66.206	74.701	22.883
585074	ALA	  80 	GLU	  81 	GLU	  79 	3	39.5943425559	1	6.70425021908	65.096	70.434	24.643	61.348	71.201	25.049	66.731	70.17	21.188
423798	PRO	  86 	PRO	  88 	GLU	  79 	7	73.7402786574	1	6.44495965852	62.857	74.033	21.065	69.269	73.393	20.946	66.731	70.17	21.188
597175	ALA	  80 	PRO	  88 	PRO	  86 	8	80.3537379345	1	6.44495965852	65.096	70.434	24.643	69.269	73.393	20.946	62.857	74.033	21.065
602933	ALA	  80 	TYR	  89 	PRO	  88 	6	61.8829269593	1	7.40640979153	65.096	70.434	24.643	72.141	71.979	22.959	69.269	73.393	20.946
481393	THR	  82 	PRO	  83 	GLU	  81 	2	27.9432970753	1	7.13663716326	60.732	74.513	26.861	57.893	76.999	27.368	61.348	71.201	25.049
599473	ALA	  84 	THR	  82 	GLU	  81 	2	31.9905147539	1	8.08177239224	59.738	79.113	24.698	60.732	74.513	26.861	61.348	71.201	25.049
418038	PRO	  86 	GLY	  85 	GLU	  81 	7	75.7721965135	1	6.00222175532	62.857	74.033	21.065	59.919	76.261	22.154	61.348	71.201	25.049
481686	THR	  82 	PRO	  86 	GLY	  85 	7	74.1800523607	1	6.19190124275	60.732	74.513	26.861	62.857	74.033	21.065	59.919	76.261	22.154
596667	ALA	  84 	PRO	  86 	LEU	  87 	4	47.4438528713	1	8.03710103209	59.738	79.113	24.698	62.857	74.033	21.065	66.206	74.701	22.883
539066	TYR	  89 	PRO	  88 	LEU	  87 	3	42.920042471	1	6.5298763388	72.141	71.979	22.959	69.269	73.393	20.946	66.206	74.701	22.883
539209	TYR	  89 	PRO	  88 	ILE	  90 	2	25.6261290431	1	7.18983379502	72.141	71.979	22.959	69.269	73.393	20.946	75.526	70.243	22.565
570961	VAL	  98 	THR	  99 	GLY	  97 	2	27.4856842693	1	7.0348400124	91.081	77.455	32.472	91.617	79.186	29.227	90.604	73.945	33.809
475855	THR	  99 	GLY	  97 	ILE	 146 	8	82.7306529362	1	7.0348400124	91.617	79.186	29.227	90.604	73.945	33.809	94.581	73.871	30.105
657147	ASN	 143 	THR	  99 	LEU	 100 	4	45.8457348913	1	8.01249730109	89.357	78.912	22.757	91.617	79.186	29.227	94.94	80.644	28.237
628495	ARG	 101 	THR	  99 	ILE	 103 	8	80.5340740516	1	6.31446236825	93.126	83.99	28.29	91.617	79.186	29.227	95.982	82.157	32.69
657655	ASN	 143 	THR	  99 	PRO	 141 	8	79.7254052316	1	6.85883197053	89.357	78.912	22.757	91.617	79.186	29.227	93.524	82.131	23.896
599907	ALA	 142 	THR	  99 	MET	 145 	4	46.1196428263	1	7.56291213753	89.78	82.086	24.896	91.617	79.186	29.227	92.01	75.472	27.808
478731	THR	  99 	MET	 145 	ILE	 146 	4	51.6185851696	1	6.14861000552	91.617	79.186	29.227	92.01	75.472	27.808	94.581	73.871	30.105
560741	VAL	 104 	ILE	 103 	HIS	 105 	6	62.6631495475	1	5.42283846339	97.748	85.075	31.048	95.982	82.157	32.69	95.409	87.549	32.762
562180	VAL	 104 	GLY	 108 	HIS	 105 	5	59.7097894707	1	5.83602553113	97.748	85.075	31.048	101.133	86.606	33.399	95.409	87.549	32.762
562178	VAL	 104 	GLY	 212 	HIS	 105 	3	42.1258577859	1	8.0157368345	97.748	85.075	31.048	101.824	88.535	28.058	95.409	87.549	32.762
568227	VAL	 104 	PRO	 109 	MET	 110 	4	45.1336321409	1	7.52181321225	97.748	85.075	31.048	103.401	85.148	30.695	104.341	81.455	30.973
472755	THR	 106 	HIS	 105 	GLU	 107 	4	52.3684523219	1	6.04855776198	95.931	86.104	36.265	95.409	87.549	32.762	99.448	84.578	36.145
475781	THR	 106 	GLY	 108 	HIS	 105 	6	65.4581680174	1	5.96043320573	95.931	86.104	36.265	101.133	86.606	33.399	95.409	87.549	32.762
302981	GLY	 212 	GLY	 108 	HIS	 105 	6	65.6859437599	1	8.0157368345	101.824	88.535	28.058	101.133	86.606	33.399	95.409	87.549	32.762
418034	PRO	 109 	GLY	 108 	GLU	 107 	3	37.4864918977	1	6.75674544437	103.401	85.148	30.695	101.133	86.606	33.399	99.448	84.578	36.145
420918	PRO	 109 	MET	 110 	GLU	 107 	7	73.9616214081	1	7.77458436188	103.401	85.148	30.695	104.341	81.455	30.973	99.448	84.578	36.145
421202	PRO	 109 	MET	 110 	GLY	 108 	3	42.5182858903	1	6.53525370586	103.401	85.148	30.695	104.341	81.455	30.973	101.133	86.606	33.399
568081	VAL	 209 	PRO	 109 	GLY	 108 	2	34.3139897975	1	7.81025927867	101.756	83.381	26.313	103.401	85.148	30.695	101.133	86.606	33.399
360727	MET	 110 	GLY	 212 	GLY	 108 	8	82.3607090091	1	8.05970929997	104.341	81.455	30.973	101.824	88.535	28.058	101.133	86.606	33.399
568229	VAL	 209 	PRO	 109 	MET	 110 	6	64.9968056158	1	5.66633047042	101.756	83.381	26.313	103.401	85.148	30.695	104.341	81.455	30.973
481826	THR	 211 	PRO	 109 	MET	 110 	3	36.3591660326	1	8.00309021566	105.201	87.988	26.431	103.401	85.148	30.695	104.341	81.455	30.973
421200	PRO	 109 	MET	 110 	GLY	 212 	1	23.0527606394	1	8.05970929997	103.401	85.148	30.695	104.341	81.455	30.973	101.824	88.535	28.058
478875	THR	 111 	MET	 110 	LYS	 113 	4	46.8320566511	1	7.98864775791	107.913	80.186	31.321	104.341	81.455	30.973	109.391	75.807	28.44
628708	ARG	 114 	THR	 111 	MET	 110 	5	59.5650217148	1	6.21844683181	105.682	75.567	29.489	107.913	80.186	31.321	104.341	81.455	30.973
421274	PRO	 112 	MET	 110 	LYS	 113 	3	43.0245884141	1	7.98864775791	109.236	79.597	27.779	104.341	81.455	30.973	109.391	75.807	28.44
625832	ARG	 114 	PRO	 112 	MET	 110 	9	89.0703424485	1	6.21844683181	105.682	75.567	29.489	109.236	79.597	27.779	104.341	81.455	30.973
622874	ARG	 114 	MET	 110 	LYS	 113 	3	43.7495477649	1	7.98864775791	105.682	75.567	29.489	104.341	81.455	30.973	109.391	75.807	28.44
478803	THR	 211 	MET	 110 	GLY	 212 	4	49.3722139039	1	8.05970929997	105.201	87.988	26.431	104.341	81.455	30.973	101.824	88.535	28.058
634249	ARG	 270 	ALA	 120 	ILE	 119 	2	34.0063875513	1	7.77487060986	105.483	71.747	16.198	103.282	72.177	20.559	101.612	75.371	21.884
589252	ALA	 122 	ILE	 119 	CYS	 123 	5	59.7171141091	1	6.00224757903	97.886	72.862	20.312	101.612	75.371	21.884	99.736	72.483	16.968
618056	ARG	 270 	ILE	 119 	CYS	 123 	9	88.4166291002	1	7.77487060986	105.483	71.747	16.198	101.612	75.371	21.884	99.736	72.483	16.968
634537	ARG	 270 	ALA	 120 	ASP	 121 	2	31.8021963475	1	7.86036767588	105.483	71.747	16.198	103.282	72.177	20.559	100.251	70.281	21.878
593574	ALA	 120 	MET	 269 	CYS	 123 	7	71.1872756257	1	7.74791075065	103.282	72.177	20.559	105.498	74.421	13.482	99.736	72.483	16.968
634465	ARG	 270 	ALA	 120 	MET	 269 	2	33.8557666285	1	7.74791075065	105.483	71.747	16.198	103.282	72.177	20.559	105.498	74.421	13.482
595013	ALA	 122 	ASP	 121 	CYS	 123 	6	63.7721556521	1	5.40574962424	97.886	72.862	20.312	100.251	70.281	21.878	99.736	72.483	16.968
381893	ASP	 121 	GLN	 124 	CYS	 123 	6	68.1508369256	1	5.40574962424	100.251	70.281	21.878	99.183	68.741	17.112	99.736	72.483	16.968
583493	ALA	 125 	GLN	 124 	CYS	 123 	6	62.2542412589	1	5.43617613769	95.437	69.23	17.667	99.183	68.741	17.112	99.736	72.483	16.968
641093	ASN	 127 	GLN	 124 	CYS	 123 	6	61.4139850537	1	5.94631558194	97.198	69.576	12.444	99.183	68.741	17.112	99.736	72.483	16.968
583492	ALA	 267 	GLN	 124 	CYS	 123 	5	59.7218193526	1	6.42805149326	103.042	69.756	12.177	99.183	68.741	17.112	99.736	72.483	16.968
612293	ARG	 270 	GLN	 124 	CYS	 123 	6	65.8846193925	1	7.03998806817	105.483	71.747	16.198	99.183	68.741	17.112	99.736	72.483	16.968
662695	ASN	 127 	ALA	 266 	CYS	 123 	8	78.9128859946	1	5.94631558194	97.198	69.576	12.444	100.932	72.955	12.057	99.736	72.483	16.968
603652	ALA	 266 	VAL	 199 	CYS	 123 	5	58.1562824012	1	7.91731659087	100.932	72.955	12.057	99.242	78.578	11.939	99.736	72.483	16.968
564775	VAL	 199 	MET	 269 	CYS	 123 	8	82.1146004013	1	7.91731659087	99.242	78.578	11.939	105.498	74.421	13.482	99.736	72.483	16.968
593573	ALA	 266 	MET	 269 	CYS	 123 	6	65.2530472537	1	7.00775884288	100.932	72.955	12.057	105.498	74.421	13.482	99.736	72.483	16.968
622374	ARG	 270 	MET	 269 	CYS	 123 	7	71.4000066013	1	7.00775884288	105.483	71.747	16.198	105.498	74.421	13.482	99.736	72.483	16.968
641020	ASN	 127 	GLN	 124 	PHE	 128 	5	57.642718372	1	6.25861206658	97.198	69.576	12.444	99.183	68.741	17.112	94.809	66.696	13.13
645628	ASN	 127 	HIS	 130 	LEU	 126 	5	56.9347704431	1	6.21585698034	97.198	69.576	12.444	93.506	69.943	9.062	95.187	71.737	14.771
645342	ASN	 127 	HIS	 130 	PHE	 128 	7	68.5859635921	1	5.36557937226	97.198	69.576	12.444	93.506	69.943	9.062	94.809	66.696	13.13
655567	ASN	 127 	SER	 129 	GLN	 131 	8	82.6336313712	1	6.1710610919	97.198	69.576	12.444	91.877	69.012	12.355	94.243	66.359	8.085
645484	ASN	 127 	HIS	 130 	GLN	 131 	5	58.0339667877	1	6.1710610919	97.198	69.576	12.444	93.506	69.943	9.062	94.243	66.359	8.085
655420	ASN	 132 	SER	 129 	PHE	 128 	5	56.9948391565	1	6.35639528349	90.513	65.729	8.546	91.877	69.012	12.355	94.809	66.696	13.13
645343	ASN	 132 	HIS	 130 	PHE	 128 	8	77.8093314933	1	6.35639528349	90.513	65.729	8.546	93.506	69.943	9.062	94.809	66.696	13.13
443884	SER	 129 	HIS	 130 	GLN	 131 	5	60.0310328021	1	5.55601160906	91.877	69.012	12.355	93.506	69.943	9.062	94.243	66.359	8.085
655565	ASN	 132 	SER	 129 	GLN	 131 	6	66.7826470571	1	5.55601160906	90.513	65.729	8.546	91.877	69.012	12.355	94.243	66.359	8.085
655924	ASN	 132 	SER	 129 	GLY	 133 	5	55.0010169232	1	6.51802799933	90.513	65.729	8.546	91.877	69.012	12.355	89.635	68.657	6.245
445539	SER	 129 	ILE	 135 	HIS	 136 	4	49.4398073836	1	7.5537056469	91.877	69.012	12.355	90.013	74.656	9.419	89.249	76.078	12.828
299885	GLY	 133 	HIS	 130 	GLN	 131 	6	66.9199821159	1	5.46809546369	89.635	68.657	6.245	93.506	69.943	9.062	94.243	66.359	8.085
271082	ILE	 134 	HIS	 130 	GLN	 131 	3	40.1226550529	1	7.4845534937	88.577	71.178	8.917	93.506	69.943	9.062	94.243	66.359	8.085
648584	ASN	 132 	GLY	 133 	HIS	 130 	9	86.2068232981	1	5.19442980509	90.513	65.729	8.546	89.635	68.657	6.245	93.506	69.943	9.062
272743	ILE	 135 	ILE	 134 	HIS	 130 	8	77.1997457497	1	5.8771478627	90.013	74.656	9.419	88.577	71.178	8.917	93.506	69.943	9.062
648365	ASN	 132 	GLY	 133 	GLN	 131 	6	62.1279996271	1	5.46809546369	90.513	65.729	8.546	89.635	68.657	6.245	94.243	66.359	8.085
646923	ASN	 132 	ILE	 134 	GLN	 131 	4	46.2488082322	1	7.4845534937	90.513	65.729	8.546	88.577	71.178	8.917	94.243	66.359	8.085
272813	ILE	 135 	ILE	 163 	ILE	 134 	6	63.7759049471	1	7.4482893338	90.013	74.656	9.419	87.255	71.991	3.034	88.577	71.178	8.917
618416	ARG	 161 	ILE	 163 	ILE	 134 	9	83.3854929012	1	6.23705964377	85.021	75.22	7.88	87.255	71.991	3.034	88.577	71.178	8.917
589612	ALA	 162 	ILE	 134 	ILE	 163 	5	57.022155587	1	6.0842700466	85.112	71.805	6.248	88.577	71.178	8.917	87.255	71.991	3.034
618413	ARG	 161 	ILE	 163 	ILE	 135 	6	66.607895944	1	7.4482893338	85.021	75.22	7.88	87.255	71.991	3.034	90.013	74.656	9.419
589611	ALA	 162 	ILE	 135 	ILE	 163 	4	51.0363351638	1	7.4482893338	85.112	71.805	6.248	90.013	74.656	9.419	87.255	71.991	3.034
393776	ASP	 198 	ASP	 194 	ILE	 135 	9	84.6693008264	1	7.37106138897	95.397	78.683	11.874	93.528	77.751	4.805	90.013	74.656	9.419
635621	ARG	 161 	ARG	 137 	HIS	 136 	6	60.7761866418	1	7.60151149443	85.021	75.22	7.88	89.426	79.834	12.014	89.249	76.078	12.828
634179	ARG	 161 	ALA	 160 	HIS	 136 	4	49.7041868771	1	6.56466693748	85.021	75.22	7.88	85.232	76.115	11.53	89.249	76.078	12.828
566715	VAL	 139 	ASP	 138 	LYS	 140 	4	49.977928155	1	6.11606711866	92.225	80.101	17.203	88.891	81.025	15.622	92.761	82.426	20.146
661899	ASN	 143 	VAL	 139 	ASP	 138 	4	49.674679335	1	7.45588022972	89.357	78.912	22.757	92.225	80.101	17.203	88.891	81.025	15.622
566859	VAL	 139 	ASP	 198 	ASP	 138 	4	45.2370130655	1	7.86514488106	92.225	80.101	17.203	95.397	78.683	11.874	88.891	81.025	15.622
393775	ASP	 156 	ASP	 138 	ILE	 159 	8	80.0004302258	1	7.98102374386	84.896	76.167	19.757	88.891	81.025	15.622	83.06	79.129	12.577
389452	ASP	 138 	GLY	 158 	ILE	 159 	5	58.5241461879	1	8.00050160927	88.891	81.025	15.622	81.59	77.761	15.845	83.06	79.129	12.577
661611	ASN	 143 	VAL	 139 	ILE	 144 	4	46.4387899985	1	7.80766085329	89.357	78.912	22.757	92.225	80.101	17.203	92.217	76.853	24.303
596956	ALA	 142 	PRO	 141 	LYS	 140 	5	60.4833331792	1	5.61822578756	89.78	82.086	24.896	93.524	82.131	23.896	92.761	82.426	20.146
534534	TYR	 182 	LYS	 140 	CYS	 204 	7	69.3672241255	1	7.83014642264	94.32	86.952	16.426	92.761	82.426	20.146	99.742	85.122	17.842
563330	VAL	 205 	LYS	 140 	CYS	 204 	3	43.1156832509	1	7.83014642264	98.667	82.941	20.77	92.761	82.426	20.146	99.742	85.122	17.842
654631	ASN	 143 	PRO	 141 	MET	 145 	8	76.0339858504	1	7.87008392585	89.357	78.912	22.757	93.524	82.131	23.896	92.01	75.472	27.808
663271	ASN	 143 	ALA	 142 	MET	 145 	8	75.9155847502	1	7.56291213753	89.357	78.912	22.757	89.78	82.086	24.896	92.01	75.472	27.808
661832	ASN	 143 	VAL	 154 	MET	 145 	9	88.7486513251	1	6.66217757194	89.357	78.912	22.757	91.223	73.142	21.749	92.01	75.472	27.808
651749	ASN	 143 	MET	 145 	MET	 155 	6	64.2866461267	1	7.87156718831	89.357	78.912	22.757	92.01	75.472	27.808	87.541	74.077	21.48
359209	MET	 145 	ILE	 146 	ILE	 144 	2	31.7843159474	1	6.93858948202	92.01	75.472	27.808	94.581	73.871	30.105	92.217	76.853	24.303
363533	MET	 155 	MET	 145 	ILE	 144 	6	62.7029266038	1	7.87156718831	87.541	74.077	21.48	92.01	75.472	27.808	92.217	76.853	24.303
450077	SER	 147 	MET	 145 	LYS	 153 	6	66.4599460185	1	7.49587746698	93.334	70.969	32.274	92.01	75.472	27.808	92.135	71.156	24.877
363679	MET	 155 	MET	 145 	LYS	 153 	8	78.2267783761	1	7.87156718831	87.541	74.077	21.48	92.01	75.472	27.808	92.135	71.156	24.877
565347	VAL	 154 	MET	 145 	MET	 155 	4	46.1876034369	1	7.87156718831	91.223	73.142	21.749	92.01	75.472	27.808	87.541	74.077	21.48
598249	ALA	 148 	SER	 147 	ILE	 146 	2	34.2866641983	1	6.88944213997	93.809	70.348	35.975	93.334	70.969	32.274	94.581	73.871	30.105
483049	THR	 149 	SER	 147 	ILE	 146 	2	33.2042362041	1	7.87076959388	96.195	67.638	34.632	93.334	70.969	32.274	94.581	73.871	30.105
605958	ALA	 151 	ALA	 148 	THR	 149 	7	68.851953352	1	7.48072730421	96.605	68.819	29.207	93.809	70.348	35.975	96.195	67.638	34.632
663843	ASN	 150 	ALA	 148 	ALA	 151 	4	44.0279154376	1	7.48072730421	98.023	70.251	32.418	93.809	70.348	35.975	96.605	68.819	29.207
663770	ASN	 150 	ALA	 151 	VAL	 152 	3	41.8306833677	1	6.57147365512	98.023	70.251	32.418	96.605	68.819	29.207	95.698	71.211	26.347
391899	ASP	 156 	MET	 155 	PHE	 157 	4	46.298855373	1	6.28380314778	84.896	76.167	19.757	87.541	74.077	21.48	84.3	75.076	16.19
389450	ASP	 156 	GLY	 158 	ILE	 159 	3	36.2135455367	1	7.98102374386	84.896	76.167	19.757	81.59	77.761	15.845	83.06	79.129	12.577
635041	ARG	 161 	ALA	 162 	ALA	 160 	2	34.2980251528	1	6.81835933345	85.021	75.22	7.88	85.112	71.805	6.248	85.232	76.115	11.53
596522	ALA	 180 	PRO	 221 	GLN	 181 	3	37.5756481025	1	7.98557737424	91.03	91.371	15.656	89.782	96.73	15.114	94.165	90.571	17.688
605163	ALA	 225 	ALA	 180 	GLN	 181 	4	46.9044860626	1	7.7000514284	93.931	94.761	11.232	91.03	91.371	15.656	94.165	90.571	17.688
525892	TYR	 182 	GLN	 181 	CYS	 204 	5	59.1681057007	1	7.79860538814	94.32	86.952	16.426	94.165	90.571	17.688	99.742	85.122	17.842
423726	PRO	 215 	PRO	 214 	GLN	 181 	7	75.4315104997	1	7.63235645132	101.725	90.954	18.664	99.505	89.712	21.616	94.165	90.571	17.688
481328	THR	 217 	PRO	 214 	GLN	 181 	9	89.7024736655	1	7.03417500493	97.142	96.107	19.884	99.505	89.712	21.616	94.165	90.571	17.688
596528	ALA	 225 	PRO	 221 	GLN	 181 	9	87.0065820209	1	7.98557737424	93.931	94.761	11.232	89.782	96.73	15.114	94.165	90.571	17.688
545406	TYR	 182 	TYR	 200 	SER	 201 	7	69.1141657393	1	8.06087563482	94.32	86.952	16.426	99.344	82.434	12.03	96.694	82.565	14.81
544616	TYR	 200 	TYR	 182 	CYS	 204 	9	85.1475540168	1	8.06087563482	99.344	82.434	12.03	94.32	86.952	16.426	99.742	85.122	17.842
540295	TYR	 182 	SER	 201 	CYS	 204 	8	78.8875894674	1	5.89508608928	94.32	86.952	16.426	96.694	82.565	14.81	99.742	85.122	17.842
538856	TYR	 182 	PRO	 214 	CYS	 204 	9	89.4474122174	1	7.83823481404	94.32	86.952	16.426	99.505	89.712	21.616	99.742	85.122	17.842
454106	SER	 197 	SER	 184 	LEU	 183 	3	38.2837692196	1	7.88925604858	95.682	80.925	8.757	95.509	86.333	9.982	93.194	87.221	12.808
413647	PRO	 185 	LEU	 183 	GLN	 187 	8	83.0591370897	1	6.42940914859	95.913	89.006	7.262	93.194	87.221	12.808	91.224	86.276	7.147
453965	SER	 197 	SER	 184 	GLN	 187 	6	66.4915584705	1	7.14836100096	95.682	80.925	8.757	95.509	86.333	9.982	91.224	86.276	7.147
454538	SER	 184 	SER	 197 	ASP	 198 	3	39.8173457824	1	7.88128847334	95.509	86.333	9.982	95.682	80.925	8.757	95.397	78.683	11.874
541088	TYR	 200 	SER	 184 	SER	 197 	9	85.1523722439	1	5.83983989507	99.344	82.434	12.03	95.509	86.333	9.982	95.682	80.925	8.757
454540	SER	 184 	SER	 201 	ASP	 198 	5	59.7013420882	1	7.88128847334	95.509	86.333	9.982	96.694	82.565	14.81	95.397	78.683	11.874
412205	PRO	 185 	GLU	 186 	GLN	 187 	6	62.8827533785	1	5.427047632	95.913	89.006	7.262	94.109	86.818	4.713	91.224	86.276	7.147
605813	ALA	 225 	ALA	 188 	PRO	 185 	6	67.0811785781	1	7.26699724783	93.931	94.761	11.232	90.988	89.981	7.791	95.913	89.006	7.262
567941	VAL	 229 	PRO	 185 	HIS	 228 	6	65.4001628334	1	5.65248476336	98.691	93.3	7.176	95.913	89.006	7.262	98.563	92.434	10.892
419622	PRO	 185 	LYS	 257 	HIS	 228 	7	71.2890720901	1	7.56159573106	95.913	89.006	7.262	102.679	88.059	6.299	98.563	92.434	10.892
389167	ASP	 191 	GLY	 190 	GLN	 187 	8	77.2894799816	1	5.48532998096	90.076	85.951	1.793	87.654	87.476	4.336	91.224	86.276	7.147
569165	VAL	 193 	SER	 192 	GLN	 187 	6	67.2641843051	1	7.22922423224	91.792	81.099	4.519	90.643	82.287	1.146	91.224	86.276	7.147
451442	SER	 192 	ASP	 191 	GLY	 190 	3	36.3962640992	1	6.78497914514	90.643	82.287	1.146	90.076	85.951	1.793	87.654	87.476	4.336
566643	VAL	 193 	ASP	 191 	GLY	 190 	4	45.3279754264	1	7.60412138251	91.792	81.099	4.519	90.076	85.951	1.793	87.654	87.476	4.336
595659	ALA	 195 	ASP	 198 	ASP	 194 	4	44.1127618421	1	7.37106138897	95.53	75.793	7.31	95.397	78.683	11.874	93.528	77.751	4.805
451659	SER	 197 	ASP	 194 	ASP	 198 	4	46.273926264	1	7.37106138897	95.682	80.925	8.757	93.528	77.751	4.805	95.397	78.683	11.874
635043	ARG	 196 	ALA	 266 	ALA	 195 	4	51.7321128128	1	7.81043219035	98.227	78.49	7.256	100.932	72.955	12.057	95.53	75.793	7.31
599403	ALA	 195 	THR	 265 	GLN	 264 	4	47.4936800693	1	7.81027566735	95.53	75.793	7.31	101.36	72.954	8.237	103.145	75.208	5.676
636413	ARG	 262 	ARG	 196 	VAL	 199 	6	62.1639545014	1	7.61399691358	105.02	80.507	7.371	98.227	78.49	7.256	99.242	78.578	11.939
636056	ARG	 196 	ARG	 262 	PRO	 259 	9	83.5668610964	1	7.08705601784	98.227	78.49	7.256	105.02	80.507	7.371	101.392	82.311	3.673
636340	ARG	 196 	ARG	 262 	TYR	 263 	5	54.7561156428	1	7.11290468093	98.227	78.49	7.256	105.02	80.507	7.371	105.053	76.914	8.487
635408	ARG	 196 	ARG	 262 	GLN	 264 	9	87.5481295191	1	7.08705601784	98.227	78.49	7.256	105.02	80.507	7.371	103.145	75.208	5.676
631085	ARG	 196 	TYR	 263 	GLN	 264 	6	63.7190247605	1	7.11290468093	98.227	78.49	7.256	105.053	76.914	8.487	103.145	75.208	5.676
628205	ARG	 196 	THR	 265 	GLN	 264 	6	63.7696143863	1	6.43625248106	98.227	78.49	7.256	101.36	72.954	8.237	103.145	75.208	5.676
569887	VAL	 199 	SER	 201 	SER	 197 	8	77.7843003791	1	6.35236593719	99.242	78.578	11.939	96.694	82.565	14.81	95.682	80.925	8.757
541084	TYR	 200 	SER	 197 	SER	 201 	5	56.9942903877	1	6.35236593719	99.344	82.434	12.03	95.682	80.925	8.757	96.694	82.565	14.81
571111	VAL	 199 	THR	 265 	MET	 269 	8	82.341054186	1	7.66805281672	99.242	78.578	11.939	101.36	72.954	8.237	105.498	74.421	13.482
606101	ALA	 256 	ALA	 254 	TYR	 200 	6	64.2148319754	1	7.49971206114	104.97	85.848	8.433	104.53	81.631	12.176	99.344	82.434	12.03
561890	VAL	 251 	GLY	 203 	CYS	 204 	3	37.9923150127	1	7.84828299694	107.131	82.93	16.361	101.773	82.292	16.326	99.742	85.122	17.842
567653	VAL	 205 	PRO	 214 	CYS	 204 	6	65.1429476849	1	6.87491098124	98.667	82.941	20.77	99.505	89.712	21.616	99.742	85.122	17.842
527479	TYR	 207 	GLU	 213 	GLU	 208 	8	78.1128403586	1	7.15627004801	103.564	85.399	21.183	100.636	90.588	25.147	101.067	86.244	23.893
542454	TYR	 207 	THR	 211 	PRO	 214 	7	71.7218037623	1	7.65511704679	103.564	85.399	21.183	105.201	87.988	26.431	99.505	89.712	21.616
469879	THR	 211 	GLU	 213 	GLU	 208 	8	82.2154141686	1	5.40813100803	105.201	87.988	26.431	100.636	90.588	25.147	101.067	86.244	23.893
297079	GLY	 212 	GLU	 208 	GLU	 213 	8	78.449288519	1	4.81341406904	101.824	88.535	28.058	101.067	86.244	23.893	100.636	90.588	25.147
412279	PRO	 214 	GLU	 208 	GLU	 213 	8	78.7725621376	1	4.54187329194	99.505	89.712	21.616	101.067	86.244	23.893	100.636	90.588	25.147
423795	PRO	 215 	PRO	 214 	GLU	 208 	4	45.7289137993	1	7.06820380295	101.725	90.954	18.664	99.505	89.712	21.616	101.067	86.244	23.893
481467	THR	 211 	PRO	 236 	LEU	 210 	4	51.7776070453	1	7.36547880317	105.201	87.988	26.431	109.361	88.534	21.402	105.498	84.189	25.924
472826	THR	 211 	HIS	 240 	LEU	 210 	3	41.6242806327	1	7.70945536338	105.201	87.988	26.431	110.148	90.118	27.555	105.498	84.189	25.924
481684	THR	 211 	PRO	 214 	GLY	 212 	5	57.0680983159	1	7.65511704679	105.201	87.988	26.431	99.505	89.712	21.616	101.824	88.535	28.058
423794	PRO	 215 	PRO	 214 	GLU	 213 	3	42.4640307779	1	6.58400835358	101.725	90.954	18.664	99.505	89.712	21.616	100.636	90.588	25.147
423580	PRO	 214 	PRO	 215 	PHE	 216 	5	59.6349667852	1	5.65327002716	99.505	89.712	21.616	101.725	90.954	18.664	99.486	93.938	17.861
481972	THR	 217 	PRO	 214 	PRO	 215 	5	57.2333544336	1	7.03417500493	97.142	96.107	19.884	99.505	89.712	21.616	101.725	90.954	18.664
481181	THR	 217 	PRO	 214 	PHE	 216 	6	67.4271121714	1	7.03417500493	97.142	96.107	19.884	99.505	89.712	21.616	99.486	93.938	17.861
423579	PRO	 233 	PRO	 215 	PHE	 216 	4	49.3471160561	1	7.19088965289	105.808	92.217	14.898	101.725	90.954	18.664	99.486	93.938	17.861
475417	THR	 217 	GLY	 218 	PHE	 216 	2	33.959491217	1	6.86474944918	97.142	96.107	19.884	95.377	99.336	18.911	99.486	93.938	17.861
480248	THR	 217 	ASP	 219 	GLY	 218 	9	89.7387908967	1	7.23951061882	97.142	96.107	19.884	92.495	101.658	19.836	95.377	99.336	18.911
422644	PRO	 221 	ASP	 219 	GLY	 218 	5	54.7769051983	1	7.34457874898	89.782	96.73	15.114	92.495	101.658	19.836	95.377	99.336	18.911
452884	SER	 220 	PRO	 221 	GLY	 218 	5	60.3756007948	1	7.24654883376	90.268	99.923	17.217	89.782	96.73	15.114	95.377	99.336	18.911
453097	SER	 220 	PRO	 221 	ASP	 219 	2	23.5394436294	1	7.34457874898	90.268	99.923	17.217	89.782	96.73	15.114	92.495	101.658	19.836
454539	SER	 223 	SER	 220 	ASP	 219 	4	50.8561658044	1	6.97525949338	94.126	99.386	13.446	90.268	99.923	17.217	92.495	101.658	19.836
569739	VAL	 224 	SER	 220 	ASP	 219 	4	46.1504523843	1	7.8772267328	94.795	96.068	14.785	90.268	99.923	17.217	92.495	101.658	19.836
453104	SER	 223 	PRO	 221 	ASP	 219 	9	85.691172233	1	7.34457874898	94.126	99.386	13.446	89.782	96.73	15.114	92.495	101.658	19.836
454614	SER	 223 	SER	 220 	PRO	 221 	7	70.3843779893	1	5.42152875119	94.126	99.386	13.446	90.268	99.923	17.217	89.782	96.73	15.114
575647	VAL	 224 	VAL	 222 	SER	 220 	8	81.4440889917	1	6.42412468746	94.795	96.068	14.785	90.811	98.295	11.788	90.268	99.923	17.217
575574	VAL	 224 	VAL	 222 	PRO	 221 	7	73.4352801409	1	5.46020091205	94.795	96.068	14.785	90.811	98.295	11.788	89.782	96.73	15.114
604372	ALA	 225 	VAL	 222 	PRO	 221 	5	59.235279053	1	6.01340885023	93.931	94.761	11.232	90.811	98.295	11.788	89.782	96.73	15.114
559086	VAL	 224 	HIS	 228 	GLN	 227 	7	71.9091047213	1	6.52374348055	94.795	96.068	14.785	98.563	92.434	10.892	99.113	96.145	11.715
587886	ALA	 225 	HIS	 228 	GLN	 227 	7	69.3873444349	1	5.38533833663	93.931	94.761	11.232	98.563	92.434	10.892	99.113	96.145	11.715
530288	TYR	 226 	HIS	 228 	GLN	 227 	9	89.9837068294	1	5.62001076511	96.229	97.347	9.478	98.563	92.434	10.892	99.113	96.145	11.715
573701	VAL	 229 	TYR	 226 	HIS	 228 	6	66.2464629484	1	5.62001076511	98.691	93.3	7.176	96.229	97.347	9.478	98.563	92.434	10.892
386283	ASP	 232 	HIS	 228 	GLN	 227 	4	52.1659941408	1	7.88557226839	106.368	93.467	11.336	98.563	92.434	10.892	99.113	96.145	11.715
383402	ASP	 232 	GLU	 231 	GLN	 227 	3	37.93391019	1	7.74276113541	106.368	93.467	11.336	103.677	95.854	10.194	99.113	96.145	11.715
386357	ASP	 232 	HIS	 228 	GLU	 231 	6	62.1616100228	1	7.88557226839	106.368	93.467	11.336	98.563	92.434	10.892	103.677	95.854	10.194
422570	PRO	 233 	ASP	 232 	ILE	 234 	3	42.9473226531	1	6.52077794439	105.808	92.217	14.898	106.368	93.467	11.336	108.388	93.244	17.532
424016	PRO	 235 	PRO	 233 	ILE	 234 	9	89.4848559427	1	6.17081364165	110.629	90.159	18.154	105.808	92.217	14.898	108.388	93.244	17.532
625612	ARG	 239 	PRO	 235 	ILE	 234 	5	54.0852543193	1	7.38112118855	109.274	92.667	24.837	110.629	90.159	18.154	108.388	93.244	17.532
453176	SER	 237 	PRO	 235 	PRO	 236 	9	89.9773121967	1	5.64164390936	112.754	88.795	23.199	110.629	90.159	18.154	109.361	88.534	21.402
625974	ARG	 239 	PRO	 235 	PRO	 236 	7	70.7807559241	1	7.26557485682	109.274	92.667	24.837	110.629	90.159	18.154	109.361	88.534	21.402
424304	PRO	 235 	PRO	 236 	ASP	 248 	9	88.9666542417	1	5.71900917992	110.629	90.159	18.154	109.361	88.534	21.402	111.925	84.59	18.271
625540	ARG	 239 	PRO	 236 	HIS	 240 	5	57.2608924481	1	6.40217416195	109.274	92.667	24.837	109.361	88.534	21.402	110.148	90.118	27.555
422426	PRO	 236 	ASP	 248 	LEU	 247 	3	37.8715116037	1	8.05605741042	109.361	88.534	21.402	111.925	84.59	18.271	112.065	81.108	19.839
598684	ALA	 245 	SER	 237 	SER	 244 	5	56.9332201625	1	7.38935416664	116.781	83.94	19.35	112.754	88.795	23.199	116.073	82.675	22.874
587955	ALA	 238 	HIS	 240 	GLU	 241 	4	47.5821063138	1	7.39320194503	112.588	92.634	22.925	110.148	90.118	27.555	113.323	88.765	29.182
616753	ARG	 239 	HIS	 240 	GLU	 241 	2	29.1005681105	1	7.10626695249	109.274	92.667	24.837	110.148	90.118	27.555	113.323	88.765	29.182
299960	GLY	 242 	HIS	 240 	GLU	 241 	9	89.7861686017	1	6.80336078714	114.498	85.121	29.102	110.148	90.118	27.555	113.323	88.765	29.182
451664	SER	 244 	ASP	 248 	ASP	 246 	9	88.0987267848	1	6.4854250439	116.073	82.675	22.874	111.925	84.59	18.271	115.477	80.552	18.15
631517	ARG	 262 	TYR	 263 	LYS	 253 	6	60.9830406094	1	6.95027869945	105.02	80.507	7.371	105.053	76.914	8.487	108.055	82.655	11.004
634394	ARG	 262 	ALA	 256 	LYS	 257 	3	37.0988393152	1	7.978857625	105.02	80.507	7.371	104.97	85.848	8.433	102.679	88.059	6.299
663412	ASN	 258 	ALA	 256 	PRO	 259 	5	52.8632135317	1	6.92604165451	102.861	85.833	3.146	104.97	85.848	8.433	101.392	82.311	3.673
666728	ASN	 261 	ASN	 258 	ALA	 256 	9	88.5966604952	1	5.81344286976	106.665	82.111	4.315	102.861	85.833	3.146	104.97	85.848	8.433
663414	ASN	 261 	ALA	 256 	PRO	 259 	7	71.8075263153	1	6.92604165451	106.665	82.111	4.315	104.97	85.848	8.433	101.392	82.311	3.673
654555	ASN	 258 	PRO	 259 	LYS	 257 	4	45.6318286128	1	6.4491665353	102.861	85.833	3.146	101.392	82.311	3.673	102.679	88.059	6.299
666075	ASN	 261 	ASN	 258 	LYS	 257 	4	45.3641217236	1	7.42988263703	106.665	82.111	4.315	102.861	85.833	3.146	102.679	88.059	6.299
664639	ASN	 261 	ARG	 262 	LYS	 257 	8	81.4320321595	1	7.978857625	106.665	82.111	4.315	105.02	80.507	7.371	102.679	88.059	6.299
654197	ASN	 258 	PRO	 259 	GLU	 260 	6	64.1927014795	1	5.38698366435	102.861	85.833	3.146	101.392	82.311	3.673	104.273	80.873	1.589
666294	ASN	 261 	ASN	 258 	PRO	 259 	7	70.915005084	1	5.44887704027	106.665	82.111	4.315	102.861	85.833	3.146	101.392	82.311	3.673
665718	ASN	 258 	ASN	 261 	GLU	 260 	7	69.7765273274	1	5.44887704027	102.861	85.833	3.146	106.665	82.111	4.315	104.273	80.873	1.589
666795	ASN	 258 	ASN	 261 	ARG	 262 	4	48.635377823	1	7.13289436344	102.861	85.833	3.146	106.665	82.111	4.315	105.02	80.507	7.371
412207	PRO	 259 	GLU	 260 	GLN	 264 	8	82.1364888362	1	7.5853560892	101.392	82.311	3.673	104.273	80.873	1.589	103.145	75.208	5.676
664856	ASN	 261 	ARG	 262 	PRO	 259 	9	87.2297471132	1	5.48561792326	106.665	82.111	4.315	105.02	80.507	7.371	101.392	82.311	3.673
654128	ASN	 261 	PRO	 259 	GLN	 264 	9	86.8066183094	1	7.86728224993	106.665	82.111	4.315	101.392	82.311	3.673	103.145	75.208	5.676
659955	ASN	 261 	TYR	 263 	GLU	 260 	4	46.8065987463	1	7.99152582427	106.665	82.111	4.315	105.053	76.914	8.487	104.273	80.873	1.589
665137	ASN	 261 	ARG	 262 	TYR	 263 	2	34.1231157912	1	6.85659806318	106.665	82.111	4.315	105.02	80.507	7.371	105.053	76.914	8.487
664204	ASN	 261 	ARG	 262 	GLN	 264 	5	57.5153857552	1	7.86728224993	106.665	82.111	4.315	105.02	80.507	7.371	103.145	75.208	5.676
659883	ASN	 261 	TYR	 263 	GLN	 264 	4	47.7206987878	1	7.86728224993	106.665	82.111	4.315	105.053	76.914	8.487	103.145	75.208	5.676
631084	ARG	 262 	TYR	 263 	GLN	 264 	5	54.4698257639	1	5.87094975281	105.02	80.507	7.371	105.053	76.914	8.487	103.145	75.208	5.676
541808	TYR	 263 	THR	 265 	GLN	 264 	9	89.2243246118	1	5.42054877296	105.053	76.914	8.487	101.36	72.954	8.237	103.145	75.208	5.676
602284	ALA	 266 	TYR	 263 	GLN	 264 	5	54.3140503125	1	7.1197288572	100.932	72.955	12.057	105.053	76.914	8.487	103.145	75.208	5.676
542310	TYR	 263 	THR	 265 	MET	 269 	7	75.3185857108	1	6.83996768998	105.053	76.914	8.487	101.36	72.954	8.237	105.498	74.421	13.482
599401	ALA	 266 	THR	 265 	GLN	 264 	2	30.0927522973	1	7.1197288572	100.932	72.955	12.057	101.36	72.954	8.237	103.145	75.208	5.676
469803	THR	 265 	GLU	 268 	GLN	 264 	4	52.4502172258	1	6.86943855057	101.36	72.954	8.237	106.028	71.724	10.847	103.145	75.208	5.676
599908	ALA	 266 	THR	 265 	MET	 269 	5	60.0294144749	1	6.83996768998	100.932	72.955	12.057	101.36	72.954	8.237	105.498	74.421	13.482
635044	ARG	 270 	ALA	 267 	ALA	 271 	5	58.7850468419	1	6.21038372405	105.483	71.747	16.198	103.042	69.756	12.177	108.658	70.067	14.81
392116	ASP	 272 	MET	 269 	GLU	 268 	5	56.7728321574	1	6.41993870687	110.5	73.434	15.124	105.498	74.421	13.482	106.028	71.724	10.847
392188	ASP	 272 	MET	 269 	LEU	 273 	5	58.8037057152	1	6.32875730298	110.5	73.434	15.124	105.498	74.421	13.482	109.09	74.073	18.681
661543	ASN	 278 	VAL	 274 	HIS	 277 	8	75.9647370743	1	6.00109639983	115.22	69.565	22.947	110.229	70.604	19.781	112.763	72.48	23.586
661544	ASN	 278 	VAL	 276 	HIS	 277 	9	89.4812792555	1	5.76300095436	115.22	69.565	22.947	113.804	74.633	20.597	112.763	72.48	23.586
