478585	THR	 187 	MET	 188 	LEU	 186 	2	28.9603692502	1	7.14967474785	34.404	5.054	68.579	31.298	3.791	66.669	37.386	7.347	67.856
657512	ASN	 189 	THR	 187 	MET	 188 	9	89.1051573052	1	5.40989962938	29.303	6.752	67.976	34.404	5.054	68.579	31.298	3.791	66.669
480390	THR	 187 	ASP	 190 	MET	 188 	7	71.3847491793	1	5.46442915591	34.404	5.054	68.579	31.66	9.015	66.002	31.298	3.791	66.669
478300	THR	 187 	MET	 188 	PHE	 191 	5	58.0994910649	1	7.76399491241	34.404	5.054	68.579	31.298	3.791	66.669	30.198	7.824	62.67
479738	THR	 187 	ASP	 190 	PHE	 191 	3	40.3717579411	1	7.76399491241	34.404	5.054	68.579	31.66	9.015	66.002	30.198	7.824	62.67
472540	THR	 187 	HIS	 262 	PHE	 261 	5	55.4852230096	1	7.53762754453	34.404	5.054	68.579	39.19	-0.769	68.527	40.443	1.991	66.246
484419	THR	 187 	THR	 263 	HIS	 262 	4	51.5198843576	1	7.53762754453	34.404	5.054	68.579	36.209	-1.588	70.689	39.19	-0.769	68.527
653189	ASN	 189 	ASP	 190 	MET	 188 	6	65.1289553191	1	5.27883595123	29.303	6.752	67.976	31.66	9.015	66.002	31.298	3.791	66.669
595659	ALA	 211 	ASP	 190 	ASP	 212 	4	48.3705976302	1	7.61992480278	29.575	13.503	61.934	31.66	9.015	66.002	32.541	15.808	62.664
610782	ARG	 209 	CYS	 208 	PHE	 191 	7	72.1699193362	1	6.61973307619	29.852	9.354	57.404	29.433	5.62	56.475	30.198	7.824	62.67
569378	VAL	 193 	SER	 192 	HIS	 194 	3	41.2283105785	1	6.68847217233	26.403	4.198	59.395	26.741	7.669	61.115	24.351	3.895	56.137
443816	SER	 192 	HIS	 194 	CYS	 208 	9	86.130472544	1	6.68847217233	26.741	7.669	61.115	24.351	3.895	56.137	29.433	5.62	56.475
626983	ARG	 209 	SER	 192 	HIS	 194 	8	76.0461303032	1	7.85283203692	29.852	9.354	57.404	26.741	7.669	61.115	24.351	3.895	56.137
632739	ARG	 209 	VAL	 193 	HIS	 194 	4	47.0277752984	1	7.85283203692	29.852	9.354	57.404	26.403	4.198	59.395	24.351	3.895	56.137
561895	VAL	 193 	GLY	 207 	CYS	 208 	8	81.8943584829	1	6.34016135441	26.403	4.198	59.395	29.565	2.539	54.156	29.433	5.62	56.475
618337	ARG	 195 	ILE	 196 	HIS	 194 	2	25.8842944994	1	7.26868667642	24.591	0.613	54.131	26.618	-2.651	53.936	24.351	3.895	56.137
631299	ARG	 195 	TYR	 206 	HIS	 194 	4	49.498874073	1	7.21725515691	24.591	0.613	54.131	29.807	-0.825	55.931	24.351	3.895	56.137
619781	ARG	 195 	GLY	 207 	HIS	 194 	6	65.48588878	1	5.74011262956	24.591	0.613	54.131	29.565	2.539	54.156	24.351	3.895	56.137
616612	ARG	 195 	HIS	 194 	CYS	 208 	5	58.0341533835	1	7.3491053197	24.591	0.613	54.131	24.351	3.895	56.137	29.433	5.62	56.475
533381	TYR	 206 	GLY	 207 	HIS	 194 	6	66.2891554816	1	7.21725515691	29.807	-0.825	55.931	29.565	2.539	54.156	24.351	3.895	56.137
530215	TYR	 206 	HIS	 194 	CYS	 208 	8	79.0271424876	1	7.21725515691	29.807	-0.825	55.931	24.351	3.895	56.137	29.433	5.62	56.475
299814	GLY	 207 	HIS	 194 	CYS	 208 	7	70.6409912526	1	5.74011262956	29.565	2.539	54.156	24.351	3.895	56.137	29.433	5.62	56.475
616614	ARG	 209 	HIS	 194 	CYS	 208 	7	69.6304639548	1	7.85283203692	29.852	9.354	57.404	24.351	3.895	56.137	29.433	5.62	56.475
618416	ARG	 195 	ILE	 197 	ILE	 196 	9	89.8818302525	1	6.38301480493	24.591	0.613	54.131	29.052	-2.681	50.97	26.618	-2.651	53.936
631015	ARG	 195 	TYR	 206 	CYS	 208 	8	80.418505362	1	7.3491053197	24.591	0.613	54.131	29.807	-0.825	55.931	29.433	5.62	56.475
619491	ARG	 195 	GLY	 207 	CYS	 208 	4	45.4826494877	1	7.3491053197	24.591	0.613	54.131	29.565	2.539	54.156	29.433	5.62	56.475
619848	ARG	 199 	GLY	 198 	ILE	 197 	1	22.8980861788	1	7.29801253767	31.525	-9.104	53.397	30.961	-5.969	51.292	29.052	-2.681	50.97
560594	VAL	 205 	ILE	 197 	GLU	 204 	3	37.6535090444	1	7.96369769642	32.402	-3.531	55.26	29.052	-2.681	50.97	31.992	-6.865	57.075
619922	ARG	 199 	GLY	 200 	GLY	 198 	3	42.9285116876	1	6.51670016189	31.525	-9.104	53.397	35.145	-10.01	54.23	30.961	-5.969	51.292
302620	GLY	 200 	GLY	 201 	PHE	 202 	5	56.6655648711	1	5.78339121969	35.145	-10.01	54.23	36.224	-13.305	55.873	36.74	-12.02	59.413
303126	GLY	 201 	GLY	 203 	GLY	 200 	7	75.7262356478	1	5.44992357745	36.224	-13.305	55.873	34.069	-9.366	58.962	35.145	-10.01	54.23
302834	GLY	 201 	GLY	 203 	GLU	 204 	3	38.6204767609	1	7.79924534811	36.224	-13.305	55.873	34.069	-9.366	58.962	31.992	-6.865	57.075
296856	GLY	 203 	GLU	 204 	PHE	 202 	1	15.9247597487	1	7.38808317495	34.069	-9.366	58.962	31.992	-6.865	57.075	36.74	-12.02	59.413
331493	LYS	 220 	GLY	 203 	CYS	 221 	6	67.058330635	1	7.4074941107	35.919	-2.303	57.712	34.069	-9.366	58.962	35.217	-4.086	61.064
389095	ASP	 223 	GLY	 203 	CYS	 221 	8	80.3104796243	1	6.68024280996	35.499	-9.692	64.686	34.069	-9.366	58.962	35.217	-4.086	61.064
573842	VAL	 205 	TYR	 206 	GLY	 207 	3	36.6401238969	1	6.79060269785	32.402	-3.531	55.26	29.807	-0.825	55.931	29.565	2.539	54.156
563331	VAL	 205 	LYS	 220 	CYS	 221 	4	51.3090288007	1	6.47446260318	32.402	-3.531	55.26	35.919	-2.303	57.712	35.217	-4.086	61.064
533091	TYR	 206 	GLY	 207 	CYS	 208 	4	44.4976242653	1	6.47872186469	29.807	-0.825	55.931	29.565	2.539	54.156	29.433	5.62	56.475
535976	TYR	 206 	MET	 219 	CYS	 208 	9	86.6611727476	1	6.75598949081	29.807	-0.825	55.931	34.397	1.167	57.558	29.433	5.62	56.475
536476	TYR	 206 	MET	 219 	LYS	 220 	5	54.6504855787	1	6.53551750055	29.807	-0.825	55.931	34.397	1.167	57.558	35.919	-2.303	57.712
360293	MET	 216 	GLY	 207 	CYS	 208 	6	63.6997285172	1	8.04071949517	31.964	10.159	53.243	29.565	2.539	54.156	29.433	5.62	56.475
360292	MET	 219 	GLY	 207 	CYS	 208 	5	56.5041073854	1	6.75598949081	34.397	1.167	57.558	29.565	2.539	54.156	29.433	5.62	56.475
594004	ALA	 218 	MET	 216 	GLY	 207 	5	56.0577307404	1	8.04071949517	34.039	3.322	54.461	31.964	10.159	53.243	29.565	2.539	54.156
536408	TYR	 217 	MET	 219 	GLY	 207 	9	88.0658485881	1	6.74328421468	33.841	7.106	54.413	34.397	1.167	57.558	29.565	2.539	54.156
620929	ARG	 209 	LYS	 210 	CYS	 208 	2	32.0296728853	1	7.09765045631	29.852	9.354	57.404	31.972	11.159	60.115	29.433	5.62	56.475
622372	ARG	 209 	MET	 216 	CYS	 208 	5	58.426985593	1	6.11999232026	29.852	9.354	57.404	31.964	10.159	53.243	29.433	5.62	56.475
361735	MET	 216 	LYS	 210 	CYS	 208 	8	80.4616809534	1	7.09765045631	31.964	10.159	53.243	31.972	11.159	60.115	29.433	5.62	56.475
534534	TYR	 217 	LYS	 210 	CYS	 208 	7	70.1901213012	1	7.24104785235	33.841	7.106	54.413	31.972	11.159	60.115	29.433	5.62	56.475
593574	ALA	 218 	MET	 219 	CYS	 208 	7	70.1327060087	1	6.75598949081	34.039	3.322	54.461	34.397	1.167	57.558	29.433	5.62	56.475
631515	ARG	 209 	TYR	 217 	LYS	 210 	4	48.203270084	1	7.24104785235	29.852	9.354	57.404	33.841	7.106	54.413	31.972	11.159	60.115
592637	ALA	 211 	LYS	 215 	LYS	 210 	6	66.8069347286	1	7.88865096198	29.575	13.503	61.934	33.448	13.124	55.072	31.972	11.159	60.115
484563	THR	 524 	THR	 213 	GLY	 214 	4	47.6931436895	1	7.37492521996	35.178	20.411	54.889	32.764	16.953	59.068	30.587	14.951	56.76
484638	THR	 524 	THR	 213 	LYS	 215 	7	69.0990595242	1	7.49177936141	35.178	20.411	54.889	32.764	16.953	59.068	33.448	13.124	55.072
571399	VAL	 521 	THR	 213 	THR	 524 	8	82.6584793998	1	7.00220001142	39.324	19.042	57.79	32.764	16.953	59.068	35.178	20.411	54.889
536475	TYR	 217 	MET	 216 	LYS	 215 	4	50.6064924941	1	6.06671690455	33.841	7.106	54.413	31.964	10.159	53.243	33.448	13.124	55.072
602784	ALA	 218 	TYR	 217 	MET	 216 	1	22.1173895053	1	7.24801476268	34.039	3.322	54.461	33.841	7.106	54.413	31.964	10.159	53.243
602786	ALA	 218 	TYR	 217 	MET	 219 	3	36.8025932664	1	6.74328421468	34.039	3.322	54.461	33.841	7.106	54.413	34.397	1.167	57.558
594074	ALA	 218 	MET	 219 	LYS	 220 	3	36.4853826268	1	6.76343300403	34.039	3.322	54.461	34.397	1.167	57.558	35.919	-2.303	57.712
595591	ALA	 218 	ASP	 272 	MET	 274 	8	79.4559870816	1	7.56593371634	34.039	3.322	54.461	38.326	5.524	51.261	34.227	2.725	46.921
361731	MET	 219 	LYS	 220 	CYS	 221 	4	46.5222285785	1	6.36855124813	34.397	1.167	57.558	35.919	-2.303	57.712	35.217	-4.086	61.064
450078	SER	 268 	MET	 219 	LYS	 220 	7	69.4560495611	1	6.34864276834	37.597	-0.777	62.685	34.397	1.167	57.558	35.919	-2.303	57.712
351583	MET	 219 	CYS	 221 	PHE	 269 	8	81.5973445332	1	6.42727080494	34.397	1.167	57.558	35.217	-4.086	61.064	39.541	0.489	59.767
358781	MET	 219 	ILE	 270 	PHE	 269 	6	64.1877445755	1	5.63915782719	34.397	1.167	57.558	38.242	3.701	58.125	39.541	0.489	59.767
322781	LYS	 220 	CYS	 221 	PHE	 269 	6	67.2606649011	1	6.42727080494	35.919	-2.303	57.712	35.217	-4.086	61.064	39.541	0.489	59.767
448346	SER	 268 	LYS	 220 	LEU	 267 	3	37.8806265482	1	7.91580204401	37.597	-0.777	62.685	35.919	-2.303	57.712	38.594	-3.602	65.048
384770	ASP	 223 	LEU	 222 	CYS	 221 	3	39.0402554067	1	6.68024280996	35.499	-9.692	64.686	36.9	-7.341	61.973	35.217	-4.086	61.064
390535	ASP	 223 	LYS	 266 	CYS	 221 	8	81.9856828257	1	6.68024280996	35.499	-9.692	64.686	35.681	-5.171	66.975	35.217	-4.086	61.064
121266	CYS	 221 	CYS	 251 	CYS	 256 	1	18.2429336804	3	22.6570833957	35.217	-4.086	61.064	47.155	8.186	46.224	43.92	3.892	52.068
448134	SER	 268 	LYS	 266 	CYS	 221 	7	71.3980562397	1	6.43291473595	37.597	-0.777	62.685	35.681	-5.171	66.975	35.217	-4.086	61.064
437979	SER	 268 	CYS	 221 	PHE	 269 	4	49.0517372784	1	6.42727080494	37.597	-0.777	62.685	35.217	-4.086	61.064	39.541	0.489	59.767
236515	HIS	 549 	CYS	 379 	CYS	 221 	5	57.8549506104	8	72.8408912974	39.957	42.701	81.46	48.854	-12.343	34.59	35.217	-4.086	61.064
624026	ARG	 226 	ASP	 223 	LEU	 222 	3	36.8798625754	1	8.00875308647	36.653	-14.992	64.327	35.499	-9.692	64.686	36.9	-7.341	61.973
333295	LYS	 225 	LYS	 224 	ILE	 227 	8	81.7390251113	1	5.60820764594	36.548	-13.916	67.967	38.254	-10.58	67.133	40.295	-13.836	63.795
621439	ARG	 226 	LYS	 228 	LYS	 224 	8	82.4566103595	1	6.10480384615	36.653	-14.992	64.327	41.513	-15.737	66.903	38.254	-10.58	67.133
333147	LYS	 224 	LYS	 266 	LEU	 267 	4	49.9856190796	1	7.29076875233	38.254	-10.58	67.133	35.681	-5.171	66.975	38.594	-3.602	65.048
362238	MET	 229 	LYS	 225 	LYS	 228 	7	69.5175626673	1	6.11186812685	39.564	-18.696	65.641	36.548	-13.916	67.967	41.513	-15.737	66.903
333148	LYS	 225 	LYS	 497 	LEU	 498 	5	59.6287665919	1	6.57597483268	36.548	-13.916	67.967	36.134	-17.198	73.32	37.868	-13.875	74.409
301325	GLY	 232 	ILE	 227 	GLN	 231 	6	66.0738798423	1	5.55624864454	44.413	-14.508	61.051	40.295	-13.836	63.795	44.338	-17.609	63.256
362236	MET	 229 	LYS	 230 	LYS	 228 	5	57.7469659184	1	5.68477695253	39.564	-18.696	65.641	40.833	-18.529	61.998	41.513	-15.737	66.903
361807	MET	 229 	LYS	 228 	GLN	 231 	8	82.3893257115	1	5.44617939477	39.564	-18.696	65.641	41.513	-15.737	66.903	44.338	-17.609	63.256
331566	LYS	 228 	GLY	 232 	GLN	 231 	7	74.7066274041	1	6.64577647834	41.513	-15.737	66.903	44.413	-14.508	61.051	44.338	-17.609	63.256
361805	MET	 229 	LYS	 230 	GLN	 231 	6	63.2579358186	1	5.44617939477	39.564	-18.696	65.641	40.833	-18.529	61.998	44.338	-17.609	63.256
475563	THR	 234 	GLY	 232 	GLN	 231 	4	44.461044666	1	7.41643964447	49.332	-12.338	61.746	44.413	-14.508	61.051	44.338	-17.609	63.256
662836	ASN	 238 	ALA	 339 	GLU	 239 	5	52.6037298691	1	7.86884394305	49.91	-7.139	58.757	51.54	-7.19	51.059	47.11	-5.203	56.986
664494	ASN	 238 	ARG	 240 	ILE	 241 	7	71.9500595617	1	5.53992969269	49.91	-7.139	58.757	47.269	-2.331	59.531	51.016	-2.206	59.555
651606	ASN	 238 	MET	 242 	GLY	 337 	7	69.8392220189	1	7.7469324897	49.91	-7.139	58.757	50.85	-2.112	55.752	46.529	-8.321	54.081
663271	ASN	 238 	ALA	 339 	MET	 242 	8	80.5990072552	1	7.86884394305	49.91	-7.139	58.757	51.54	-7.19	51.059	50.85	-2.112	55.752
663128	ASN	 238 	ALA	 339 	GLY	 337 	9	89.2731563081	1	7.86884394305	49.91	-7.139	58.757	51.54	-7.19	51.059	46.529	-8.321	54.081
384915	ASP	 335 	LEU	 336 	GLU	 239 	4	46.5357892211	1	7.77820461289	43.133	-5.74	50.323	46.679	-5.217	51.836	47.11	-5.203	56.986
389235	ASP	 335 	GLY	 337 	GLU	 239 	4	48.7971384528	1	7.77820461289	43.133	-5.74	50.323	46.529	-8.321	54.081	47.11	-5.203	56.986
590835	ALA	 339 	GLY	 337 	GLU	 239 	4	51.8064364426	1	7.66174901703	51.54	-7.19	51.059	46.529	-8.321	54.081	47.11	-5.203	56.986
627272	ARG	 240 	SER	 244 	MET	 242 	9	88.3206984713	1	6.24094039388	47.269	-2.331	59.531	49.993	2.889	57.462	50.85	-2.112	55.752
593572	ALA	 339 	MET	 242 	CYS	 340 	5	53.409585628	1	7.26952054815	51.54	-7.19	51.059	50.85	-2.112	55.752	55.118	-6.875	52.296
391972	ASP	 341 	MET	 242 	CYS	 340 	5	54.9465290291	1	7.68220046601	57.824	-4.574	53.674	50.85	-2.112	55.752	55.118	-6.875	52.296
569092	VAL	 246 	SER	 247 	CYS	 256 	5	55.4366640025	1	6.97203800908	50.832	2.979	52.067	48.328	5.644	53.208	43.92	3.892	52.068
565059	VAL	 246 	MET	 308 	HIS	 307 	4	48.9981761134	1	7.48496305936	50.832	2.979	52.067	53.767	0.686	46.926	53.148	3.883	45.007
632743	ARG	 311 	VAL	 246 	HIS	 307 	8	81.0202795028	1	7.48496305936	57.522	2.837	49.746	50.832	2.979	52.067	53.148	3.883	45.007
483123	THR	 248 	SER	 247 	GLY	 249 	4	44.0665441621	1	6.51387948921	50.547	8.787	53.157	48.328	5.644	53.208	50.38	10.885	49.929
482696	THR	 248 	SER	 247 	CYS	 251 	9	86.6965401222	1	7.74166351633	50.547	8.787	53.157	48.328	5.644	53.208	47.155	8.186	46.224
438053	SER	 247 	CYS	 251 	CYS	 256 	6	61.1142729128	1	7.94078062913	48.328	5.644	53.208	47.155	8.186	46.224	43.92	3.892	52.068
453894	SER	 258 	SER	 247 	CYS	 256 	7	71.2387437502	1	7.39658576642	42.709	7.532	57.632	48.328	5.644	53.208	43.92	3.892	52.068
454469	SER	 247 	SER	 258 	MET	 257 	6	66.1546167277	1	7.39658576642	48.328	5.644	53.208	42.709	7.532	57.632	43.244	4.319	55.681
480248	THR	 248 	ASP	 250 	GLY	 249 	9	89.3774503729	1	6.3768724309	50.547	8.787	53.157	46.83	11.214	48.579	50.38	10.885	49.929
475492	THR	 248 	GLY	 249 	CYS	 251 	5	55.1873671648	1	7.74166351633	50.547	8.787	53.157	50.38	10.885	49.929	47.155	8.186	46.224
479811	THR	 248 	ASP	 250 	CYS	 251 	4	47.3287592455	1	7.74166351633	50.547	8.787	53.157	46.83	11.214	48.579	47.155	8.186	46.224
389092	ASP	 250 	GLY	 249 	CYS	 251 	5	60.400851697	1	5.6046633262	46.83	11.214	48.579	50.38	10.885	49.929	47.155	8.186	46.224
422216	PRO	 252 	ASP	 250 	CYS	 251 	9	89.0550400254	1	6.45346054455	44.232	7.659	43.861	46.83	11.214	48.579	47.155	8.186	46.224
409180	PRO	 252 	CYS	 251 	PHE	 253 	5	56.8998764949	1	5.71423669443	44.232	7.659	43.861	47.155	8.186	46.224	44.834	4.02	43.076
416452	PRO	 252 	ILE	 254 	CYS	 251 	5	60.5937165049	1	6.23900384677	44.232	7.659	43.861	44.785	2.423	46.534	47.155	8.186	46.224
417892	PRO	 252 	GLY	 304 	CYS	 251 	5	52.5185121986	1	7.59665847594	44.232	7.659	43.861	49.064	1.995	42.351	47.155	8.186	46.224
265181	ILE	 254 	CYS	 251 	PHE	 253 	6	66.9465267071	1	6.23900384677	44.785	2.423	46.534	47.155	8.186	46.224	44.834	4.02	43.076
265253	ILE	 254 	CYS	 251 	CYS	 256 	6	67.5455734609	1	7.94078062913	44.785	2.423	46.534	47.155	8.186	46.224	43.92	3.892	52.068
299816	GLY	 304 	HIS	 307 	CYS	 251 	9	89.2201354718	1	7.54803888437	49.064	1.995	42.351	53.148	3.883	45.007	47.155	8.186	46.224
410622	PRO	 252 	GLN	 464 	PHE	 462 	7	68.9911124143	1	7.88129691104	44.232	7.659	43.861	42.236	10.399	36.746	47.352	10.068	37.531
560377	VAL	 255 	ILE	 254 	PHE	 253 	2	31.4815101813	1	6.93119715489	42.197	2.13	49.201	44.785	2.423	46.534	44.834	4.02	43.076
632380	ARG	 332 	VAL	 255 	PHE	 253 	5	56.44605718	1	6.93119715489	41.907	1.231	43.371	42.197	2.13	49.201	44.834	4.02	43.076
560452	VAL	 255 	ILE	 254 	CYS	 256 	5	55.1325205418	1	5.79062535483	42.197	2.13	49.201	44.785	2.423	46.534	43.92	3.892	52.068
632808	ARG	 332 	VAL	 331 	ILE	 254 	1	16.1860468131	1	8.08015402081	41.907	1.231	43.371	39.675	1.681	40.319	44.785	2.423	46.534
566213	VAL	 255 	ASP	 272 	CYS	 256 	6	63.3643386178	1	5.88281471746	42.197	2.13	49.201	38.326	5.524	51.261	43.92	3.892	52.068
566426	VAL	 255 	ASP	 272 	LEU	 273 	3	39.2952191743	1	7.80513170933	42.197	2.13	49.201	38.326	5.524	51.261	34.857	4.595	50.185
449570	SER	 258 	MET	 257 	CYS	 256 	3	34.4603773117	1	6.75827026687	42.709	7.532	57.632	43.244	4.319	55.681	43.92	3.892	52.068
391973	ASP	 272 	MET	 257 	CYS	 256 	6	64.3163171818	1	6.72124608983	38.326	5.524	51.261	43.244	4.319	55.681	43.92	3.892	52.068
451015	SER	 258 	ASP	 272 	CYS	 256 	8	81.9452947744	1	7.98951775766	42.709	7.532	57.632	38.326	5.524	51.261	43.92	3.892	52.068
540868	TYR	 259 	SER	 258 	MET	 257 	5	59.1819394481	1	5.59780153274	42.017	5.866	60.919	42.709	7.532	57.632	43.244	4.319	55.681
598467	ALA	 260 	SER	 258 	MET	 257 	4	52.1148925553	1	7.49671788185	41.921	2.69	62.878	42.709	7.532	57.632	43.244	4.319	55.681
602788	ALA	 260 	TYR	 259 	MET	 257 	5	58.3775752265	1	7.49671788185	41.921	2.69	62.878	42.017	5.866	60.919	43.244	4.319	55.681
535903	TYR	 259 	MET	 257 	PHE	 269 	8	82.1567416241	1	6.71390385692	42.017	5.866	60.919	43.244	4.319	55.681	39.541	0.489	59.767
603000	ALA	 260 	TYR	 259 	SER	 258 	1	21.8814485534	1	7.18236896852	41.921	2.69	62.878	42.017	5.866	60.919	42.709	7.532	57.632
540220	TYR	 259 	SER	 258 	PHE	 269 	5	57.0747273414	1	8.01238403972	42.017	5.866	60.919	42.709	7.532	57.632	39.541	0.489	59.767
627484	ARG	 516 	SER	 514 	SER	 258 	5	57.8088960528	1	8.07659501275	44.608	12.311	56.123	47.766	13.139	60.499	42.709	7.532	57.632
512285	TRP	 517 	SER	 258 	SER	 514 	6	61.5805889183	1	8.07659501275	42.787	14.006	59.016	42.709	7.532	57.632	47.766	13.139	60.499
630366	ARG	 516 	TRP	 517 	SER	 258 	7	69.6625120243	1	6.62074134822	44.608	12.311	56.123	42.787	14.006	59.016	42.709	7.532	57.632
602137	ALA	 260 	TYR	 259 	PHE	 261 	2	33.8820711492	1	6.77274169004	41.921	2.69	62.878	42.017	5.866	60.919	40.443	1.991	66.246
602931	ALA	 260 	TYR	 259 	PRO	 510 	4	47.1212062331	1	7.51098255889	41.921	2.69	62.878	42.017	5.866	60.919	44.524	2.579	67.19
531866	TYR	 259 	ILE	 270 	LEU	 271 	3	41.1617520766	1	7.45264738197	42.017	5.866	60.919	38.242	3.701	58.125	39.089	3.586	54.456
542092	TYR	 259 	THR	 512 	ILE	 513 	5	54.0848557569	1	6.27403554341	42.017	5.866	60.919	45.26	8.317	63.157	47.08	9.473	60.071
580539	ALA	 260 	PHE	 269 	PHE	 261 	4	45.6758539391	1	6.71170984176	41.921	2.69	62.878	39.541	0.489	59.767	40.443	1.991	66.246
580540	ALA	 260 	PHE	 509 	PHE	 261 	5	56.5227047606	1	7.25549812211	41.921	2.69	62.878	46.795	-0.529	67.182	40.443	1.991	66.246
598107	ALA	 260 	SER	 268 	LEU	 267 	4	45.2320811463	1	7.44090673238	41.921	2.69	62.878	37.597	-0.777	62.685	38.594	-3.602	65.048
596379	ALA	 260 	PRO	 510 	PHE	 509 	4	44.1848455589	1	7.25549812211	41.921	2.69	62.878	44.524	2.579	67.19	46.795	-0.529	67.182
472537	THR	 263 	HIS	 262 	PHE	 261 	2	27.1337370792	1	7.10466367958	36.209	-1.588	70.689	39.19	-0.769	68.527	40.443	1.991	66.246
234940	HIS	 262 	PHE	 509 	PHE	 261 	5	57.5341070153	1	7.72674899295	39.19	-0.769	68.527	46.795	-0.529	67.182	40.443	1.991	66.246
436539	SER	 268 	PHE	 261 	PHE	 269 	4	51.7942788012	1	6.71170984176	37.597	-0.777	62.685	40.443	1.991	66.246	39.541	0.489	59.767
407738	PRO	 510 	PHE	 261 	PHE	 509 	3	41.4213358302	1	6.89741980744	44.524	2.579	67.19	40.443	1.991	66.246	46.795	-0.529	67.182
481538	THR	 263 	PRO	 264 	HIS	 262 	3	36.7749317959	1	6.74746893287	36.209	-1.588	70.689	36.023	-4.441	73.219	39.19	-0.769	68.527
480098	THR	 263 	ASP	 265 	HIS	 262 	3	39.4689551967	1	7.66166881299	36.209	-1.588	70.689	34.672	-6.67	70.389	39.19	-0.769	68.527
477221	THR	 263 	LYS	 266 	HIS	 262 	6	62.6447478613	1	5.83946821209	36.209	-1.588	70.689	35.681	-5.171	66.975	39.19	-0.769	68.527
422502	PRO	 264 	ASP	 265 	HIS	 262 	7	75.7041827094	1	7.66166881299	36.023	-4.441	73.219	34.672	-6.67	70.389	39.19	-0.769	68.527
419623	PRO	 264 	LYS	 266 	HIS	 262 	8	80.4866438176	1	6.74746893287	36.023	-4.441	73.219	35.681	-5.171	66.975	39.19	-0.769	68.527
444031	SER	 268 	HIS	 262 	LEU	 267 	8	80.202710284	1	6.05530156144	37.597	-0.777	62.685	39.19	-0.769	68.527	38.594	-3.602	65.048
414939	PRO	 510 	HIS	 262 	PHE	 509 	4	47.699961294	1	7.72674899295	44.524	2.579	67.19	39.19	-0.769	68.527	46.795	-0.529	67.182
481901	THR	 263 	PRO	 264 	ASP	 265 	6	65.3747202343	1	5.31780904133	36.209	-1.588	70.689	36.023	-4.441	73.219	34.672	-6.67	70.389
390745	ASP	 265 	LYS	 266 	LEU	 267 	2	24.5466443986	1	7.30212222576	34.672	-6.67	70.389	35.681	-5.171	66.975	38.594	-3.602	65.048
442298	SER	 268 	LEU	 267 	PHE	 269 	3	35.6670711304	1	6.74700311249	37.597	-0.777	62.685	38.594	-3.602	65.048	39.541	0.489	59.767
651386	ASN	 275 	MET	 274 	LEU	 273 	3	40.0843287602	1	6.69300724637	30.668	1.475	46.0	34.227	2.725	46.921	34.857	4.595	50.185
392185	ASP	 326 	MET	 274 	LEU	 273 	2	29.4181372758	1	7.70556273091	34.184	3.987	42.533	34.227	2.725	46.921	34.857	4.595	50.185
651603	ASN	 275 	MET	 274 	GLY	 276 	4	51.7665817788	1	6.07699111403	30.668	1.475	46.0	34.227	2.725	46.921	31.057	-0.035	42.532
653191	ASN	 275 	ASP	 326 	MET	 274 	8	80.6039794849	1	5.54008023408	30.668	1.475	46.0	34.184	3.987	42.533	34.227	2.725	46.921
360725	MET	 274 	GLY	 277 	GLY	 276 	6	64.550566966	1	7.67843369445	34.227	2.725	46.921	32.091	-3.677	43.259	31.057	-0.035	42.532
392408	ASP	 326 	MET	 274 	GLY	 277 	9	86.114690235	1	7.97775789304	34.184	3.987	42.533	34.227	2.725	46.921	32.091	-3.677	43.259
392188	ASP	 326 	MET	 274 	LEU	 325 	5	57.3958286052	1	6.12155323427	34.184	3.987	42.533	34.227	2.725	46.921	35.51	0.554	41.343
392114	ASP	 326 	MET	 274 	GLU	 327 	3	41.7259992667	1	7.0934136352	34.184	3.987	42.533	34.227	2.725	46.921	30.849	5.437	41.304
648728	ASN	 275 	GLY	 277 	GLY	 276 	9	89.1437759342	1	6.00675569671	30.668	1.475	46.0	32.091	-3.677	43.259	31.057	-0.035	42.532
389528	ASP	 278 	GLY	 276 	GLY	 277 	9	89.3075869441	1	6.89112770162	35.194	-5.521	42.006	31.057	-0.035	42.532	32.091	-3.677	43.259
424083	PRO	 473 	PRO	 472 	GLY	 276 	4	52.0111535949	1	7.97191959317	24.779	0.768	37.685	28.578	1.143	37.56	31.057	-0.035	42.532
389382	ASP	 278 	GLY	 277 	HIS	 282 	7	71.6540575262	1	7.46892944136	35.194	-5.521	42.006	32.091	-3.677	43.259	32.374	-6.91	36.532
533379	TYR	 281 	GLY	 277 	HIS	 282 	4	50.1205311008	1	7.46892944136	32.259	-9.107	39.628	32.091	-3.677	43.259	32.374	-6.91	36.532
386431	ASP	 278 	HIS	 282 	LEU	 279 	8	77.9157540729	1	6.31240025664	35.194	-5.521	42.006	32.374	-6.91	36.532	36.54	-6.335	38.564
537702	TYR	 281 	ASP	 278 	HIS	 280 	7	71.2166931373	1	5.2586380366	32.259	-9.107	39.628	35.194	-5.521	42.006	36.006	-10.014	39.397
386504	ASP	 278 	HIS	 282 	HIS	 280 	9	86.464925073	1	6.31240025664	35.194	-5.521	42.006	32.374	-6.91	36.532	36.006	-10.014	39.397
422504	PRO	 320 	ASP	 278 	HIS	 280 	9	87.4647960953	1	6.94681164276	40.842	-8.609	39.394	35.194	-5.521	42.006	36.006	-10.014	39.397
652901	ASN	 322 	ASP	 278 	HIS	 280 	6	64.1250186535	1	7.84698731998	41.263	-7.099	44.441	35.194	-5.521	42.006	36.006	-10.014	39.397
537700	TYR	 281 	ASP	 278 	HIS	 282 	5	57.1916625133	1	6.31240025664	32.259	-9.107	39.628	35.194	-5.521	42.006	32.374	-6.91	36.532
422576	PRO	 320 	ASP	 278 	ILE	 323 	9	89.3245652582	1	6.94681164276	40.842	-8.609	39.394	35.194	-5.521	42.006	40.459	-4.059	42.302
595227	ALA	 321 	ASP	 278 	LEU	 324 	4	51.3602220657	1	7.51277751567	38.861	-9.343	42.572	35.194	-5.521	42.006	37.486	-1.998	43.348
444026	SER	 284 	HIS	 280 	LEU	 279 	3	42.4359573267	1	8.06277824326	31.149	-11.681	35.85	36.006	-10.014	39.397	36.54	-6.335	38.564
645628	ASN	 322 	HIS	 280 	LEU	 279 	5	52.9555612978	1	7.84698731998	41.263	-7.099	44.441	36.006	-10.014	39.397	36.54	-6.335	38.564
540507	TYR	 281 	SER	 284 	LEU	 279 	4	50.7325632198	1	8.06277824326	32.259	-9.107	39.628	31.149	-11.681	35.85	36.54	-6.335	38.564
530500	TYR	 281 	HIS	 280 	HIS	 282 	5	60.3820211779	1	5.57085855143	32.259	-9.107	39.628	36.006	-10.014	39.397	32.374	-6.91	36.532
540580	TYR	 281 	SER	 284 	HIS	 280 	5	56.4195033168	1	6.24103733365	32.259	-9.107	39.628	31.149	-11.681	35.85	36.006	-10.014	39.397
602503	ALA	 321 	TYR	 281 	HIS	 280 	8	82.2858798649	1	7.23251242654	38.861	-9.343	42.572	32.259	-9.107	39.628	36.006	-10.014	39.397
444104	SER	 284 	HIS	 280 	HIS	 282 	9	83.1389754578	1	6.24103733365	31.149	-11.681	35.85	36.006	-10.014	39.397	32.374	-6.91	36.532
654340	ASN	 322 	PRO	 320 	HIS	 280 	5	55.4710619465	1	7.84698731998	41.263	-7.099	44.441	40.842	-8.609	39.394	36.006	-10.014	39.397
416740	PRO	 320 	ILE	 323 	HIS	 280 	5	54.423060047	1	7.98312338624	40.842	-8.609	39.394	40.459	-4.059	42.302	36.006	-10.014	39.397
662976	ASN	 322 	ALA	 321 	HIS	 280 	1	20.2750367903	1	7.84698731998	41.263	-7.099	44.441	38.861	-9.343	42.572	36.006	-10.014	39.397
530285	TYR	 281 	HIS	 282 	GLN	 285 	6	66.028157637	1	6.55308324379	32.259	-9.107	39.628	32.374	-6.91	36.532	28.523	-9.309	34.248
540363	TYR	 281 	SER	 284 	GLN	 285 	4	52.3704584079	1	6.55308324379	32.259	-9.107	39.628	31.149	-11.681	35.85	28.523	-9.309	34.248
443886	SER	 284 	HIS	 282 	GLN	 285 	7	73.3735242773	1	5.07957261982	31.149	-11.681	35.85	32.374	-6.91	36.532	28.523	-9.309	34.248
444103	SER	 284 	HIS	 286 	HIS	 282 	8	81.7807925364	1	6.15001934956	31.149	-11.681	35.85	30.265	-7.64	31.299	32.374	-6.91	36.532
242286	HIS	 282 	HIS	 286 	GLN	 285 	7	73.4477079383	1	5.68903067315	32.374	-6.91	36.532	30.265	-7.64	31.299	28.523	-9.309	34.248
299887	GLY	 287 	HIS	 282 	GLN	 285 	8	80.3284531096	1	7.50400466418	32.497	-10.299	29.838	32.374	-6.91	36.532	28.523	-9.309	34.248
300101	GLY	 287 	HIS	 282 	HIS	 286 	6	66.4033948341	1	7.50400466418	32.497	-10.299	29.838	32.374	-6.91	36.532	30.265	-7.64	31.299
557498	VAL	 288 	LEU	 283 	PHE	 289 	3	43.4143037254	1	7.8353867805	36.095	-10.013	28.74	34.15	-9.657	34.544	37.389	-6.551	28.121
299883	GLY	 287 	HIS	 286 	GLN	 285 	4	51.9455581882	1	6.01837818685	32.497	-10.299	29.838	30.265	-7.64	31.299	28.523	-9.309	34.248
562178	VAL	 288 	GLY	 287 	HIS	 286 	3	34.7786463411	1	6.79474134901	36.095	-10.013	28.74	32.497	-10.299	29.838	30.265	-7.64	31.299
299741	GLY	 287 	HIS	 286 	PHE	 289 	6	66.0669143791	1	7.87635581979	32.497	-10.299	29.838	30.265	-7.64	31.299	37.389	-6.551	28.121
561818	VAL	 288 	GLY	 287 	PHE	 289 	3	43.1773734504	1	6.3974414417	36.095	-10.013	28.74	32.497	-10.299	29.838	37.389	-6.551	28.121
562322	VAL	 288 	GLY	 387 	GLY	 287 	3	42.1825102964	1	7.72512854262	36.095	-10.013	28.74	38.828	-14.638	30.715	32.497	-10.299	29.838
632378	ARG	 386 	VAL	 288 	PHE	 289 	3	42.1483418761	1	7.93408312283	40.87	-13.668	27.696	36.095	-10.013	28.74	37.389	-6.551	28.121
440858	SER	 290 	GLU	 291 	PHE	 289 	3	40.9399687101	1	6.55135321899	38.711	-4.979	24.981	42.476	-4.327	24.643	37.389	-6.551	28.121
597817	ALA	 292 	SER	 290 	PHE	 289 	2	33.065274376	1	8.02047112083	41.598	-0.561	24.845	38.711	-4.979	24.981	37.389	-6.551	28.121
615099	ARG	 386 	LEU	 385 	PHE	 289 	4	44.1297149541	1	7.93408312283	40.87	-13.668	27.696	41.429	-9.946	28.025	37.389	-6.551	28.121
622519	ARG	 295 	MET	 294 	GLU	 291 	8	79.1366775311	1	6.11884793078	44.574	-0.497	28.929	42.199	-3.218	29.967	42.476	-4.327	24.643
595588	ALA	 292 	ASP	 293 	MET	 294 	5	56.2040665641	1	5.80135622075	41.598	-0.561	24.845	39.627	-1.165	28.078	42.199	-3.218	29.967
633819	ARG	 295 	ALA	 292 	PHE	 296 	4	48.2253529465	1	6.95087109649	44.574	-0.497	28.929	41.598	-0.561	24.845	42.651	1.817	31.291
537990	TYR	 297 	ASP	 293 	MET	 294 	7	73.0063056533	1	6.95131656595	42.671	-0.57	34.299	39.627	-1.165	28.078	42.199	-3.218	29.967
424300	PRO	 468 	PRO	 469 	ASP	 293 	5	55.8701503869	1	8.05308475058	36.384	4.812	32.392	35.048	1.964	30.417	39.627	-1.165	28.078
622301	ARG	 295 	MET	 294 	PHE	 296 	6	66.1202885297	1	5.22575401258	44.574	-0.497	28.929	42.199	-3.218	29.967	42.651	1.817	31.291
423583	PRO	 469 	PRO	 468 	PHE	 296 	8	80.0850289461	1	7.65448195504	35.048	1.964	30.417	36.384	4.812	32.392	42.651	1.817	31.291
606101	ALA	 299 	ALA	 298 	TYR	 297 	6	61.5528055391	1	5.51969890483	47.353	2.306	33.775	46.352	-1.402	33.725	42.671	-0.57	34.299
604588	ALA	 299 	VAL	 461 	TRP	 458 	5	60.41195298	1	7.74526519882	47.353	2.306	33.775	46.211	8.851	34.147	50.785	9.141	32.553
556059	VAL	 461 	GLU	 300 	PHE	 462 	4	50.3486707928	1	7.47565140974	46.211	8.851	34.147	45.52	2.84	36.997	47.352	10.068	37.531
360582	MET	 308 	GLY	 304 	HIS	 307 	7	71.6561672588	1	6.69046448313	53.767	0.686	46.926	49.064	1.995	42.351	53.148	3.883	45.007
357556	MET	 308 	HIS	 307 	GLU	 306 	5	59.7415733109	1	5.57713062425	53.767	0.686	46.926	53.148	3.883	45.007	54.447	2.531	41.707
242358	HIS	 309 	HIS	 307 	GLU	 306 	7	72.0718128998	1	5.46548671209	57.212	0.251	45.412	53.148	3.883	45.007	54.447	2.531	41.707
645557	ASN	 310 	HIS	 307 	GLU	 306 	6	60.8528626017	1	6.0952543015	58.467	3.681	46.142	53.148	3.883	45.007	54.447	2.531	41.707
357560	MET	 308 	HIS	 309 	GLU	 306 	9	83.202572259	1	5.57713062425	53.767	0.686	46.926	57.212	0.251	45.412	54.447	2.531	41.707
645558	ASN	 310 	HIS	 309 	GLU	 306 	7	74.5769798363	1	6.0952543015	58.467	3.681	46.142	57.212	0.251	45.412	54.447	2.531	41.707
357701	MET	 308 	HIS	 309 	HIS	 307 	6	61.3603136557	1	5.46548671209	53.767	0.686	46.926	57.212	0.251	45.412	53.148	3.883	45.007
651462	ASN	 310 	MET	 308 	HIS	 307 	7	68.710976809	1	5.62802638587	58.467	3.681	46.142	53.767	0.686	46.926	53.148	3.883	45.007
622660	ARG	 311 	MET	 308 	HIS	 307 	5	53.9733126741	1	6.53330796764	57.522	2.837	49.746	53.767	0.686	46.926	53.148	3.883	45.007
645701	ASN	 310 	HIS	 307 	HIS	 309 	6	67.210439226	1	5.46548671209	58.467	3.681	46.142	53.148	3.883	45.007	57.212	0.251	45.412
616904	ARG	 311 	HIS	 307 	HIS	 309 	9	85.3758486656	1	6.53330796764	57.522	2.837	49.746	53.148	3.883	45.007	57.212	0.251	45.412
651464	ASN	 310 	MET	 308 	HIS	 309 	9	88.9788690957	1	5.62802638587	58.467	3.681	46.142	53.767	0.686	46.926	57.212	0.251	45.412
622662	ARG	 311 	MET	 308 	HIS	 309 	7	72.7063300377	1	5.16519370402	57.522	2.837	49.746	53.767	0.686	46.926	57.212	0.251	45.412
357342	MET	 308 	HIS	 309 	PHE	 312 	7	68.3306455032	1	6.07698428499	53.767	0.686	46.926	57.212	0.251	45.412	58.986	-0.683	49.722
565060	VAL	 314 	MET	 308 	HIS	 309 	5	59.1914977225	1	6.53434839904	55.22	-5.674	47.296	53.767	0.686	46.926	57.212	0.251	45.412
622300	ARG	 311 	MET	 308 	PHE	 312 	5	60.1676907002	1	6.07698428499	57.522	2.837	49.746	53.767	0.686	46.926	58.986	-0.683	49.722
664421	ASN	 310 	ARG	 311 	HIS	 309 	6	67.4983414995	1	5.05638724783	58.467	3.681	46.142	57.522	2.837	49.746	57.212	0.251	45.412
645342	ASN	 310 	HIS	 309 	PHE	 312 	7	74.8583569443	1	5.66835575807	58.467	3.681	46.142	57.212	0.251	45.412	58.986	-0.683	49.722
616543	ARG	 311 	HIS	 309 	PHE	 312 	8	76.7405748444	1	5.05638724783	57.522	2.837	49.746	57.212	0.251	45.412	58.986	-0.683	49.722
664060	ASN	 310 	ARG	 311 	PHE	 312 	5	58.7587559522	1	5.66835575807	58.467	3.681	46.142	57.522	2.837	49.746	58.986	-0.683	49.722
574778	VAL	 314 	VAL	 313 	PHE	 312 	3	38.7955103147	1	6.70658728416	55.22	-5.674	47.296	55.787	-2.732	49.699	58.986	-0.683	49.722
553177	VAL	 313 	CYS	 340 	PHE	 312 	2	34.1719011584	1	7.74130247439	55.787	-2.732	49.699	55.118	-6.875	52.296	58.986	-0.683	49.722
551743	VAL	 314 	PHE	 342 	PHE	 312 	8	79.6864076631	1	7.23441289947	55.22	-5.674	47.296	60.965	-5.591	51.692	58.986	-0.683	49.722
119744	CYS	 340 	PHE	 312 	PHE	 342 	9	86.383759615	1	7.74130247439	55.118	-6.875	52.296	58.986	-0.683	49.722	60.965	-5.591	51.692
575859	VAL	 313 	VAL	 314 	TYR	 315 	4	49.8989107226	1	6.15705262281	55.787	-2.732	49.699	55.22	-5.674	47.296	51.467	-6.171	46.975
574856	VAL	 314 	VAL	 313 	CYS	 340 	9	86.6865703947	1	5.14322904409	55.22	-5.674	47.296	55.787	-2.732	49.699	55.118	-6.875	52.296
575500	VAL	 314 	VAL	 313 	ASP	 341 	5	54.5789055325	1	6.97636724951	55.22	-5.674	47.296	55.787	-2.732	49.699	57.824	-4.574	53.674
575643	VAL	 313 	VAL	 314 	SER	 370 	4	51.5845084786	1	7.4915219415	55.787	-2.732	49.699	55.22	-5.674	47.296	58.753	-5.748	43.516
574202	VAL	 314 	TYR	 315 	SER	 370 	3	38.9217100655	1	8.07647237351	55.22	-5.674	47.296	51.467	-6.171	46.975	58.753	-5.748	43.516
602426	ALA	 339 	TYR	 315 	LEU	 338 	3	42.4697257531	1	6.817645488	51.54	-7.19	51.059	51.467	-6.171	46.975	49.216	-10.063	52.1
602211	ALA	 339 	TYR	 315 	CYS	 340 	4	47.5742979308	1	6.49141417566	51.54	-7.19	51.059	51.467	-6.171	46.975	55.118	-6.875	52.296
540943	TYR	 315 	SER	 370 	ASP	 373 	8	82.6079482776	1	8.07647237351	51.467	-6.171	46.975	58.753	-5.748	43.516	53.93	-7.803	41.125
627339	ARG	 316 	SER	 376 	ASP	 317 	4	49.2669127987	1	8.01334455767	51.653	-9.826	46.03	51.279	-10.858	38.571	47.868	-10.475	45.812
633890	ARG	 316 	ALA	 339 	CYS	 340 	3	42.0489080829	1	7.74450656918	51.653	-9.826	46.03	51.54	-7.19	51.059	55.118	-6.875	52.296
480026	THR	 353 	ASP	 317 	LEU	 318 	3	43.7725552161	1	7.85159735341	46.622	-16.21	44.476	47.868	-10.475	45.812	47.246	-8.636	42.503
393627	ASP	 317 	ASP	 335 	LEU	 336 	4	50.5727009477	1	8.08386423686	47.868	-10.475	45.812	43.133	-5.74	50.323	46.679	-5.217	51.836
361947	MET	 380 	LYS	 319 	LEU	 318 	4	47.2509122832	1	7.11654101372	45.838	-10.412	35.757	44.156	-9.957	40.788	47.246	-8.636	42.503
596956	ALA	 321 	PRO	 320 	LYS	 319 	5	60.0507967688	1	5.62109215367	38.861	-9.343	42.572	40.842	-8.609	39.394	44.156	-9.957	40.788
421278	PRO	 320 	MET	 380 	LYS	 319 	7	71.5270083072	1	6.43728156911	40.842	-8.609	39.394	45.838	-10.412	35.757	44.156	-9.957	40.788
450077	SER	 376 	MET	 380 	LYS	 319 	6	66.5424663921	1	7.5142543875	51.279	-10.858	38.571	45.838	-10.412	35.757	44.156	-9.957	40.788
589466	ALA	 321 	ILE	 323 	LEU	 324 	3	43.4069877517	1	7.51277751567	38.861	-9.343	42.572	40.459	-4.059	42.302	37.486	-1.998	43.348
647066	ASN	 322 	ILE	 323 	LEU	 324 	3	43.1867670533	1	6.44054182503	41.263	-7.099	44.441	40.459	-4.059	42.302	37.486	-1.998	43.348
272667	ILE	 333 	ILE	 323 	LEU	 324 	4	50.5340191883	1	6.63036243353	43.97	-1.691	44.699	40.459	-4.059	42.302	37.486	-1.998	43.348
386426	ASP	 326 	HIS	 328 	LEU	 325 	3	42.1858253767	1	7.74775322271	34.184	3.987	42.533	32.402	6.858	38.083	35.51	0.554	41.343
242429	HIS	 328 	HIS	 330 	LEU	 325 	6	63.991550147	1	7.74775322271	32.402	6.858	38.083	37.829	4.492	38.511	35.51	0.554	41.343
386354	ASP	 326 	HIS	 330 	GLU	 327 	3	42.9270397695	1	7.57722073058	34.184	3.987	42.533	37.829	4.492	38.511	30.849	5.437	41.304
422357	PRO	 472 	ASP	 326 	GLU	 327 	6	63.3665996134	1	8.01537903034	28.578	1.143	37.56	34.184	3.987	42.533	30.849	5.437	41.304
386504	ASP	 326 	HIS	 328 	HIS	 330 	9	84.2482317628	1	5.93577871892	34.184	3.987	42.533	32.402	6.858	38.083	37.829	4.492	38.511
242355	HIS	 330 	HIS	 328 	GLU	 327 	4	46.6385692206	1	7.57722073058	37.829	4.492	38.511	32.402	6.858	38.083	30.849	5.437	41.304
271155	ILE	 471 	HIS	 328 	GLU	 327 	4	51.35494021	1	6.86221341842	30.287	3.31	34.804	32.402	6.858	38.083	30.849	5.437	41.304
415157	PRO	 472 	HIS	 328 	GLU	 327 	6	64.1210814849	1	6.89621127867	28.578	1.143	37.56	32.402	6.858	38.083	30.849	5.437	41.304
300099	GLY	 329 	HIS	 328 	HIS	 330 	4	52.3308843748	1	5.93577871892	34.379	3.708	37.301	32.402	6.858	38.083	37.829	4.492	38.511
415304	PRO	 468 	HIS	 328 	HIS	 330 	9	86.5127405493	1	7.24085084779	36.384	4.812	32.392	32.402	6.858	38.083	37.829	4.492	38.511
415229	PRO	 468 	HIS	 328 	LEU	 470 	6	67.2814555017	1	7.91279223789	36.384	4.812	32.392	32.402	6.858	38.083	32.536	0.897	32.881
271226	ILE	 471 	HIS	 328 	LEU	 470 	3	35.8723952329	1	7.91279223789	30.287	3.31	34.804	32.402	6.858	38.083	32.536	0.897	32.881
416741	PRO	 472 	ILE	 471 	HIS	 328 	6	64.2573967097	1	6.89621127867	28.578	1.143	37.56	30.287	3.31	34.804	32.402	6.858	38.083
562184	VAL	 331 	GLY	 329 	HIS	 330 	9	88.7074380952	1	6.42375816793	39.675	1.681	40.319	34.379	3.708	37.301	37.829	4.492	38.511
424085	PRO	 469 	PRO	 468 	GLY	 329 	6	61.4157614108	1	7.13292036967	35.048	1.964	30.417	36.384	4.812	32.392	34.379	3.708	37.301
632737	ARG	 332 	VAL	 331 	HIS	 330 	2	27.9284935144	1	7.13328851232	41.907	1.231	43.371	39.675	1.681	40.319	37.829	4.492	38.511
632809	ARG	 332 	VAL	 331 	ILE	 333 	2	31.4520152911	1	7.00012921309	41.907	1.231	43.371	39.675	1.681	40.319	43.97	-1.691	44.699
586370	ALA	 339 	LEU	 338 	CYS	 340 	3	38.5807891058	1	6.71083929177	51.54	-7.19	51.059	49.216	-10.063	52.1	55.118	-6.875	52.296
409184	PRO	 347 	CYS	 340 	PHE	 342 	9	85.3761077356	1	7.47596241296	60.424	-12.068	51.419	55.118	-6.875	52.296	60.965	-5.591	51.692
419263	PRO	 347 	LYS	 345 	PHE	 342 	8	76.3455714349	1	6.50528546645	60.424	-12.068	51.419	64.303	-8.228	54.729	60.965	-5.591	51.692
419618	PRO	 347 	LYS	 346 	HIS	 348 	3	41.4459140695	1	6.61211380725	60.424	-12.068	51.419	63.226	-9.41	51.263	61.148	-15.584	50.13
539141	TYR	 368 	PRO	 347 	HIS	 348 	6	61.197056467	1	6.26783710701	62.313	-11.373	45.636	60.424	-12.068	51.419	61.148	-15.584	50.13
598177	ALA	 349 	SER	 350 	HIS	 348 	2	30.2397105284	1	7.092803254	57.794	-17.379	50.621	54.907	-18.423	48.314	61.148	-15.584	50.13
603940	ALA	 349 	VAL	 361 	HIS	 348 	5	57.3577342794	1	6.65110735141	57.794	-17.379	50.621	57.606	-16.515	44.578	61.148	-15.584	50.13
587888	ALA	 349 	HIS	 348 	GLN	 363 	9	87.485003866	1	8.01734457286	57.794	-17.379	50.621	61.148	-15.584	50.13	60.73	-21.177	44.401
590981	ALA	 349 	GLY	 365 	HIS	 348 	6	68.0658876276	1	7.10758475152	57.794	-17.379	50.621	64.16	-20.345	49.528	61.148	-15.584	50.13
559155	VAL	 361 	HIS	 348 	GLU	 360 	4	46.9566818697	1	7.83140402482	57.606	-16.515	44.578	61.148	-15.584	50.13	60.665	-16.296	42.346
239405	HIS	 348 	GLU	 360 	GLN	 363 	6	65.4169009925	1	8.01734457286	61.148	-15.584	50.13	60.665	-16.296	42.346	60.73	-21.177	44.401
587959	ALA	 367 	HIS	 348 	GLU	 360 	8	79.2635284804	1	7.83140402482	64.556	-13.777	47.616	61.148	-15.584	50.13	60.665	-16.296	42.346
328683	LYS	 364 	HIS	 348 	GLN	 363 	4	47.9928366229	1	8.01734457286	61.301	-22.393	48.016	61.148	-15.584	50.13	60.73	-21.177	44.401
299886	GLY	 365 	HIS	 348 	GLN	 363 	7	69.9628090296	1	8.01734457286	64.16	-20.345	49.528	61.148	-15.584	50.13	60.73	-21.177	44.401
590983	ALA	 367 	GLY	 365 	HIS	 348 	8	78.0604510618	1	6.85209340275	64.556	-13.777	47.616	64.16	-20.345	49.528	61.148	-15.584	50.13
602501	ALA	 367 	TYR	 368 	HIS	 348 	6	62.735564417	1	6.26783710701	64.556	-13.777	47.616	62.313	-11.373	45.636	61.148	-15.584	50.13
592203	ALA	 349 	LYS	 364 	GLN	 363 	4	47.5724927917	1	7.85705415534	57.794	-17.379	50.621	61.301	-22.393	48.016	60.73	-21.177	44.401
592564	ALA	 349 	LYS	 364 	GLY	 365 	5	54.4981292854	1	7.10758475152	57.794	-17.379	50.621	61.301	-22.393	48.016	64.16	-20.345	49.528
569521	VAL	 351 	SER	 350 	GLY	 352 	2	33.0053085687	1	7.05840839	52.309	-15.619	48.865	54.907	-18.423	48.314	49.205	-14.557	46.777
569669	VAL	 361 	SER	 350 	MET	 357 	6	66.1919792219	1	8.06220528144	57.606	-16.515	44.578	54.907	-18.423	48.314	52.572	-15.496	41.174
569165	VAL	 361 	SER	 350 	GLN	 363 	6	65.6528825487	1	7.53680396455	57.606	-16.515	44.578	54.907	-18.423	48.314	60.73	-21.177	44.401
442442	SER	 350 	LEU	 362 	GLN	 363 	3	42.3896067361	1	7.53680396455	54.907	-18.423	48.314	57.049	-20.195	43.818	60.73	-21.177	44.401
448204	SER	 350 	LYS	 364 	GLN	 363 	5	53.2901117343	1	7.53680396455	54.907	-18.423	48.314	61.301	-22.393	48.016	60.73	-21.177	44.401
571111	VAL	 351 	THR	 353 	MET	 357 	8	82.2158109512	1	7.69647835052	52.309	-15.619	48.865	46.622	-16.21	44.476	52.572	-15.496	41.174
475778	THR	 353 	GLY	 352 	HIS	 354 	3	42.7523531987	1	6.50018338203	46.622	-16.21	44.476	49.205	-14.557	46.777	47.757	-19.241	42.509
478804	THR	 353 	MET	 357 	GLY	 352 	5	59.5564881983	1	6.84218532342	46.622	-16.21	44.476	52.572	-15.496	41.174	49.205	-14.557	46.777
533383	TYR	 356 	GLY	 352 	HIS	 354 	8	82.2138485468	1	7.4617998499	49.303	-14.774	39.319	49.205	-14.557	46.777	47.757	-19.241	42.509
360584	MET	 357 	GLY	 352 	HIS	 354 	9	87.3572997386	1	6.60393965751	52.572	-15.496	41.174	49.205	-14.557	46.777	47.757	-19.241	42.509
536407	TYR	 356 	MET	 357 	GLY	 352 	8	76.5967981923	1	7.4617998499	49.303	-14.774	39.319	52.572	-15.496	41.174	49.205	-14.557	46.777
475784	THR	 353 	GLY	 355 	HIS	 354 	9	89.3634515805	1	5.86028011276	46.622	-16.21	44.476	47.215	-18.005	38.929	47.757	-19.241	42.509
542021	TYR	 356 	THR	 353 	HIS	 354 	6	66.5161412287	1	5.98702814425	49.303	-14.774	39.319	46.622	-16.21	44.476	47.757	-19.241	42.509
478661	THR	 353 	MET	 357 	HIS	 354 	6	62.1908036046	1	6.84218532342	46.622	-16.21	44.476	52.572	-15.496	41.174	47.757	-19.241	42.509
542165	TYR	 356 	THR	 353 	GLY	 355 	6	65.8062358748	1	5.98702814425	49.303	-14.774	39.319	46.622	-16.21	44.476	47.215	-18.005	38.929
542308	TYR	 356 	THR	 353 	MET	 357 	5	54.7848836485	1	6.84218532342	49.303	-14.774	39.319	46.622	-16.21	44.476	52.572	-15.496	41.174
533380	TYR	 356 	GLY	 355 	HIS	 354 	5	58.7560497646	1	5.70265771373	49.303	-14.774	39.319	47.215	-18.005	38.929	47.757	-19.241	42.509
360581	MET	 357 	GLY	 355 	HIS	 354 	6	62.0329573405	1	6.32712849561	52.572	-15.496	41.174	47.215	-18.005	38.929	47.757	-19.241	42.509
301540	GLY	 355 	ILE	 402 	HIS	 354 	5	53.5547042152	1	7.10125721263	47.215	-18.005	38.929	49.23	-23.836	37.299	47.757	-19.241	42.509
536263	TYR	 356 	MET	 357 	HIS	 354 	8	81.3679394494	1	6.24431541484	49.303	-14.774	39.319	52.572	-15.496	41.174	47.757	-19.241	42.509
390823	ASP	 403 	LYS	 399 	HIS	 354 	8	77.6546177814	1	7.40626451053	52.629	-23.622	39.056	47.23	-25.379	41.79	47.757	-19.241	42.509
536403	TYR	 356 	MET	 357 	GLY	 355 	4	47.7719666906	1	6.32712849561	49.303	-14.774	39.319	52.572	-15.496	41.174	47.215	-18.005	38.929
417895	PRO	 390 	GLY	 355 	CYS	 379 	8	78.457884383	1	7.57869157573	47.549	-17.328	31.388	47.215	-18.005	38.929	48.854	-12.343	34.59
452884	SER	 389 	PRO	 390 	GLY	 355 	5	55.7116376257	1	7.57869157573	44.942	-16.708	34.087	47.549	-17.328	31.388	47.215	-18.005	38.929
417821	PRO	 390 	GLY	 355 	PHE	 391 	6	61.383183565	1	7.57869157573	47.549	-17.328	31.388	47.215	-18.005	38.929	48.653	-20.549	33.165
625686	ARG	 392 	PRO	 390 	GLY	 355 	7	74.9609697795	1	7.57869157573	45.142	-21.62	34.305	47.549	-17.328	31.388	47.215	-18.005	38.929
540869	TYR	 356 	SER	 376 	MET	 357 	6	65.5503473176	1	5.47343603233	49.303	-14.774	39.319	51.279	-10.858	38.571	52.572	-15.496	41.174
540218	TYR	 356 	SER	 376 	PHE	 375 	3	40.2410936886	1	7.14197689719	49.303	-14.774	39.319	51.279	-10.858	38.571	54.616	-10.85	36.602
524383	TYR	 356 	CYS	 379 	PHE	 375 	8	79.9635028237	1	7.14197689719	49.303	-14.774	39.319	48.854	-12.343	34.59	54.616	-10.85	36.602
597026	ALA	 358 	PRO	 359 	MET	 357 	3	36.6434933974	1	6.78839973779	56.005	-15.136	39.609	58.663	-17.899	39.383	52.572	-15.496	41.174
605668	ALA	 372 	ALA	 358 	MET	 357 	5	54.28617074	1	6.6076862819	56.645	-10.354	41.969	56.005	-15.136	39.609	52.572	-15.496	41.174
595590	ALA	 372 	ASP	 373 	MET	 357 	7	70.9327756284	1	7.81209408545	56.645	-10.354	41.969	53.93	-7.803	41.125	52.572	-15.496	41.174
391903	ASP	 373 	MET	 357 	PHE	 375 	8	77.313751338	1	7.81209408545	53.93	-7.803	41.125	52.572	-15.496	41.174	54.616	-10.85	36.602
449500	SER	 376 	MET	 357 	PHE	 375 	5	53.180080576	1	6.83128362755	51.279	-10.858	38.571	52.572	-15.496	41.174	54.616	-10.85	36.602
605882	ALA	 358 	ALA	 372 	SER	 371 	3	37.5039416232	1	7.90835438002	56.005	-15.136	39.609	56.645	-10.354	41.969	59.377	-8.047	40.567
605738	ALA	 358 	ALA	 372 	ASP	 373 	3	39.2429286407	1	7.77024903076	56.005	-15.136	39.609	56.645	-10.354	41.969	53.93	-7.803	41.125
625899	ARG	 431 	PRO	 359 	ASP	 432 	4	47.1983202571	1	7.35502297753	60.236	-16.197	34.153	58.663	-17.899	39.383	63.814	-15.16	34.904
331563	LYS	 364 	GLY	 365 	GLN	 363 	4	49.5376594362	1	6.22440784332	61.301	-22.393	48.016	64.16	-20.345	49.528	60.73	-21.177	44.401
604658	ALA	 367 	VAL	 366 	TYR	 368 	3	39.7249218712	1	6.68716479534	64.556	-13.777	47.616	64.565	-17.536	46.926	62.313	-11.373	45.636
602857	ALA	 367 	TYR	 368 	ASP	 369 	2	25.9881845043	1	7.17737152445	64.556	-13.777	47.616	62.313	-11.373	45.636	61.249	-7.755	45.539
541084	TYR	 368 	SER	 370 	SER	 371 	5	58.1684128001	1	6.98631698393	62.313	-11.373	45.636	58.753	-5.748	43.516	59.377	-8.047	40.567
598688	ALA	 372 	SER	 370 	SER	 371 	9	89.2965535979	1	5.29642417108	56.645	-10.354	41.969	58.753	-5.748	43.516	59.377	-8.047	40.567
512286	TRP	 374 	SER	 370 	SER	 371 	7	69.1376920353	1	7.24850943298	54.931	-7.147	37.518	58.753	-5.748	43.516	59.377	-8.047	40.567
453892	SER	 370 	SER	 371 	CYS	 439 	5	56.8685465656	1	7.76133120025	58.753	-5.748	43.516	59.377	-8.047	40.567	63.015	-5.331	37.043
601565	ALA	 372 	TRP	 374 	SER	 370 	6	67.8336599576	1	7.24850943298	56.645	-10.354	41.969	54.931	-7.147	37.518	58.753	-5.748	43.516
511420	TRP	 374 	SER	 371 	PHE	 375 	5	52.8550196213	1	6.80037903355	54.931	-7.147	37.518	59.377	-8.047	40.567	54.616	-10.85	36.602
600701	ALA	 372 	TRP	 374 	PHE	 375 	6	66.0050392181	1	5.75912719082	56.645	-10.354	41.969	54.931	-7.147	37.518	54.616	-10.85	36.602
601567	ALA	 372 	TRP	 374 	SER	 376 	8	77.8839597384	1	6.37137159488	56.645	-10.354	41.969	54.931	-7.147	37.518	51.279	-10.858	38.571
508541	TRP	 374 	ASP	 373 	PHE	 375 	6	61.7797164792	1	5.49657475161	54.931	-7.147	37.518	53.93	-7.803	41.125	54.616	-10.85	36.602
511424	TRP	 374 	SER	 376 	PHE	 375 	9	89.2537233796	1	5.31200847138	54.931	-7.147	37.518	51.279	-10.858	38.571	54.616	-10.85	36.602
499901	TRP	 374 	LEU	 377 	PHE	 375 	6	68.1612389512	1	5.38996345071	54.931	-7.147	37.518	50.18	-7.791	36.729	54.616	-10.85	36.602
504222	TRP	 374 	GLY	 378 	PHE	 375 	7	73.1039289699	1	6.22743895996	54.931	-7.147	37.518	50.887	-9.399	33.352	54.616	-10.85	36.602
500188	TRP	 374 	LEU	 428 	LEU	 377 	5	58.0233736515	1	7.72514187572	54.931	-7.147	37.518	56.14	-8.772	31.913	50.18	-7.791	36.729
515345	TRP	 374 	TRP	 517 	TRP	 458 	6	63.8810931972	5	32.5129228	54.931	-7.147	37.518	42.787	14.006	59.016	50.785	9.141	32.553
514724	TRP	 374 	TRP	 458 	HIS	 549 	6	63.3055896006	8	68.117128125	54.931	-7.147	37.518	50.785	9.141	32.553	39.957	42.701	81.46
630571	ARG	 535 	TRP	 374 	TRP	 517 	5	55.214437714	8	55.5904060877	33.87	35.511	66.276	54.931	-7.147	37.518	42.787	14.006	59.016
630573	ARG	 539 	TRP	 374 	TRP	 517 	7	70.4473077031	8	60.9265240187	33.154	38.637	71.306	54.931	-7.147	37.518	42.787	14.006	59.016
209019	LEU	 429 	GLN	 430 	PHE	 375 	4	47.6124678591	1	7.7266878415	56.019	-12.556	31.87	59.66	-13.613	31.442	54.616	-10.85	36.602
351584	MET	 380 	CYS	 379 	PHE	 382 	9	86.7468580395	1	5.478664162	45.838	-10.412	35.757	48.854	-12.343	34.59	45.888	-11.306	30.352
361732	MET	 380 	LYS	 383 	CYS	 379 	5	54.4721363936	1	6.4050977354	45.838	-10.412	35.757	42.851	-12.571	32.368	48.854	-12.343	34.59
409183	PRO	 390 	CYS	 379 	PHE	 382 	8	78.3211153728	1	6.33219559079	47.549	-17.328	31.388	48.854	-12.343	34.59	45.888	-11.306	30.352
419336	PRO	 390 	LYS	 383 	CYS	 379 	9	86.539585519	1	6.75726668114	47.549	-17.328	31.388	42.851	-12.571	32.368	48.854	-12.343	34.59
452456	SER	 389 	PRO	 390 	CYS	 379 	9	87.0316362963	1	6.06679932089	44.942	-16.708	34.087	47.549	-17.328	31.388	48.854	-12.343	34.59
620860	ARG	 386 	LYS	 383 	PHE	 382 	5	60.1260609124	1	6.14928483647	40.87	-13.668	27.696	42.851	-12.571	32.368	45.888	-11.306	30.352
331417	LYS	 383 	GLY	 387 	PHE	 382 	2	32.2146290628	1	7.81521548007	42.851	-12.571	32.368	38.828	-14.638	30.715	45.888	-11.306	30.352
328537	LYS	 383 	HIS	 388 	PHE	 382 	2	33.6983073366	1	7.50453922636	42.851	-12.571	32.368	41.341	-16.812	32.66	45.888	-11.306	30.352
448059	SER	 389 	LYS	 383 	PHE	 382 	4	52.4440757192	1	6.63526525468	44.942	-16.708	34.087	42.851	-12.571	32.368	45.888	-11.306	30.352
616542	ARG	 386 	HIS	 388 	PHE	 382 	7	75.2705988337	1	7.50453922636	40.87	-13.668	27.696	41.341	-16.812	32.66	45.888	-11.306	30.352
299744	GLY	 387 	HIS	 388 	PHE	 382 	9	85.2622289251	1	7.81521548007	38.828	-14.638	30.715	41.341	-16.812	32.66	45.888	-11.306	30.352
328825	LYS	 383 	HIS	 388 	LEU	 384 	2	33.6878767406	1	7.43814082954	42.851	-12.571	32.368	41.341	-16.812	32.66	40.78	-9.449	31.767
448564	SER	 389 	LYS	 383 	GLY	 387 	5	57.7808316789	1	7.28260118364	44.942	-16.708	34.087	42.851	-12.571	32.368	38.828	-14.638	30.715
448423	SER	 389 	LYS	 383 	HIS	 388 	8	80.8200049695	1	4.94388622442	44.942	-16.708	34.087	42.851	-12.571	32.368	41.341	-16.812	32.66
419622	PRO	 390 	LYS	 383 	HIS	 388 	7	70.0988567181	1	6.75726668114	47.549	-17.328	31.388	42.851	-12.571	32.368	41.341	-16.812	32.66
452956	SER	 389 	PRO	 390 	LYS	 383 	5	60.1028132348	1	6.75726668114	44.942	-16.708	34.087	47.549	-17.328	31.388	42.851	-12.571	32.368
619780	ARG	 386 	GLY	 387 	HIS	 388 	5	55.0517710725	1	5.89473264873	40.87	-13.668	27.696	38.828	-14.638	30.715	41.341	-16.812	32.66
452739	SER	 389 	PRO	 390 	HIS	 388 	4	47.0578928443	1	6.35794809667	44.942	-16.708	34.087	47.549	-17.328	31.388	41.341	-16.812	32.66
625544	ARG	 392 	PRO	 390 	HIS	 388 	9	89.8191702982	1	6.35794809667	45.142	-21.62	34.305	47.549	-17.328	31.388	41.341	-16.812	32.66
415088	PRO	 390 	HIS	 388 	GLN	 393 	9	89.4000045332	1	7.68646661347	47.549	-17.328	31.388	41.341	-16.812	32.66	43.711	-23.983	31.638
616683	ARG	 392 	HIS	 388 	GLN	 393 	4	48.2295888184	1	7.62132698419	45.142	-21.62	34.305	41.341	-16.812	32.66	43.711	-23.983	31.638
439423	SER	 389 	GLN	 393 	PHE	 391 	8	82.1413362804	1	7.77422581355	44.942	-16.708	34.087	43.711	-23.983	31.638	48.653	-20.549	33.165
626761	ARG	 392 	SER	 389 	GLN	 393 	2	34.160325197	1	7.77422581355	45.142	-21.62	34.305	44.942	-16.708	34.087	43.711	-23.983	31.638
625322	ARG	 392 	PRO	 390 	GLN	 393 	3	43.630136924	1	7.68646661347	45.142	-21.62	34.305	47.549	-17.328	31.388	43.711	-23.983	31.638
612219	ARG	 392 	GLN	 393 	PHE	 391 	4	49.7047327028	1	6.20865919503	45.142	-21.62	34.305	43.711	-23.983	31.638	48.653	-20.549	33.165
478303	THR	 406 	MET	 405 	PHE	 391 	8	80.8351489629	1	6.0607218217	54.44	-20.957	34.919	52.847	-24.073	33.345	48.653	-20.549	33.165
616688	ARG	 392 	HIS	 394 	GLN	 393 	9	89.7831527365	1	5.60937411838	45.142	-21.62	34.305	40.603	-24.866	33.734	43.711	-23.983	31.638
618122	ARG	 392 	ILE	 402 	GLN	 393 	3	39.0304872796	1	7.90745793539	45.142	-21.62	34.305	49.23	-23.836	37.299	43.711	-23.983	31.638
618194	ARG	 392 	ILE	 402 	GLU	 401 	3	37.4848923165	1	7.93915241068	45.142	-21.62	34.305	49.23	-23.836	37.299	49.555	-27.584	37.131
328684	LYS	 395 	HIS	 394 	GLN	 393 	5	54.4503096096	1	5.94779665086	42.125	-26.903	36.571	40.603	-24.866	33.734	43.711	-23.983	31.638
477219	THR	 396 	LYS	 395 	HIS	 394 	4	48.9527220765	1	6.22649283305	40.371	-25.933	39.864	42.125	-26.903	36.571	40.603	-24.866	33.734
477434	THR	 396 	LYS	 397 	LYS	 395 	3	41.1642667826	1	6.68278654455	40.371	-25.933	39.864	42.029	-26.867	43.253	42.125	-26.903	36.571
333439	LYS	 395 	LYS	 399 	LYS	 397 	8	79.6174516944	1	7.45798645748	42.125	-26.903	36.571	47.23	-25.379	41.79	42.029	-26.867	43.253
391035	ASP	 398 	LYS	 395 	LYS	 399 	4	44.7676724858	1	7.45798645748	44.958	-28.333	41.194	42.125	-26.903	36.571	47.23	-25.379	41.79
480315	THR	 396 	ASP	 398 	LYS	 399 	4	47.030213656	1	7.14578708051	40.371	-25.933	39.864	44.958	-28.333	41.194	47.23	-25.379	41.79
386356	ASP	 398 	HIS	 400 	GLU	 401 	5	59.3649636231	1	6.18072641362	44.958	-28.333	41.194	50.112	-27.737	40.919	49.555	-27.584	37.131
328756	LYS	 399 	HIS	 400 	GLU	 401 	5	59.3851122259	1	5.65454958418	47.23	-25.379	41.79	50.112	-27.737	40.919	49.555	-27.584	37.131
386358	ASP	 403 	HIS	 400 	GLU	 401 	7	69.3767807272	1	5.37145650639	52.629	-23.622	39.056	50.112	-27.737	40.919	49.555	-27.584	37.131
616758	ARG	 404 	HIS	 400 	GLU	 401 	7	72.8076393915	1	6.5030147624	54.378	-25.775	36.42	50.112	-27.737	40.919	49.555	-27.584	37.131
628495	ARG	 404 	THR	 406 	ILE	 402 	8	79.4078510166	1	6.41070518742	54.378	-25.775	36.42	54.44	-20.957	34.919	49.23	-23.836	37.299
624388	ARG	 404 	ASP	 403 	MET	 405 	5	57.9808522967	1	5.73292647781	54.378	-25.775	36.42	52.629	-23.622	39.056	52.847	-24.073	33.345
480389	THR	 406 	ASP	 403 	MET	 405 	6	65.0738531515	1	5.73292647781	54.44	-20.957	34.919	52.629	-23.622	39.056	52.847	-24.073	33.345
628707	ARG	 404 	THR	 408 	MET	 409 	4	46.8277143204	1	7.65214440533	54.378	-25.775	36.42	58.16	-24.156	31.909	55.507	-22.878	29.428
484710	THR	 408 	THR	 406 	MET	 405 	7	69.0196311887	1	5.75604907901	58.16	-24.156	31.909	54.44	-20.957	34.919	52.847	-24.073	33.345
599907	ALA	 410 	THR	 406 	MET	 405 	4	49.4265894445	1	7.96233740807	56.39	-19.501	27.873	54.44	-20.957	34.919	52.847	-24.073	33.345
571107	VAL	 411 	THR	 406 	MET	 405 	4	51.7925939965	1	7.74393272182	52.694	-18.715	27.756	54.44	-20.957	34.919	52.847	-24.073	33.345
565352	VAL	 411 	MET	 405 	MET	 409 	9	85.3510310909	1	7.74393272182	52.694	-18.715	27.756	52.847	-24.073	33.345	55.507	-22.878	29.428
484352	THR	 408 	THR	 406 	LEU	 407 	9	88.9171053352	1	5.75604907901	58.16	-24.156	31.909	54.44	-20.957	34.919	57.902	-22.427	35.351
484709	THR	 406 	THR	 408 	MET	 409 	6	64.6034435833	1	5.91437325505	54.44	-20.957	34.919	58.16	-24.156	31.909	55.507	-22.878	29.428
478587	THR	 408 	MET	 409 	LEU	 407 	4	46.4117303588	1	6.4047915657	58.16	-24.156	31.909	55.507	-22.878	29.428	57.902	-22.427	35.351
564914	VAL	 411 	MET	 409 	GLU	 412 	3	39.6537334092	1	7.66971355397	52.694	-18.715	27.756	55.507	-22.878	29.428	51.416	-19.053	24.188
413713	PRO	 414 	LEU	 413 	GLU	 412 	2	31.1149945335	1	7.02637075595	46.413	-15.547	20.717	49.523	-16.01	22.91	51.416	-19.053	24.188
422426	PRO	 414 	ASP	 415 	LEU	 413 	3	40.512157126	1	6.65185004341	46.413	-15.547	20.717	46.724	-14.082	17.192	49.523	-16.01	22.91
453104	SER	 416 	PRO	 414 	ASP	 415 	9	89.3703973554	1	5.17415452031	43.788	-11.89	18.166	46.413	-15.547	20.717	46.724	-14.082	17.192
422143	PRO	 414 	ASP	 415 	PHE	 417 	8	82.1723503002	1	5.77019254445	46.413	-15.547	20.717	46.724	-14.082	17.192	46.277	-9.798	20.242
454539	SER	 418 	SER	 416 	ASP	 415 	4	48.7325776342	1	7.72576403989	48.106	-6.691	18.967	43.788	-11.89	18.166	46.724	-14.082	17.192
452378	SER	 418 	PRO	 419 	PHE	 417 	3	41.0021133263	1	6.63080002715	48.106	-6.691	18.967	51.924	-6.786	18.508	46.277	-9.798	20.242
627415	ARG	 422 	SER	 418 	PRO	 419 	8	78.3140839585	1	5.81601693601	51.93	-9.122	22.613	48.106	-6.691	18.967	51.924	-6.786	18.508
452379	SER	 423 	PRO	 451 	PHE	 452 	4	51.7359623445	1	8.02155458748	55.348	-7.702	23.667	54.883	0.29	23.16	51.414	-0.906	24.409
635763	ARG	 435 	ARG	 436 	GLY	 427 	4	49.622140931	1	7.64602399944	64.854	-10.046	31.663	61.351	-8.828	32.626	58.037	-8.431	28.6
623884	ARG	 431 	ASP	 432 	GLN	 430 	5	58.8572242576	1	5.62444388362	60.236	-16.197	34.153	63.814	-15.16	34.904	59.66	-13.613	31.442
632524	ARG	 431 	VAL	 433 	GLN	 430 	5	53.3067890999	1	7.08410594218	60.236	-16.197	34.153	64.017	-11.711	36.694	59.66	-13.613	31.442
635405	ARG	 435 	ARG	 431 	GLN	 430 	6	61.3611899068	1	8.08460419563	64.854	-10.046	31.663	60.236	-16.197	34.153	59.66	-13.613	31.442
632527	ARG	 435 	VAL	 433 	GLN	 430 	8	80.8455211574	1	7.08410594218	64.854	-10.046	31.663	64.017	-11.711	36.694	59.66	-13.613	31.442
635981	ARG	 435 	ARG	 431 	ASP	 432 	6	62.551576112	1	8.08460419563	64.854	-10.046	31.663	60.236	-16.197	34.153	63.814	-15.16	34.904
635980	ARG	 436 	ARG	 431 	ASP	 432 	5	55.6192628293	1	7.60770103251	61.351	-8.828	32.626	60.236	-16.197	34.153	63.814	-15.16	34.904
636556	ARG	 431 	ARG	 435 	ARG	 436 	5	53.2814419332	1	8.08460419563	60.236	-16.197	34.153	64.854	-10.046	31.663	61.351	-8.828	32.626
664783	ASN	 434 	ARG	 435 	ASP	 432 	8	82.4728386793	1	6.14318134194	67.165	-10.591	34.673	64.854	-10.046	31.663	63.814	-15.16	34.904
661255	ASN	 434 	VAL	 433 	CYS	 439 	8	80.2117048525	1	7.10682770299	67.165	-10.591	34.673	64.017	-11.711	36.694	63.015	-5.331	37.043
665360	ASN	 434 	ARG	 436 	ARG	 435 	9	89.9882770275	1	6.41100413352	67.165	-10.591	34.673	61.351	-8.828	32.626	64.854	-10.046	31.663
664135	ASN	 434 	ARG	 436 	CYS	 439 	8	77.3428140729	1	7.10682770299	67.165	-10.591	34.673	61.351	-8.828	32.626	63.015	-5.331	37.043
635545	ARG	 435 	ARG	 436 	LEU	 437 	2	31.6720404803	1	6.96064544421	64.854	-10.046	31.663	61.351	-8.828	32.626	59.69	-5.454	32.498
635333	ARG	 435 	ARG	 436 	CYS	 439 	6	65.8733978009	1	7.38630800874	64.854	-10.046	31.663	61.351	-8.828	32.626	63.015	-5.331	37.043
302904	GLY	 443 	GLY	 438 	LEU	 437 	1	13.7398356842	1	8.07537126082	61.176	-0.061	38.322	60.037	-3.423	35.7	59.69	-5.454	32.498
302694	GLY	 441 	GLY	 438 	CYS	 439 	7	69.2399023269	1	6.30543424357	65.878	-1.181	34.916	60.037	-3.423	35.7	63.015	-5.331	37.043
619492	ARG	 442 	GLY	 438 	CYS	 439 	5	53.4924469546	1	7.14707744466	64.125	1.715	36.593	60.037	-3.423	35.7	63.015	-5.331	37.043
303126	GLY	 438 	GLY	 441 	GLY	 443 	7	72.7604409702	1	6.30543424357	60.037	-3.423	35.7	65.878	-1.181	34.916	61.176	-0.061	38.322
302766	GLY	 438 	GLY	 443 	GLN	 445 	7	69.4401678987	1	7.12329705965	60.037	-3.423	35.7	61.176	-0.061	38.322	58.946	3.523	34.558
297003	GLY	 438 	GLU	 446 	GLN	 445 	4	48.9614011897	1	7.12329705965	60.037	-3.423	35.7	59.982	0.734	32.148	58.946	3.523	34.558
302696	GLY	 443 	GLY	 441 	CYS	 439 	9	87.1428880137	1	5.91303982736	61.176	-0.061	38.322	65.878	-1.181	34.916	63.015	-5.331	37.043
619705	ARG	 442 	GLY	 441 	LEU	 440 	2	32.3563552181	1	6.95135073205	64.125	1.715	36.593	65.878	-1.181	34.916	66.632	-4.747	36.065
619924	ARG	 442 	GLY	 443 	GLY	 441 	5	53.9672820564	1	5.91303982736	64.125	1.715	36.593	61.176	-0.061	38.322	65.878	-1.181	34.916
452594	SER	 450 	PRO	 451 	GLU	 449 	3	42.7035282027	1	6.61511556966	56.308	-0.017	26.757	54.883	0.29	23.16	57.652	3.207	28.412
625400	ARG	 454 	PRO	 451 	GLU	 449 	9	85.9639223188	1	6.94553986383	52.63	4.693	23.85	54.883	0.29	23.16	57.652	3.207	28.412
436542	SER	 450 	PHE	 453 	PHE	 452 	7	68.7042180223	1	5.79186265376	56.308	-0.017	26.757	51.013	2.305	26.415	51.414	-0.906	24.409
508828	TRP	 458 	ASP	 457 	LEU	 456 	5	54.2812293734	1	5.84796622767	50.785	9.141	32.553	50.054	10.548	29.086	48.985	7.463	27.248
392186	ASP	 457 	MET	 460 	LEU	 456 	3	37.6445794628	1	7.78641329496	50.054	10.548	29.086	46.665	12.389	32.814	48.985	7.463	27.248
508685	TRP	 458 	ASP	 457 	GLN	 459 	6	61.8764166712	1	5.46556291703	50.785	9.141	32.553	50.054	10.548	29.086	50.271	12.54	34.171
572619	VAL	 461 	TRP	 458 	ASP	 457 	4	51.9231140502	1	6.57739910603	46.211	8.851	34.147	50.785	9.141	32.553	50.054	10.548	29.086
507248	TRP	 458 	MET	 460 	GLN	 459 	9	89.1074344809	1	5.25281115214	50.785	9.141	32.553	46.665	12.389	32.814	50.271	12.54	34.171
572045	VAL	 461 	TRP	 458 	GLN	 459 	6	66.5389749767	1	5.48569931732	46.211	8.851	34.147	50.785	9.141	32.553	50.271	12.54	34.171
497022	TRP	 458 	GLN	 459 	PHE	 462 	7	73.4313449235	1	6.11762225052	50.785	9.141	32.553	50.271	12.54	34.171	47.352	10.068	37.531
507103	TRP	 458 	MET	 460 	PHE	 462 	8	79.9996342787	1	6.11762225052	50.785	9.141	32.553	46.665	12.389	32.814	47.352	10.068	37.531
571900	VAL	 461 	TRP	 458 	PHE	 462 	5	57.5879381786	1	6.11762225052	46.211	8.851	34.147	50.785	9.141	32.553	47.352	10.068	37.531
564846	VAL	 461 	MET	 460 	GLN	 464 	7	69.6262127872	1	6.2479408608	46.211	8.851	34.147	46.665	12.389	32.814	42.236	10.399	36.746
573988	VAL	 461 	TYR	 466 	MET	 460 	5	55.7963882728	1	6.74840144034	46.211	8.851	34.147	40.944	9.205	31.179	46.665	12.389	32.814
361804	MET	 460 	LYS	 465 	GLN	 464 	5	59.5091434507	1	6.2479408608	46.665	12.389	32.814	41.222	12.169	33.522	42.236	10.399	36.746
327098	LYS	 465 	LEU	 463 	PHE	 462 	3	41.8040937477	1	7.61992007832	41.222	12.169	33.522	44.921	12.955	37.506	47.352	10.068	37.531
324219	LYS	 465 	GLN	 464 	PHE	 462 	4	49.0803011093	1	7.61992007832	41.222	12.169	33.522	42.236	10.399	36.746	47.352	10.068	37.531
534604	TYR	 466 	LYS	 465 	GLN	 464 	5	55.548039029	1	5.83835499092	40.944	9.205	31.179	41.222	12.169	33.522	42.236	10.399	36.746
419402	PRO	 467 	LYS	 465 	GLN	 464 	3	43.2214840487	1	7.98175344144	37.334	8.119	30.874	41.222	12.169	33.522	42.236	10.399	36.746
424376	PRO	 467 	PRO	 469 	PRO	 468 	9	89.194213411	1	6.58169203169	37.334	8.119	30.874	35.048	1.964	30.417	36.384	4.812	32.392
424016	PRO	 468 	PRO	 469 	ILE	 471 	9	88.2112830552	1	6.72660070169	36.384	4.812	32.392	35.048	1.964	30.417	30.287	3.31	34.804
424010	PRO	 473 	PRO	 472 	ILE	 471 	3	40.5643458391	1	6.71565253717	24.779	0.768	37.685	28.578	1.143	37.56	30.287	3.31	34.804
625976	ARG	 474 	PRO	 472 	PRO	 473 	9	87.7683138853	1	7.01522095162	22.295	1.443	40.666	28.578	1.143	37.56	24.779	0.768	37.685
625682	ARG	 474 	PRO	 473 	GLY	 475 	3	41.1368249341	1	6.73160196387	22.295	1.443	40.666	24.779	0.768	37.685	22.214	-1.018	43.647
330265	LYS	 497 	ILE	 496 	LEU	 498 	2	32.9807771739	1	7.10366109834	36.134	-17.198	73.32	32.632	-17.866	71.741	37.868	-13.875	74.409
451159	SER	 501 	ASP	 500 	GLU	 504 	8	78.5894847299	1	6.37295394617	46.543	-12.169	76.561	43.253	-10.663	77.787	47.196	-6.985	74.39
393487	ASP	 500 	ASP	 502 	GLN	 503 	8	78.4928619844	1	5.01819190546	43.253	-10.663	77.787	44.798	-11.788	73.147	43.588	-8.142	73.81
393559	ASP	 500 	ASP	 502 	GLU	 504 	8	79.1443952503	1	6.37295394617	43.253	-10.663	77.787	44.798	-11.788	73.147	47.196	-6.985	74.39
383407	ASP	 500 	GLU	 504 	GLN	 503 	8	78.13376395	1	6.37295394617	43.253	-10.663	77.787	47.196	-6.985	74.39	43.588	-8.142	73.81
451084	SER	 501 	ASP	 502 	GLN	 503 	5	59.980485341	1	5.70234644686	46.543	-12.169	76.561	44.798	-11.788	73.147	43.588	-8.142	73.81
613803	ARG	 507 	GLU	 504 	GLN	 503 	4	45.7720893555	1	7.27629012616	47.475	-2.252	72.037	47.196	-6.985	74.39	43.588	-8.142	73.81
631085	ARG	 507 	TYR	 506 	GLN	 503 	6	61.0984271407	1	7.27629012616	47.475	-2.252	72.037	45.951	-5.124	69.912	43.588	-8.142	73.81
665139	ASN	 508 	ARG	 507 	TYR	 506 	4	46.8605006016	1	6.38418146672	49.347	0.282	69.901	47.475	-2.252	72.037	45.951	-5.124	69.912
664853	ASN	 508 	ARG	 507 	PRO	 510 	6	66.4938469164	1	7.45254124443	49.347	0.282	69.901	47.475	-2.252	72.037	44.524	2.579	67.19
474266	THR	 512 	ILE	 513 	LEU	 511 	3	39.9910074835	1	6.55221428221	45.26	8.317	63.157	47.08	9.473	60.071	46.092	5.035	64.789
513293	TRP	 517 	THR	 512 	ILE	 513 	6	61.4891995266	1	7.45844025249	42.787	14.006	59.016	45.26	8.317	63.157	47.08	9.473	60.071
513727	TRP	 517 	THR	 512 	SER	 514 	8	81.9652223981	1	7.45844025249	42.787	14.006	59.016	45.26	8.317	63.157	47.766	13.139	60.499
511852	TRP	 517 	SER	 514 	ILE	 513 	5	56.6820492025	1	6.33174249318	42.787	14.006	59.016	47.766	13.139	60.499	47.08	9.473	60.071
629935	ARG	 516 	TRP	 517 	ILE	 513 	8	75.9281738635	1	6.33174249318	44.608	12.311	56.123	42.787	14.006	59.016	47.08	9.473	60.071
629716	ARG	 516 	TRP	 517 	GLU	 515 	5	57.9858944845	1	5.73485352908	44.608	12.311	56.123	42.787	14.006	59.016	48.082	13.79	56.824
498607	TRP	 517 	GLU	 515 	GLN	 519 	8	79.9134427896	1	6.25284767126	42.787	14.006	59.016	48.082	13.79	56.824	43.132	16.738	54.394
629718	ARG	 516 	TRP	 517 	GLU	 520 	7	70.9587532417	1	6.23921285099	44.608	12.311	56.123	42.787	14.006	59.016	39.598	15.997	55.632
497168	TRP	 517 	GLN	 519 	GLN	 518 	9	89.9003385942	1	5.38012388333	42.787	14.006	59.016	43.132	16.738	54.394	44.241	17.396	58.0
572048	VAL	 521 	TRP	 517 	GLN	 519 	9	87.6070976223	1	6.2335175463	39.324	19.042	57.79	42.787	14.006	59.016	43.132	16.738	54.394
180368	GLU	 520 	GLN	 518 	GLN	 519 	9	89.7676905123	1	5.39648719076	39.598	15.997	55.632	44.241	17.396	58.0	43.132	16.738	54.394
556204	VAL	 521 	GLU	 520 	GLN	 519 	5	59.4976808597	1	5.59840120034	39.324	19.042	57.79	39.598	15.997	55.632	43.132	16.738	54.394
570674	VAL	 525 	THR	 524 	GLU	 523 	3	36.8626683682	1	6.84723016993	34.904	22.446	58.108	35.178	20.411	54.889	38.244	20.29	52.533
571180	VAL	 525 	THR	 524 	ASP	 527 	5	57.6890615395	1	7.8017374347	34.904	22.446	58.108	35.178	20.411	54.889	37.183	27.672	56.92
652540	ASN	 530 	ASP	 527 	PHE	 526 	5	60.0290560555	1	6.13123323647	38.171	29.422	61.736	37.183	27.672	56.92	38.207	24.287	58.386
646783	ASN	 530 	ILE	 529 	PHE	 526 	8	77.8129170318	1	6.13123323647	38.171	29.422	61.736	35.276	26.972	61.996	38.207	24.287	58.386
480173	THR	 528 	ASP	 527 	ILE	 529 	6	61.9736501114	1	5.4673965468	33.748	27.911	58.656	37.183	27.672	56.92	35.276	26.972	61.996
663342	ASN	 530 	ALA	 531 	ASP	 527 	7	73.5793295124	1	6.23749997996	38.171	29.422	61.736	35.528	32.081	61.01	37.183	27.672	56.92
479959	THR	 533 	ASP	 534 	GLU	 537 	8	76.1053700729	1	6.13455866383	35.918	30.664	66.643	37.29	34.089	65.531	37.078	35.135	70.68
636486	ARG	 535 	ARG	 539 	ALA	 538 	7	70.6934416375	1	5.96535262998	33.87	35.511	66.276	33.154	38.637	71.306	36.556	38.766	69.575
628636	ARG	 539 	THR	 542 	LYS	 543 	5	57.934472304	1	6.20093581647	33.154	38.637	71.306	34.593	42.703	73.763	32.995	41.257	76.924
650239	ASN	 544 	LYS	 540 	LYS	 543 	8	75.8221927276	1	6.10308905391	36.196	41.297	79.035	34.904	37.433	74.491	32.995	41.257	76.924
650236	ASN	 544 	LYS	 541 	LYS	 545 	5	60.5731625404	1	6.10930577071	36.196	41.297	79.035	37.508	40.188	74.115	36.866	44.926	77.918
657007	ASN	 544 	THR	 542 	GLN	 546 	8	77.5082042897	1	6.62232172278	36.196	41.297	79.035	34.593	42.703	73.763	33.472	46.105	79.333
477004	THR	 542 	LYS	 545 	GLN	 546 	5	54.3922683949	1	6.62232172278	34.593	42.703	73.763	36.866	44.926	77.918	33.472	46.105	79.333
650237	ASN	 544 	LYS	 545 	LYS	 543 	6	63.4611593475	1	5.42533298517	36.196	41.297	79.035	36.866	44.926	77.918	32.995	41.257	76.924
649805	ASN	 544 	LYS	 545 	GLN	 546 	6	62.2003450532	1	5.53406216084	36.196	41.297	79.035	36.866	44.926	77.918	33.472	46.105	79.333
645485	ASN	 544 	HIS	 549 	GLN	 546 	6	61.8559992004	1	7.62670112172	36.196	41.297	79.035	39.957	42.701	81.46	33.472	46.105	79.333
648583	ASN	 544 	GLY	 548 	HIS	 549 	8	78.627001361	1	5.8138786537	36.196	41.297	79.035	37.556	45.184	83.139	39.957	42.701	81.46
328682	LYS	 545 	HIS	 549 	GLN	 546 	3	40.2841222441	1	7.62670112172	36.866	44.926	77.918	39.957	42.701	81.46	33.472	46.105	79.333
240843	HIS	 549 	LEU	 547 	GLN	 546 	4	48.9019894203	1	7.62670112172	39.957	42.701	81.46	33.857	44.422	82.766	33.472	46.105	79.333
299884	GLY	 548 	HIS	 549 	GLN	 546 	5	57.9878851896	1	7.62670112172	37.556	45.184	83.139	39.957	42.701	81.46	33.472	46.105	79.333
