544540	TYR	  19 	TYR	  16 	PHE	  15 	5	59.9677876138	1	6.01881807334	11.75	0.521	24.068	15.804	1.446	26.733	13.841	4.358	28.207
659744	ASN	  18 	TYR	  19 	PHE	  15 	9	84.5364407093	1	6.01881807334	10.779	-0.39	27.624	11.75	0.521	24.068	13.841	4.358	28.207
544757	TYR	  19 	TYR	  16 	GLU	  17 	6	61.9179193688	1	5.86665782196	11.75	0.521	24.068	15.804	1.446	26.733	14.193	-0.974	29.188
527475	TYR	  16 	GLU	  20 	GLU	  17 	4	44.4428553188	1	7.8063862318	15.804	1.446	26.733	14.008	-0.919	21.384	14.193	-0.974	29.188
660822	ASN	  18 	TYR	  16 	TYR	  19 	7	74.585998485	1	5.42359677705	10.779	-0.39	27.624	15.804	1.446	26.733	11.75	0.521	24.068
545335	TYR	  16 	TYR	  19 	PRO	  21 	8	76.6579611927	1	7.29224979002	15.804	1.446	26.733	11.75	0.521	24.068	15.665	2.011	19.464
659956	ASN	  18 	TYR	  19 	GLU	  17 	5	54.7401190276	1	5.86665782196	10.779	-0.39	27.624	11.75	0.521	24.068	14.193	-0.974	29.188
642675	ASN	  18 	GLU	  20 	GLU	  17 	4	48.9185716314	1	7.8063862318	10.779	-0.39	27.624	14.008	-0.919	21.384	14.193	-0.974	29.188
649874	ASN	  18 	LYS	  39 	GLU	  17 	3	34.8495327796	1	8.09373603474	10.779	-0.39	27.624	8.794	-3.833	23.879	14.193	-0.974	29.188
527474	TYR	  19 	GLU	  17 	GLU	  20 	3	42.5170334505	1	7.8063862318	11.75	0.521	24.068	14.193	-0.974	29.188	14.008	-0.919	21.384
659953	ASN	  18 	TYR	  19 	GLU	  20 	2	29.3979528851	1	7.04584146855	10.779	-0.39	27.624	11.75	0.521	24.068	14.008	-0.919	21.384
660101	ASN	  18 	TYR	  19 	HIS	  38 	6	65.8024127755	1	5.95198193882	10.779	-0.39	27.624	11.75	0.521	24.068	7.629	-0.423	22.574
645560	ASN	  18 	HIS	  38 	GLU	  20 	9	84.2755211298	1	7.04584146855	10.779	-0.39	27.624	7.629	-0.423	22.574	14.008	-0.919	21.384
530355	TYR	  19 	HIS	  38 	GLU	  20 	4	49.7096197388	1	6.5079764136	11.75	0.521	24.068	7.629	-0.423	22.574	14.008	-0.919	21.384
531652	TYR	  19 	ILE	  37 	CYS	  36 	5	58.1283377206	1	6.25147798524	11.75	0.521	24.068	9.588	-0.235	19.347	11.528	2.838	18.266
534823	TYR	  19 	LYS	  39 	HIS	  38 	8	80.8915052961	1	5.26602060383	11.75	0.521	24.068	8.794	-3.833	23.879	7.629	-0.423	22.574
325736	LYS	  22 	GLU	  20 	CYS	  36 	9	84.3435135414	1	6.52607531369	15.641	1.78	15.671	14.008	-0.919	21.384	11.528	2.838	18.266
419473	PRO	  21 	LYS	  22 	GLU	  23 	2	30.6303100148	1	7.02975739268	15.665	2.011	19.464	15.641	1.78	15.671	16.755	4.078	12.834
419335	PRO	  21 	LYS	  22 	CYS	  36 	8	80.1700040866	1	4.97696272841	15.665	2.011	19.464	15.641	1.78	15.671	11.528	2.838	18.266
412132	PRO	  21 	GLU	  23 	CYS	  36 	5	57.1700938719	1	7.63974822884	15.665	2.011	19.464	16.755	4.078	12.834	11.528	2.838	18.266
636056	ARG	  34 	ARG	  35 	PRO	  21 	9	86.4124989489	1	6.66283408168	14.596	7.665	16.105	11.937	5.172	15.277	15.665	2.011	19.464
625254	ARG	  34 	PRO	  21 	CYS	  36 	7	70.8705759616	1	6.66283408168	14.596	7.665	16.105	15.665	2.011	19.464	11.528	2.838	18.266
625255	ARG	  35 	PRO	  21 	CYS	  36 	8	81.7655059903	1	6.43590506456	11.937	5.172	15.277	15.665	2.011	19.464	11.528	2.838	18.266
416455	PRO	  21 	ILE	  37 	CYS	  36 	8	81.4567842446	1	6.47982515196	15.665	2.011	19.464	9.588	-0.235	19.347	11.528	2.838	18.266
325731	LYS	  22 	GLU	  23 	CYS	  36 	4	44.3222480739	1	7.63974822884	15.641	1.78	15.671	16.755	4.078	12.834	11.528	2.838	18.266
620935	ARG	  34 	LYS	  22 	CYS	  36 	8	77.1037463529	1	6.11412086894	14.596	7.665	16.105	15.641	1.78	15.671	11.528	2.838	18.266
620934	ARG	  35 	LYS	  22 	CYS	  36 	7	73.8046932853	1	5.03790789912	11.937	5.172	15.277	15.641	1.78	15.671	11.528	2.838	18.266
613730	ARG	  35 	GLU	  23 	CYS	  36 	3	42.2090984712	1	7.63974822884	11.937	5.172	15.277	16.755	4.078	12.834	11.528	2.838	18.266
635692	ARG	  35 	ARG	  34 	ILE	  24 	5	52.8268776452	1	6.37254627288	11.937	5.172	15.277	14.596	7.665	16.105	17.166	7.82	12.776
619705	ARG	  27 	GLY	  26 	LEU	  25 	2	23.3188362043	1	7.16554924622	18.092	15.134	14.087	15.611	13.146	12.1	14.146	9.736	11.511
619921	ARG	  27 	GLY	  28 	GLY	  26 	2	32.4239598677	1	6.86871887618	18.092	15.134	14.087	17.914	18.587	15.603	15.611	13.146	12.1
632882	ARG	  27 	VAL	  33 	GLY	  28 	3	38.7563371474	1	7.92003857314	18.092	15.134	14.087	14.719	11.412	16.622	17.914	18.587	15.603
454327	SER	  30 	SER	  31 	GLY	  28 	8	80.5351274302	1	5.48232541902	20.698	19.143	20.293	18.709	15.969	19.665	17.914	18.587	15.603
636409	ARG	  35 	ARG	  34 	VAL	  33 	2	30.1292448256	1	6.96319962374	11.937	5.172	15.277	14.596	7.665	16.105	14.719	11.412	16.622
635331	ARG	  34 	ARG	  35 	CYS	  36 	4	49.910773453	1	6.11412086894	14.596	7.665	16.105	11.937	5.172	15.277	11.528	2.838	18.266
636486	ARG	  34 	ARG	  35 	ALA	  46 	7	71.7112060329	1	5.60594514779	14.596	7.665	16.105	11.937	5.172	15.277	9.172	7.958	17.491
621291	ARG	  34 	LYS	  48 	ILE	  49 	4	45.8073946772	1	7.92310229645	14.596	7.665	16.105	13.046	12.482	20.351	16.186	12.15	22.44
618056	ARG	  35 	ILE	  37 	CYS	  36 	9	89.5024519612	1	7.16368271213	11.937	5.172	15.277	9.588	-0.235	19.347	11.528	2.838	18.266
634971	ARG	  35 	ALA	  46 	VAL	  47 	4	52.4185211655	1	6.32195072743	11.937	5.172	15.277	9.172	7.958	17.491	11.493	9.059	20.243
271010	ILE	  37 	HIS	  38 	CYS	  36 	3	38.5204964285	1	6.66297125913	9.588	-0.235	19.347	7.629	-0.423	22.574	11.528	2.838	18.266
530215	TYR	  45 	HIS	  38 	CYS	  36 	8	76.0355506619	1	7.23872426606	6.777	5.085	17.955	7.629	-0.423	22.574	11.528	2.838	18.266
573415	VAL	  47 	TYR	  45 	CYS	  36 	8	76.7757277446	1	6.57786257077	11.493	9.059	20.243	6.777	5.085	17.955	11.528	2.838	18.266
121278	CYS	  36 	CYS	 184 	CYS	 172 	4	47.1939988518	4	29.1870263131	11.528	2.838	18.266	14.727	31.84	17.536	5.402	29.212	25.006
531939	TYR	  45 	ILE	  37 	HIS	  38 	4	50.7994185595	1	7.23872426606	6.777	5.085	17.955	9.588	-0.235	19.347	7.629	-0.423	22.574
330055	LYS	  39 	ILE	  37 	CYS	  42 	8	82.7356176893	1	5.84081021777	8.794	-3.833	23.879	9.588	-0.235	19.347	5.693	-4.325	19.912
419620	PRO	  40 	LYS	  39 	HIS	  38 	5	56.8345181191	1	5.80043420788	5.568	-4.903	25.628	8.794	-3.833	23.879	7.629	-0.423	22.574
477221	THR	  41 	LYS	  39 	HIS	  38 	6	66.8380578556	1	5.68610358682	3.215	-3.991	22.792	8.794	-3.833	23.879	7.629	-0.423	22.574
328616	LYS	  39 	HIS	  38 	CYS	  42 	9	89.2161629414	1	5.10489412231	8.794	-3.833	23.879	7.629	-0.423	22.574	5.693	-4.325	19.912
333222	LYS	  43 	LYS	  39 	HIS	  38 	7	69.240495763	1	7.63187126464	4.133	-1.146	18.466	8.794	-3.833	23.879	7.629	-0.423	22.574
481544	THR	  41 	PRO	  40 	HIS	  38 	9	88.0258786586	1	5.80043420788	3.215	-3.991	22.792	5.568	-4.903	25.628	7.629	-0.423	22.574
415015	PRO	  40 	HIS	  38 	CYS	  42 	8	82.5396998267	1	5.80043420788	5.568	-4.903	25.628	7.629	-0.423	22.574	5.693	-4.325	19.912
472614	THR	  41 	HIS	  38 	CYS	  42 	7	73.1044277203	1	5.67992464739	3.215	-3.991	22.792	7.629	-0.423	22.574	5.693	-4.325	19.912
477224	THR	  41 	LYS	  43 	HIS	  38 	9	87.1074773362	1	5.67992464739	3.215	-3.991	22.792	4.133	-1.146	18.466	7.629	-0.423	22.574
328614	LYS	  43 	HIS	  38 	CYS	  42 	7	72.9742557798	1	5.4424635047	4.133	-1.146	18.466	7.629	-0.423	22.574	5.693	-4.325	19.912
328757	LYS	  43 	HIS	  38 	GLU	  44 	6	60.6702025698	1	6.11706277555	4.133	-1.146	18.466	7.629	-0.423	22.574	6.404	1.471	16.888
530357	TYR	  45 	HIS	  38 	GLU	  44 	6	63.4560974	1	7.23872426606	6.777	5.085	17.955	7.629	-0.423	22.574	6.404	1.471	16.888
481756	THR	  41 	PRO	  40 	LYS	  39 	5	58.4540028659	1	5.68610358682	3.215	-3.991	22.792	5.568	-4.903	25.628	8.794	-3.833	23.879
419335	PRO	  40 	LYS	  39 	CYS	  42 	8	78.9821817046	1	5.74650894022	5.568	-4.903	25.628	8.794	-3.833	23.879	5.693	-4.325	19.912
476934	THR	  41 	LYS	  39 	CYS	  42 	7	73.6495023834	1	5.68610358682	3.215	-3.991	22.792	8.794	-3.833	23.879	5.693	-4.325	19.912
332934	LYS	  39 	LYS	  43 	CYS	  42 	7	72.2856206462	1	7.63187126464	8.794	-3.833	23.879	4.133	-1.146	18.466	5.693	-4.325	19.912
481252	THR	  41 	PRO	  40 	CYS	  42 	5	57.139221894	1	5.74650894022	3.215	-3.991	22.792	5.568	-4.903	25.628	5.693	-4.325	19.912
476936	THR	  41 	LYS	  43 	CYS	  42 	9	89.7888570065	1	5.25842419362	3.215	-3.991	22.792	4.133	-1.146	18.466	5.693	-4.325	19.912
325730	LYS	  43 	GLU	  44 	CYS	  42 	3	41.6112139735	1	6.57599520985	4.133	-1.146	18.466	6.404	1.471	16.888	5.693	-4.325	19.912
507238	TRP	 253 	MET	 199 	CYS	  42 	8	82.7388624044	8	51.3029348186	1.309	32.499	-9.586	17.397	45.491	16.255	5.693	-4.325	19.912
602353	ALA	  46 	TYR	  45 	GLU	  44 	2	27.6189881485	1	7.07860169808	9.172	7.958	17.491	6.777	5.085	17.955	6.404	1.471	16.888
537554	TYR	  45 	ASP	 104 	GLU	  44 	3	34.4653638427	1	7.59610038112	6.777	5.085	17.955	3.292	8.35	17.722	6.404	1.471	16.888
604658	ALA	  46 	VAL	  47 	TYR	  45 	3	39.6632952498	1	6.57786257077	9.172	7.958	17.491	11.493	9.059	20.243	6.777	5.085	17.955
595591	ALA	  46 	ASP	 104 	MET	 106 	8	76.0321846873	1	7.70638001918	9.172	7.958	17.491	3.292	8.35	17.722	4.54	9.768	11.604
473981	THR	  70 	ILE	  50 	PHE	  99 	6	64.7499565034	1	7.91641756099	12.689	20.735	27.243	17.46	15.486	23.728	15.332	13.613	27.716
484784	THR	  97 	THR	  53 	ASP	  51 	9	86.7680249501	1	5.74645673437	21.89	14.162	30.467	24.535	18.628	28.041	21.025	15.738	25.009
479743	THR	  97 	ASP	  51 	PHE	  98 	8	80.4744575789	1	5.74645673437	21.89	14.162	30.467	21.025	15.738	25.009	19.068	13.136	28.117
574922	VAL	  52 	VAL	  63 	GLN	  64 	3	43.8057963772	1	7.43153342185	20.753	18.553	27.538	22.895	22.823	29.97	20.261	24.188	32.358
475928	THR	  53 	GLY	  55 	GLY	  54 	9	89.7661029354	1	6.11796583841	24.535	18.628	28.041	28.874	20.201	24.025	25.254	19.07	24.314
570673	VAL	  63 	THR	  53 	GLU	  62 	2	30.9595607797	1	7.90092013629	22.895	22.823	29.97	24.535	18.628	28.041	23.648	26.425	28.96
484058	THR	  53 	THR	  97 	PHE	  98 	3	42.5902180911	1	7.74957605292	24.535	18.628	28.041	21.89	14.162	30.467	19.068	13.136	28.117
303128	GLY	  54 	GLY	  56 	GLY	  55 	9	89.5319489745	1	7.31841007323	25.254	19.07	24.314	31.365	23.093	24.14	28.874	20.201	24.025
454325	SER	  59 	SER	  57 	GLY	  55 	6	66.7993655652	1	7.92192262017	28.538	25.93	29.486	29.035	26.092	23.968	28.874	20.201	24.025
454324	SER	  59 	SER	  57 	GLY	  56 	5	54.4284205645	1	6.67983637524	28.538	25.93	29.486	29.035	26.092	23.968	31.365	23.093	24.14
597818	ALA	  60 	SER	  59 	PHE	  58 	3	39.0009237	1	6.63199080216	27.483	25.217	33.069	28.538	25.93	29.486	26.998	24.171	26.538
181659	GLU	  61 	GLU	  62 	PHE	  58 	4	46.5447369705	1	7.25035709465	24.571	27.564	32.468	23.648	26.425	28.96	26.998	24.171	26.538
603723	ALA	  60 	VAL	  63 	GLN	  64 	4	49.4870806088	1	7.32950516747	27.483	25.217	33.069	22.895	22.823	29.97	20.261	24.188	32.358
181808	GLU	  61 	GLU	  62 	GLN	  64 	9	87.1071275476	1	5.47590869172	24.571	27.564	32.468	23.648	26.425	28.96	20.261	24.188	32.358
181879	GLU	  61 	GLU	  65 	GLU	  62 	8	76.7558618571	1	6.42743191329	24.571	27.564	32.468	18.906	26.474	29.634	23.648	26.425	28.96
181805	GLU	  68 	GLU	  65 	GLN	  64 	6	60.940071697	1	6.1410048852	14.197	24.046	31.399	18.906	26.474	29.634	20.261	24.188	32.358
448132	SER	 171 	LYS	  72 	CYS	 172 	5	54.7267892877	1	7.78731757411	6.598	27.111	22.027	8.497	23.694	28.762	5.402	29.212	25.006
296858	GLY	 169 	GLU	  73 	PHE	 170 	3	42.7387234188	1	7.35154956455	10.617	23.262	21.36	8.233	21.654	25.519	10.258	27.07	20.979
440931	SER	 171 	GLU	  73 	CYS	 172 	4	45.0620168713	1	8.08709428658	6.598	27.111	22.027	8.233	21.654	25.519	5.402	29.212	25.006
621295	ARG	  78 	LYS	  79 	ILE	  76 	8	82.1316770251	1	5.35541987149	0.796	17.852	27.59	-1.39	20.949	27.374	3.063	22.48	26.133
272454	ILE	  76 	ILE	 145 	CYS	 172 	7	74.0362834379	1	7.92743861534	3.063	22.48	26.133	0.24	29.265	23.16	5.402	29.212	25.006
266692	ILE	  76 	GLN	 173 	CYS	 172 	5	54.3381554356	1	7.21532216883	3.063	22.48	26.133	2.099	29.588	26.804	5.402	29.212	25.006
562180	VAL	  80 	GLY	  82 	HIS	  83 	5	58.2334883194	1	6.5766226895	-2.282	20.408	23.686	-5.732	15.426	22.278	-5.976	17.497	19.089
446980	SER	  81 	GLY	  82 	HIS	  83 	5	53.119451467	1	5.96137123488	-2.517	16.618	23.864	-5.732	15.426	22.278	-5.976	17.497	19.089
443885	SER	  81 	HIS	  83 	GLN	  88 	6	62.869774744	1	8.07081439509	-2.517	16.618	23.864	-5.976	17.497	19.089	0.68	13.252	20.767
299886	GLY	  82 	HIS	  83 	GLN	  88 	7	72.0854275598	1	8.07081439509	-5.732	15.426	22.278	-5.976	17.497	19.089	0.68	13.252	20.767
654341	ASN	  85 	PRO	  84 	HIS	  83 	6	62.9276285516	1	5.47889350143	-3.731	17.329	14.094	-6.496	15.412	15.874	-5.976	17.497	19.089
560741	VAL	 136 	ILE	  86 	HIS	  83 	6	67.7127686172	1	7.64624653016	-4.507	23.762	14.959	-1.148	17.891	16.806	-5.976	17.497	19.089
271083	ILE	  87 	HIS	  83 	GLN	  88 	4	49.2200106584	1	8.07081439509	1.509	15.327	17.696	-5.976	17.497	19.089	0.68	13.252	20.767
654553	ASN	  85 	PRO	  84 	LYS	 164 	2	29.1258609423	1	7.74421196766	-3.731	17.329	14.094	-6.496	15.412	15.874	0.371	16.595	12.495
647210	ASN	  85 	ILE	 163 	ILE	  86 	3	40.4083645176	1	7.86413466314	-3.731	17.329	14.094	-1.187	16.874	9.008	-1.148	17.891	16.806
272523	ILE	  86 	ILE	  87 	GLN	  88 	4	45.2876442373	1	6.36800015704	-1.148	17.891	16.806	1.509	15.327	17.696	0.68	13.252	20.767
330409	LYS	 164 	ILE	  86 	ILE	 163 	2	29.5248463443	1	7.86413466314	0.371	16.595	12.495	-1.148	17.891	16.806	-1.187	16.874	9.008
387580	ASP	 104 	ILE	  87 	PHE	 103 	5	57.1193869169	1	7.20127030461	3.292	8.35	17.722	1.509	15.327	17.696	5.414	10.271	20.171
480313	THR	  92 	ASP	  91 	LYS	  90 	2	26.6050023132	1	7.12897678493	8.798	10.721	28.639	5.779	8.85	27.253	2.917	9.339	24.854
542377	TYR	  93 	THR	  92 	ASP	  91 	2	30.1446859971	1	7.05332247951	12.004	9.732	30.45	8.798	10.721	28.639	5.779	8.85	27.253
537340	TYR	  93 	ASP	  91 	PHE	 100 	5	59.7163701946	1	7.92871345175	12.004	9.732	30.45	5.779	8.85	27.253	13.311	10.953	25.945
384698	ASP	  91 	LEU	 101 	PHE	 100 	3	42.8791255634	1	7.92871345175	5.779	8.85	27.253	10.032	12.124	24.401	13.311	10.953	25.945
566138	VAL	 102 	ASP	  91 	PHE	 103 	3	42.8594235085	1	7.23237098053	7.959	9.34	22.847	5.779	8.85	27.253	5.414	10.271	20.171
541873	TYR	  93 	THR	  92 	GLU	  94 	2	32.3067630308	1	6.94555778898	12.004	9.732	30.45	8.798	10.721	28.639	14.808	11.794	31.951
522943	TYR	  93 	PHE	  99 	PHE	 100 	8	75.8633966198	1	5.79762891189	12.004	9.732	30.45	15.332	13.613	27.716	13.311	10.953	25.945
657073	ASN	  96 	THR	  95 	GLU	  94 	2	31.6953060602	1	6.98270857189	21.161	13.653	34.174	18.356	11.258	33.193	14.808	11.794	31.951
484274	THR	  97 	THR	  95 	GLU	  94 	3	40.7354850326	1	7.61343575529	21.89	14.162	30.467	18.356	11.258	33.193	14.808	11.794	31.951
657797	ASN	  96 	THR	  95 	THR	  97 	6	64.5277968047	1	5.32479558293	21.161	13.653	34.174	18.356	11.258	33.193	21.89	14.162	30.467
484062	THR	  95 	THR	  97 	PHE	  98 	7	68.3805401255	1	5.45890135467	18.356	11.258	33.193	21.89	14.162	30.467	19.068	13.136	28.117
515298	TRP	 253 	TRP	 213 	THR	  95 	4	44.4356170564	8	50.7131455443	1.309	32.499	-9.586	3.27	35.383	9.464	18.356	11.258	33.193
656859	ASN	  96 	THR	  97 	PHE	  98 	4	44.5498622784	1	6.42924466792	21.161	13.653	34.174	21.89	14.162	30.467	19.068	13.136	28.117
465344	THR	  97 	PHE	  99 	PHE	  98 	9	89.455353001	1	7.13279510431	21.89	14.162	30.467	15.332	13.613	27.716	19.068	13.136	28.117
90944	PHE	  98 	PHE	 100 	PHE	  99 	9	89.932031685	1	6.52886835524	19.068	13.136	28.117	13.311	10.953	25.945	15.332	13.613	27.716
557498	VAL	 102 	LEU	 101 	PHE	 103 	3	42.1397382931	1	6.5308830184	7.959	9.34	22.847	10.032	12.124	24.401	5.414	10.271	20.171
392185	ASP	 158 	MET	 106 	LEU	 105 	2	30.7172441027	1	8.03279384772	0.304	10.273	8.917	4.54	9.768	11.604	5.272	7.505	14.59
362240	MET	 106 	LYS	 108 	LYS	 107 	9	89.9556010394	1	5.95833021911	4.54	9.768	11.604	4.665	9.783	5.647	5.098	7.454	8.63
393987	ASP	 159 	ASP	 158 	MET	 106 	4	46.2507535079	1	7.62305017693	-0.869	7.275	6.846	0.304	10.273	8.917	4.54	9.768	11.604
331634	LYS	 108 	GLY	 109 	GLU	 110 	3	36.1274718782	1	6.84252796852	4.665	9.783	5.647	7.305	12.068	7.211	7.558	15.869	6.835
390963	ASP	 158 	LYS	 108 	GLY	 109 	4	45.0322668714	1	7.42606638807	0.304	10.273	8.917	4.665	9.783	5.647	7.305	12.068	7.211
642678	ASN	 154 	GLU	 110 	GLU	 153 	7	68.4957492374	1	6.93728491558	7.646	20.766	11.748	7.558	15.869	6.835	9.798	20.665	8.609
269498	ILE	 155 	LEU	 111 	PHE	 112 	3	41.1861273907	1	7.7657546961	4.459	19.573	10.08	5.434	18.223	4.734	8.812	19.597	3.649
416379	PRO	 152 	ILE	 155 	PHE	 112 	4	49.0988684953	1	7.7657546961	7.072	22.517	6.691	4.459	19.573	10.08	8.812	19.597	3.649
479955	THR	 116 	ASP	 113 	GLU	 117 	4	51.5742344533	1	6.59261048447	10.31	18.477	-2.058	9.831	16.195	2.221	8.919	15.735	-4.292
471387	THR	 120 	LEU	 115 	LEU	 121 	4	51.8138843913	1	7.10656745553	4.557	22.769	-5.46	6.801	19.435	-0.96	1.04	21.779	-4.398
484640	THR	 116 	THR	 120 	LYS	 118 	9	86.3233302006	1	7.94303953156	10.31	18.477	-2.058	4.557	22.769	-5.46	5.759	17.544	-5.398
571394	VAL	 119 	THR	 116 	THR	 120 	3	35.9566078303	1	7.94303953156	7.745	20.734	-6.104	10.31	18.477	-2.058	4.557	22.769	-5.46
570745	VAL	 119 	THR	 120 	LEU	 121 	2	31.9477293499	1	6.99710554444	7.745	20.734	-6.104	4.557	22.769	-5.46	1.04	21.779	-4.398
599546	ALA	 224 	THR	 120 	LEU	 121 	3	40.931235211	1	7.97347364704	4.977	28.651	-5.321	4.557	22.769	-5.46	1.04	21.779	-4.398
475705	THR	 120 	GLY	 225 	LEU	 121 	2	28.0845905092	1	7.60702024448	4.557	22.769	-5.46	7.423	25.917	-4.366	1.04	21.779	-4.398
484352	THR	 221 	THR	 120 	LEU	 223 	9	89.0622493872	1	7.51812170692	5.86	28.153	-0.377	4.557	22.769	-5.46	1.866	27.056	-3.848
484568	THR	 221 	THR	 120 	GLY	 225 	9	84.3072430279	1	7.51812170692	5.86	28.153	-0.377	4.557	22.769	-5.46	7.423	25.917	-4.366
477439	THR	 126 	LYS	 124 	LYS	 128 	8	76.4100772097	1	6.40303662335	-3.069	23.528	-0.129	-7.077	22.457	-3.629	-6.798	20.988	2.597
621436	ARG	 127 	LYS	 124 	LYS	 128 	5	55.1676374798	1	6.40303662335	-6.59	24.422	0.986	-7.077	22.457	-3.629	-6.798	20.988	2.597
628495	ARG	 127 	THR	 126 	ILE	 129 	8	83.0784199264	1	5.55181420799	-6.59	24.422	0.986	-3.069	23.528	-0.129	-3.536	21.408	4.509
635910	ARG	 127 	ARG	 131 	MET	 130 	7	72.9762260216	1	5.8380744257	-6.59	24.422	0.986	-7.504	24.453	6.752	-4.023	25.095	5.366
635264	ARG	 127 	ARG	 131 	PHE	 287 	9	89.5809627544	1	7.43759712542	-6.59	24.422	0.986	-7.504	24.453	6.752	-12.593	28.311	3.025
609340	ARG	 127 	PHE	 286 	PHE	 287 	5	54.0165281658	1	7.7601962604	-6.59	24.422	0.986	-11.152	30.671	0.387	-12.593	28.311	3.025
647212	ASN	 162 	ILE	 129 	ILE	 163 	5	58.1033633191	1	7.8775187718	-3.298	14.121	7.492	-3.536	21.408	4.509	-1.187	16.874	9.008
586515	ALA	 278 	LEU	 134 	GLU	 135 	4	45.9053013258	1	7.34756857743	-6.238	32.143	12.6	-5.209	27.031	10.814	-7.52	24.917	12.958
586514	ALA	 278 	LEU	 134 	GLU	 279 	3	39.6401375705	1	7.81518048416	-6.238	32.143	12.6	-5.209	27.031	10.814	-9.94	32.764	13.228
587814	ALA	 139 	HIS	 141 	CYS	 138 	7	72.7891835846	1	5.45334401996	-6.596	25.916	19.075	-3.91	30.537	20.157	-6.532	28.502	16.262
240776	HIS	 141 	LEU	 140 	CYS	 138 	9	83.742119605	1	5.50111952242	-3.91	30.537	20.157	-3.082	26.832	20.208	-6.532	28.502	16.262
328615	LYS	 142 	HIS	 141 	CYS	 138 	8	76.2170046196	1	5.97539002911	-7.186	29.963	22.019	-3.91	30.537	20.157	-6.532	28.502	16.262
587816	ALA	 278 	HIS	 141 	CYS	 138 	9	89.4154352133	1	8.06889515361	-6.238	32.143	12.6	-3.91	30.537	20.157	-6.532	28.502	16.262
645628	ASN	 144 	HIS	 141 	LEU	 140 	5	53.6080070367	1	6.29048638819	-2.549	31.523	24.365	-3.91	30.537	20.157	-3.082	26.832	20.208
650090	ASN	 144 	LYS	 142 	ILE	 145 	3	42.3345403465	1	7.54549938705	-2.549	31.523	24.365	-7.186	29.963	22.019	0.24	29.265	23.16
661327	ASN	 144 	VAL	 146 	GLN	 173 	8	81.3213857731	1	6.50741346466	-2.549	31.523	24.365	2.576	30.545	20.476	2.099	29.588	26.804
652687	ASN	 144 	ASP	 175 	GLN	 173 	8	77.5907626189	1	7.55316536295	-2.549	31.523	24.365	0.198	35.16	30.388	2.099	29.588	26.804
654700	ASN	 144 	PRO	 176 	ASP	 175 	5	53.4750765959	1	7.96306209947	-2.549	31.523	24.365	-2.364	37.78	29.287	0.198	35.16	30.388
560739	VAL	 146 	ILE	 145 	HIS	 147 	4	44.8913235401	1	6.37456524008	2.576	30.545	20.476	0.24	29.265	23.16	4.389	27.824	18.54
560523	VAL	 146 	ILE	 145 	GLN	 173 	4	50.3591883203	1	6.41770691135	2.576	30.545	20.476	0.24	29.265	23.16	2.099	29.588	26.804
445324	SER	 171 	ILE	 145 	GLN	 173 	5	59.14297946	1	7.01400449102	6.598	27.111	22.027	0.24	29.265	23.16	2.099	29.588	26.804
266693	ILE	 145 	GLN	 173 	CYS	 172 	6	63.0646779287	1	5.48240540274	0.24	29.265	23.16	2.099	29.588	26.804	5.402	29.212	25.006
563617	VAL	 146 	LYS	 208 	HIS	 147 	2	30.9578948261	1	8.00701823402	2.576	30.545	20.476	1.113	35.121	18.906	4.389	27.824	18.54
632453	ARG	 148 	VAL	 146 	CYS	 172 	6	60.8878225577	1	8.07801120326	7.201	30.054	17.176	2.576	30.545	20.476	5.402	29.212	25.006
575500	VAL	 146 	VAL	 210 	ASP	 211 	5	59.1013820931	1	8.00316225001	2.576	30.545	20.476	4.267	35.703	14.595	2.667	32.306	14.026
616543	ARG	 148 	HIS	 147 	PHE	 170 	8	79.1944379809	1	6.40018734101	7.201	30.054	17.176	4.389	27.824	18.54	10.258	27.07	20.979
616613	ARG	 148 	HIS	 147 	CYS	 172 	6	68.163546125	1	8.07801120326	7.201	30.054	17.176	4.389	27.824	18.54	5.402	29.212	25.006
234944	HIS	 147 	PHE	 170 	PHE	 168 	9	84.0260858978	1	6.40018734101	4.389	27.824	18.54	10.258	27.07	20.979	6.997	22.619	20.395
443739	SER	 171 	HIS	 147 	PHE	 170 	4	49.0990090311	1	6.40018734101	6.598	27.111	22.027	4.389	27.824	18.54	10.258	27.07	20.979
236384	HIS	 147 	CYS	 172 	PHE	 170 	9	87.3397599119	1	6.69043115203	4.389	27.824	18.54	5.402	29.212	25.006	10.258	27.07	20.979
443811	SER	 171 	HIS	 147 	CYS	 172 	4	44.5192444075	1	6.69043115203	6.598	27.111	22.027	4.389	27.824	18.54	5.402	29.212	25.006
623743	ARG	 148 	ASP	 149 	PHE	 170 	8	77.8156347831	1	6.47945861936	7.201	30.054	17.176	8.518	27.448	14.749	10.258	27.07	20.979
627339	ARG	 148 	SER	 171 	ASP	 149 	4	44.8322710689	1	7.53453734479	7.201	30.054	17.176	6.598	27.111	22.027	8.518	27.448	14.749
610783	ARG	 148 	CYS	 172 	PHE	 170 	8	81.1358579905	1	8.07801120326	7.201	30.054	17.176	5.402	29.212	25.006	10.258	27.07	20.979
610782	ARG	 148 	CYS	 184 	PHE	 170 	7	74.6529593269	1	7.74338892217	7.201	30.054	17.176	14.727	31.84	17.536	10.258	27.07	20.979
626690	ARG	 148 	SER	 171 	CYS	 172 	3	38.3263477162	1	8.07801120326	7.201	30.054	17.176	6.598	27.111	22.027	5.402	29.212	25.006
619491	ARG	 148 	GLY	 185 	CYS	 184 	4	48.9724787112	1	7.74338892217	7.201	30.054	17.176	13.5	29.9	14.494	14.727	31.84	17.536
393343	ASP	 167 	ASP	 149 	PHE	 170 	8	78.4807094707	1	7.7626532191	8.103	20.488	17.473	8.518	27.448	14.749	10.258	27.07	20.979
380383	ASP	 149 	CYS	 184 	PHE	 170 	8	82.03508774	1	8.09992061689	8.518	27.448	14.749	14.727	31.84	17.536	10.258	27.07	20.979
389090	ASP	 149 	GLY	 185 	CYS	 184 	3	36.1142609177	1	8.09992061689	8.518	27.448	14.749	13.5	29.9	14.494	14.727	31.84	17.536
479815	THR	 186 	ASP	 149 	CYS	 184 	8	80.5917517746	1	8.09992061689	14.426	29.843	10.795	8.518	27.448	14.749	14.727	31.84	17.536
416666	PRO	 152 	ILE	 155 	LEU	 156 	3	35.9394064142	1	7.83434547362	7.072	22.517	6.691	4.459	19.573	10.08	4.39	15.796	9.693
393625	ASP	 159 	ASP	 158 	LEU	 157 	2	33.6618988959	1	6.91341789566	-0.869	7.275	6.846	0.304	10.273	8.917	2.086	13.446	7.837
393626	ASP	 160 	ASP	 158 	LEU	 157 	3	41.2740467292	1	7.69435760801	-3.877	9.185	5.494	0.304	10.273	8.917	2.086	13.446	7.837
392187	ASP	 160 	MET	 161 	LEU	 157 	4	44.3412541781	1	7.69435760801	-3.877	9.185	5.494	-1.622	12.148	4.692	2.086	13.446	7.837
393992	ASP	 159 	ASP	 158 	MET	 161 	9	84.0269153492	1	5.38078563037	-0.869	7.275	6.846	0.304	10.273	8.917	-1.622	12.148	4.692
393990	ASP	 158 	ASP	 160 	MET	 161 	7	74.105066961	1	5.51193559469	0.304	10.273	8.917	-3.877	9.185	5.494	-1.622	12.148	4.692
653264	ASN	 162 	ASP	 158 	ASP	 160 	9	88.0660421284	1	5.51193559469	-3.298	14.121	7.492	0.304	10.273	8.917	-3.877	9.185	5.494
392336	ASP	 158 	MET	 161 	ILE	 163 	9	85.6758862738	1	6.76790684038	0.304	10.273	8.917	-1.622	12.148	4.692	-1.187	16.874	9.008
393989	ASP	 159 	ASP	 160 	MET	 161 	6	63.5786313637	1	5.38078563037	-0.869	7.275	6.846	-3.877	9.185	5.494	-1.622	12.148	4.692
653192	ASN	 162 	ASP	 160 	MET	 161 	9	89.9783386641	1	5.35642987446	-3.298	14.121	7.492	-3.877	9.185	5.494	-1.622	12.148	4.692
651531	ASN	 162 	MET	 161 	ILE	 163 	4	44.1911369973	1	6.41499469992	-3.298	14.121	7.492	-1.622	12.148	4.692	-1.187	16.874	9.008
480025	THR	 166 	ASP	 167 	LEU	 165 	2	25.940396948	1	7.13610355867	5.113	18.845	15.828	8.103	20.488	17.473	1.918	19.695	14.003
389018	ASP	 167 	GLY	 169 	PHE	 170 	3	39.9908993539	1	7.7626532191	8.103	20.488	17.473	10.617	23.262	21.36	10.258	27.07	20.979
437978	SER	 171 	CYS	 172 	PHE	 170 	3	39.7993000283	1	6.66225404799	6.598	27.111	22.027	5.402	29.212	25.006	10.258	27.07	20.979
439496	SER	 171 	GLN	 173 	CYS	 172 	9	88.8475779463	1	7.01400449102	6.598	27.111	22.027	2.099	29.588	26.804	5.402	29.212	25.006
209091	LEU	 174 	GLN	 173 	CYS	 172 	4	51.3245309226	1	6.04636444485	1.703	33.331	27.437	2.099	29.588	26.804	5.402	29.212	25.006
384841	ASP	 175 	LEU	 174 	GLN	 173 	2	33.856180209	1	6.89246262231	0.198	35.16	30.388	1.703	33.331	27.437	2.099	29.588	26.804
422643	PRO	 176 	ASP	 175 	GLY	 177 	4	49.882849216	1	6.14446572128	-2.364	37.78	29.287	0.198	35.16	30.388	-0.449	40.617	27.639
327313	LYS	 179 	LEU	 180 	GLU	 178 	2	31.9103651992	1	6.96248418311	5.349	39.49	25.034	8.515	37.751	23.886	2.884	38.778	27.85
331634	LYS	 179 	GLY	 207 	GLU	 178 	3	43.1061387502	1	7.37444024994	5.349	39.49	25.034	3.385	37.7	20.572	2.884	38.778	27.85
631015	ARG	 181 	TYR	 206 	CYS	 197 	8	76.7793203554	1	7.55495850419	11.852	39.137	22.752	6.283	40.111	20.092	12.82	43.438	18.282
556131	VAL	 183 	GLU	 182 	CYS	 184 	4	47.1430056837	1	6.26305229102	14.973	35.523	18.384	14.079	36.156	22.028	14.727	31.84	17.536
475489	THR	 186 	GLY	 185 	CYS	 184 	2	30.5606751449	1	7.03702287903	14.426	29.843	10.795	13.5	29.9	14.494	14.727	31.84	17.536
481683	THR	 186 	PRO	 187 	GLY	 185 	4	48.0805892544	1	6.27160545634	14.426	29.843	10.795	15.111	33.433	9.569	13.5	29.9	14.494
542454	TYR	 189 	THR	 186 	PRO	 187 	7	70.1563701451	1	5.6391567632	9.94	32.316	8.437	14.426	29.843	10.795	15.111	33.433	9.569
542525	TYR	 189 	THR	 186 	SER	 188 	6	67.2636984409	1	5.6391567632	9.94	32.316	8.437	14.426	29.843	10.795	13.078	33.029	6.371
413646	PRO	 187 	LEU	 238 	GLN	 234 	7	72.8532848919	1	8.00747132371	15.111	33.433	9.569	15.681	40.354	6.574	20.701	37.169	5.22
574202	VAL	 217 	TYR	 189 	SER	 188 	3	41.688064355	1	8.06248454262	5.319	31.955	4.461	9.94	32.316	8.437	13.078	33.029	6.371
512215	TRP	 230 	SER	 188 	PRO	 227 	8	77.8415733165	1	7.48937073458	14.918	34.958	0.245	13.078	33.029	6.371	9.91	31.228	-0.172
511420	TRP	 230 	SER	 188 	PHE	 229 	5	60.1645841016	1	6.68090689952	14.918	34.958	0.245	13.078	33.029	6.371	11.429	36.176	1.016
449504	SER	 188 	MET	 237 	PHE	 229 	9	88.5701429799	1	7.63588396978	13.078	33.029	6.371	16.596	39.001	3.167	11.429	36.176	1.016
449787	SER	 188 	MET	 237 	LEU	 238 	4	50.7130075729	1	7.77640296024	13.078	33.029	6.371	16.596	39.001	3.167	15.681	40.354	6.574
543387	TYR	 189 	TRP	 213 	LEU	 190 	4	52.1899604451	1	7.54689346685	9.94	32.316	8.437	3.27	35.383	9.464	10.642	34.999	11.033
540507	TYR	 189 	SER	 214 	LEU	 190 	4	52.4619292196	1	6.63029614723	9.94	32.316	8.437	4.961	31.97	9.448	10.642	34.999	11.033
574351	VAL	 217 	TYR	 189 	TRP	 213 	8	79.3455025842	1	7.41283468047	5.319	31.955	4.461	9.94	32.316	8.437	3.27	35.383	9.464
596667	ALA	 191 	PRO	 192 	LEU	 190 	4	44.3126535085	1	6.42850114723	7.922	37.617	11.352	9.107	41.24	10.894	10.642	34.999	11.033
600986	ALA	 191 	TRP	 213 	LEU	 190 	3	42.9457305491	1	7.54689346685	7.922	37.617	11.352	3.27	35.383	9.464	10.642	34.999	11.033
597025	ALA	 191 	PRO	 192 	MET	 242 	2	30.6134666986	1	7.98338731367	7.922	37.617	11.352	9.107	41.24	10.894	10.776	43.938	7.398
412279	PRO	 192 	GLU	 196 	GLU	 193 	8	76.4950136057	1	6.04056826797	9.107	41.24	10.894	12.609	44.45	14.625	8.398	41.965	14.618
420913	PRO	 192 	MET	 242 	GLU	 193 	2	29.9007995056	1	7.85340773168	9.107	41.24	10.894	10.776	43.938	7.398	8.398	41.965	14.618
412208	PRO	 192 	GLU	 193 	GLN	 271 	9	87.4311888587	1	7.93628036299	9.107	41.24	10.894	8.398	41.965	14.618	2.231	45.193	11.175
420918	PRO	 192 	MET	 242 	GLU	 196 	7	71.1693747979	1	7.47339026145	9.107	41.24	10.894	10.776	43.938	7.398	12.609	44.45	14.625
453030	SER	 243 	PRO	 192 	MET	 242 	7	70.5772682798	1	8.03121715557	9.593	46.018	4.457	9.107	41.24	10.894	10.776	43.938	7.398
421204	PRO	 192 	MET	 242 	GLY	 244 	5	54.8907572293	1	7.95551858775	9.107	41.24	10.894	10.776	43.938	7.398	7.281	43.196	3.402
452883	SER	 243 	PRO	 192 	GLY	 244 	4	50.2821293847	1	8.03121715557	9.593	46.018	4.457	9.107	41.24	10.894	7.281	43.196	3.402
567722	VAL	 270 	PRO	 192 	GLN	 271 	3	40.2408422812	1	7.93628036299	4.342	43.492	8.517	9.107	41.24	10.894	2.231	45.193	11.175
181733	GLU	 193 	GLU	 196 	CYS	 197 	6	60.8148546468	1	5.92863466576	8.398	41.965	14.618	12.609	44.45	14.625	12.82	43.438	18.282
412203	PRO	 272 	GLU	 193 	GLN	 271 	4	50.7137009958	1	7.76570164248	1.102	42.518	13.679	8.398	41.965	14.618	2.231	45.193	11.175
272456	ILE	 195 	ILE	 194 	CYS	 197 	9	85.3282705829	1	5.47583107848	13.686	40.951	13.481	10.971	39.384	15.633	12.82	43.438	18.282
531653	TYR	 206 	ILE	 194 	CYS	 197 	6	65.568502776	1	7.55495850419	6.283	40.111	20.092	10.971	39.384	15.633	12.82	43.438	18.282
358856	MET	 199 	ILE	 195 	CYS	 197 	9	89.2343811147	1	6.48677092242	17.397	45.491	16.255	13.686	40.951	13.481	12.82	43.438	18.282
440936	SER	 198 	GLU	 196 	CYS	 197 	9	89.9245676695	1	5.46120673478	16.394	42.195	17.852	12.609	44.45	14.625	12.82	43.438	18.282
642534	ASN	 200 	GLU	 196 	CYS	 197 	7	71.3569109093	1	6.35208792445	15.899	47.686	18.99	12.609	44.45	14.625	12.82	43.438	18.282
655639	ASN	 200 	SER	 198 	GLU	 196 	8	79.7086832888	1	6.35208792445	15.899	47.686	18.99	16.394	42.195	17.852	12.609	44.45	14.625
645559	ASN	 200 	HIS	 203 	GLU	 196 	8	79.5169724624	1	7.27278825486	15.899	47.686	18.99	10.71	47.482	20.957	12.609	44.45	14.625
655494	ASN	 200 	SER	 198 	CYS	 197 	7	70.837955254	1	5.62948931965	15.899	47.686	18.99	16.394	42.195	17.852	12.82	43.438	18.282
651176	ASN	 200 	MET	 199 	CYS	 197 	9	88.0823319559	1	5.41040358938	15.899	47.686	18.99	17.397	45.491	16.255	12.82	43.438	18.282
391975	ASP	 201 	MET	 199 	CYS	 197 	8	79.9892557412	1	6.90526212392	15.629	47.052	22.745	17.397	45.491	16.255	12.82	43.438	18.282
652614	ASN	 200 	ASP	 201 	CYS	 197 	7	72.304280822	1	6.39295283887	15.899	47.686	18.99	15.629	47.052	22.745	12.82	43.438	18.282
665572	ASN	 202 	ASN	 200 	CYS	 197 	5	58.9738545908	1	7.90444216881	12.961	49.728	23.067	15.899	47.686	18.99	12.82	43.438	18.282
645416	ASN	 200 	HIS	 203 	CYS	 197 	9	89.9707593956	1	5.55305555528	15.899	47.686	18.99	10.71	47.482	20.957	12.82	43.438	18.282
386215	ASP	 201 	HIS	 203 	CYS	 197 	8	76.4901615692	1	6.39295283887	15.629	47.052	22.745	10.71	47.482	20.957	12.82	43.438	18.282
645411	ASN	 202 	HIS	 203 	CYS	 197 	4	45.4862599522	1	7.90444216881	12.961	49.728	23.067	10.71	47.482	20.957	12.82	43.438	18.282
654056	ASN	 202 	PRO	 204 	CYS	 197 	9	85.1444477603	1	7.90444216881	12.961	49.728	23.067	7.516	46.178	22.656	12.82	43.438	18.282
415012	PRO	 204 	HIS	 203 	CYS	 197 	5	55.4206479707	1	7.40080346989	7.516	46.178	22.656	10.71	47.482	20.957	12.82	43.438	18.282
299816	GLY	 205 	HIS	 203 	CYS	 197 	9	84.3064463901	1	5.76566552967	8.509	42.545	22.005	10.71	47.482	20.957	12.82	43.438	18.282
417893	PRO	 204 	GLY	 205 	CYS	 197 	6	63.7149019928	1	7.40080346989	7.516	46.178	22.656	8.509	42.545	22.005	12.82	43.438	18.282
538856	TYR	 206 	PRO	 204 	CYS	 197 	9	88.5704814669	1	7.55495850419	6.283	40.111	20.092	7.516	46.178	22.656	12.82	43.438	18.282
533093	TYR	 206 	GLY	 205 	CYS	 197 	6	61.0177214756	1	7.55495850419	6.283	40.111	20.092	8.509	42.545	22.005	12.82	43.438	18.282
653185	ASN	 200 	ASP	 201 	MET	 199 	2	34.0174457316	1	6.90526212392	15.899	47.686	18.99	15.629	47.052	22.745	17.397	45.491	16.255
652904	ASN	 200 	ASP	 201 	HIS	 203 	9	85.2020378742	1	5.55305555528	15.899	47.686	18.99	15.629	47.052	22.745	10.71	47.482	20.957
665861	ASN	 200 	ASN	 202 	HIS	 203 	6	67.5192400554	1	5.55305555528	15.899	47.686	18.99	12.961	49.728	23.067	10.71	47.482	20.957
652901	ASN	 202 	ASP	 201 	HIS	 203 	6	65.7082604419	1	5.25151454344	12.961	49.728	23.067	15.629	47.052	22.745	10.71	47.482	20.957
533521	TYR	 206 	GLY	 205 	GLY	 207 	2	25.5164665614	1	7.19603293489	6.283	40.111	20.092	8.509	42.545	22.005	3.385	37.7	20.572
534968	TYR	 206 	LYS	 208 	GLY	 207 	9	89.4379798131	1	7.28255422225	6.283	40.111	20.092	1.113	35.121	18.906	3.385	37.7	20.572
572115	VAL	 210 	TRP	 213 	GLU	 209 	4	50.9776405884	1	6.82551426634	4.267	35.703	14.595	3.27	35.383	9.464	0.859	37.065	15.624
507317	TRP	 213 	MET	 212 	GLU	 209 	6	64.0486281317	1	6.82551426634	3.27	35.383	9.464	0.393	33.934	11.454	0.859	37.065	15.624
629720	ARG	 275 	TRP	 213 	GLU	 209 	9	85.6812331353	1	7.79616918749	-2.256	40.836	10.177	3.27	35.383	9.464	0.859	37.065	15.624
412202	PRO	 272 	GLU	 209 	GLN	 273 	3	39.345698647	1	8.00470992604	1.102	42.518	13.679	0.859	37.065	15.624	-2.027	44.458	14.58
480391	THR	 215 	ASP	 211 	MET	 212 	8	75.8415196412	1	6.09624974882	1.687	30.436	8.307	2.667	32.306	14.026	0.393	33.934	11.454
513584	TRP	 213 	THR	 215 	ASP	 211 	9	83.1569128183	1	6.09624974882	3.27	35.383	9.464	1.687	30.436	8.307	2.667	32.306	14.026
513510	TRP	 213 	THR	 215 	MET	 212 	7	75.0486515688	1	5.32140460781	3.27	35.383	9.464	1.687	30.436	8.307	0.393	33.934	11.454
507103	TRP	 213 	MET	 212 	PHE	 267 	8	80.1819201021	1	5.95939703326	3.27	35.383	9.464	0.393	33.934	11.454	-0.875	36.819	6.396
483271	THR	 215 	SER	 214 	MET	 212 	8	82.0987328566	1	5.36171204001	1.687	30.436	8.307	4.961	31.97	9.448	0.393	33.934	11.454
478804	THR	 215 	MET	 212 	GLY	 216 	5	56.8063235105	1	6.19333343201	1.687	30.436	8.307	0.393	33.934	11.454	1.81	32.967	5.503
542312	TYR	 276 	THR	 277 	MET	 212 	9	84.0626484333	1	6.86513408463	-4.848	38.071	9.858	-5.628	35.896	12.859	0.393	33.934	11.454
599911	ALA	 278 	THR	 277 	MET	 212 	8	82.5484568505	1	6.96355929105	-6.238	32.143	12.6	-5.628	35.896	12.859	0.393	33.934	11.454
572840	VAL	 217 	TRP	 213 	THR	 215 	9	88.0215588475	1	6.40153059822	5.319	31.955	4.461	3.27	35.383	9.464	1.687	30.436	8.307
512862	TRP	 213 	THR	 215 	PHE	 267 	7	68.4555175828	1	7.13851903409	3.27	35.383	9.464	1.687	30.436	8.307	-0.875	36.819	6.396
515320	TRP	 213 	TRP	 253 	TRP	 230 	8	82.0991103579	2	19.3666072661	3.27	35.383	9.464	1.309	32.499	-9.586	14.918	34.958	0.245
629504	ARG	 275 	TRP	 213 	PHE	 267 	9	86.5815143089	1	7.79616918749	-2.256	40.836	10.177	3.27	35.383	9.464	-0.875	36.819	6.396
633392	ARG	 275 	VAL	 269 	TRP	 213 	9	83.7799221559	1	7.79616918749	-2.256	40.836	10.177	1.318	41.873	6.807	3.27	35.383	9.464
478806	THR	 215 	MET	 219 	GLY	 216 	7	70.8882353819	1	6.13854982875	1.687	30.436	8.307	1.115	28.703	2.446	1.81	32.967	5.503
475419	THR	 215 	GLY	 216 	PHE	 267 	4	49.9161648746	1	7.13851903409	1.687	30.436	8.307	1.81	32.967	5.503	-0.875	36.819	6.396
536407	TYR	 220 	MET	 219 	GLY	 216 	8	76.0453337339	1	6.16164766925	3.064	30.736	-0.102	1.115	28.703	2.446	1.81	32.967	5.503
574276	VAL	 217 	TYR	 220 	THR	 221 	5	59.3544518124	1	6.1769028647	5.319	31.955	4.461	3.064	30.736	-0.102	5.86	28.153	-0.377
481612	THR	 221 	PRO	 227 	ILE	 218 	5	55.3423284564	1	7.9352906689	5.86	28.153	-0.377	9.91	31.228	-0.172	4.249	28.322	4.569
542308	TYR	 220 	THR	 221 	MET	 219 	5	60.4493466477	1	5.54859027141	3.064	30.736	-0.102	5.86	28.153	-0.377	1.115	28.703	2.446
573988	VAL	 264 	TYR	 220 	MET	 219 	5	56.7632433984	1	6.7545988778	-1.671	34.762	1.373	3.064	30.736	-0.102	1.115	28.703	2.446
542162	TYR	 220 	THR	 221 	GLY	 225 	3	38.3011064134	1	7.77208710708	3.064	30.736	-0.102	5.86	28.153	-0.377	7.423	25.917	-4.366
542522	TYR	 220 	THR	 221 	SER	 226 	3	40.7963079182	1	7.5162042282	3.064	30.736	-0.102	5.86	28.153	-0.377	9.663	28.699	-3.068
542453	TYR	 220 	THR	 221 	PRO	 227 	6	61.0308884082	1	6.86401340325	3.064	30.736	-0.102	5.86	28.153	-0.377	9.91	31.228	-0.172
602642	ALA	 224 	TYR	 220 	GLY	 225 	3	43.4375066925	1	7.77208710708	4.977	28.651	-5.321	3.064	30.736	-0.102	7.423	25.917	-4.366
540723	TYR	 220 	SER	 226 	GLY	 225 	4	50.721614493	1	7.77208710708	3.064	30.736	-0.102	9.663	28.699	-3.068	7.423	25.917	-4.366
541012	TYR	 220 	SER	 226 	PRO	 227 	5	58.5034737076	1	7.5162042282	3.064	30.736	-0.102	9.663	28.699	-3.068	9.91	31.228	-0.172
482906	THR	 221 	SER	 226 	LEU	 222 	3	34.7198941229	1	7.55761834178	5.86	28.153	-0.377	9.663	28.699	-3.068	3.298	25.336	-0.767
481684	THR	 221 	PRO	 227 	GLY	 225 	5	59.7024263226	1	7.20982149571	5.86	28.153	-0.377	9.91	31.228	-0.172	7.423	25.917	-4.366
481974	THR	 221 	PRO	 228 	PRO	 227 	7	73.8306791304	1	6.92643133222	5.86	28.153	-0.377	8.211	34.668	-0.322	9.91	31.228	-0.172
598105	ALA	 224 	SER	 226 	LEU	 223 	2	32.9299333383	1	8.00631363363	4.977	28.651	-5.321	9.663	28.699	-3.068	1.866	27.056	-3.848
446907	SER	 226 	GLY	 225 	LEU	 223 	4	51.4758366641	1	8.00631363363	9.663	28.699	-3.068	7.423	25.917	-4.366	1.866	27.056	-3.848
598610	ALA	 224 	SER	 226 	PRO	 227 	3	40.8917343676	1	7.58205902114	4.977	28.651	-5.321	9.663	28.699	-3.068	9.91	31.228	-0.172
600917	ALA	 224 	TRP	 253 	GLU	 252 	6	62.7745420006	1	6.81553761636	4.977	28.651	-5.321	1.309	32.499	-9.586	4.473	30.989	-11.039
452881	SER	 226 	PRO	 227 	GLY	 225 	2	26.1609757602	1	7.20982149571	9.663	28.699	-3.068	9.91	31.228	-0.172	7.423	25.917	-4.366
453176	SER	 226 	PRO	 228 	PRO	 227 	9	89.8148982114	1	6.72887665216	9.663	28.699	-3.068	8.211	34.668	-0.322	9.91	31.228	-0.172
423581	PRO	 227 	PRO	 228 	PHE	 229 	6	64.7250284156	1	5.31049988231	9.91	31.228	-0.172	8.211	34.668	-0.322	11.429	36.176	1.016
510773	TRP	 230 	PRO	 228 	PRO	 227 	6	62.7205179434	1	6.73716839629	14.918	34.958	0.245	8.211	34.668	-0.322	9.91	31.228	-0.172
509982	TRP	 230 	PRO	 227 	PHE	 229 	7	70.7001604597	1	6.25834267199	14.918	34.958	0.245	9.91	31.228	-0.172	11.429	36.176	1.016
509984	TRP	 230 	PRO	 228 	PHE	 229 	9	89.5390379878	1	6.73716839629	14.918	34.958	0.245	8.211	34.668	-0.322	11.429	36.176	1.016
538780	TYR	 246 	PRO	 228 	PHE	 229 	5	60.4216618944	1	6.20101612641	7.443	40.137	-1.606	8.211	34.668	-0.322	11.429	36.176	1.016
501337	TRP	 230 	HIS	 231 	PHE	 229 	2	26.4462396223	1	7.10806555963	14.918	34.958	0.245	18.315	36.276	-0.744	11.429	36.176	1.016
507100	TRP	 230 	MET	 237 	PHE	 229 	5	57.6488022569	1	6.26939510639	14.918	34.958	0.245	16.596	39.001	3.167	11.429	36.176	1.016
357343	MET	 237 	HIS	 231 	PHE	 229 	8	79.670995488	1	7.10806555963	16.596	39.001	3.167	18.315	36.276	-0.744	11.429	36.176	1.016
629864	ARG	 232 	TRP	 230 	HIS	 231 	9	89.42293171	1	7.16049230151	21.982	35.285	-0.88	14.918	34.958	0.245	18.315	36.276	-0.744
501485	TRP	 230 	HIS	 231 	GLN	 234 	6	66.6000345247	1	7.94243256188	14.918	34.958	0.245	18.315	36.276	-0.744	20.701	37.169	5.22
507462	TRP	 230 	MET	 237 	HIS	 231 	7	72.4592625886	1	5.2630425611	14.918	34.958	0.245	16.596	39.001	3.167	18.315	36.276	-0.744
630149	ARG	 232 	TRP	 230 	MET	 237 	6	66.6187451072	1	7.69388464951	21.982	35.285	-0.88	14.918	34.958	0.245	16.596	39.001	3.167
507244	TRP	 230 	MET	 237 	GLN	 234 	5	52.7821750383	1	7.94243256188	14.918	34.958	0.245	16.596	39.001	3.167	20.701	37.169	5.22
621221	ARG	 232 	LYS	 233 	HIS	 231 	6	62.4100692238	1	5.43681533621	21.982	35.285	-0.88	22.789	37.585	2.054	18.315	36.276	-0.744
616688	ARG	 232 	HIS	 231 	GLN	 234 	9	89.6322533349	1	6.51156025849	21.982	35.285	-0.88	18.315	36.276	-0.744	20.701	37.169	5.22
622662	ARG	 232 	MET	 237 	HIS	 231 	7	71.397513264	1	7.69388464951	21.982	35.285	-0.88	16.596	39.001	3.167	18.315	36.276	-0.744
328684	LYS	 233 	HIS	 231 	GLN	 234 	5	56.3622229386	1	6.48534817878	22.789	37.585	2.054	18.315	36.276	-0.744	20.701	37.169	5.22
362024	MET	 237 	LYS	 233 	HIS	 231 	9	85.7926376569	1	6.44957936613	16.596	39.001	3.167	22.789	37.585	2.054	18.315	36.276	-0.744
357486	MET	 237 	HIS	 231 	GLN	 234 	7	70.3081821043	1	6.48534817878	16.596	39.001	3.167	18.315	36.276	-0.744	20.701	37.169	5.22
357627	MET	 237 	HIS	 231 	LEU	 236 	4	51.1761655908	1	6.73106744878	16.596	39.001	3.167	18.315	36.276	-0.744	18.967	41.965	2.794
621002	ARG	 232 	LYS	 233 	GLN	 234 	3	42.9417085447	1	6.51156025849	21.982	35.285	-0.88	22.789	37.585	2.054	20.701	37.169	5.22
622446	ARG	 232 	MET	 237 	GLN	 234 	7	74.3248366347	1	7.69388464951	21.982	35.285	-0.88	16.596	39.001	3.167	20.701	37.169	5.22
361808	MET	 235 	LYS	 233 	GLN	 234 	9	89.8333594939	1	5.29863246508	21.057	40.916	5.793	22.789	37.585	2.054	20.701	37.169	5.22
361806	MET	 237 	LYS	 233 	GLN	 234 	7	75.3428158685	1	6.44957936613	16.596	39.001	3.167	22.789	37.585	2.054	20.701	37.169	5.22
363679	MET	 237 	MET	 235 	LYS	 233 	8	76.4601687901	1	6.44957936613	16.596	39.001	3.167	21.057	40.916	5.793	22.789	37.585	2.054
363246	MET	 237 	MET	 235 	GLN	 234 	7	74.889591279	1	5.51938601658	16.596	39.001	3.167	21.057	40.916	5.793	20.701	37.169	5.22
622952	ARG	 239 	MET	 235 	MET	 237 	9	88.787152055	1	6.45589041109	15.357	43.88	5.158	21.057	40.916	5.793	16.596	39.001	3.167
363388	MET	 240 	MET	 237 	LEU	 236 	5	59.8755758026	1	6.08460006903	12.906	42.464	2.6	16.596	39.001	3.167	18.967	41.965	2.794
363532	MET	 237 	MET	 240 	ILE	 241 	5	56.1005323675	1	6.35583157423	16.596	39.001	3.167	12.906	42.464	2.6	10.877	40.756	5.314
622949	ARG	 239 	MET	 242 	MET	 240 	6	67.8453200292	1	5.45255719823	15.357	43.88	5.158	10.776	43.938	7.398	12.906	42.464	2.6
536331	TYR	 246 	MET	 240 	ILE	 241 	4	50.1933086324	1	7.74996238701	7.443	40.137	-1.606	12.906	42.464	2.6	10.877	40.756	5.314
450149	SER	 243 	MET	 240 	MET	 242 	6	67.7649111239	1	5.45255719823	9.593	46.018	4.457	12.906	42.464	2.6	10.776	43.938	7.398
651752	ASN	 245 	MET	 242 	MET	 240 	9	86.8073861433	1	7.83359030075	8.622	43.423	-0.116	10.776	43.938	7.398	12.906	42.464	2.6
536408	TYR	 246 	MET	 240 	GLY	 244 	9	88.6118007696	1	7.27665678729	7.443	40.137	-1.606	12.906	42.464	2.6	7.281	43.196	3.402
660388	ASN	 245 	TYR	 246 	MET	 240 	5	54.7783458986	1	7.27665678729	8.622	43.423	-0.116	7.443	40.137	-1.606	12.906	42.464	2.6
660174	ASN	 245 	TYR	 246 	ILE	 241 	7	69.3264489964	1	7.74996238701	8.622	43.423	-0.116	7.443	40.137	-1.606	10.877	40.756	5.314
656066	ASN	 245 	SER	 243 	MET	 242 	3	37.5750100994	1	7.83359030075	8.622	43.423	-0.116	9.593	46.018	4.457	10.776	43.938	7.398
569668	VAL	 270 	SER	 243 	MET	 242 	5	59.9575576987	1	7.10192065571	4.342	43.492	8.517	9.593	46.018	4.457	10.776	43.938	7.398
655928	ASN	 245 	SER	 243 	GLY	 244 	9	89.5623141279	1	5.34688647719	8.622	43.423	-0.116	9.593	46.018	4.457	7.281	43.196	3.402
660244	ASN	 245 	TYR	 246 	GLY	 244 	5	54.1105432188	1	5.87058676795	8.622	43.423	-0.116	7.443	40.137	-1.606	7.281	43.196	3.402
659882	ASN	 245 	TYR	 246 	GLN	 247 	3	35.0659701058	1	6.80215884848	8.622	43.423	-0.116	7.443	40.137	-1.606	5.45	39.593	-4.757
525817	TYR	 246 	GLN	 247 	PHE	 248 	2	27.0008304357	1	7.07352260193	7.443	40.137	-1.606	5.45	39.593	-4.757	3.382	36.932	-6.43
504221	TRP	 253 	GLY	 249 	PHE	 248 	6	65.4038602893	1	5.92518801389	1.309	32.499	-9.586	6.005	36.073	-9.055	3.382	36.932	-6.43
511424	TRP	 253 	SER	 250 	PHE	 248 	9	84.0318188833	1	6.37221241014	1.309	32.499	-9.586	4.801	36.559	-12.631	3.382	36.932	-6.43
498461	TRP	 253 	GLU	 252 	PHE	 248 	6	61.0317926034	1	7.59950070728	1.309	32.499	-9.586	4.473	30.989	-11.039	3.382	36.932	-6.43
452884	SER	 250 	PRO	 251 	GLY	 249 	5	59.2058518039	1	5.63245710148	4.801	36.559	-12.631	5.985	33.131	-13.858	6.005	36.073	-9.055
511925	TRP	 253 	SER	 250 	GLY	 249 	6	64.6846789883	1	6.16033189041	1.309	32.499	-9.586	4.801	36.559	-12.631	6.005	36.073	-9.055
510488	TRP	 253 	PRO	 251 	GLY	 249 	9	86.8869852177	1	6.36509104412	1.309	32.499	-9.586	5.985	33.131	-13.858	6.005	36.073	-9.055
504437	TRP	 253 	GLY	 249 	GLU	 252 	6	66.8004999308	1	5.92518801389	1.309	32.499	-9.586	6.005	36.073	-9.055	4.473	30.989	-11.039
452596	SER	 250 	PRO	 251 	GLU	 252 	5	57.1728775036	1	5.80232263839	4.801	36.559	-12.631	5.985	33.131	-13.858	4.473	30.989	-11.039
512212	TRP	 253 	SER	 250 	PRO	 251 	5	60.474062074	1	6.36509104412	1.309	32.499	-9.586	4.801	36.559	-12.631	5.985	33.131	-13.858
453104	SER	 250 	PRO	 251 	ASP	 254 	9	88.7131481641	1	6.70349170209	4.801	36.559	-12.631	5.985	33.131	-13.858	-0.542	32.523	-12.947
512140	TRP	 253 	SER	 250 	ASP	 254 	5	57.0010847698	1	6.70349170209	1.309	32.499	-9.586	4.801	36.559	-12.631	-0.542	32.523	-12.947
510700	TRP	 253 	PRO	 251 	ASP	 254 	5	58.4586209248	1	6.61825611472	1.309	32.499	-9.586	5.985	33.131	-13.858	-0.542	32.523	-12.947
508756	TRP	 253 	ASP	 254 	GLU	 252 	5	59.9871111263	1	5.58066707482	1.309	32.499	-9.586	-0.542	32.523	-12.947	4.473	30.989	-11.039
508755	TRP	 253 	ASP	 255 	GLU	 252 	4	46.8058688023	1	7.4096281958	1.309	32.499	-9.586	-2.622	29.36	-12.421	4.473	30.989	-11.039
393556	ASP	 255 	ASP	 254 	GLU	 252 	5	60.3376570588	1	7.4096281958	-2.622	29.36	-12.421	-0.542	32.523	-12.947	4.473	30.989	-11.039
509264	TRP	 253 	ASP	 255 	ASP	 254 	9	89.8178624542	1	5.77436637217	1.309	32.499	-9.586	-2.622	29.36	-12.421	-0.542	32.523	-12.947
451660	SER	 257 	ASP	 254 	ASP	 255 	5	59.1685225513	1	8.08773645713	-7.011	32.059	-8.115	-0.542	32.523	-12.947	-2.622	29.36	-12.421
540939	TYR	 256 	SER	 257 	ASP	 254 	4	49.3522998679	1	8.08773645713	-3.822	30.223	-8.899	-7.011	32.059	-8.115	-0.542	32.523	-12.947
573915	VAL	 260 	TYR	 256 	LYS	 261 	4	50.5823546937	1	7.57778470267	-5.782	32.429	-2.548	-3.822	30.223	-8.899	-3.509	35.347	-3.325
480460	THR	 259 	ASP	 262 	ASP	 258 	5	60.0534668905	1	6.07109677077	-8.79	34.432	-3.811	-5.71	37.6	-1.214	-6.806	35.61	-6.844
566863	VAL	 260 	ASP	 258 	ASP	 262 	8	81.1919650375	1	6.07109677077	-5.782	32.429	-2.548	-6.806	35.61	-6.844	-5.71	37.6	-1.214
481181	THR	 259 	PRO	 285 	PHE	 286 	6	64.1031493375	1	7.22228537237	-8.79	34.432	-3.811	-13.761	33.311	1.307	-11.152	30.671	0.387
615099	ARG	 266 	LEU	 263 	PHE	 267 	4	50.9600311878	1	6.82922257655	-3.473	38.919	4.509	-5.45	35.089	1.63	-0.875	36.819	6.396
635261	ARG	 275 	ARG	 266 	PHE	 267 	6	67.530147896	1	6.1059153286	-2.256	40.836	10.177	-3.473	38.919	4.509	-0.875	36.819	6.396
541659	TYR	 276 	THR	 277 	PHE	 267 	4	44.1627773663	1	8.07547565163	-4.848	38.071	9.858	-5.628	35.896	12.859	-0.875	36.819	6.396
574924	VAL	 269 	VAL	 270 	GLN	 271 	5	60.4000219577	1	5.56195945688	1.318	41.873	6.807	4.342	43.492	8.517	2.231	45.193	11.175
632527	ARG	 275 	VAL	 269 	GLN	 271 	8	80.3068241814	1	6.33345261291	-2.256	40.836	10.177	1.318	41.873	6.807	2.231	45.193	11.175
633457	ARG	 275 	VAL	 269 	TYR	 276 	2	33.27191721	1	7.86023924572	-2.256	40.836	10.177	1.318	41.873	6.807	-4.848	38.071	9.858
410765	PRO	 272 	GLN	 271 	GLN	 273 	6	61.2397771915	1	5.50134656243	1.102	42.518	13.679	2.231	45.193	11.175	-2.027	44.458	14.58
625324	ARG	 275 	PRO	 272 	GLN	 271 	5	57.1846655924	1	6.33345261291	-2.256	40.836	10.177	1.102	42.518	13.679	2.231	45.193	11.175
324365	LYS	 274 	GLN	 271 	GLN	 273 	6	67.7320455093	1	5.50134656243	-3.08	44.489	10.925	2.231	45.193	11.175	-2.027	44.458	14.58
612368	ARG	 275 	GLN	 271 	GLN	 273 	9	87.8010609979	1	6.33345261291	-2.256	40.836	10.177	2.231	45.193	11.175	-2.027	44.458	14.58
631874	ARG	 275 	TYR	 276 	THR	 277 	3	41.2610871243	1	6.55493005302	-2.256	40.836	10.177	-4.848	38.071	9.858	-5.628	35.896	12.859
541874	TYR	 276 	THR	 277 	GLU	 279 	3	42.3256172687	1	8.09009350997	-4.848	38.071	9.858	-5.628	35.896	12.859	-9.94	32.764	13.228
602355	ALA	 278 	TYR	 276 	GLU	 279 	4	44.6281785891	1	8.09009350997	-6.238	32.143	12.6	-4.848	38.071	9.858	-9.94	32.764	13.228
606103	ALA	 278 	ALA	 281 	TYR	 276 	8	82.3964659857	1	6.67771278208	-6.238	32.143	12.6	-8.096	33.29	8.039	-4.848	38.071	9.858
527477	TYR	 276 	GLU	 279 	GLU	 280 	6	64.5125166267	1	8.09009350997	-4.848	38.071	9.858	-9.94	32.764	13.228	-10.065	35.426	10.49
587739	ALA	 283 	HIS	 284 	PHE	 286 	4	46.0022595733	1	8.06353793319	-13.43	32.815	7.819	-11.906	34.105	4.599	-11.152	30.671	0.387
587888	ALA	 283 	HIS	 284 	GLN	 288 	9	89.4584020011	1	7.1160054806	-13.43	32.815	7.819	-11.906	34.105	4.599	-16.335	28.962	2.589
596379	ALA	 283 	PRO	 285 	PHE	 286 	4	44.4645603444	1	8.06353793319	-13.43	32.815	7.819	-13.761	33.311	1.307	-11.152	30.671	0.387
596526	ALA	 283 	PRO	 285 	GLN	 288 	7	70.3052057696	1	7.1160054806	-13.43	32.815	7.819	-13.761	33.311	1.307	-16.335	28.962	2.589
580540	ALA	 283 	PHE	 286 	PHE	 287 	5	59.7403806784	1	8.06353793319	-13.43	32.815	7.819	-11.152	30.671	0.387	-12.593	28.311	3.025
414941	PRO	 285 	HIS	 284 	PHE	 286 	6	62.2736255739	1	5.486512189	-13.761	33.311	1.307	-11.906	34.105	4.599	-11.152	30.671	0.387
415084	PRO	 285 	HIS	 284 	GLN	 288 	5	59.782838126	1	7.07860085045	-13.761	33.311	1.307	-11.906	34.105	4.599	-16.335	28.962	2.589
234942	HIS	 284 	PHE	 287 	PHE	 286 	7	69.3893097844	1	6.04316812607	-11.906	34.105	4.599	-12.593	28.311	3.025	-11.152	30.671	0.387
410620	PRO	 285 	GLN	 289 	PHE	 286 	5	54.1482256291	1	7.61693383193	-13.761	33.311	1.307	-17.427	26.861	-0.418	-11.152	30.671	0.387
410622	PRO	 285 	GLN	 288 	PHE	 287 	7	68.816319919	1	5.41440190603	-13.761	33.311	1.307	-16.335	28.962	2.589	-12.593	28.311	3.025
410623	PRO	 285 	GLN	 289 	PHE	 287 	8	82.9897409694	1	7.61693383193	-13.761	33.311	1.307	-17.427	26.861	-0.418	-12.593	28.311	3.025
410766	PRO	 285 	GLN	 289 	GLN	 288 	7	71.0738630601	1	7.61693383193	-13.761	33.311	1.307	-17.427	26.861	-0.418	-16.335	28.962	2.589
148544	GLN	 288 	PHE	 286 	PHE	 287 	9	89.9769802636	1	5.88497867456	-16.335	28.962	2.589	-11.152	30.671	0.387	-12.593	28.311	3.025
148541	GLN	 289 	PHE	 286 	PHE	 287 	6	64.0526350926	1	7.38510324911	-17.427	26.861	-0.418	-11.152	30.671	0.387	-12.593	28.311	3.025
151421	GLN	 289 	GLN	 288 	PHE	 286 	6	66.0471134932	1	7.38510324911	-17.427	26.861	-0.418	-16.335	28.962	2.589	-11.152	30.671	0.387
151419	GLN	 289 	GLN	 288 	PHE	 287 	4	51.1174231995	1	6.10936207799	-17.427	26.861	-0.418	-16.335	28.962	2.589	-12.593	28.311	3.025
525968	TYR	 290 	GLN	 288 	GLN	 289 	9	89.8557027859	1	5.71397751133	-19.802	24.555	1.49	-16.335	28.962	2.589	-17.427	26.861	-0.418
573488	VAL	 291 	TYR	 290 	GLN	 288 	9	89.4061364437	1	5.75378666619	-21.517	26.861	3.945	-19.802	24.555	1.49	-16.335	28.962	2.589
573484	VAL	 291 	TYR	 290 	GLN	 289 	5	52.992148281	1	5.98029004313	-21.517	26.861	3.945	-19.802	24.555	1.49	-17.427	26.861	-0.418
