210675	LEU	  93 	GLU	  19 	GLU	  92 	4	50.0705483976	1	7.82193390409	-0.41	42.037	23.22	-5.175	46.55	19.862	-2.395	39.385	21.317
544828	TYR	  24 	TYR	  21 	LEU	  20 	5	59.9853273932	1	6.02801965823	-1.436	55.134	17.041	-5.232	52.012	16.452	-3.772	50.112	19.42
545188	TYR	  21 	TYR	  24 	MET	  25 	5	59.3744379444	1	6.03731239874	-5.232	52.012	16.452	-1.436	55.134	17.041	-0.784	54.661	13.346
536473	TYR	  24 	MET	  25 	LYS	  23 	2	25.2123738585	1	7.17601567724	-1.436	55.134	17.041	-0.784	54.661	13.346	-4.09	56.272	19.508
536330	TYR	  24 	MET	  25 	ILE	  26 	3	40.3481341214	1	6.59803372225	-1.436	55.134	17.041	-0.784	54.661	13.346	1.667	52.026	12.117
536116	TYR	  24 	MET	  25 	GLU	  43 	5	52.6995448764	1	6.67481183255	-1.436	55.134	17.041	-0.784	54.661	13.346	1.214	58.446	18.468
542307	TYR	  24 	THR	  44 	MET	  25 	4	52.1754335898	1	6.74629891125	-1.436	55.134	17.041	-1.5	60.463	16.713	-0.784	54.661	13.346
573412	VAL	  42 	TYR	  24 	CYS	  41 	5	55.3599199937	1	6.57003333325	3.444	57.337	15.605	-1.436	55.134	17.041	4.689	53.807	15.069
358854	MET	  25 	ILE	  26 	CYS	  41 	7	70.0945881212	1	5.8010149112	-0.784	54.661	13.346	1.667	52.026	12.117	4.689	53.807	15.069
354535	MET	  25 	GLU	  43 	CYS	  41 	8	80.6263651081	1	6.71931149747	-0.784	54.661	13.346	1.214	58.446	18.468	4.689	53.807	15.069
571111	VAL	  42 	THR	  44 	MET	  25 	8	76.067331646	1	6.74629891125	3.444	57.337	15.605	-1.5	60.463	16.713	-0.784	54.661	13.346
478516	THR	  44 	MET	  25 	GLU	  43 	5	58.4382894663	1	6.74629891125	-1.5	60.463	16.713	-0.784	54.661	13.346	1.214	58.446	18.468
589393	ALA	  27 	ILE	  26 	GLU	  28 	2	30.1384286808	1	7.06341956845	4.747	52.665	9.968	1.667	52.026	12.117	7.493	50.484	8.433
268132	ILE	  26 	GLU	  28 	CYS	  41 	5	56.823302517	1	7.93355160064	1.667	52.026	12.117	7.493	50.484	8.433	4.689	53.807	15.069
584930	ALA	  27 	GLU	  28 	CYS	  41 	3	43.6829332977	1	7.93355160064	4.747	52.665	9.968	7.493	50.484	8.433	4.689	53.807	15.069
595301	ALA	  27 	ASP	  29 	HIS	  39 	6	68.2628670751	1	6.63570508688	4.747	52.665	9.968	8.328	47.079	9.893	7.104	48.45	13.562
587815	ALA	  27 	HIS	  39 	CYS	  41 	8	80.5077616889	1	6.06635994646	4.747	52.665	9.968	7.104	48.45	13.562	4.689	53.807	15.069
384915	ASP	  29 	LEU	  30 	GLU	  28 	4	46.7795582923	1	6.28925027328	8.328	47.079	9.893	11.787	47.031	11.465	7.493	50.484	8.433
386357	ASP	  29 	HIS	  39 	GLU	  28 	6	62.5119616773	1	5.53128538407	8.328	47.079	9.893	7.104	48.45	13.562	7.493	50.484	8.433
613730	ARG	  40 	GLU	  28 	CYS	  41 	3	39.4665633256	1	7.93355160064	7.878	52.129	13.854	7.493	50.484	8.433	4.689	53.807	15.069
566571	VAL	  38 	ASP	  29 	ILE	  37 	4	47.6625331228	1	7.32421115206	8.336	45.347	15.374	8.328	47.079	9.893	7.017	41.831	14.831
387941	ASP	  29 	ILE	  37 	HIS	  39 	6	62.3203950283	1	7.32421115206	8.328	47.079	9.893	7.017	41.831	14.831	7.104	48.45	13.562
619704	ARG	  32 	GLY	  31 	LEU	  30 	1	23.1650943407	1	7.24869381337	10.415	40.008	12.622	12.155	43.377	12.412	11.787	47.031	11.465
301466	GLY	  31 	ILE	  37 	LEU	  30 	3	42.5268514609	1	7.81811076923	12.155	43.377	12.412	7.017	41.831	14.831	11.787	47.031	11.465
619921	ARG	  32 	GLY	  31 	GLY	  33 	2	31.1940748566	1	6.9667264192	10.415	40.008	12.622	12.155	43.377	12.412	10.725	37.053	14.961
635765	ARG	 315 	ARG	  32 	GLY	  31 	6	62.7512504065	1	7.62117379411	15.522	42.708	17.593	10.415	40.008	12.622	12.155	43.377	12.412
562179	VAL	  38 	GLY	  31 	HIS	  39 	4	44.9183551366	1	7.25054687593	8.336	45.347	15.374	12.155	43.377	12.412	7.104	48.45	13.562
590983	ALA	 314 	GLY	  31 	HIS	  39 	8	81.4815133557	1	7.99455696083	14.139	46.096	16.542	12.155	43.377	12.412	7.104	48.45	13.562
651604	ASN	 308 	MET	 309 	GLY	  31 	5	58.8561859864	1	6.68441426005	17.476	41.914	8.64	16.758	44.357	11.453	12.155	43.377	12.412
619633	ARG	  32 	GLY	  33 	GLU	  34 	2	31.4891727201	1	6.95035747282	10.415	40.008	12.622	10.725	37.053	14.961	8.737	33.861	15.398
635763	ARG	 315 	ARG	  32 	GLY	  33 	4	49.9905787257	1	7.86877741457	15.522	42.708	17.593	10.415	40.008	12.622	10.725	37.053	14.961
619491	ARG	  32 	GLY	  33 	CYS	 318 	4	48.7946612971	1	6.91950012645	10.415	40.008	12.622	10.725	37.053	14.961	13.027	38.025	18.715
635911	ARG	  32 	ARG	 315 	MET	 309 	8	78.4411960196	1	7.7790752021	10.415	40.008	12.622	15.522	42.708	17.593	16.758	44.357	11.453
635334	ARG	  32 	ARG	 315 	CYS	 318 	7	75.7599713012	1	7.62117379411	10.415	40.008	12.622	15.522	42.708	17.593	13.027	38.025	18.715
626691	ARG	  32 	SER	 317 	CYS	 318 	4	51.9732440272	1	6.91950012645	10.415	40.008	12.622	10.959	41.159	18.08	13.027	38.025	18.715
446833	SER	 317 	GLY	  33 	GLU	  34 	2	30.8795745643	1	8.08648329003	10.959	41.159	18.08	10.725	37.053	14.961	8.737	33.861	15.398
296931	GLY	  33 	GLU	  34 	CYS	 318 	4	50.3469525917	1	6.83706698812	10.725	37.053	14.961	8.737	33.861	15.398	13.027	38.025	18.715
303125	GLY	  33 	GLY	 319 	GLY	  36 	6	62.6180923586	1	8.03938274994	10.725	37.053	14.961	13.2	38.56	22.46	6.985	39.124	17.484
446695	SER	 317 	GLY	  33 	CYS	 318 	8	80.0268145401	1	5.16160372365	10.959	41.159	18.08	10.725	37.053	14.961	13.027	38.025	18.715
302694	GLY	  33 	GLY	 319 	CYS	 318 	7	69.9682384603	1	8.03938274994	10.725	37.053	14.961	13.2	38.56	22.46	13.027	38.025	18.715
178780	GLU	  34 	CYS	 318 	PHE	  35 	5	56.1629049642	1	6.95956952692	8.737	33.861	15.398	13.027	38.025	18.715	6.601	35.411	18.159
440932	SER	 317 	GLU	  34 	CYS	 318 	5	58.090721163	1	8.08648329003	10.959	41.159	18.08	8.737	33.861	15.398	13.027	38.025	18.715
301176	GLY	  36 	ILE	  37 	PHE	  35 	1	23.0637983015	1	7.24327550215	6.985	39.124	17.484	7.017	41.831	14.831	6.601	35.411	18.159
293980	GLY	  36 	CYS	 318 	PHE	  35 	5	54.1523392492	1	6.95956952692	6.985	39.124	17.484	13.027	38.025	18.715	6.601	35.411	18.159
610783	ARG	 323 	CYS	 318 	PHE	  35 	8	79.7392358145	1	6.95956952692	10.666	33.103	21.887	13.027	38.025	18.715	6.601	35.411	18.159
331423	LYS	  56 	GLY	  36 	PHE	  54 	8	81.5142722343	1	6.23748074145	1.724	37.057	18.872	6.985	39.124	17.484	3.295	43.076	18.414
447048	SER	 317 	GLY	  36 	ILE	 316 	1	22.0761397762	1	7.95446490972	10.959	41.159	18.08	6.985	39.124	17.484	13.241	42.914	20.61
447123	SER	 317 	GLY	 319 	GLY	  36 	4	48.1314782943	1	7.98153475216	10.959	41.159	18.08	13.2	38.56	22.46	6.985	39.124	17.484
445180	SER	 317 	ILE	  37 	PHE	  54 	5	57.7215782824	1	7.90717022708	10.959	41.159	18.08	7.017	41.831	14.831	3.295	43.076	18.414
603938	ALA	 314 	VAL	  38 	HIS	  39 	3	41.1107723597	1	7.99455696083	14.139	46.096	16.542	8.336	45.347	15.374	7.104	48.45	13.562
616611	ARG	  40 	HIS	  39 	CYS	  41 	4	50.8532231943	1	6.06635994646	7.878	52.129	13.854	7.104	48.45	13.562	4.689	53.807	15.069
622660	ARG	  40 	MET	  51 	HIS	  39 	5	58.6345438398	1	6.01915592089	7.878	52.129	13.854	8.782	51.427	18.517	7.104	48.45	13.562
357416	MET	  51 	HIS	  39 	CYS	  41 	9	87.6456242031	1	6.06635994646	8.782	51.427	18.517	7.104	48.45	13.562	4.689	53.807	15.069
587816	ALA	  52 	HIS	  39 	CYS	  41 	9	89.8724083183	1	6.06635994646	5.832	49.04	18.631	7.104	48.45	13.562	4.689	53.807	15.069
593863	ALA	  52 	MET	  51 	HIS	  39 	8	77.7089590102	1	6.01915592089	5.832	49.04	18.631	8.782	51.427	18.517	7.104	48.45	13.562
362024	MET	  51 	LYS	  53 	HIS	  39 	9	84.6218586922	1	6.65450381321	8.782	51.427	18.517	6.25	45.316	19.243	7.104	48.45	13.562
593862	ALA	 314 	MET	  51 	HIS	  39 	7	72.5612176058	1	7.99455696083	14.139	46.096	16.542	8.782	51.427	18.517	7.104	48.45	13.562
628133	ARG	  40 	THR	  49 	CYS	  41 	6	67.7677348617	1	6.93025908607	7.878	52.129	13.854	7.547	58.25	17.087	4.689	53.807	15.069
628709	ARG	  40 	THR	  49 	MET	  51 	6	66.7442158634	1	7.0797919461	7.878	52.129	13.854	7.547	58.25	17.087	8.782	51.427	18.517
628063	ARG	  40 	THR	  49 	PHE	  99 	8	80.1153759717	1	7.92064833205	7.878	52.129	13.854	7.547	58.25	17.087	12.568	54.442	19.803
630940	ARG	  40 	TYR	  50 	PHE	  99 	5	55.7931146319	1	7.92064833205	7.878	52.129	13.854	7.836	55.049	19.141	12.568	54.442	19.803
622299	ARG	  40 	MET	  51 	PHE	  99 	4	50.6076393614	1	7.92064833205	7.878	52.129	13.854	8.782	51.427	18.517	12.568	54.442	19.803
556130	VAL	  42 	GLU	  43 	CYS	  41 	3	37.2414964488	1	6.71931149747	3.444	57.337	15.605	1.214	58.446	18.468	4.689	53.807	15.069
469735	THR	  49 	GLU	  43 	CYS	  41 	8	78.8966068726	1	6.71931149747	7.547	58.25	17.087	1.214	58.446	18.468	4.689	53.807	15.069
541736	TYR	  50 	THR	  49 	CYS	  41 	9	84.1590192181	1	5.65515136844	7.836	55.049	19.141	7.547	58.25	17.087	4.689	53.807	15.069
478376	THR	  49 	MET	  51 	CYS	  41 	9	87.8806362574	1	7.0797919461	7.547	58.25	17.087	8.782	51.427	18.517	4.689	53.807	15.069
454396	SER	  45 	SER	  46 	LYS	  47 	5	56.5643197107	1	5.79095113086	-2.036	62.938	19.577	1.588	64.052	20.009	2.949	62.929	16.63
454394	SER	  45 	SER	  46 	LYS	  48 	3	40.8927709102	1	8.08407626139	-2.036	62.938	19.577	1.588	64.052	20.009	5.812	61.291	18.553
542234	TYR	  50 	THR	  49 	LYS	  48 	3	40.8915304691	1	6.58823830777	7.836	55.049	19.141	7.547	58.25	17.087	5.812	61.291	18.553
542305	TYR	  50 	THR	  49 	MET	  51 	2	28.8589626383	1	7.0797919461	7.836	55.049	19.141	7.547	58.25	17.087	8.782	51.427	18.517
541874	TYR	  50 	THR	  49 	GLU	  98 	3	40.5883026771	1	7.87611255633	7.836	55.049	19.141	7.547	58.25	17.087	10.79	54.458	23.181
541660	TYR	  50 	THR	  49 	PHE	  99 	5	56.0256864934	1	6.86206681693	7.836	55.049	19.141	7.547	58.25	17.087	12.568	54.442	19.803
536335	TYR	  50 	MET	  51 	ILE	  96 	8	76.6442477193	1	6.59892764015	7.836	55.049	19.141	8.782	51.427	18.517	5.117	50.287	22.812
535903	TYR	  50 	MET	  51 	PHE	  97 	8	77.8124829902	1	5.88526303575	7.836	55.049	19.141	8.782	51.427	18.517	8.672	51.353	23.644
602144	ALA	  52 	TYR	  50 	PHE	  97 	9	86.6180018373	1	6.35485617461	5.832	49.04	18.631	7.836	55.049	19.141	8.672	51.353	23.644
522942	TYR	  50 	PHE	  97 	PHE	  99 	7	73.0659944006	1	6.28283518803	7.836	55.049	19.141	8.672	51.353	23.644	12.568	54.442	19.803
594074	ALA	  52 	MET	  51 	LYS	  53 	3	39.1091030869	1	6.65450381321	5.832	49.04	18.631	8.782	51.427	18.517	6.25	45.316	19.243
350142	MET	  51 	PHE	  97 	PHE	  99 	7	73.8739659119	1	6.28283518803	8.782	51.427	18.517	8.672	51.353	23.644	12.568	54.442	19.803
592058	ALA	  52 	LYS	  53 	PHE	  54 	3	42.9178517387	1	6.48480948062	5.832	49.04	18.631	6.25	45.316	19.243	3.295	43.076	18.414
361660	MET	  95 	LYS	  53 	PHE	  54 	5	54.0587987454	1	6.52282615129	4.287	46.697	23.748	6.25	45.316	19.243	3.295	43.076	18.414
448059	SER	 317 	LYS	  53 	PHE	  54 	4	44.9685902584	1	7.90717022708	10.959	41.159	18.08	6.25	45.316	19.243	3.295	43.076	18.414
361662	MET	  95 	LYS	  53 	PHE	  97 	7	72.2529274488	1	7.85367773721	4.287	46.697	23.748	6.25	45.316	19.243	8.672	51.353	23.644
556059	VAL	  55 	GLU	  92 	PHE	  54 	4	48.222322771	1	7.37746501178	3.468	39.963	20.586	-2.395	39.385	21.317	3.295	43.076	18.414
575427	VAL	  55 	VAL	  94 	MET	  95 	4	46.8692022392	1	7.48436777557	3.468	39.963	20.586	1.248	45.236	21.984	4.287	46.697	23.748
563761	VAL	  57 	LYS	  58 	GLY	  59 	2	25.3165868763	1	7.22015159121	0.977	35.062	22.023	-2.143	33.429	23.486	-3.465	31.715	26.627
331635	LYS	  58 	GLY	  59 	GLU	  91 	4	48.7165697519	1	7.35865442863	-2.143	33.429	23.486	-3.465	31.715	26.627	-5.198	36.774	21.572
570963	VAL	  63 	THR	  60 	GLY	  59 	4	45.2371229329	1	7.52738633259	0.593	35.665	31.586	-1.092	30.664	29.421	-3.465	31.715	26.627
360436	MET	  90 	GLY	  59 	GLU	  91 	5	54.1919684541	1	7.5791689518	-7.541	37.716	24.432	-3.465	31.715	26.627	-5.198	36.774	21.572
479885	THR	  60 	ASP	  61 	GLN	  62 	6	60.8881891411	1	5.55102098717	-1.092	30.664	29.421	1.762	32.386	27.599	0.125	35.837	27.817
562324	VAL	  65 	GLY	 166 	GLY	 320 	5	58.5660901118	1	8.08388031826	4.416	38.257	28.637	12.492	37.909	28.716	10.659	38.649	25.255
333295	LYS	  67 	LYS	  66 	ILE	  69 	8	81.1635029843	1	5.28389401862	4.974	39.371	33.924	2.473	40.284	31.188	5.578	43.863	31.208
448638	SER	  70 	LYS	  66 	LYS	  67 	7	75.7794250592	1	6.07633902938	5.193	44.154	35.002	2.473	40.284	31.188	4.974	39.371	33.924
621075	ARG	 169 	LYS	  67 	GLU	  68 	4	51.4385255288	1	8.06868874105	12.061	37.776	37.436	4.974	39.371	33.924	7.706	40.729	31.67
621295	ARG	 169 	LYS	  67 	ILE	  71 	8	81.3994347779	1	8.06868874105	12.061	37.776	37.436	4.974	39.371	33.924	8.978	44.342	35.37
180223	GLU	  68 	GLN	 167 	PHE	 165 	8	80.7483565793	1	7.95401345234	7.706	40.729	31.67	14.011	35.881	31.569	13.995	41.198	29.86
297003	GLY	 166 	GLU	  68 	GLN	 167 	4	43.9943735378	1	7.95401345234	12.492	37.909	28.716	7.706	40.729	31.67	14.011	35.881	31.569
585003	ALA	 168 	GLU	  68 	GLN	 167 	4	47.989962827	1	7.95401345234	13.993	38.573	34.261	7.706	40.729	31.67	14.011	35.881	31.569
445613	SER	  70 	ILE	  69 	ILE	  71 	6	63.2929463616	1	5.39552453428	5.193	44.154	35.002	5.578	43.863	31.208	8.978	44.342	35.37
663484	ASN	  73 	ALA	  75 	SER	  70 	5	58.7436481851	1	7.95296183821	6.526	48.993	34.002	11.316	48.541	37.554	5.193	44.154	35.002
618416	ARG	  76 	ILE	  71 	ILE	  74 	9	87.5454476681	1	7.91170740106	11.95	51.673	35.507	8.978	44.342	35.37	7.529	48.976	37.676
634178	ARG	  76 	ALA	  75 	HIS	  77 	3	41.8035224249	1	6.52829449397	11.95	51.673	35.507	11.316	48.541	37.554	15.516	52.926	35.156
586299	ALA	  75 	LEU	 135 	PHE	 134 	4	46.4782749284	1	8.08158053848	11.316	48.541	37.554	17.267	45.53	39.579	18.724	48.863	40.768
635624	ARG	  78 	ARG	  76 	HIS	  77 	9	89.989210256	1	7.10199809913	17.506	55.252	32.907	11.95	51.673	35.507	15.516	52.926	35.156
616899	ARG	  76 	HIS	  82 	HIS	  77 	4	48.4530952979	1	7.93135259587	11.95	51.673	35.507	11.479	52.594	28.337	15.516	52.926	35.156
635695	ARG	  76 	ARG	  78 	ILE	  80 	8	81.3730698017	1	7.10199809913	11.95	51.673	35.507	17.506	55.252	32.907	16.35	50.077	30.973
664421	ASN	  79 	ARG	  78 	HIS	  77 	6	62.0885074323	1	5.46262738982	19.4	52.307	31.365	17.506	55.252	32.907	15.516	52.926	35.156
616899	ARG	  78 	HIS	  82 	HIS	  77 	4	50.4405817971	1	8.01714369336	17.506	55.252	32.907	11.479	52.594	28.337	15.516	52.926	35.156
662983	ASN	  79 	ALA	 131 	HIS	  77 	8	76.0516198849	1	6.71792646581	19.4	52.307	31.365	20.914	49.04	36.1	15.516	52.926	35.156
271225	ILE	  80 	HIS	  77 	LEU	  81 	2	32.3946359356	1	8.01042807845	16.35	50.077	30.973	15.516	52.926	35.156	14.367	50.205	27.71
271300	ILE	  80 	HIS	  82 	HIS	  77 	5	59.5513450011	1	7.93135259587	16.35	50.077	30.973	11.479	52.594	28.337	15.516	52.926	35.156
242427	HIS	  77 	HIS	  82 	LEU	  81 	4	49.815180561	1	8.01042807845	15.516	52.926	35.156	11.479	52.594	28.337	14.367	50.205	27.71
664492	ASN	  79 	ARG	  78 	ILE	  80 	5	58.8744833241	1	5.64422864526	19.4	52.307	31.365	17.506	55.252	32.907	16.35	50.077	30.973
664633	ASN	  79 	ARG	  78 	LYS	 161 	2	33.4142901237	1	7.71951818445	19.4	52.307	31.365	17.506	55.252	32.907	19.754	50.701	27.091
618266	ARG	  78 	ILE	  80 	LEU	  81 	3	40.0478286201	1	7.89520987688	17.506	55.252	32.907	16.35	50.077	30.973	14.367	50.205	27.71
647066	ASN	  79 	ILE	  80 	LEU	  81 	3	41.6927277088	1	6.56570773032	19.4	52.307	31.365	16.35	50.077	30.973	14.367	50.205	27.71
661324	ASN	  79 	VAL	 128 	GLN	 127 	5	59.3542325836	1	7.15476491577	19.4	52.307	31.365	25.064	48.313	33.142	25.768	52.052	33.25
657007	ASN	  79 	THR	 159 	GLN	 127 	8	79.9017228863	1	7.76461003528	19.4	52.307	31.365	23.98	56.181	26.922	25.768	52.052	33.25
662834	ASN	  79 	ALA	 131 	GLU	 130 	3	42.3933394109	1	7.89277055285	19.4	52.307	31.365	20.914	49.04	36.1	23.791	50.896	37.77
242432	HIS	  84 	HIS	  82 	LEU	  83 	9	89.9105432466	1	6.02782995779	5.732	53.82	26.994	11.479	52.594	28.337	8.06	50.973	27.985
242144	HIS	  82 	HIS	  84 	PHE	  97 	9	84.1393219308	1	6.02782995779	11.479	52.594	28.337	5.732	53.82	26.994	8.672	51.353	23.644
242359	HIS	  84 	HIS	  82 	GLU	  98 	8	80.7629236242	1	6.36626868739	5.732	53.82	26.994	11.479	52.594	28.337	10.79	54.458	23.181
357628	MET	  95 	HIS	  84 	LEU	  83 	5	56.4104464161	1	7.96000439698	4.287	46.697	23.748	5.732	53.82	26.994	8.06	50.973	27.985
357557	MET	  95 	HIS	  84 	GLU	  85 	6	61.989690056	1	7.96000439698	4.287	46.697	23.748	5.732	53.82	26.994	2.469	51.856	26.857
239260	HIS	  84 	GLU	  85 	PHE	  97 	5	58.5537345863	1	7.00382659694	5.732	53.82	26.994	2.469	51.856	26.857	8.672	51.353	23.644
449863	SER	  86 	MET	  95 	HIS	  84 	8	79.7361632992	1	7.96000439698	1.151	48.292	26.652	4.287	46.697	23.748	5.732	53.82	26.994
359139	MET	  95 	ILE	  96 	HIS	  84 	4	48.7055470169	1	7.96000439698	4.287	46.697	23.748	5.117	50.287	22.812	5.732	53.82	26.994
357343	MET	  95 	HIS	  84 	PHE	  97 	8	77.0888103473	1	7.96000439698	4.287	46.697	23.748	5.732	53.82	26.994	8.672	51.353	23.644
440857	SER	  86 	GLU	  85 	PHE	  87 	2	32.5511126538	1	6.9408305699	1.151	48.292	26.652	2.469	51.856	26.857	-2.067	46.864	25.22
449716	SER	  86 	MET	  95 	GLU	  85 	5	53.8570551486	1	6.29176334584	1.151	48.292	26.652	4.287	46.697	23.748	2.469	51.856	26.857
449499	SER	  86 	MET	  95 	PHE	  87 	4	50.2543183488	1	6.52441483966	1.151	48.292	26.652	4.287	46.697	23.748	-2.067	46.864	25.22
569307	VAL	  94 	SER	  86 	LEU	  93 	4	47.0496526629	1	7.30344918515	1.248	45.236	21.984	1.151	48.292	26.652	-0.41	42.037	23.22
449932	SER	  86 	MET	  95 	ILE	  96 	5	60.0543715241	1	5.86981950319	1.151	48.292	26.652	4.287	46.697	23.748	5.117	50.287	22.812
440857	SER	  89 	GLU	  88 	PHE	  87 	2	24.8802170967	1	7.17661988683	-6.557	41.371	24.138	-3.827	43.541	25.615	-2.067	46.864	25.22
449713	SER	  89 	MET	  90 	GLU	  88 	2	30.1963386501	1	7.00884512598	-6.557	41.371	24.138	-7.541	37.716	24.432	-3.827	43.541	25.615
441074	SER	  89 	GLU	  91 	GLU	  88 	3	35.8134302582	1	8.00111111034	-6.557	41.371	24.138	-5.198	36.774	21.572	-3.827	43.541	25.615
354675	MET	  90 	GLU	  88 	GLU	  91 	4	47.1687917657	1	8.00111111034	-7.541	37.716	24.432	-3.827	43.541	25.615	-5.198	36.774	21.572
181877	GLU	  88 	GLU	  91 	GLU	  92 	6	63.3040160029	1	8.00111111034	-3.827	43.541	25.615	-5.198	36.774	21.572	-2.395	39.385	21.317
557713	VAL	  94 	LEU	  93 	GLU	  92 	2	33.6386970884	1	6.92463277005	1.248	45.236	21.984	-0.41	42.037	23.22	-2.395	39.385	21.317
564986	VAL	  94 	MET	  95 	LEU	  93 	3	39.9051586834	1	6.63748393595	1.248	45.236	21.984	4.287	46.697	23.748	-0.41	42.037	23.22
358779	MET	  95 	ILE	  96 	PHE	  97 	4	44.8737794865	1	6.39666921139	4.287	46.697	23.748	5.117	50.287	22.812	8.672	51.353	23.644
177339	GLU	  98 	PHE	  99 	PHE	  97 	4	46.8940519725	1	6.28283518803	10.79	54.458	23.181	12.568	54.442	19.803	8.672	51.353	23.644
589178	ALA	 313 	ILE	 100 	PHE	  99 	3	42.6272863419	1	7.94188749606	16.68	47.709	18.891	16.279	53.606	20.15	12.568	54.442	19.803
569450	VAL	 311 	SER	 101 	ILE	 100 	3	42.169833869	1	8.01088334705	17.505	49.28	13.52	18.44	54.165	17.054	16.279	53.606	20.15
454251	SER	 312 	SER	 101 	ILE	 100 	4	46.6543145459	1	8.0551989423	19.349	47.297	16.193	18.44	54.165	17.054	16.279	53.606	20.15
532011	TYR	 152 	ILE	 100 	ILE	 151 	4	51.4168903416	1	7.65329902722	23.213	52.744	22.5	16.279	53.606	20.15	21.992	49.13	22.579
454324	SER	 312 	SER	 101 	GLY	 102 	5	58.1134091589	1	6.98119087262	19.349	47.297	16.193	18.44	54.165	17.054	21.924	53.202	18.231
569884	VAL	 311 	SER	 101 	SER	 312 	5	53.4575409083	1	6.98119087262	17.505	49.28	13.52	18.44	54.165	17.054	19.349	47.297	16.193
598684	ALA	 313 	SER	 101 	SER	 312 	5	56.1708887191	1	6.98119087262	16.68	47.709	18.891	18.44	54.165	17.054	19.349	47.297	16.193
298442	GLY	 102 	LEU	 103 	GLN	 153 	3	37.4964086244	1	8.05060364196	21.924	53.202	18.231	23.889	49.997	17.666	20.386	55.308	22.599
475704	THR	 154 	GLY	 102 	LEU	 103 	1	15.8481788269	1	7.61765410084	21.388	56.999	19.323	21.924	53.202	18.231	23.889	49.997	17.666
540724	TYR	 152 	SER	 157 	GLY	 102 	5	56.2839090891	1	7.61125942272	23.213	52.744	22.5	25.131	58.788	22.286	21.924	53.202	18.231
635761	ARG	 156 	ARG	 155 	GLY	 102 	2	32.5915428192	1	7.51942910067	26.175	59.389	18.669	24.281	56.605	16.874	21.924	53.202	18.231
528842	TYR	 152 	LEU	 103 	GLN	 153 	3	37.3076296441	1	8.05060364196	23.213	52.744	22.5	23.889	49.997	17.666	20.386	55.308	22.599
387580	ASP	 104 	ILE	 105 	PHE	 106 	5	60.2201890844	1	5.60577514711	25.153	47.328	20.056	28.821	47.783	21.03	30.084	45.073	18.633
422572	PRO	 147 	ASP	 104 	ILE	 105 	5	56.8824694693	1	6.88314477546	26.413	42.35	24.503	25.153	47.328	20.056	28.821	47.783	21.03
388011	ASP	 104 	ILE	 150 	ILE	 105 	4	44.6354666282	1	7.6291460859	25.153	47.328	20.056	22.555	46.366	25.145	28.821	47.783	21.03
388010	ASP	 104 	ILE	 151 	ILE	 105 	3	39.0550106805	1	7.13085205288	25.153	47.328	20.056	21.992	49.13	22.579	28.821	47.783	21.03
537771	TYR	 152 	ASP	 104 	ILE	 105 	4	47.5075348625	1	7.63033976963	23.213	52.744	22.5	25.153	47.328	20.056	28.821	47.783	21.03
422357	PRO	 147 	ASP	 104 	GLU	 148 	6	63.9240171013	1	6.79292963308	26.413	42.35	24.503	25.153	47.328	20.056	23.6	41.784	22.001
654703	ASN	 149 	PRO	 147 	ASP	 104 	8	81.6092304829	1	7.53095943423	21.014	42.933	24.558	26.413	42.35	24.503	25.153	47.328	20.056
422576	PRO	 147 	ASP	 104 	ILE	 150 	9	87.9740572022	1	6.79292963308	26.413	42.35	24.503	25.153	47.328	20.056	22.555	46.366	25.145
388015	ASP	 104 	ILE	 150 	ILE	 151 	8	81.5119819264	1	5.79421858407	25.153	47.328	20.056	22.555	46.366	25.145	21.992	49.13	22.579
416379	PRO	 147 	ILE	 105 	PHE	 106 	4	52.1745708536	1	7.43961490939	26.413	42.35	24.503	28.821	47.783	21.03	30.084	45.073	18.633
272812	ILE	 105 	ILE	 150 	ILE	 151 	5	56.0668585293	1	7.6291460859	28.821	47.783	21.03	22.555	46.366	25.145	21.992	49.13	22.579
532012	TYR	 152 	ILE	 105 	ILE	 151 	5	56.0039567427	1	7.63033976963	23.213	52.744	22.5	28.821	47.783	21.03	21.992	49.13	22.579
642460	ASN	 110 	GLU	 107 	PHE	 106 	5	59.3480272163	1	6.0640284465	32.676	47.022	13.509	28.268	46.583	15.637	30.084	45.073	18.633
616544	ARG	 296 	HIS	 295 	PHE	 106 	9	89.8701787076	1	7.15037964027	34.538	40.76	15.071	35.993	41.067	18.578	30.084	45.073	18.633
664496	ASN	 110 	ARG	 108 	ILE	 109 	9	89.8781973563	1	5.33947825166	32.676	47.022	13.509	29.542	50.008	16.635	33.148	48.782	16.855
664997	ASN	 110 	ARG	 108 	THR	 111 	6	66.690939877	1	5.58654580219	32.676	47.022	13.509	29.542	50.008	16.635	32.468	50.465	11.898
646779	ASN	 110 	ILE	 109 	PHE	 114 	4	51.0665321189	1	8.02553132197	32.676	47.022	13.509	33.148	48.782	16.855	34.143	54.364	16.399
657722	ASN	 110 	THR	 111 	SER	 112 	3	36.7100614193	1	6.79047634559	32.676	47.022	13.509	32.468	50.465	11.898	35.381	52.872	11.371
656860	ASN	 110 	THR	 111 	PHE	 114 	5	60.22467752	1	8.02553132197	32.676	47.022	13.509	32.468	50.465	11.898	34.143	54.364	16.399
644113	ASN	 117 	LEU	 116 	GLU	 118 	2	28.9897148782	1	7.05509156567	39.214	51.865	24.159	37.225	50.954	21.06	38.939	51.279	27.896
642678	ASN	 117 	GLU	 120 	GLU	 118 	7	69.3017323259	1	5.59132658678	39.214	51.865	24.159	34.293	53.481	26.265	38.939	51.279	27.896
661393	ASN	 117 	VAL	 289 	GLU	 118 	2	27.6168427713	1	8.06228137688	39.214	51.865	24.159	42.943	52.033	20.939	38.939	51.279	27.896
646994	ASN	 117 	ILE	 290 	GLU	 118 	3	38.5532832843	1	7.67928681584	39.214	51.865	24.159	42.058	48.381	21.505	38.939	51.279	27.896
664495	ASN	 117 	ARG	 119 	ILE	 121 	8	76.2492696914	1	6.61908165836	39.214	51.865	24.159	37.188	54.613	28.47	34.151	50.113	28.046
657723	ASN	 117 	THR	 287 	SER	 286 	4	49.6933639287	1	6.85469780516	39.214	51.865	24.159	41.827	56.13	25.393	42.821	55.218	28.927
469879	THR	 287 	GLU	 120 	GLU	 118 	8	82.3051113172	1	8.03360074935	41.827	56.13	25.393	34.293	53.481	26.265	38.939	51.279	27.896
628274	ARG	 119 	THR	 287 	GLU	 120 	3	39.0478786741	1	8.03360074935	37.188	54.613	28.47	41.827	56.13	25.393	34.293	53.481	26.265
633532	ARG	 119 	VAL	 122 	VAL	 285 	5	55.8755096116	1	7.79930464849	37.188	54.613	28.47	34.111	51.704	31.52	40.624	55.976	31.92
540584	TYR	 124 	SER	 123 	HIS	 126 	9	85.7799609194	1	5.57357013054	29.312	51.192	29.072	31.338	54.115	30.465	29.286	51.55	34.634
541084	TYR	 124 	SER	 158 	SER	 123 	5	53.0387602865	1	7.4813663859	29.312	51.192	29.072	27.167	57.036	24.984	31.338	54.115	30.465
443884	SER	 123 	HIS	 126 	GLN	 127 	5	54.8873628561	1	6.56026630557	31.338	54.115	30.465	29.286	51.55	34.634	25.768	52.052	33.25
573488	VAL	 125 	TYR	 124 	GLN	 127 	9	87.7342464788	1	5.54573890478	29.95	48.855	32.013	29.312	51.192	29.072	25.768	52.052	33.25
530285	TYR	 124 	HIS	 126 	GLN	 127 	6	67.8882308179	1	5.57357013054	29.312	51.192	29.072	29.286	51.55	34.634	25.768	52.052	33.25
542092	TYR	 124 	THR	 159 	ILE	 160 	5	58.8155630898	1	7.61201977139	29.312	51.192	29.072	23.98	56.181	26.922	23.098	52.485	26.783
554695	VAL	 125 	GLN	 127 	CYS	 129 	8	80.2819016186	1	6.13637955149	29.95	48.855	32.013	25.768	52.052	33.25	26.17	48.09	36.786
574852	VAL	 125 	VAL	 128 	CYS	 129 	5	59.0037690999	1	6.13637955149	29.95	48.855	32.013	25.064	48.313	33.142	26.17	48.09	36.786
559088	VAL	 128 	HIS	 126 	GLN	 127 	9	89.8428684406	1	5.52535220597	25.064	48.313	33.142	29.286	51.55	34.634	25.768	52.052	33.25
237896	HIS	 126 	GLN	 127 	CYS	 129 	9	86.7876883745	1	5.32563085465	29.286	51.55	34.634	25.768	52.052	33.25	26.17	48.09	36.786
554693	VAL	 128 	GLN	 127 	CYS	 129 	6	64.5001639197	1	5.32563085465	25.064	48.313	33.142	25.768	52.052	33.25	26.17	48.09	36.786
603724	ALA	 131 	VAL	 128 	GLN	 127 	5	56.1933213103	1	6.38403947356	20.914	49.04	36.1	25.064	48.313	33.142	25.768	52.052	33.25
180294	GLU	 130 	GLN	 127 	CYS	 129 	7	69.2733974633	1	5.32563085465	23.791	50.896	37.77	25.768	52.052	33.25	26.17	48.09	36.786
474127	THR	 159 	ILE	 160 	GLN	 127 	8	78.2029330654	1	7.76461003528	23.98	56.181	26.922	23.098	52.485	26.783	25.768	52.052	33.25
180293	GLU	 130 	GLN	 133 	CYS	 129 	6	60.8116732616	1	5.99603402259	23.791	50.896	37.77	22.258	47.568	41.3	26.17	48.09	36.786
440931	SER	 270 	GLU	 130 	CYS	 129 	4	52.0776319312	1	8.0266988233	27.069	47.915	44.463	23.791	50.896	37.77	26.17	48.09	36.786
439494	SER	 270 	GLN	 133 	CYS	 129 	7	70.8653574012	1	7.73143938733	27.069	47.915	44.463	22.258	47.568	41.3	26.17	48.09	36.786
597892	ALA	 269 	SER	 270 	CYS	 129 	5	53.8489386111	1	7.73143938733	26.618	45.413	41.629	27.069	47.915	44.463	26.17	48.09	36.786
180220	GLU	 130 	GLN	 133 	PHE	 134 	5	57.8214132946	1	6.22860995729	23.791	50.896	37.77	22.258	47.568	41.3	18.724	48.863	40.768
443886	SER	 137 	HIS	 136 	GLN	 133 	7	75.7076873753	1	6.0968564031	17.691	46.08	45.055	18.993	43.667	42.399	22.258	47.568	41.3
587888	ALA	 269 	HIS	 136 	GLN	 133 	9	86.1143311455	1	7.86015527836	26.618	45.413	41.629	18.993	43.667	42.399	22.258	47.568	41.3
599402	ALA	 269 	THR	 268 	GLN	 133 	3	37.1944915037	1	7.85780611876	26.618	45.413	41.629	27.744	42.613	43.964	22.258	47.568	41.3
242142	HIS	 138 	HIS	 136 	PHE	 134 	7	74.2825411929	1	6.72240343925	14.248	44.917	43.864	18.993	43.667	42.399	18.724	48.863	40.768
645627	ASN	 139 	HIS	 136 	LEU	 135 	4	51.2449213057	1	6.54844172304	15.3	41.268	44.145	18.993	43.667	42.399	17.267	45.53	39.579
444101	SER	 137 	HIS	 138 	HIS	 136 	6	68.0850339176	1	5.12091300453	17.691	46.08	45.055	14.248	44.917	43.864	18.993	43.667	42.399
655783	ASN	 139 	SER	 137 	HIS	 136 	8	77.5126133242	1	5.44980045506	15.3	41.268	44.145	17.691	46.08	45.055	18.993	43.667	42.399
645702	ASN	 139 	HIS	 136 	HIS	 138 	7	71.1521292307	1	5.12091300453	15.3	41.268	44.145	18.993	43.667	42.399	14.248	44.917	43.864
271304	ILE	 140 	HIS	 138 	HIS	 136 	9	89.8001705848	1	5.37834063629	15.18	40.957	40.346	14.248	44.917	43.864	18.993	43.667	42.399
657222	ASN	 139 	THR	 199 	HIS	 136 	7	75.5974700092	1	7.33486318891	15.3	41.268	44.145	21.496	38.147	41.764	18.993	43.667	42.399
475784	THR	 199 	GLY	 141 	HIS	 136 	9	83.7870950345	1	6.60091675451	21.496	38.147	41.764	17.47	38.52	38.557	18.993	43.667	42.399
655784	ASN	 139 	SER	 137 	HIS	 138 	9	89.7093987754	1	5.44980045506	15.3	41.268	44.145	17.691	46.08	45.055	14.248	44.917	43.864
645484	ASN	 139 	HIS	 138 	GLN	 170 	5	56.3217309897	1	7.34392578939	15.3	41.268	44.145	14.248	44.917	43.864	11.899	38.51	41.15
271083	ILE	 140 	HIS	 138 	GLN	 170 	4	50.3705131096	1	7.34392578939	15.18	40.957	40.346	14.248	44.917	43.864	11.899	38.51	41.15
648367	ASN	 139 	GLY	 141 	GLN	 170 	8	81.0231829282	1	6.59440277811	15.3	41.268	44.145	17.47	38.52	38.557	11.899	38.51	41.15
301539	GLY	 141 	ILE	 140 	HIS	 142 	4	47.6265715358	1	6.25777899897	17.47	38.52	38.557	15.18	40.957	40.346	17.999	39.578	34.932
475851	THR	 199 	GLY	 141 	ILE	 140 	4	47.1504312191	1	7.0568179798	21.496	38.147	41.764	17.47	38.52	38.557	15.18	40.957	40.346
619780	ARG	 169 	GLY	 141 	HIS	 142 	5	54.5966068692	1	6.69156663271	12.061	37.776	37.436	17.47	38.52	38.557	17.999	39.578	34.932
475778	THR	 199 	GLY	 141 	HIS	 142 	3	36.2627534406	1	7.80723984517	21.496	38.147	41.764	17.47	38.52	38.557	17.999	39.578	34.932
386288	ASP	 144 	HIS	 142 	GLN	 167 	9	84.9434597935	1	6.84544059941	20.274	38.163	30.011	17.999	39.578	34.932	14.011	35.881	31.569
587883	ALA	 168 	HIS	 142 	GLN	 167 	4	49.1589941426	1	6.39388160666	13.993	38.573	34.261	17.999	39.578	34.932	14.011	35.881	31.569
616688	ARG	 169 	HIS	 142 	GLN	 167 	9	89.3174782473	1	6.69156663271	12.061	37.776	37.436	17.999	39.578	34.932	14.011	35.881	31.569
634179	ARG	 169 	ALA	 168 	HIS	 142 	4	46.8963125982	1	6.69156663271	12.061	37.776	37.436	13.993	38.573	34.261	17.999	39.578	34.932
450939	SER	 205 	ASP	 144 	PHE	 143 	4	51.523452531	1	7.83772836988	27.373	37.351	33.232	20.274	38.163	30.011	19.639	36.505	33.39
482624	THR	 201 	SER	 205 	PHE	 143 	9	84.8941037547	1	7.78173733815	24.385	34.997	38.668	27.373	37.351	33.232	19.639	36.505	33.39
652759	ASN	 149 	ASP	 144 	GLU	 164 	8	78.4827675656	1	7.28256198051	21.014	42.933	24.558	20.274	38.163	30.011	16.109	42.246	26.864
389164	ASP	 144 	GLY	 166 	GLN	 167 	5	58.297468559	1	7.89310236852	20.274	38.163	30.011	12.492	37.909	28.716	14.011	35.881	31.569
595084	ALA	 168 	ASP	 144 	GLN	 167 	5	58.0356591854	1	7.59483778629	13.993	38.573	34.261	20.274	38.163	30.011	14.011	35.881	31.569
625609	ARG	 146 	PRO	 147 	ILE	 145 	2	30.1127862869	1	7.06175969571	24.876	40.01	27.134	26.413	42.35	24.503	23.236	40.486	30.528
618411	ARG	 146 	ILE	 150 	ILE	 145 	4	47.1601411649	1	8.00092807117	24.876	40.01	27.134	22.555	46.366	25.145	23.236	40.486	30.528
631371	ARG	 146 	TYR	 186 	ILE	 145 	4	50.7064991093	1	7.59129626612	24.876	40.01	27.134	27.481	34.209	30.073	23.236	40.486	30.528
647211	ASN	 149 	ILE	 145 	ILE	 150 	4	46.2792096952	1	8.00092807117	21.014	42.933	24.558	23.236	40.486	30.528	22.555	46.366	25.145
272812	ILE	 145 	ILE	 162 	ILE	 150 	5	57.6341047286	1	8.02812182269	23.236	40.486	30.528	19.316	47.084	28.172	22.555	46.366	25.145
625613	ARG	 146 	PRO	 147 	ILE	 150 	6	66.9252552093	1	7.0527936309	24.876	40.01	27.134	26.413	42.35	24.503	22.555	46.366	25.145
654413	ASN	 149 	PRO	 147 	ILE	 150 	6	66.7066031844	1	5.60576346272	21.014	42.933	24.558	26.413	42.35	24.503	22.555	46.366	25.145
272813	ILE	 151 	ILE	 163 	ILE	 150 	6	64.6669074337	1	7.08390527887	21.992	49.13	22.579	16.595	45.869	25.807	22.555	46.366	25.145
272594	ILE	 150 	ILE	 163 	GLU	 164 	3	43.4585715622	1	7.84093597729	22.555	46.366	25.145	16.595	45.869	25.807	16.109	42.246	26.864
531723	TYR	 152 	ILE	 151 	GLN	 153 	4	45.5250674662	1	6.38336275015	23.213	52.744	22.5	21.992	49.13	22.579	20.386	55.308	22.599
272812	ILE	 151 	ILE	 163 	ILE	 162 	5	60.2463823406	1	7.08390527887	21.992	49.13	22.579	16.595	45.869	25.807	19.316	47.084	28.172
541808	TYR	 152 	THR	 154 	GLN	 153 	9	89.9152450549	1	5.61506714118	23.213	52.744	22.5	21.388	56.999	19.323	20.386	55.308	22.599
631084	ARG	 155 	TYR	 152 	GLN	 153 	5	55.6298565524	1	7.04477529805	24.281	56.605	16.874	23.213	52.744	22.5	20.386	55.308	22.599
540363	TYR	 152 	SER	 158 	GLN	 153 	4	50.3221379915	1	7.39298113078	23.213	52.744	22.5	27.167	57.036	24.984	20.386	55.308	22.599
541805	TYR	 152 	THR	 159 	GLN	 153 	6	66.3684542962	1	5.68922613367	23.213	52.744	22.5	23.98	56.181	26.922	20.386	55.308	22.599
534604	TYR	 152 	LYS	 161 	GLN	 153 	5	59.0419274801	1	6.46544174825	23.213	52.744	22.5	19.754	50.701	27.091	20.386	55.308	22.599
542597	TYR	 152 	THR	 159 	THR	 154 	6	62.0385915156	1	8.07046398914	23.213	52.744	22.5	23.98	56.181	26.922	21.388	56.999	19.323
540651	TYR	 152 	SER	 157 	ILE	 160 	4	49.8213784034	1	8.00524246978	23.213	52.744	22.5	25.131	58.788	22.286	23.098	52.485	26.783
628201	ARG	 155 	THR	 154 	GLN	 153 	2	30.5537500146	1	7.04477529805	24.281	56.605	16.874	21.388	56.999	19.323	20.386	55.308	22.599
484205	THR	 159 	THR	 154 	GLN	 153 	6	65.8049338393	1	8.07046398914	23.98	56.181	26.922	21.388	56.999	19.323	20.386	55.308	22.599
453965	SER	 158 	SER	 157 	GLN	 153 	6	65.9222550694	1	7.39298113078	27.167	57.036	24.984	25.131	58.788	22.286	20.386	55.308	22.599
482768	THR	 159 	SER	 157 	GLN	 153 	9	87.5265048234	1	5.89265593769	23.98	56.181	26.922	25.131	58.788	22.286	20.386	55.308	22.599
484928	THR	 159 	THR	 154 	SER	 157 	9	86.2508039891	1	8.07046398914	23.98	56.181	26.922	21.388	56.999	19.323	25.131	58.788	22.286
484923	THR	 154 	THR	 159 	SER	 158 	4	49.8093493686	1	8.08981649977	21.388	56.999	19.323	23.98	56.181	26.922	27.167	57.036	24.984
636124	ARG	 155 	ARG	 156 	SER	 157 	5	54.6724475608	1	5.8972648745	24.281	56.605	16.874	26.175	59.389	18.669	25.131	58.788	22.286
483050	THR	 159 	SER	 157 	ILE	 160 	3	36.0530878489	1	8.00524246978	23.98	56.181	26.922	25.131	58.788	22.286	23.098	52.485	26.783
483051	THR	 159 	SER	 158 	ILE	 160 	4	45.7199742981	1	6.3643352363	23.98	56.181	26.922	27.167	57.036	24.984	23.098	52.485	26.783
330410	LYS	 161 	ILE	 160 	ILE	 162 	3	37.3962600379	1	6.73822276272	19.754	50.701	27.091	23.098	52.485	26.783	19.316	47.084	28.172
268058	ILE	 163 	GLU	 164 	PHE	 165 	3	38.5143997177	1	6.70858032672	16.595	45.869	25.807	16.109	42.246	26.864	13.995	41.198	29.86
590616	ALA	 321 	GLY	 166 	PHE	 165 	1	22.2796795559	1	7.55191035434	9.094	35.98	27.455	12.492	37.909	28.716	13.995	41.198	29.86
590768	ALA	 168 	GLY	 166 	GLN	 167 	9	89.8232130827	1	5.78281263746	13.993	38.573	34.261	12.492	37.909	28.716	14.011	35.881	31.569
302760	GLY	 320 	GLY	 166 	GLN	 167 	1	14.1048885045	1	7.66578919616	10.659	38.649	25.255	12.492	37.909	28.716	14.011	35.881	31.569
303128	GLY	 166 	GLY	 319 	GLY	 320 	9	86.8058691028	1	6.3295024291	12.492	37.909	28.716	13.2	38.56	22.46	10.659	38.649	25.255
591049	ALA	 321 	GLY	 166 	ILE	 322 	2	27.8627972252	1	7.36581746991	9.094	35.98	27.455	12.492	37.909	28.716	8.045	33.782	24.539
633962	ARG	 169 	ALA	 168 	GLN	 167 	3	43.5169655317	1	6.46646843339	12.061	37.776	37.436	13.993	38.573	34.261	14.011	35.881	31.569
633961	ARG	 169 	ALA	 168 	GLN	 170 	2	24.6834469102	1	7.20049484411	12.061	37.776	37.436	13.993	38.573	34.261	11.899	38.51	41.15
419763	PRO	 173 	LYS	 172 	GLY	 174 	4	45.3482396403	1	6.37798008777	12.448	31.534	47.515	10.995	34.086	45.038	11.916	27.936	46.455
452887	SER	 337 	PRO	 173 	GLY	 174 	8	79.5619757659	1	4.46954024481	14.567	28.571	49.997	12.448	31.534	47.515	11.916	27.936	46.455
453100	SER	 337 	PRO	 173 	ASP	 175 	5	55.4014324914	1	7.93337595227	14.567	28.571	49.997	12.448	31.534	47.515	11.118	28.874	42.859
653042	ASN	 176 	ASP	 175 	GLY	 174 	3	42.9397097429	1	6.48893435011	12.097	26.384	40.157	11.118	28.874	42.859	11.916	27.936	46.455
447049	SER	 337 	GLY	 174 	ILE	 338 	2	29.256410016	1	7.70027570935	14.567	28.571	49.997	11.916	27.936	46.455	14.261	30.622	53.28
652538	ASN	 176 	ASP	 175 	PHE	 177 	3	42.2603789899	1	6.5121567088	12.097	26.384	40.157	11.118	28.874	42.859	12.412	27.656	36.594
649660	ASN	 176 	LYS	 334 	PHE	 177 	5	52.9480404576	1	6.27415811085	12.097	26.384	40.157	16.228	27.126	41.546	12.412	27.656	36.594
661755	ASN	 176 	VAL	 333 	LYS	 332 	4	50.9322502797	1	7.129651394	12.097	26.384	40.157	17.615	26.275	38.11	16.645	24.029	35.197
650237	ASN	 176 	LYS	 332 	LYS	 334 	6	62.8486148653	1	7.129651394	12.097	26.384	40.157	16.645	24.029	35.197	16.228	27.126	41.546
615098	ARG	 178 	LEU	 179 	PHE	 177 	3	35.6299557058	1	6.80746656253	14.236	27.228	33.291	16.916	29.489	31.83	12.412	27.656	36.594
211898	LEU	 179 	LEU	 180 	PHE	 181 	3	36.9438324008	1	6.76738472381	16.916	29.489	31.83	17.484	29.312	28.079	20.73	30.175	26.282
599260	ALA	 183 	THR	 182 	PHE	 181 	5	56.8357067998	1	5.77515575548	26.098	31.461	24.584	22.951	29.764	23.218	20.73	30.175	26.282
481180	THR	 182 	PRO	 184 	PHE	 181 	5	58.149498781	1	6.51898182234	22.951	29.764	23.218	27.052	29.331	27.63	20.73	30.175	26.282
538782	TYR	 187 	PRO	 184 	PHE	 181 	7	72.5320510844	1	8.03616898777	25.804	31.669	32.332	27.052	29.331	27.63	20.73	30.175	26.282
603221	ALA	 183 	TYR	 187 	TYR	 186 	6	61.9571869153	1	7.75636538593	26.098	31.461	24.584	25.804	31.669	32.332	27.481	34.209	30.073
416812	PRO	 184 	ILE	 228 	ILE	 229 	5	57.4511913059	1	7.8792211544	27.052	29.331	27.63	33.589	24.942	27.336	30.935	24.027	29.915
544757	TYR	 187 	TYR	 186 	GLU	 185 	6	62.1585061726	1	5.46035218644	25.804	31.669	32.332	27.481	34.209	30.073	29.915	31.595	28.739
602355	ALA	 188 	TYR	 186 	GLU	 185 	4	50.772048661	1	7.41441339554	27.414	30.95	35.689	27.481	34.209	30.073	29.915	31.595	28.739
540433	TYR	 186 	SER	 205 	GLU	 185 	2	26.4668100286	1	7.73177528127	27.481	34.209	30.073	27.373	37.351	33.232	29.915	31.595	28.739
541876	TYR	 186 	THR	 208 	GLU	 185 	5	55.7468143414	1	6.66527763863	27.481	34.209	30.073	32.186	37.484	30.881	29.915	31.595	28.739
603224	ALA	 188 	TYR	 186 	TYR	 187 	9	89.9802835235	1	6.49346024859	27.414	30.95	35.689	27.481	34.209	30.073	25.804	31.669	32.332
545552	TYR	 187 	TYR	 186 	TRP	 204 	9	87.8139105617	1	7.10691290224	25.804	31.669	32.332	27.481	34.209	30.073	29.113	36.396	36.481
545405	TYR	 187 	TYR	 186 	SER	 205 	6	65.1009904505	1	5.96295941626	25.804	31.669	32.332	27.481	34.209	30.073	27.373	37.351	33.232
603151	ALA	 188 	TYR	 186 	TRP	 204 	8	77.5600585517	1	6.9648300051	27.414	30.95	35.689	27.481	34.209	30.073	29.113	36.396	36.481
543967	TYR	 186 	TRP	 204 	SER	 205 	8	80.1695532844	1	6.9648300051	27.481	34.209	30.073	29.113	36.396	36.481	27.373	37.351	33.232
544039	TYR	 186 	TRP	 204 	THR	 208 	8	83.050491686	1	6.9648300051	27.481	34.209	30.073	29.113	36.396	36.481	32.186	37.484	30.881
602930	ALA	 188 	TYR	 187 	PRO	 189 	3	35.9630068978	1	6.83318146986	27.414	30.95	35.689	25.804	31.669	32.332	28.596	27.542	37.008
603149	ALA	 188 	TYR	 187 	TRP	 204 	6	68.2511668699	1	7.10691290224	27.414	30.95	35.689	25.804	31.669	32.332	29.113	36.396	36.481
539142	TYR	 187 	PRO	 189 	HIS	 192 	7	71.0737596449	1	7.22487508543	25.804	31.669	32.332	28.596	27.542	37.008	25.124	24.703	34.124
573699	VAL	 191 	TYR	 187 	HIS	 192 	4	50.3570830759	1	7.22487508543	23.323	27.532	35.915	25.804	31.669	32.332	25.124	24.703	34.124
543965	TYR	 187 	TRP	 204 	SER	 205 	6	65.1478774932	1	7.10691290224	25.804	31.669	32.332	29.113	36.396	36.481	27.373	37.351	33.232
597026	ALA	 188 	PRO	 189 	MET	 233 	3	34.7505076761	1	7.33011227745	27.414	30.95	35.689	28.596	27.542	37.008	31.907	25.161	35.865
596958	ALA	 188 	PRO	 189 	LYS	 261 	7	68.4814918172	1	7.5557014896	27.414	30.95	35.689	28.596	27.542	37.008	32.764	29.92	40.924
603939	ALA	 188 	VAL	 191 	HIS	 192 	4	51.4108837017	1	6.83508112607	27.414	30.95	35.689	23.323	27.532	35.915	25.124	24.703	34.124
601640	ALA	 188 	TRP	 204 	THR	 201 	9	84.5584622854	1	5.86749443971	27.414	30.95	35.689	29.113	36.396	36.481	24.385	34.997	38.668
415157	PRO	 189 	HIS	 192 	GLU	 190 	6	66.7991775163	1	5.58692410902	28.596	27.542	37.008	25.124	24.703	34.124	25.42	27.226	39.1
420913	PRO	 189 	MET	 233 	GLU	 190 	2	26.6871546685	1	7.53728193714	28.596	27.542	37.008	31.907	25.161	35.865	25.42	27.226	39.1
415085	PRO	 189 	HIS	 192 	GLN	 193 	6	61.593220797	1	6.02067803491	28.596	27.542	37.008	25.124	24.703	34.124	25.028	22.706	37.37
421061	PRO	 189 	MET	 233 	HIS	 192 	6	65.1523408685	1	7.0178297215	28.596	27.542	37.008	31.907	25.161	35.865	25.124	24.703	34.124
420846	PRO	 189 	MET	 233 	GLN	 193 	7	69.1449950982	1	7.4573917022	28.596	27.542	37.008	31.907	25.161	35.865	25.028	22.706	37.37
421132	PRO	 189 	MET	 233 	ILE	 232 	5	58.5500934647	1	5.86037311099	28.596	27.542	37.008	31.907	25.161	35.865	32.875	27.496	33.004
654631	ASN	 234 	PRO	 189 	MET	 233 	8	82.0858331724	1	7.29592139486	35.524	25.255	37.062	28.596	27.542	37.008	31.907	25.161	35.865
597030	ALA	 235 	PRO	 189 	MET	 233 	7	75.3946771807	1	7.31680155532	35.738	29.028	36.443	28.596	27.542	37.008	31.907	25.161	35.865
421279	PRO	 189 	MET	 233 	LYS	 261 	8	78.4017111626	1	6.99828629023	28.596	27.542	37.008	31.907	25.161	35.865	32.764	29.92	40.924
596959	ALA	 235 	PRO	 189 	LYS	 261 	8	82.4842761972	1	7.31680155532	35.738	29.028	36.443	28.596	27.542	37.008	32.764	29.92	40.924
242360	HIS	 194 	HIS	 192 	GLU	 190 	9	83.6066759777	1	6.12048339594	21.21	23.122	37.399	25.124	24.703	34.124	25.42	27.226	39.1
357558	MET	 233 	HIS	 192 	GLU	 190 	7	71.1363914977	1	7.53728193714	31.907	25.161	35.865	25.124	24.703	34.124	25.42	27.226	39.1
354605	MET	 233 	GLU	 190 	GLN	 193 	6	65.0888080167	1	7.53728193714	31.907	25.161	35.865	25.42	27.226	39.1	25.028	22.706	37.37
386358	ASP	 195 	HIS	 194 	GLU	 190 	7	73.8717669437	1	6.12048339594	21.467	24.508	40.914	21.21	23.122	37.399	25.42	27.226	39.1
566499	VAL	 191 	ASP	 195 	HIS	 192 	4	45.5277790063	1	7.71464671907	23.323	27.532	35.915	21.467	24.508	40.914	25.124	24.703	34.124
603940	ALA	 331 	VAL	 191 	HIS	 192 	5	59.8913128313	1	6.40963072259	18.983	24.865	32.295	23.323	27.532	35.915	25.124	24.703	34.124
559086	VAL	 191 	HIS	 194 	GLN	 193 	7	70.0001203072	1	5.32112074661	23.323	27.532	35.915	21.21	23.122	37.399	25.028	22.706	37.37
575932	VAL	 191 	VAL	 196 	VAL	 197 	5	58.5999089734	1	7.40998070173	23.323	27.532	35.915	20.738	27.717	42.857	20.841	31.08	41.097
242288	HIS	 194 	HIS	 192 	GLN	 193 	9	89.6201844782	1	5.34271298125	21.21	23.122	37.399	25.124	24.703	34.124	25.028	22.706	37.37
357483	MET	 233 	HIS	 192 	GLN	 193 	4	52.1856175058	1	7.4573917022	31.907	25.161	35.865	25.124	24.703	34.124	25.028	22.706	37.37
386502	ASP	 195 	HIS	 192 	HIS	 194 	7	68.8887163211	1	7.71464671907	21.467	24.508	40.914	25.124	24.703	34.124	21.21	23.122	37.399
359144	MET	 233 	ILE	 229 	HIS	 192 	9	87.9952521211	1	7.20696732336	31.907	25.161	35.865	30.935	24.027	29.915	25.124	24.703	34.124
566497	VAL	 196 	ASP	 195 	HIS	 194 	2	26.8347315716	1	7.1502848195	20.738	27.717	42.857	21.467	24.508	40.914	21.21	23.122	37.399
390819	ASP	 195 	LYS	 334 	HIS	 194 	4	44.925845626	1	7.61905171265	21.467	24.508	40.914	16.228	27.126	41.546	21.21	23.122	37.399
592423	ALA	 331 	LYS	 332 	HIS	 194 	8	79.0163639884	1	5.83510017052	18.983	24.865	32.295	16.645	24.029	35.197	21.21	23.122	37.399
563618	VAL	 333 	LYS	 334 	HIS	 194 	3	41.4422328233	1	7.61905171265	17.615	26.275	38.11	16.228	27.126	41.546	21.21	23.122	37.399
566714	VAL	 333 	ASP	 195 	LYS	 332 	3	40.1444068961	1	7.49434546842	17.615	26.275	38.11	21.467	24.508	40.914	16.645	24.029	35.197
484926	THR	 201 	THR	 199 	SER	 198 	7	68.5321710215	1	5.42123288561	24.385	34.997	38.668	21.496	38.147	41.764	20.739	34.532	42.653
483338	THR	 201 	SER	 198 	ASP	 202 	3	40.0700765589	1	7.73727820361	24.385	34.997	38.668	20.739	34.532	42.653	24.088	38.304	36.786
599908	ALA	 200 	THR	 199 	MET	 203 	5	55.2009177134	1	7.12104493737	25.146	36.99	41.827	21.496	38.147	41.764	27.47	39.416	38.102
600195	ALA	 200 	THR	 268 	THR	 199 	4	45.3024861962	1	7.98890856125	25.146	36.99	41.827	27.744	42.613	43.964	21.496	38.147	41.764
484710	THR	 199 	THR	 201 	MET	 203 	7	69.4492898151	1	7.12104493737	21.496	38.147	41.764	24.385	34.997	38.668	27.47	39.416	38.102
480387	THR	 199 	ASP	 202 	MET	 203 	4	49.4229684942	1	7.12104493737	21.496	38.147	41.764	24.088	38.304	36.786	27.47	39.416	38.102
484712	THR	 199 	THR	 268 	MET	 203 	9	86.1890070155	1	7.98890856125	21.496	38.147	41.764	27.744	42.613	43.964	27.47	39.416	38.102
599981	ALA	 200 	THR	 201 	ASP	 202 	6	64.8247433836	1	5.31579166258	25.146	36.99	41.827	24.385	34.997	38.668	24.088	38.304	36.786
601638	ALA	 200 	TRP	 204 	THR	 201 	7	70.4365263574	1	6.68353506761	25.146	36.99	41.827	29.113	36.396	36.481	24.385	34.997	38.668
595590	ALA	 200 	ASP	 202 	MET	 203 	7	73.5583366513	1	5.31579166258	25.146	36.99	41.827	24.088	38.304	36.786	27.47	39.416	38.102
636486	ARG	 266 	ARG	 263 	ALA	 200 	7	74.3733647298	1	6.88153732824	31.812	37.47	43.467	28.19	33.001	44.055	25.146	36.99	41.827
634467	ARG	 266 	ALA	 200 	MET	 267 	4	49.8317676471	1	7.66050722864	31.812	37.47	43.467	25.146	36.99	41.827	31.259	41.241	43.628
599907	ALA	 200 	THR	 268 	MET	 267 	4	48.2478138223	1	7.66050722864	25.146	36.99	41.827	27.744	42.613	43.964	31.259	41.241	43.628
480389	THR	 201 	ASP	 202 	MET	 203 	6	62.7216633553	1	5.41896133959	24.385	34.997	38.668	24.088	38.304	36.786	27.47	39.416	38.102
513582	TRP	 204 	THR	 201 	ASP	 202 	7	69.4893389424	1	5.39389970244	29.113	36.396	36.481	24.385	34.997	38.668	24.088	38.304	36.786
513510	TRP	 204 	THR	 201 	MET	 203 	7	68.7514654954	1	5.41896133959	29.113	36.396	36.481	24.385	34.997	38.668	27.47	39.416	38.102
483272	THR	 201 	SER	 205 	MET	 203 	9	88.6329219698	1	6.63472350592	24.385	34.997	38.668	27.373	37.351	33.232	27.47	39.416	38.102
507391	TRP	 204 	MET	 203 	LEU	 258 	8	79.7475710941	1	5.9072788998	29.113	36.396	36.481	27.47	39.416	38.102	33.248	38.534	38.958
507387	TRP	 204 	MET	 203 	LEU	 259 	4	44.4666696055	1	8.02955496899	29.113	36.396	36.481	27.47	39.416	38.102	34.326	35.325	37.246
622948	ARG	 266 	MET	 203 	MET	 267 	5	56.887610039	1	7.17099051736	31.812	37.47	43.467	27.47	39.416	38.102	31.259	41.241	43.628
478948	THR	 268 	MET	 203 	MET	 267 	5	55.5359743991	1	6.9443374054	27.744	42.613	43.964	27.47	39.416	38.102	31.259	41.241	43.628
513150	TRP	 204 	THR	 208 	LEU	 259 	7	72.5140121379	1	7.05365905045	29.113	36.396	36.481	32.186	37.484	30.881	34.326	35.325	37.246
633392	ARG	 266 	VAL	 260 	TRP	 204 	9	86.5216546078	1	7.56586234345	31.812	37.47	43.467	34.324	33.385	40.516	29.113	36.396	36.481
561817	VAL	 255 	GLY	 207 	PHE	 254 	2	34.0879671369	1	7.89603305464	36.907	40.778	35.973	32.334	39.356	34.179	37.455	43.832	38.19
566643	VAL	 255 	ASP	 256 	GLY	 207 	4	45.1716903799	1	7.7330722226	36.907	40.778	35.973	38.753	38.502	38.406	32.334	39.356	34.179
660677	ASN	 218 	TYR	 211 	THR	 208 	6	65.0490212981	1	7.74139845248	35.663	34.024	24.892	36.306	40.07	29.441	32.186	37.484	30.881
573842	VAL	 212 	TYR	 211 	GLY	 216 	3	36.677796767	1	7.41693427233	35.035	39.843	25.846	36.306	40.07	29.441	37.371	40.037	22.101
662259	ASN	 218 	VAL	 212 	TYR	 211 	4	46.0284927698	1	7.59348181008	35.663	34.024	24.892	35.035	39.843	25.846	36.306	40.07	29.441
540723	TYR	 211 	SER	 215 	GLY	 216 	4	48.7161440771	1	7.41693427233	36.306	40.07	29.441	39.897	41.26	24.66	37.371	40.037	22.101
660172	ASN	 218 	TYR	 211 	ILE	 217 	5	54.4102389758	1	7.59348181008	35.663	34.024	24.892	36.306	40.07	29.441	38.07	36.504	23.299
660532	ASN	 218 	TYR	 211 	PRO	 219 	5	57.9713416116	1	7.59348181008	35.663	34.024	24.892	36.306	40.07	29.441	37.383	33.344	28.261
562178	VAL	 212 	GLY	 216 	HIS	 295 	3	35.1343862265	1	7.43234579389	35.035	39.843	25.846	37.371	40.037	22.101	35.993	41.067	18.578
446907	SER	 215 	GLY	 216 	LEU	 214 	4	48.3785041242	1	6.21980731213	39.897	41.26	24.66	37.371	40.037	22.101	38.364	44.064	26.736
445467	SER	 215 	ILE	 290 	LEU	 214 	4	52.1460660663	1	8.08285760112	39.897	41.26	24.66	42.058	48.381	21.505	38.364	44.064	26.736
446977	SER	 215 	GLY	 216 	HIS	 295 	2	27.9206957938	1	7.22974335644	39.897	41.26	24.66	37.371	40.037	22.101	35.993	41.067	18.578
450943	SER	 215 	ASP	 240 	PHE	 244 	8	82.118759523	1	7.7338477487	39.897	41.26	24.66	45.224	36.344	27.356	45.57	42.114	28.045
448420	SER	 215 	LYS	 294 	HIS	 295 	5	55.1225661564	1	7.53585920781	39.897	41.26	24.66	39.104	39.178	17.461	35.993	41.067	18.578
301538	GLY	 216 	ILE	 217 	HIS	 295 	3	36.7145269875	1	6.88641699289	37.371	40.037	22.101	38.07	36.504	23.299	35.993	41.067	18.578
331705	LYS	 294 	GLY	 216 	LEU	 293 	2	33.2464126738	1	7.86249648649	39.104	39.178	17.461	37.371	40.037	22.101	39.98	41.854	14.91
621364	ARG	 296 	LYS	 294 	GLY	 216 	5	58.870856043	1	7.61377160151	34.538	40.76	15.071	39.104	39.178	17.461	37.371	40.037	22.101
533382	TYR	 298 	GLY	 216 	HIS	 295 	7	75.0328990825	1	6.23752210417	33.688	36.51	18.509	37.371	40.037	22.101	35.993	41.067	18.578
660172	ASN	 218 	TYR	 298 	ILE	 217 	5	60.5254271639	1	7.12906094798	35.663	34.024	24.892	33.688	36.51	18.509	38.07	36.504	23.299
531942	TYR	 298 	ILE	 217 	HIS	 295 	7	71.2230492374	1	6.88641699289	33.688	36.51	18.509	38.07	36.504	23.299	35.993	41.067	18.578
542453	TYR	 237 	THR	 238 	PRO	 219 	6	66.3358607778	1	7.15185947849	40.294	30.92	32.503	43.445	32.997	32.04	37.383	33.344	28.261
538783	TYR	 237 	PRO	 219 	PHE	 239 	8	80.0385529561	1	7.8493311817	40.294	30.92	32.503	37.383	33.344	28.261	44.003	36.584	30.961
481179	THR	 238 	PRO	 219 	PHE	 239 	4	48.7517228923	1	7.8493311817	43.445	32.997	32.04	37.383	33.344	28.261	44.003	36.584	30.961
586298	ALA	 222 	LEU	 221 	PHE	 220 	3	42.0459300117	1	6.53096271617	37.539	25.167	23.981	36.752	28.8	24.784	36.107	29.752	28.406
272379	ILE	 229 	ILE	 228 	PHE	 220 	4	51.214865104	1	7.86144325172	30.935	24.027	29.915	33.589	24.942	27.336	36.107	29.752	28.406
646781	ASN	 231 	ILE	 229 	PHE	 220 	6	64.0095764171	1	7.86144325172	35.818	25.328	31.911	30.935	24.027	29.915	36.107	29.752	28.406
659744	ASN	 231 	TYR	 237 	PHE	 220 	9	86.6895564976	1	7.18717635793	35.818	25.328	31.911	40.294	30.92	32.503	36.107	29.752	28.406
586513	ALA	 222 	LEU	 221 	GLU	 223 	2	28.3425971549	1	7.09409677126	37.539	25.167	23.981	36.752	28.8	24.784	37.284	22.823	21.0
662836	ASN	 225 	ALA	 222 	GLU	 223 	5	57.0570022771	1	6.99968570723	30.999	22.679	23.797	37.539	25.167	23.981	37.284	22.823	21.0
589394	ALA	 222 	ILE	 228 	GLU	 223 	3	39.0139166531	1	7.63466318838	37.539	25.167	23.981	33.589	24.942	27.336	37.284	22.823	21.0
599407	ALA	 222 	THR	 224 	GLN	 227 	8	81.7660903324	1	5.88667384862	37.539	25.167	23.981	34.094	21.108	22.205	34.671	21.291	27.358
657074	ASN	 225 	THR	 224 	GLU	 223 	3	34.8130612526	1	6.88078265897	30.999	22.679	23.797	34.094	21.108	22.205	37.284	22.823	21.0
657005	ASN	 225 	THR	 224 	GLN	 226 	6	62.1909860869	1	5.45692266758	30.999	22.679	23.797	34.094	21.108	22.205	31.096	20.184	26.67
468366	THR	 224 	GLN	 226 	GLN	 227 	7	71.791029733	1	5.45692266758	34.094	21.108	22.205	31.096	20.184	26.67	34.671	21.291	27.358
641168	ASN	 225 	GLN	 227 	GLN	 226 	9	89.9724560684	1	5.30008009373	30.999	22.679	23.797	34.671	21.291	27.358	31.096	20.184	26.67
272525	ILE	 229 	ILE	 228 	GLN	 227 	6	65.1123408156	1	5.28976757523	30.935	24.027	29.915	33.589	24.942	27.336	34.671	21.291	27.358
646924	ASN	 231 	ILE	 228 	GLN	 227 	5	58.4647600398	1	6.19215527906	35.818	25.328	31.911	33.589	24.942	27.336	34.671	21.291	27.358
646927	ASN	 231 	ILE	 229 	GLN	 227 	8	79.2166873899	1	6.19215527906	35.818	25.328	31.911	30.935	24.027	29.915	34.671	21.291	27.358
647212	ASN	 231 	ILE	 228 	ILE	 232 	5	57.6375480834	1	6.25771012432	35.818	25.328	31.911	33.589	24.942	27.336	32.875	27.496	33.004
651535	ASN	 231 	MET	 233 	ILE	 229 	8	81.70382166	1	6.13459371108	35.818	25.328	31.911	31.907	25.161	35.865	30.935	24.027	29.915
665716	ASN	 234 	ASN	 231 	GLU	 230 	5	59.4216650065	1	6.14514613333	35.524	25.255	37.062	35.818	25.328	31.911	33.55	22.264	32.07
665934	ASN	 234 	ASN	 231 	ILE	 232 	7	69.5173811208	1	5.33916154466	35.524	25.255	37.062	35.818	25.328	31.911	32.875	27.496	33.004
666149	ASN	 231 	ASN	 234 	MET	 233 	6	66.6395716791	1	5.5639847232	35.818	25.328	31.911	35.524	25.255	37.062	31.907	25.161	35.865
663272	ASN	 231 	ALA	 235 	MET	 233 	9	89.0055799153	1	5.85110451112	35.818	25.328	31.911	35.738	29.028	36.443	31.907	25.161	35.865
651316	ASN	 231 	MET	 233 	GLU	 236 	5	57.0559871151	1	7.65739870974	35.818	25.328	31.911	31.907	25.161	35.865	38.878	28.044	34.55
666725	ASN	 231 	ASN	 234 	ALA	 235 	6	63.3154324339	1	5.85110451112	35.818	25.328	31.911	35.524	25.255	37.062	35.738	29.028	36.443
665720	ASN	 234 	ASN	 231 	GLU	 236 	9	87.8984934028	1	5.15989980523	35.524	25.255	37.062	35.818	25.328	31.911	38.878	28.044	34.55
663269	ASN	 234 	ALA	 235 	MET	 233 	6	62.054089239	1	5.47396876133	35.524	25.255	37.062	35.738	29.028	36.443	31.907	25.161	35.865
651315	ASN	 234 	MET	 233 	GLU	 236 	4	45.0715400875	1	7.65739870974	35.524	25.255	37.062	31.907	25.161	35.865	38.878	28.044	34.55
593714	ALA	 235 	MET	 233 	GLU	 236 	3	41.3652005388	1	7.65739870974	35.738	29.028	36.443	31.907	25.161	35.865	38.878	28.044	34.55
541873	TYR	 237 	THR	 238 	GLU	 236 	2	25.5295940927	1	7.18956173908	40.294	30.92	32.503	43.445	32.997	32.04	38.878	28.044	34.55
541657	TYR	 237 	THR	 238 	PHE	 239 	2	32.1419330603	1	6.94372673713	40.294	30.92	32.503	43.445	32.997	32.04	44.003	36.584	30.961
594938	ALA	 243 	ASP	 240 	PHE	 239 	3	37.8205877348	1	7.88273340917	45.104	40.91	24.464	45.224	36.344	27.356	44.003	36.584	30.961
378940	ASP	 240 	PHE	 244 	PHE	 239 	5	58.3287458524	1	6.44511016198	45.224	36.344	27.356	45.57	42.114	28.045	44.003	36.584	30.961
325874	LYS	 245 	GLU	 242 	GLU	 246 	3	35.7867861782	1	7.91925810919	49.126	43.499	27.931	48.704	39.71	24.273	47.737	46.984	27.251
445394	SER	 248 	ILE	 247 	GLU	 246 	3	41.8763414279	1	6.56020563702	44.808	48.208	32.992	44.702	46.612	29.534	47.737	46.984	27.251
445610	SER	 248 	ILE	 247 	ILE	 249 	3	40.9046074493	1	6.58383938139	44.808	48.208	32.992	44.702	46.612	29.534	45.398	46.041	36.056
598468	ALA	 251 	SER	 248 	MET	 252 	5	53.0194702649	1	6.73302732803	40.101	46.18	34.703	44.808	48.208	32.992	41.59	42.711	35.174
600701	ALA	 251 	TRP	 277 	PHE	 254 	6	67.9482141483	1	6.89330820434	40.101	46.18	34.703	38.03	50.684	37.703	37.455	43.832	38.19
393988	ASP	 256 	ASP	 253 	MET	 252 	5	59.8996284894	1	6.01748070209	38.753	38.502	38.406	41.072	42.862	38.93	41.59	42.711	35.174
566862	VAL	 255 	ASP	 253 	ASP	 256 	7	74.5233979566	1	5.51671369567	36.907	40.778	35.973	41.072	42.862	38.93	38.753	38.502	38.406
501344	TRP	 277 	HIS	 275 	PHE	 254 	9	87.1272533697	1	7.14366250603	38.03	50.684	37.703	35.702	49.251	42.502	37.455	43.832	38.19
636122	ARG	 257 	ARG	 266 	SER	 265 	3	39.2379642329	1	7.73828559824	36.256	39.379	41.149	31.812	37.47	43.467	32.45	35.347	46.547
627271	ARG	 257 	SER	 265 	MET	 267 	8	82.4022536729	1	7.73828559824	36.256	39.379	41.149	32.45	35.347	46.547	31.259	41.241	43.628
635909	ARG	 257 	ARG	 266 	MET	 267 	6	63.4190261591	1	5.88068822503	36.256	39.379	41.149	31.812	37.47	43.467	31.259	41.241	43.628
635837	ARG	 266 	ARG	 263 	LYS	 264 	6	65.6487000617	1	5.78243798064	31.812	37.47	43.467	28.19	33.001	44.055	28.842	34.562	47.454
450075	SER	 265 	MET	 267 	LYS	 264 	4	44.8443410816	1	8.06778817273	32.45	35.347	46.547	31.259	41.241	43.628	28.842	34.562	47.454
627266	ARG	 266 	SER	 265 	MET	 267 	3	38.8292118532	1	6.68418117648	31.812	37.47	43.467	32.45	35.347	46.547	31.259	41.241	43.628
599906	ALA	 269 	THR	 268 	MET	 267 	3	41.5019753594	1	6.55289752705	26.618	45.413	41.629	27.744	42.613	43.964	31.259	41.241	43.628
483266	THR	 268 	SER	 270 	MET	 267 	3	36.2528213323	1	7.92436754574	27.744	42.613	43.964	27.069	47.915	44.463	31.259	41.241	43.628
478519	THR	 268 	MET	 267 	GLU	 271 	8	80.6384414559	1	5.71338708648	27.744	42.613	43.964	31.259	41.241	43.628	30.609	46.697	45.194
605956	ALA	 272 	ALA	 269 	THR	 268 	5	59.0581629439	1	6.11220295802	31.394	46.831	41.465	26.618	45.413	41.629	27.744	42.613	43.964
587886	ALA	 272 	HIS	 275 	GLN	 274 	7	69.1941048132	1	5.34077456929	31.394	46.831	41.465	35.702	49.251	42.502	32.876	51.188	44.175
415083	PRO	 276 	HIS	 275 	GLN	 274 	4	46.7406942861	1	6.34105551151	38.556	51.577	41.383	35.702	49.251	42.502	32.876	51.188	44.175
510341	TRP	 277 	PRO	 276 	HIS	 275 	6	61.9381894057	1	5.52299502082	38.03	50.684	37.703	38.556	51.577	41.383	35.702	49.251	42.502
501629	TRP	 277 	HIS	 275 	LEU	 278 	6	64.8414146474	1	5.79439608587	38.03	50.684	37.703	35.702	49.251	42.502	34.547	52.246	37.678
506024	TRP	 277 	LYS	 279 	HIS	 275 	9	88.52885867	1	5.76892901672	38.03	50.684	37.703	34.957	54.546	40.69	35.702	49.251	42.502
510269	TRP	 277 	PRO	 276 	LEU	 278 	6	61.6872599372	1	5.49969699165	38.03	50.684	37.703	38.556	51.577	41.383	34.547	52.246	37.678
510558	TRP	 277 	PRO	 276 	LYS	 279 	7	72.9484926094	1	5.76892901672	38.03	50.684	37.703	38.556	51.577	41.383	34.957	54.546	40.69
510127	TRP	 277 	PRO	 276 	GLN	 280 	8	79.3949184564	1	5.9667486121	38.03	50.684	37.703	38.556	51.577	41.383	37.984	56.427	39.321
505805	TRP	 277 	LYS	 279 	GLN	 280 	6	63.6058490275	1	5.9667486121	38.03	50.684	37.703	34.957	54.546	40.69	37.984	56.427	39.321
333147	LYS	 281 	LYS	 279 	LEU	 278 	4	45.3639560727	1	7.95724079063	37.353	59.689	37.464	34.957	54.546	40.69	34.547	52.246	37.678
333008	LYS	 279 	LYS	 281 	GLN	 280 	9	89.8499481101	1	6.52674045753	34.957	54.546	40.69	37.353	59.689	37.464	37.984	56.427	39.321
563403	VAL	 285 	LYS	 281 	GLN	 280 	4	49.7607783846	1	7.87069259977	40.624	55.976	31.92	37.353	59.689	37.464	37.984	56.427	39.321
633242	ARG	 284 	VAL	 285 	SER	 286 	3	41.3949164323	1	6.54901465871	41.695	58.672	34.376	40.624	55.976	31.92	42.821	55.218	28.927
628491	ARG	 291 	THR	 292 	ILE	 290 	4	46.0433286922	1	6.35134615652	42.393	45.979	18.552	39.048	44.624	17.362	42.058	48.381	21.505
628636	ARG	 291 	THR	 292 	LYS	 294 	5	53.7185900196	1	7.63291576005	42.393	45.979	18.552	39.048	44.624	17.362	39.104	39.178	17.461
628417	ARG	 291 	THR	 292 	HIS	 295 	2	30.8311116524	1	8.06773946034	42.393	45.979	18.552	39.048	44.624	17.362	35.993	41.067	18.578
621219	ARG	 291 	LYS	 294 	HIS	 295 	4	48.7351505582	1	8.06773946034	42.393	45.979	18.552	39.104	39.178	17.461	35.993	41.067	18.578
477223	THR	 292 	LYS	 294 	HIS	 295 	8	76.0255530997	1	5.44718762298	39.048	44.624	17.362	39.104	39.178	17.461	35.993	41.067	18.578
628423	ARG	 296 	THR	 292 	HIS	 295 	8	76.2784263852	1	6.36547539466	34.538	40.76	15.071	39.048	44.624	17.362	35.993	41.067	18.578
621224	ARG	 296 	LYS	 294 	HIS	 295 	9	89.9859573715	1	5.39102773133	34.538	40.76	15.071	39.104	39.178	17.461	35.993	41.067	18.578
621221	ARG	 297 	LYS	 294 	HIS	 295 	6	67.8379399597	1	5.45315642541	35.166	36.998	15.043	39.104	39.178	17.461	35.993	41.067	18.578
635840	ARG	 296 	ARG	 297 	LYS	 294 	9	85.5013300161	1	5.39102773133	34.538	40.76	15.071	35.166	36.998	15.043	39.104	39.178	17.461
635621	ARG	 297 	ARG	 296 	HIS	 295 	6	62.3704322172	1	5.45315642541	35.166	36.998	15.043	34.538	40.76	15.071	35.993	41.067	18.578
544902	TYR	 299 	TYR	 298 	HIS	 295 	7	74.5754480423	1	6.06598541047	30.6	38.504	17.509	33.688	36.51	18.509	35.993	41.067	18.578
636344	ARG	 297 	ARG	 296 	TYR	 299 	9	85.9872066233	1	5.4034755482	35.166	36.998	15.043	34.538	40.76	15.071	30.6	38.504	17.509
635622	ARG	 296 	ARG	 297 	HIS	 300 	7	70.4400882157	1	6.44121921689	34.538	40.76	15.071	35.166	36.998	15.043	30.029	36.192	14.531
632022	ARG	 296 	TYR	 298 	TYR	 299 	7	72.3988522045	1	5.53216449502	34.538	40.76	15.071	33.688	36.51	18.509	30.6	38.504	17.509
544901	TYR	 298 	TYR	 299 	HIS	 300 	6	63.0757174327	1	5.41423023153	33.688	36.51	18.509	30.6	38.504	17.509	30.029	36.192	14.531
545480	TYR	 299 	TYR	 298 	THR	 301 	9	89.4634837211	1	5.43543172158	30.6	38.504	17.509	33.688	36.51	18.509	29.794	33.173	16.82
542022	TYR	 298 	THR	 301 	HIS	 300 	7	68.8388183667	1	5.41423023153	33.688	36.51	18.509	29.794	33.173	16.82	30.029	36.192	14.531
474341	THR	 301 	ILE	 303 	HIS	 300 	6	65.6657330041	1	5.92950335188	29.794	33.173	16.82	25.014	36.64	17.359	30.029	36.192	14.531
477222	THR	 301 	LYS	 304 	HIS	 300 	7	70.1795479735	1	5.77876154552	29.794	33.173	16.82	24.929	34.655	14.076	30.029	36.192	14.531
651388	ASN	 308 	MET	 309 	LEU	 307 	5	57.1620366911	1	5.71691175374	17.476	41.914	8.64	16.758	44.357	11.453	18.652	39.007	10.765
661832	ASN	 308 	VAL	 310 	MET	 309 	9	89.691524625	1	6.29864604498	17.476	41.914	8.64	16.323	47.916	10.163	16.758	44.357	11.453
569669	VAL	 310 	SER	 312 	MET	 309 	6	63.2849329156	1	6.77500826568	16.323	47.916	10.163	19.349	47.297	16.193	16.758	44.357	11.453
627272	ARG	 315 	SER	 312 	MET	 309 	9	86.5559209696	1	6.47661153691	15.522	42.708	17.593	19.349	47.297	16.193	16.758	44.357	11.453
634971	ARG	 315 	ALA	 314 	VAL	 311 	4	48.7955621184	1	7.98202994231	15.522	42.708	17.593	14.139	46.096	16.542	17.505	49.28	13.52
605885	ALA	 314 	ALA	 313 	SER	 312 	6	64.1587289583	1	5.35801287792	14.139	46.096	16.542	16.68	47.709	18.891	19.349	47.297	16.193
618056	ARG	 315 	ILE	 316 	CYS	 318 	9	87.2002074185	1	5.42350421775	15.522	42.708	17.593	13.241	42.914	20.61	13.027	38.025	18.715
446696	SER	 317 	GLY	 319 	CYS	 318 	9	89.7255422963	1	5.56428629745	10.959	41.159	18.08	13.2	38.56	22.46	13.027	38.025	18.715
302689	GLY	 320 	GLY	 319 	CYS	 318 	2	30.5666854817	1	6.98343754894	10.659	38.649	25.255	13.2	38.56	22.46	13.027	38.025	18.715
619492	ARG	 323 	GLY	 319 	CYS	 318 	5	60.1587751873	1	6.31363516526	10.666	33.103	21.887	13.2	38.56	22.46	13.027	38.025	18.715
634324	ARG	 323 	ALA	 321 	GLY	 320 	5	59.5282345854	1	6.48857372617	10.666	33.103	21.887	9.094	35.98	27.455	10.659	38.649	25.255
627049	ARG	 323 	SER	 324 	ILE	 322 	2	23.8848967125	1	7.22768981072	10.666	33.103	21.887	12.091	30.452	19.561	8.045	33.782	24.539
626762	ARG	 323 	SER	 324 	GLN	 325 	3	43.6344966731	1	6.45534956451	10.666	33.103	21.887	12.091	30.452	19.561	13.609	27.395	21.232
331563	LYS	 326 	GLY	 327 	GLN	 325 	4	49.4701131209	1	6.15198764628	15.264	25.961	18.124	18.905	25.265	18.938	13.609	27.395	21.232
569162	VAL	 328 	SER	 329 	GLN	 325 	3	39.8104275702	1	8.05169876486	18.606	26.74	22.433	19.982	25.035	25.55	13.609	27.395	21.232
569522	VAL	 328 	SER	 329 	GLY	 327 	3	38.4314263271	1	6.70308682623	18.606	26.74	22.433	19.982	25.035	25.55	18.905	25.265	18.938
604442	ALA	 331 	VAL	 330 	SER	 329 	3	35.78890698	1	6.82069835134	18.983	24.865	32.295	17.83	24.686	28.667	19.982	25.035	25.55
598250	ALA	 336 	SER	 337 	ILE	 338 	3	40.5416990812	1	6.71248709496	17.368	29.307	47.477	14.567	28.571	49.997	14.261	30.622	53.28
