419402	PRO	 250 	LYS	 249 	GLN	 251 	3	39.2003871513	1	6.64718256106	27.482	39.808	60.466	31.132	38.733	60.203	24.814	38.447	58.157
481328	THR	 252 	PRO	 250 	GLN	 251 	9	89.9313365265	1	6.31611344103	24.054	40.731	55.242	27.482	39.808	60.466	24.814	38.447	58.157
468363	THR	 252 	GLN	 253 	GLN	 251 	4	45.0331136588	1	6.34910285001	24.054	40.731	55.242	20.365	41.388	54.712	24.814	38.447	58.157
599403	ALA	 256 	THR	 252 	GLN	 253 	4	51.9481638013	1	7.95534700689	22.699	40.771	47.403	24.054	40.731	55.242	20.365	41.388	54.712
298442	GLY	 254 	LEU	 255 	GLN	 253 	3	35.3417277281	1	6.80540733535	19.72	39.243	51.656	22.279	37.575	49.41	20.365	41.388	54.712
590762	ALA	 256 	GLY	 254 	GLN	 253 	3	40.2189258414	1	7.69738436094	22.699	40.771	47.403	19.72	39.243	51.656	20.365	41.388	54.712
533162	TYR	 326 	GLY	 254 	GLN	 253 	3	36.529784944	1	7.78503603075	17.685	34.507	52.247	19.72	39.243	51.656	20.365	41.388	54.712
504507	TRP	 260 	GLY	 254 	LEU	 255 	4	47.7767599651	1	8.03244788343	14.742	37.46	46.635	19.72	39.243	51.656	22.279	37.575	49.41
592564	ALA	 256 	LYS	 257 	GLY	 254 	5	60.5719243747	1	7.21050934401	22.699	40.771	47.403	20.916	43.953	46.329	19.72	39.243	51.656
509048	TRP	 260 	ASP	 258 	GLY	 254 	9	83.676177299	1	7.9309883369	14.742	37.46	46.635	17.344	43.183	45.196	19.72	39.243	51.656
601207	ALA	 259 	TRP	 260 	GLY	 254 	8	78.5282378103	1	7.29177714964	17.813	39.376	45.379	14.742	37.46	46.635	19.72	39.243	51.656
543606	TYR	 326 	TRP	 260 	GLY	 254 	7	69.0954567912	1	7.29177714964	17.685	34.507	52.247	14.742	37.46	46.635	19.72	39.243	51.656
533305	TYR	 326 	GLY	 254 	LEU	 325 	2	32.2792625382	1	8.08172376415	17.685	34.507	52.247	19.72	39.243	51.656	15.563	33.29	55.205
592345	ALA	 256 	LYS	 257 	LEU	 255 	2	24.5687379112	1	7.21312789295	22.699	40.771	47.403	20.916	43.953	46.329	22.279	37.575	49.41
543390	TYR	 326 	TRP	 260 	LEU	 255 	7	72.7277622768	1	8.03244788343	17.685	34.507	52.247	14.742	37.46	46.635	22.279	37.575	49.41
601419	ALA	 259 	TRP	 260 	ASP	 258 	4	44.8734728614	1	6.44932973262	17.813	39.376	45.379	14.742	37.46	46.635	17.344	43.183	45.196
600914	ALA	 259 	TRP	 260 	GLU	 261 	3	41.9568399588	1	6.57597239958	17.813	39.376	45.379	14.742	37.46	46.635	12.805	35.294	44.154
606031	ALA	 327 	ALA	 259 	TRP	 260 	8	79.2313818683	1	7.05772406658	15.72	33.75	49.091	17.813	39.376	45.379	14.742	37.46	46.635
600916	ALA	 327 	TRP	 260 	GLU	 261 	5	59.3463388034	1	5.93760305174	15.72	33.75	49.091	14.742	37.46	46.635	12.805	35.294	44.154
601135	ALA	 327 	TRP	 260 	ILE	 262 	8	77.0256713008	1	6.58294865543	15.72	33.75	49.091	14.742	37.46	46.635	15.907	33.812	42.511
572336	VAL	 328 	TRP	 260 	ILE	 262 	9	84.4791155201	1	6.27061639713	13.197	31.443	47.489	14.742	37.46	46.635	15.907	33.812	42.511
515346	TRP	 260 	TRP	 428 	TRP	 282 	7	72.9604543512	5	32.3201409805	14.742	37.46	46.635	5.533	18.286	70.969	21.545	20.338	51.092
515345	TRP	 260 	TRP	 446 	TRP	 282 	6	63.8800249958	5	33.6173871233	14.742	37.46	46.635	4.038	23.975	75.509	21.545	20.338	51.092
603147	ALA	 327 	TYR	 326 	TRP	 260 	4	48.3761774466	1	6.99113738958	15.72	33.75	49.091	17.685	34.507	52.247	14.742	37.46	46.635
574352	VAL	 328 	TYR	 326 	TRP	 260 	9	83.1340023631	1	7.22279751897	13.197	31.443	47.489	17.685	34.507	52.247	14.742	37.46	46.635
416593	PRO	 263 	ILE	 262 	GLU	 261 	2	31.8979890633	1	7.00640920872	16.409	31.621	39.399	15.907	33.812	42.511	12.805	35.294	44.154
625611	ARG	 264 	PRO	 263 	ILE	 262 	4	44.5329725865	1	6.46105208151	16.555	27.865	40.07	16.409	31.621	39.399	15.907	33.812	42.511
452811	SER	 266 	PRO	 263 	ILE	 262 	4	49.3944732967	1	7.1391224951	21.636	30.089	40.441	16.409	31.621	39.399	15.907	33.812	42.511
511711	TRP	 286 	SER	 266 	LEU	 267 	8	77.7801129546	1	5.66799064925	24.551	30.571	45.278	21.636	30.089	40.441	22.103	27.265	42.96
630367	ARG	 268 	TRP	 286 	SER	 266 	8	76.7382914439	1	6.98944597232	24.381	24.218	43.058	24.551	30.571	45.278	21.636	30.089	40.441
659167	ASN	 287 	TRP	 286 	SER	 266 	8	79.7050446785	1	5.66799064925	25.781	32.372	42.158	24.551	30.571	45.278	21.636	30.089	40.441
511925	TRP	 286 	SER	 266 	GLY	 288 	6	63.6449142894	1	7.5226044692	24.551	30.571	45.278	21.636	30.089	40.441	28.899	30.217	42.396
655922	ASN	 287 	SER	 266 	GLY	 288 	3	39.0825363912	1	7.5226044692	25.781	32.372	42.158	21.636	30.089	40.441	28.899	30.217	42.396
513150	TRP	 286 	THR	 285 	LEU	 267 	7	75.329683537	1	5.62131523756	24.551	30.571	45.278	26.343	27.488	46.644	22.103	27.265	42.96
658589	ASN	 287 	TRP	 286 	LEU	 267 	6	63.3824098802	1	6.34447294895	25.781	32.372	42.158	24.551	30.571	45.278	22.103	27.265	42.96
630006	ARG	 268 	TRP	 286 	GLY	 284 	7	74.8579979704	1	7.02443186315	24.381	24.218	43.058	24.551	30.571	45.278	25.266	24.378	48.515
630005	ARG	 268 	TRP	 286 	GLY	 288 	6	66.7614121417	1	7.53913582581	24.381	24.218	43.058	24.551	30.571	45.278	28.899	30.217	42.396
500116	TRP	 282 	LEU	 269 	GLU	 270 	5	56.335612007	1	6.68109287467	21.545	20.338	51.092	23.597	21.396	45.507	26.766	19.894	46.947
563474	VAL	 271 	LYS	 272 	GLU	 270 	3	36.9738127049	1	6.76350663488	26.277	17.869	50.138	23.023	16.257	51.249	26.766	19.894	46.947
507319	TRP	 282 	MET	 283 	GLU	 270 	8	76.0190709796	1	6.68109287467	21.545	20.338	51.092	24.612	22.438	51.704	26.766	19.894	46.947
475635	THR	 285 	GLY	 284 	GLU	 270 	4	44.6559745846	1	7.61180491079	26.343	27.488	46.644	25.266	24.378	48.515	26.766	19.894	46.947
572479	VAL	 271 	TRP	 282 	LYS	 272 	8	82.2275395695	1	5.42198312428	26.277	17.869	50.138	21.545	20.338	51.092	23.023	16.257	51.249
506166	TRP	 282 	LYS	 272 	GLY	 274 	7	71.1375591472	1	7.04454817572	21.545	20.338	51.092	23.023	16.257	51.249	19.292	15.299	55.469
507676	TRP	 282 	MET	 283 	LYS	 272 	5	55.1370678621	1	6.39817997559	21.545	20.338	51.092	24.612	22.438	51.704	23.023	16.257	51.249
298440	GLY	 274 	LEU	 273 	GLN	 275 	1	17.7646735581	1	7.34892032886	19.292	15.299	55.469	22.47	17.25	54.87	15.827	14.125	54.536
500119	TRP	 282 	LEU	 273 	GLU	 280 	8	78.2179091697	1	7.71302534678	21.545	20.338	51.092	22.47	17.25	54.87	15.502	17.34	51.564
561964	VAL	 281 	GLY	 274 	GLN	 275 	5	57.2461886475	1	6.32742435751	18.174	19.724	52.753	19.292	15.299	55.469	15.827	14.125	54.536
504439	TRP	 282 	GLY	 274 	GLU	 280 	8	80.7069396195	1	7.04454817572	21.545	20.338	51.092	19.292	15.299	55.469	15.502	17.34	51.564
295490	GLY	 276 	GLN	 275 	CYS	 277 	3	39.1544996941	1	6.63614089664	12.885	15.511	56.468	15.827	14.125	54.536	9.326	14.363	55.847
302765	GLY	 279 	GLY	 276 	GLN	 275 	6	60.7472384027	1	6.14218153428	11.715	17.308	51.267	12.885	15.511	56.468	15.827	14.125	54.536
149979	GLN	 275 	CYS	 277 	PHE	 278 	4	45.1902472416	1	8.04080232315	15.827	14.125	54.536	9.326	14.363	55.847	8.378	16.74	53.01
295495	GLY	 279 	GLN	 275 	CYS	 277 	8	82.5699451441	1	6.63614089664	11.715	17.308	51.267	15.827	14.125	54.536	9.326	14.363	55.847
180294	GLU	 280 	GLN	 275 	CYS	 277 	7	69.9347801685	1	8.08390957396	15.502	17.34	51.564	15.827	14.125	54.536	9.326	14.363	55.847
180223	GLU	 280 	GLN	 275 	PHE	 278 	8	79.7361685072	1	8.04080232315	15.502	17.34	51.564	15.827	14.125	54.536	8.378	16.74	53.01
556204	VAL	 281 	GLU	 280 	GLN	 275 	5	57.4431840793	1	6.32742435751	18.174	19.724	52.753	15.502	17.34	51.564	15.827	14.125	54.536
293980	GLY	 276 	CYS	 277 	PHE	 278 	5	56.1425388137	1	5.81216431289	12.885	15.511	56.468	9.326	14.363	55.847	8.378	16.74	53.01
296930	GLY	 276 	GLU	 280 	CYS	 277 	3	38.7959211369	1	8.08390957396	12.885	15.511	56.468	15.502	17.34	51.564	9.326	14.363	55.847
178780	GLU	 280 	CYS	 277 	PHE	 278 	5	55.2939558169	1	8.08390957396	15.502	17.34	51.564	9.326	14.363	55.847	8.378	16.74	53.01
296932	GLY	 279 	GLU	 280 	CYS	 277 	5	54.668703076	1	8.08390957396	11.715	17.308	51.267	15.502	17.34	51.564	9.326	14.363	55.847
121275	CYS	 277 	CYS	 496 	CYS	 498 	1	20.5844407534	4	29.614694562	9.326	14.363	55.847	5.181	21.748	84.225	4.7	25.222	80.21
296856	GLY	 279 	GLU	 280 	PHE	 278 	1	22.0376878162	1	7.29399012887	11.715	17.308	51.267	15.502	17.34	51.564	8.378	16.74	53.01
476863	THR	 301 	LYS	 298 	PHE	 278 	8	82.2235263521	1	6.67873303853	3.429	19.647	49.595	8.407	17.68	47.117	8.378	16.74	53.01
572114	VAL	 281 	TRP	 282 	GLU	 280 	3	36.2737746236	1	6.76229524644	18.174	19.724	52.753	21.545	20.338	51.092	15.502	17.34	51.564
572545	VAL	 281 	TRP	 282 	MET	 283 	2	28.3995137746	1	7.06498697805	18.174	19.724	52.753	21.545	20.338	51.092	24.612	22.438	51.704
507603	TRP	 282 	MET	 283 	GLY	 284 	4	50.6297115403	1	6.06699019284	21.545	20.338	51.092	24.612	22.438	51.704	25.266	24.378	48.515
601351	ALA	 293 	TRP	 282 	MET	 283 	8	78.516295025	1	5.73942906568	21.674	25.787	52.89	21.545	20.338	51.092	24.612	22.438	51.704
507534	TRP	 282 	MET	 283 	ILE	 294 	7	72.1925541852	1	6.2281799107	21.545	20.338	51.092	24.612	22.438	51.704	18.962	24.732	50.437
659313	ASN	 287 	TRP	 282 	TRP	 286 	1	18.7827115965	2	15.5748903046	25.781	32.372	42.158	21.545	20.338	51.092	24.551	30.571	45.278
601280	ALA	 293 	TRP	 282 	LYS	 295 	9	86.3817199073	1	6.73317265485	21.674	25.787	52.89	21.545	20.338	51.092	15.725	22.985	51.443
622805	ARG	 291 	MET	 283 	GLY	 284 	6	65.666075409	1	7.45167504659	27.696	29.165	50.83	24.612	22.438	51.704	25.266	24.378	48.515
602788	ALA	 293 	TYR	 340 	MET	 283 	5	57.7321478372	1	6.92566942613	21.674	25.787	52.89	24.024	27.325	56.576	24.612	22.438	51.704
513361	TRP	 286 	THR	 285 	GLY	 284 	2	30.3203680394	1	7.02443186315	24.551	30.571	45.278	26.343	27.488	46.644	25.266	24.378	48.515
659234	ASN	 287 	TRP	 286 	THR	 285 	3	39.838083274	1	6.65533590437	25.781	32.372	42.158	24.551	30.571	45.278	26.343	27.488	46.644
513367	TRP	 286 	THR	 285 	GLY	 288 	8	83.0388986665	1	5.65915903646	24.551	30.571	45.278	26.343	27.488	46.644	28.899	30.217	42.396
513796	TRP	 286 	THR	 289 	THR	 285 	5	60.1267939663	1	6.30869447667	24.551	30.571	45.278	30.187	32.305	45.295	26.343	27.488	46.644
513798	TRP	 286 	THR	 290 	THR	 285 	7	70.1040612288	1	5.25508981845	24.551	30.571	45.278	28.041	32.117	48.462	26.343	27.488	46.644
630439	ARG	 291 	TRP	 286 	THR	 285 	8	77.9687635345	1	6.53395477487	27.696	29.165	50.83	24.551	30.571	45.278	26.343	27.488	46.644
572837	VAL	 292 	TRP	 286 	THR	 285 	6	68.1466040533	1	6.77827618204	24.053	28.491	51.71	24.551	30.571	45.278	26.343	27.488	46.644
657799	ASN	 287 	THR	 285 	THR	 289 	8	80.5380749012	1	6.65533590437	25.781	32.372	42.158	26.343	27.488	46.644	30.187	32.305	45.295
657798	ASN	 287 	THR	 290 	THR	 285 	7	75.54734797	1	6.70171925703	25.781	32.372	42.158	28.041	32.117	48.462	26.343	27.488	46.644
484567	THR	 290 	THR	 285 	GLY	 288 	8	80.8797334285	1	6.41424352516	28.041	32.117	48.462	26.343	27.488	46.644	28.899	30.217	42.396
484998	THR	 285 	THR	 289 	THR	 290 	7	72.1781289172	1	6.30869447667	26.343	27.488	46.644	30.187	32.305	45.295	28.041	32.117	48.462
658805	ASN	 287 	TRP	 286 	GLY	 288 	6	65.8430998143	1	5.22841696883	25.781	32.372	42.158	24.551	30.571	45.278	28.899	30.217	42.396
659239	ASN	 287 	TRP	 286 	THR	 289 	8	82.139227904	1	5.89673986199	25.781	32.372	42.158	24.551	30.571	45.278	30.187	32.305	45.295
659237	ASN	 287 	TRP	 286 	THR	 290 	6	61.6580673528	1	6.70171925703	25.781	32.372	42.158	24.551	30.571	45.278	28.041	32.117	48.462
513798	TRP	 286 	THR	 289 	THR	 290 	7	75.1661135096	1	5.89673986199	24.551	30.571	45.278	30.187	32.305	45.295	28.041	32.117	48.462
630439	ARG	 291 	TRP	 286 	THR	 289 	8	80.4568452859	1	6.83380611373	27.696	29.165	50.83	24.551	30.571	45.278	30.187	32.305	45.295
572839	VAL	 292 	TRP	 286 	THR	 290 	8	76.0544664956	1	6.77827618204	24.053	28.491	51.71	24.551	30.571	45.278	28.041	32.117	48.462
633392	ARG	 291 	VAL	 292 	TRP	 286 	9	86.1137393285	1	6.77827618204	27.696	29.165	50.83	24.053	28.491	51.71	24.551	30.571	45.278
657798	ASN	 287 	THR	 290 	THR	 289 	7	70.6360566167	1	6.70171925703	25.781	32.372	42.158	28.041	32.117	48.462	30.187	32.305	45.295
484563	THR	 290 	THR	 289 	GLY	 288 	4	44.7645326167	1	6.41424352516	28.041	32.117	48.462	30.187	32.305	45.295	28.899	30.217	42.396
633315	ARG	 291 	VAL	 292 	THR	 290 	4	46.8520579589	1	6.2929741776	27.696	29.165	50.83	24.053	28.491	51.71	28.041	32.117	48.462
602785	ALA	 293 	TYR	 340 	MET	 341 	2	27.2510174287	1	7.86658502782	21.674	25.787	52.89	24.024	27.325	56.576	24.678	26.137	60.152
477290	THR	 296 	LYS	 295 	ILE	 294 	3	42.3802132904	1	6.52316158009	13.668	21.331	48.717	15.725	22.985	51.443	18.962	24.732	50.437
477146	THR	 296 	LYS	 295 	LEU	 297 	3	37.9301268674	1	6.7271044291	13.668	21.331	48.717	15.725	22.985	51.443	9.926	20.622	48.985
481759	THR	 296 	PRO	 333 	LYS	 298 	8	82.3477196192	1	6.6783762248	13.668	21.331	48.717	9.733	21.953	43.357	8.407	17.68	47.117
542092	TYR	 335 	THR	 296 	ILE	 336 	5	52.5307479749	1	6.53832218539	13.353	25.907	47.176	13.668	21.331	48.717	14.02	27.599	50.544
413713	PRO	 333 	LEU	 297 	GLU	 332 	2	30.2799111376	1	7.69068429985	9.733	21.953	43.357	9.926	20.622	48.985	7.501	23.562	42.305
419763	PRO	 299 	LYS	 298 	GLY	 300 	4	46.1986249941	1	6.32534220418	5.752	18.786	44.616	8.407	17.68	47.117	2.251	18.703	46.084
424157	PRO	 333 	PRO	 299 	LYS	 298 	6	63.4191009391	1	5.84417701648	9.733	21.953	43.357	5.752	18.786	44.616	8.407	17.68	47.117
419473	PRO	 333 	LYS	 298 	GLU	 332 	2	31.4619307675	1	7.65337206727	9.733	21.953	43.357	8.407	17.68	47.117	7.501	23.562	42.305
419691	PRO	 333 	LYS	 298 	ILE	 334 	4	48.1272026272	1	7.36493808528	9.733	21.953	43.357	8.407	17.68	47.117	9.929	24.785	45.915
481688	THR	 301 	PRO	 299 	GLY	 300 	9	89.675466861	1	5.5613029948	3.429	19.647	49.595	5.752	18.786	44.616	2.251	18.703	46.084
421205	PRO	 299 	MET	 302 	GLY	 300 	6	66.2554153467	1	7.63983494586	5.752	18.786	44.616	2.066	23.187	49.657	2.251	18.703	46.084
481826	THR	 301 	PRO	 299 	MET	 302 	3	42.3134680553	1	7.63983494586	3.429	19.647	49.595	5.752	18.786	44.616	2.066	23.187	49.657
423796	PRO	 299 	PRO	 333 	GLU	 332 	5	53.5518084934	1	5.58658196038	5.752	18.786	44.616	9.733	21.953	43.357	7.501	23.562	42.305
424010	PRO	 299 	PRO	 333 	ILE	 334 	3	43.0796413815	1	7.42446839848	5.752	18.786	44.616	9.733	21.953	43.357	9.929	24.785	45.915
478804	THR	 301 	MET	 302 	GLY	 300 	5	57.4444397622	1	5.73644576371	3.429	19.647	49.595	2.066	23.187	49.657	2.251	18.703	46.084
483272	THR	 301 	SER	 303 	MET	 302 	9	89.8823036955	1	7.05081307368	3.429	19.647	49.595	0.801	25.697	47.104	2.066	23.187	49.657
478587	THR	 301 	MET	 302 	LEU	 410 	4	49.329614567	1	8.06735080432	3.429	19.647	49.595	2.066	23.187	49.657	1.276	25.443	54.777
478735	THR	 301 	MET	 302 	ILE	 411 	8	82.0683901619	1	5.80075141684	3.429	19.647	49.595	2.066	23.187	49.657	1.48	21.617	54.691
478519	THR	 301 	MET	 302 	GLU	 412 	8	82.8702534994	1	5.95914532463	3.429	19.647	49.595	2.066	23.187	49.657	-1.564	20.427	52.753
474266	THR	 301 	ILE	 411 	LEU	 410 	3	39.2788099592	1	8.06735080432	3.429	19.647	49.595	1.48	21.617	54.691	1.276	25.443	54.777
453027	SER	 303 	PRO	 304 	MET	 302 	4	44.9951208316	1	6.40558053575	0.801	25.697	47.104	3.516	28.066	45.768	2.066	23.187	49.657
598466	ALA	 306 	SER	 303 	MET	 302 	3	42.8021217482	1	7.58922664044	0.33	30.575	49.646	0.801	25.697	47.104	2.066	23.187	49.657
449715	SER	 303 	MET	 302 	GLU	 412 	4	46.3136341711	1	8.07943847059	0.801	25.697	47.104	2.066	23.187	49.657	-1.564	20.427	52.753
597031	ALA	 306 	PRO	 304 	MET	 302 	8	76.7836368293	1	7.58922664044	0.33	30.575	49.646	3.516	28.066	45.768	2.066	23.187	49.657
593500	ALA	 306 	MET	 302 	PHE	 307 	5	57.6695566967	1	7.58922664044	0.33	30.575	49.646	2.066	23.187	49.657	4.008	29.771	50.171
452382	SER	 303 	PRO	 304 	PHE	 307 	7	69.374127405	1	6.02401975428	0.801	25.697	47.104	3.516	28.066	45.768	4.008	29.771	50.171
452594	SER	 330 	PRO	 304 	GLU	 305 	3	42.3533312997	1	7.57200297147	8.424	29.841	44.444	3.516	28.066	45.768	1.096	31.027	45.937
452380	SER	 330 	PRO	 304 	PHE	 307 	5	59.8143926268	1	7.23218397166	8.424	29.841	44.444	3.516	28.066	45.768	4.008	29.771	50.171
442299	SER	 330 	LEU	 308 	PHE	 307 	4	51.5474547343	1	7.23218397166	8.424	29.841	44.444	5.033	33.066	48.537	4.008	29.771	50.171
564844	VAL	 313 	MET	 314 	GLN	 312 	5	58.3338296111	1	5.68187935458	6.109	37.649	56.263	8.994	35.437	57.394	6.973	37.613	52.55
563403	VAL	 313 	LYS	 316 	GLN	 312 	4	50.9729552087	1	6.99253873783	6.109	37.649	56.263	10.655	40.556	57.715	6.973	37.613	52.55
361807	MET	 314 	LYS	 315 	GLN	 312 	8	81.4937100935	1	5.68187935458	8.994	35.437	57.394	11.309	37.647	55.331	6.973	37.613	52.55
361806	MET	 314 	LYS	 316 	GLN	 312 	7	74.4676131792	1	6.99253873783	8.994	35.437	57.394	10.655	40.556	57.715	6.973	37.613	52.55
362240	MET	 314 	LYS	 316 	LYS	 315 	9	89.8081258599	1	5.39130067794	8.994	35.437	57.394	10.655	40.556	57.715	11.309	37.647	55.331
360219	MET	 314 	GLY	 406 	PHE	 405 	4	48.1607116052	1	8.0695505451	8.994	35.437	57.394	5.825	29.208	59.964	9.169	28.602	61.68
327242	LYS	 315 	LEU	 325 	GLN	 324 	3	43.2127777535	1	7.91261846673	11.309	37.647	55.331	15.563	33.29	55.205	17.684	34.012	58.29
616826	ARG	 318 	HIS	 319 	LEU	 317 	3	37.7335818499	1	6.7256311228	15.309	39.38	61.761	16.94	38.378	65.026	11.719	38.53	60.789
616753	ARG	 318 	HIS	 319 	GLU	 320 	2	30.5413261408	1	7.01539015308	15.309	39.38	61.761	16.94	38.378	65.026	20.33	36.937	66.008
559155	VAL	 323 	HIS	 319 	GLU	 320 	4	52.0159505337	1	8.07136382528	18.0	31.411	61.091	16.94	38.378	65.026	20.33	36.937	66.008
299955	GLY	 373 	HIS	 319 	GLU	 320 	4	51.1621228823	1	7.5426998482	14.515	33.873	69.708	16.94	38.378	65.026	20.33	36.937	66.008
559083	VAL	 323 	HIS	 319 	GLN	 324 	4	50.0202025152	1	8.07136382528	18.0	31.411	61.091	16.94	38.378	65.026	17.684	34.012	58.29
331634	LYS	 321 	GLY	 373 	GLU	 320 	3	36.1911089514	1	7.5426998482	18.677	33.763	67.376	14.515	33.873	69.708	20.33	36.937	66.008
333073	LYS	 401 	LYS	 321 	GLU	 320 	2	30.3129020887	1	7.59530407555	19.134	29.445	66.366	18.677	33.763	67.376	20.33	36.937	66.008
448206	SER	 372 	LYS	 321 	GLN	 369 	7	72.0579920584	1	6.86937362501	15.38	34.642	73.338	18.677	33.763	67.376	19.098	31.41	73.594
324296	LYS	 321 	GLN	 369 	CYS	 400 	9	87.0899455117	1	6.66163448412	18.677	33.763	67.376	19.098	31.41	73.594	21.633	28.15	68.921
333007	LYS	 401 	LYS	 321 	GLN	 369 	8	78.7653662849	1	7.49042755789	19.134	29.445	66.366	18.677	33.763	67.376	19.098	31.41	73.594
332931	LYS	 321 	LYS	 401 	CYS	 400 	4	49.4080089077	1	6.52922123993	18.677	33.763	67.376	19.134	29.445	66.366	21.633	28.15	68.921
528843	TYR	 326 	LEU	 325 	GLN	 324 	4	51.8768227843	1	6.0632396456	17.685	34.507	52.247	15.563	33.29	55.205	17.684	34.012	58.29
541808	TYR	 326 	THR	 338 	GLN	 324 	9	85.067800665	1	6.0632396456	17.685	34.507	52.247	18.652	30.001	54.408	17.684	34.012	58.29
604657	ALA	 327 	VAL	 328 	TYR	 326 	2	23.3338315865	1	7.22279751897	15.72	33.75	49.091	13.197	31.443	47.489	17.685	34.507	52.247
574203	VAL	 329 	TYR	 335 	SER	 330 	4	48.4209172331	1	6.87278844429	12.25	29.686	44.234	13.353	25.907	47.176	8.424	29.841	44.444
573771	VAL	 329 	TYR	 335 	ILE	 336 	4	48.3248473938	1	6.87783170774	12.25	29.686	44.234	13.353	25.907	47.176	14.02	27.599	50.544
540435	TYR	 335 	SER	 330 	GLU	 331 	4	46.0286777829	1	8.06028740182	13.353	25.907	47.176	8.424	29.841	44.444	7.58	27.307	41.728
452595	SER	 330 	PRO	 333 	GLU	 332 	4	46.2188656295	1	8.06942339948	8.424	29.841	44.444	9.733	21.953	43.357	7.501	23.562	42.305
541015	TYR	 335 	SER	 330 	PRO	 333 	8	75.8571740469	1	8.06942339948	13.353	25.907	47.176	8.424	29.841	44.444	9.733	21.953	43.357
527475	TYR	 335 	GLU	 331 	GLU	 332 	4	50.2551124313	1	8.06028740182	13.353	25.907	47.176	7.58	27.307	41.728	7.501	23.562	42.305
531795	TYR	 335 	ILE	 334 	GLU	 331 	4	45.1293862197	1	8.06028740182	13.353	25.907	47.176	9.929	24.785	45.915	7.58	27.307	41.728
538993	TYR	 335 	PRO	 333 	GLU	 332 	2	34.0772208473	1	7.96690466869	13.353	25.907	47.176	9.733	21.953	43.357	7.501	23.562	42.305
531793	TYR	 335 	ILE	 334 	GLU	 332 	2	24.3636604346	1	7.96690466869	13.353	25.907	47.176	9.929	24.785	45.915	7.501	23.562	42.305
532010	TYR	 335 	ILE	 336 	ILE	 334 	3	37.0741634268	1	6.78841056507	13.353	25.907	47.176	14.02	27.599	50.544	9.929	24.785	45.915
570890	VAL	 337 	THR	 338 	ILE	 336 	3	43.2597030173	1	6.49272854815	17.457	29.229	50.872	18.652	30.001	54.408	14.02	27.599	50.544
570673	VAL	 337 	THR	 338 	GLU	 339 	2	28.2911056579	1	7.10095493578	17.457	29.229	50.872	18.652	30.001	54.408	21.947	30.51	56.222
536114	TYR	 340 	MET	 341 	GLU	 339 	3	43.6565772946	1	6.48277641138	24.024	27.325	56.576	24.678	26.137	60.152	21.947	30.51	56.222
569669	VAL	 394 	SER	 342 	MET	 341 	6	62.5389140007	1	7.44750085599	23.906	25.035	66.278	27.784	23.939	60.015	24.678	26.137	60.152
331423	LYS	 343 	GLY	 344 	PHE	 349 	8	81.2493512136	1	7.68785444711	27.342	22.335	63.466	23.973	20.857	62.482	24.474	17.596	68.797
331922	LYS	 343 	GLY	 395 	GLY	 344 	3	40.5869559971	1	7.6441170844	27.342	22.335	63.466	26.867	27.266	65.479	23.973	20.857	62.482
331634	LYS	 343 	GLY	 395 	GLU	 396 	3	42.2579202719	1	7.54034912985	27.342	22.335	63.466	26.867	27.266	65.479	30.186	28.35	67.014
446906	SER	 345 	GLY	 344 	LEU	 346 	3	36.3804122917	1	6.81511599314	20.812	20.374	64.574	23.973	20.857	62.482	20.58	20.523	68.383
562322	VAL	 394 	GLY	 344 	GLY	 395 	3	42.913080577	1	7.6441170844	23.906	25.035	66.278	23.973	20.857	62.482	26.867	27.266	65.479
655707	ASN	 391 	SER	 345 	LEU	 346 	4	50.6969986892	1	7.54618082211	14.369	22.505	64.583	20.812	20.374	64.574	20.58	20.523	68.383
605885	ALA	 389 	ALA	 390 	SER	 345 	6	66.7118594017	1	7.17814300498	15.288	20.214	69.155	15.353	18.952	65.559	20.812	20.374	64.574
598107	ALA	 390 	SER	 345 	LEU	 393 	4	50.9047047383	1	7.76171720691	15.353	18.952	65.559	20.812	20.374	64.574	20.423	24.775	64.764
331707	LYS	 458 	GLY	 459 	LEU	 347 	4	46.144548599	1	7.9788055497	20.729	14.003	75.719	18.079	14.146	73.013	19.012	17.058	68.551
390963	ASP	 348 	LYS	 351 	GLY	 352 	4	45.6490384058	1	7.17378345087	22.002	15.344	66.923	23.283	12.778	71.249	26.73	11.368	70.57
469659	THR	 354 	GLU	 353 	PHE	 349 	4	50.9556882406	1	8.0032134796	29.616	16.37	70.829	30.162	12.655	71.496	24.474	17.596	68.797
331706	LYS	 351 	GLY	 352 	LEU	 350 	3	39.489497009	1	6.62793504796	23.283	12.778	71.249	26.73	11.368	70.57	22.731	16.459	71.991
331633	LYS	 351 	GLY	 352 	GLU	 353 	2	33.1489871519	1	6.88453186499	23.283	12.778	71.249	26.73	11.368	70.57	30.162	12.655	71.496
475925	THR	 354 	GLY	 352 	GLY	 355 	6	61.4882095065	1	6.11627680865	29.616	16.37	70.829	26.73	11.368	70.57	27.441	16.429	73.93
542165	TYR	 357 	THR	 354 	GLY	 355 	6	64.1664042051	1	8.00897203142	30.841	16.578	78.741	29.616	16.37	70.829	27.441	16.429	73.93
534964	TYR	 357 	LYS	 356 	GLY	 355 	5	54.5649675123	1	5.89304013222	30.841	16.578	78.741	29.355	14.103	76.256	27.441	16.429	73.93
615385	ARG	 359 	LEU	 360 	LEU	 358 	2	31.623611057	1	6.98947802057	26.928	20.143	81.815	23.816	21.882	83.216	27.861	18.915	78.349
564847	VAL	 364 	MET	 366 	GLN	 362 	8	78.6331598457	1	6.40733712239	20.525	26.05	80.345	21.203	27.002	75.029	25.684	24.83	79.061
595590	ALA	 368 	ASP	 365 	MET	 366 	7	69.3169752146	1	5.31956417388	18.028	30.685	77.186	22.338	28.708	78.271	21.203	27.002	75.029
605743	ALA	 367 	ALA	 368 	ASP	 365 	8	82.2108182357	1	5.34700439499	17.644	26.976	76.385	18.028	30.685	77.186	22.338	28.708	78.271
595084	ALA	 368 	ASP	 365 	GLN	 369 	5	55.864929759	1	6.2986294541	18.028	30.685	77.186	22.338	28.708	78.271	19.098	31.41	73.594
593648	ALA	 367 	MET	 366 	GLN	 369 	9	84.4533691632	1	5.43729280065	17.644	26.976	76.385	21.203	27.002	75.029	19.098	31.41	73.594
358926	MET	 366 	ILE	 370 	GLN	 369 	7	73.2927120498	1	6.29126036657	21.203	27.002	75.029	16.111	29.484	72.292	19.098	31.41	73.594
358856	MET	 366 	ILE	 370 	CYS	 400 	9	86.0236938428	1	6.60573092095	21.203	27.002	75.029	16.111	29.484	72.292	21.633	28.15	68.921
583562	ALA	 368 	GLN	 513 	GLN	 369 	3	40.6914866845	1	7.60640552429	18.028	30.685	77.186	14.168	33.902	78.823	19.098	31.41	73.594
605884	ALA	 368 	ALA	 371 	SER	 372 	5	59.4639013198	1	6.12183444729	18.028	30.685	77.186	13.741	31.419	74.591	15.38	34.642	73.338
583564	ALA	 371 	GLN	 369 	GLN	 513 	5	57.8232169071	1	7.60640552429	13.741	31.419	74.591	19.098	31.41	73.594	14.168	33.902	78.823
439564	SER	 372 	GLN	 513 	GLN	 369 	5	58.9797441338	1	7.60640552429	15.38	34.642	73.338	14.168	33.902	78.823	19.098	31.41	73.594
554693	VAL	 399 	GLN	 369 	CYS	 400 	6	62.7152773929	1	7.60178281721	25.179	29.431	69.484	19.098	31.41	73.594	21.633	28.15	68.921
324293	LYS	 401 	GLN	 369 	CYS	 400 	6	62.6297566249	1	7.49042755789	19.134	29.445	66.366	19.098	31.41	73.594	21.633	28.15	68.921
272456	ILE	 370 	ILE	 392 	CYS	 400 	9	88.2642997694	1	7.7822758882	16.111	29.484	72.292	17.074	24.309	66.56	21.633	28.15	68.921
441008	SER	 372 	GLU	 510 	GLN	 513 	9	86.7043113566	1	7.50090201242	15.38	34.642	73.338	9.839	36.889	77.867	14.168	33.902	78.823
631588	ARG	 379 	TYR	 376 	MET	 380 	5	57.9623913449	1	6.16266809101	7.022	40.272	70.298	11.258	37.855	69.527	6.339	40.081	66.556
664712	ASN	 381 	ARG	 379 	MET	 380 	9	89.9121602626	1	5.52068310991	2.991	38.342	67.057	7.022	40.272	70.298	6.339	40.081	66.556
665138	ASN	 381 	ARG	 379 	TYR	 382 	3	40.4355925995	1	7.77507916358	2.991	38.342	67.057	7.022	40.272	70.298	4.138	35.296	65.066
660389	ASN	 381 	TYR	 382 	MET	 380 	6	61.8749784704	1	5.47363919162	2.991	38.342	67.057	4.138	35.296	65.066	6.339	40.081	66.556
662264	ASN	 381 	VAL	 383 	TYR	 382 	9	89.5567644379	1	6.97013895127	2.991	38.342	67.057	3.734	31.54	65.729	4.138	35.296	65.066
573698	VAL	 383 	TYR	 382 	HIS	 384 	3	35.8393915026	1	6.84905139417	3.734	31.54	65.729	4.138	35.296	65.066	6.34	28.811	65.14
558938	VAL	 383 	HIS	 384 	PHE	 405 	3	38.7822865373	1	7.38684438715	3.734	31.54	65.729	6.34	28.811	65.14	9.169	28.602	61.68
616540	ARG	 385 	HIS	 384 	PHE	 405 	5	52.7860166251	1	6.70988979045	4.081	25.701	64.954	6.34	28.811	65.14	9.169	28.602	61.68
386143	ASP	 404 	HIS	 384 	PHE	 405 	8	76.0771669318	1	7.7567081291	11.739	26.205	60.218	6.34	28.811	65.14	9.169	28.602	61.68
623743	ARG	 385 	ASP	 444 	PHE	 439 	8	79.0072481066	1	7.72894591778	4.081	25.701	64.954	4.669	27.015	71.203	-1.995	26.993	67.288
508828	TRP	 428 	ASP	 386 	LEU	 387 	5	53.7008054171	1	7.92259414586	5.533	18.286	70.969	6.952	23.162	64.888	9.28	23.886	67.787
664783	ASN	 391 	ARG	 388 	ASP	 386 	8	78.2885949743	1	7.45228575673	14.369	22.505	64.583	11.532	20.948	68.843	6.952	23.162	64.888
630223	ARG	 388 	TRP	 428 	ASP	 386 	8	75.8989924726	1	7.92259414586	11.532	20.948	68.843	5.533	18.286	70.969	6.952	23.162	64.888
393340	ASP	 386 	ASP	 404 	PHE	 405 	5	59.1443566162	1	7.34738851566	6.952	23.162	64.888	11.739	26.205	60.218	9.169	28.602	61.68
634105	ARG	 388 	ALA	 389 	LEU	 387 	2	28.3982280725	1	7.17294026185	11.532	20.948	68.843	15.288	20.214	69.155	9.28	23.886	67.787
629787	ARG	 388 	TRP	 428 	LEU	 387 	4	52.2337743639	1	7.45151883847	11.532	20.948	68.843	5.533	18.286	70.969	9.28	23.886	67.787
500192	TRP	 428 	LEU	 451 	LEU	 387 	9	88.2067316333	1	7.69433674854	5.533	18.286	70.969	12.152	20.65	74.1	9.28	23.886	67.787
630366	ARG	 388 	TRP	 428 	SER	 447 	7	71.9290245527	1	6.89884925187	11.532	20.948	68.843	5.533	18.286	70.969	6.442	22.78	72.744
629934	ARG	 388 	TRP	 428 	ILE	 450 	7	74.6288939431	1	7.52233215167	11.532	20.948	68.843	5.533	18.286	70.969	8.93	19.347	75.717
629789	ARG	 388 	TRP	 428 	LEU	 451 	6	66.3710852177	1	7.69433674854	11.532	20.948	68.843	5.533	18.286	70.969	12.152	20.65	74.1
589466	ALA	 390 	ILE	 392 	LEU	 393 	3	42.5474458415	1	7.76171720691	15.353	18.952	65.559	17.074	24.309	66.56	20.423	24.775	64.764
562105	VAL	 394 	GLY	 395 	LEU	 393 	2	32.3216391537	1	6.94560594909	23.906	25.035	66.278	26.867	27.266	65.479	20.423	24.775	64.764
562033	VAL	 394 	GLY	 395 	GLU	 396 	2	27.2416079249	1	7.13928014579	23.906	25.035	66.278	26.867	27.266	65.479	30.186	28.35	67.014
563762	VAL	 394 	LYS	 401 	GLY	 395 	3	43.5261763787	1	8.08295113186	23.906	25.035	66.278	19.134	29.445	66.366	26.867	27.266	65.479
574855	VAL	 394 	VAL	 399 	CYS	 400 	8	78.3089052334	1	5.587824353	23.906	25.035	66.278	25.179	29.431	69.484	21.633	28.15	68.921
561892	VAL	 399 	GLY	 395 	CYS	 400 	5	55.3499572313	1	6.32641889223	25.179	29.431	69.484	26.867	27.266	65.479	21.633	28.15	68.921
331493	LYS	 401 	GLY	 395 	CYS	 400 	6	61.3142217068	1	8.08295113186	19.134	29.445	66.366	26.867	27.266	65.479	21.633	28.15	68.921
557571	VAL	 399 	LEU	 398 	CYS	 400 	4	44.8083425748	1	6.4014321835	25.179	29.431	69.484	27.432	27.048	71.398	21.633	28.15	68.921
563329	VAL	 402 	LYS	 401 	CYS	 400 	2	32.1052449778	1	6.95717392337	15.427	28.798	65.844	19.134	29.445	66.366	21.633	28.15	68.921
604297	ALA	 403 	VAL	 402 	ASP	 404 	2	25.4635468198	1	7.20949852625	14.646	27.328	62.415	15.427	28.798	65.844	11.739	26.205	60.218
537554	TYR	 416 	ASP	 413 	GLU	 412 	3	42.109965351	1	7.47546720948	-0.973	16.204	58.893	-1.141	16.745	53.728	-1.564	20.427	52.753
660462	ASN	 414 	TYR	 416 	ASP	 413 	7	71.8930090365	1	5.55090010719	-4.579	15.438	54.743	-0.973	16.204	58.893	-1.141	16.745	53.728
542383	TYR	 416 	THR	 417 	ASP	 413 	8	80.4514290788	1	5.78661723289	-0.973	16.204	58.893	-3.656	18.878	58.483	-1.141	16.745	53.728
663704	ASN	 414 	ALA	 418 	TYR	 416 	9	87.1676284979	1	6.4710326842	-4.579	15.438	54.743	-5.807	16.904	60.925	-0.973	16.204	58.893
534674	TYR	 416 	LYS	 423 	GLU	 415 	3	42.5840630605	1	8.08393085077	-0.973	16.204	58.893	4.366	12.855	59.81	-3.446	13.54	57.847
527259	TYR	 416 	GLU	 415 	PHE	 424 	4	46.7137039726	1	7.97158886296	-0.973	16.204	58.893	-3.446	13.54	57.847	2.808	14.932	62.59
325659	LYS	 423 	GLU	 415 	PHE	 424 	4	50.3274299275	1	8.08393085077	4.366	12.855	59.81	-3.446	13.54	57.847	2.808	14.932	62.59
541804	TYR	 416 	THR	 417 	GLN	 420 	5	55.6047444988	1	7.20651559354	-0.973	16.204	58.893	-3.656	18.878	58.483	-2.619	13.045	62.586
534605	TYR	 416 	LYS	 423 	GLN	 420 	6	64.8581303436	1	7.51880981273	-0.973	16.204	58.893	4.366	12.855	59.81	-2.619	13.045	62.586
599404	ALA	 418 	THR	 417 	GLN	 420 	5	58.1861765916	1	7.20651559354	-5.807	16.904	60.925	-3.656	18.878	58.483	-2.619	13.045	62.586
635042	ARG	 419 	ALA	 434 	ALA	 418 	3	39.2532721767	1	7.82833788233	-2.894	16.746	63.397	-4.035	18.901	68.284	-5.807	16.904	60.925
618123	ARG	 419 	ILE	 426 	GLN	 420 	4	50.7211608123	1	7.67558968419	-2.894	16.746	63.397	2.182	14.955	68.262	-2.619	13.045	62.586
590761	ALA	 422 	GLY	 421 	GLN	 420 	2	26.768322245	1	7.09608208803	3.298	9.429	61.08	-0.223	10.743	60.792	-2.619	13.045	62.586
331562	LYS	 423 	GLY	 421 	GLN	 420 	3	40.0524149945	1	7.51880981273	4.366	12.855	59.81	-0.223	10.743	60.792	-2.619	13.045	62.586
596956	ALA	 422 	PRO	 425 	LYS	 423 	5	59.7126360116	1	7.9875876834	3.298	9.429	61.08	4.924	15.713	65.735	4.366	12.855	59.81
510558	TRP	 428 	PRO	 425 	LYS	 427 	7	69.0092282056	1	5.86395480883	5.533	18.286	70.969	4.924	15.713	65.735	4.711	14.555	71.101
513655	TRP	 428 	THR	 429 	PRO	 425 	8	77.8949085979	1	6.62493207512	5.533	18.286	70.969	1.978	19.51	70.295	4.924	15.713	65.735
513295	TRP	 428 	THR	 429 	ILE	 426 	8	82.7260912309	1	5.44542110401	5.533	18.286	70.969	1.978	19.51	70.295	2.182	14.955	68.262
513436	TRP	 428 	THR	 429 	LYS	 427 	5	58.0265130256	1	5.71585076782	5.533	18.286	70.969	1.978	19.51	70.295	4.711	14.555	71.101
506092	TRP	 428 	LYS	 427 	ILE	 450 	5	58.3489553666	1	7.87849484356	5.533	18.286	70.969	4.711	14.555	71.101	8.93	19.347	75.717
601640	ALA	 430 	TRP	 428 	THR	 429 	9	89.9412338148	1	6.74044316051	-0.226	21.184	72.936	5.533	18.286	70.969	1.978	19.51	70.295
515236	TRP	 446 	TRP	 428 	THR	 429 	5	55.6176208634	1	7.4304337693	4.038	23.975	75.509	5.533	18.286	70.969	1.978	19.51	70.295
515166	TRP	 428 	TRP	 446 	SER	 447 	7	74.8212127397	1	7.4304337693	5.533	18.286	70.969	4.038	23.975	75.509	6.442	22.78	72.744
514735	TRP	 446 	TRP	 428 	ILE	 450 	8	82.3910874064	1	7.4304337693	4.038	23.975	75.509	5.533	18.286	70.969	8.93	19.347	75.717
503067	TRP	 428 	ILE	 450 	LEU	 451 	4	45.0362426212	1	7.69433674854	5.533	18.286	70.969	8.93	19.347	75.717	12.152	20.65	74.1
510415	TRP	 428 	PRO	 462 	ILE	 450 	8	80.0096710738	1	8.02753193703	5.533	18.286	70.969	9.612	12.434	74.651	8.93	19.347	75.717
600051	ALA	 430 	THR	 429 	PRO	 431 	4	46.1726602417	1	6.36406041769	-0.226	21.184	72.936	1.978	19.51	70.295	-3.596	19.427	73.365
605956	ALA	 433 	ALA	 430 	THR	 429 	5	55.7211785431	1	6.53556072575	-3.629	22.618	69.024	-0.226	21.184	72.936	1.978	19.51	70.295
601635	ALA	 430 	TRP	 446 	THR	 429 	4	49.74549221	1	7.16698130317	-0.226	21.184	72.936	4.038	23.975	75.509	1.978	19.51	70.295
483339	THR	 429 	SER	 443 	ASP	 444 	4	47.0795027441	1	8.02439841982	1.978	19.51	70.295	1.052	26.159	72.145	4.669	27.015	71.203
513581	TRP	 446 	THR	 429 	ASP	 444 	6	64.0406646723	1	8.02439841982	4.038	23.975	75.509	1.978	19.51	70.295	4.669	27.015	71.203
513725	TRP	 446 	THR	 429 	SER	 447 	6	64.9255673345	1	7.16698130317	4.038	23.975	75.509	1.978	19.51	70.295	6.442	22.78	72.744
601712	ALA	 430 	TRP	 499 	TRP	 446 	9	85.4024820053	1	7.76374684028	-0.226	21.184	72.936	2.372	22.209	80.18	4.038	23.975	75.509
567796	VAL	 475 	PRO	 431 	GLU	 476 	5	59.6383184289	1	7.29360199079	-2.046	14.058	78.052	-3.596	19.427	73.365	-5.724	15.0	77.795
590835	ALA	 433 	GLY	 437 	GLU	 432 	4	46.8036417204	1	6.56861119263	-3.629	22.618	69.024	-6.192	23.215	65.718	-5.715	22.397	72.218
584858	ALA	 433 	GLU	 432 	PHE	 439 	3	43.2692449813	1	7.6984749139	-3.629	22.618	69.024	-5.715	22.397	72.218	-1.995	26.993	67.288
613658	ARG	 438 	GLU	 432 	PHE	 439 	3	42.5628813759	1	7.6984749139	-5.648	26.203	68.034	-5.715	22.397	72.218	-1.995	26.993	67.288
606104	ALA	 434 	ALA	 433 	TYR	 436 	9	84.910503342	1	5.87879392393	-4.035	18.901	68.284	-3.629	22.618	69.024	-9.027	21.978	67.869
631226	ARG	 438 	TYR	 436 	LEU	 435 	3	37.6380167431	1	7.88094378866	-5.648	26.203	68.034	-9.027	21.978	67.869	-7.719	18.7	69.269
473977	THR	 440 	ILE	 441 	PHE	 439 	2	27.5368395932	1	7.16927227827	-0.797	30.087	69.198	2.378	31.383	70.894	-1.995	26.993	67.288
476858	THR	 440 	LYS	 442 	PHE	 439 	3	37.3142473427	1	7.70702212271	-0.797	30.087	69.198	1.01	29.504	73.926	-1.995	26.993	67.288
448060	SER	 443 	LYS	 442 	PHE	 439 	5	58.5867197435	1	7.70702212271	1.052	26.159	72.145	1.01	29.504	73.926	-1.995	26.993	67.288
511996	TRP	 446 	SER	 443 	LYS	 442 	5	53.6074282091	1	6.4995779863	4.038	23.975	75.509	1.052	26.159	72.145	1.01	29.504	73.926
625759	ARG	 506 	PRO	 503 	LYS	 442 	8	76.2851208694	1	6.68545787512	1.399	29.155	80.591	-2.915	28.065	77.544	1.01	29.504	73.926
512142	TRP	 446 	SER	 443 	ASP	 444 	7	69.8048360741	1	5.30861535619	4.038	23.975	75.509	1.052	26.159	72.145	4.669	27.015	71.203
454543	SER	 447 	SER	 443 	ASP	 444 	8	76.7476143458	1	6.38972159018	6.442	22.78	72.744	1.052	26.159	72.145	4.669	27.015	71.203
569887	VAL	 445 	SER	 447 	SER	 443 	8	76.6968848775	1	6.38972159018	5.341	27.524	74.934	6.442	22.78	72.744	1.052	26.159	72.145
512284	TRP	 446 	SER	 443 	SER	 447 	5	55.9491414893	1	6.38972159018	4.038	23.975	75.509	1.052	26.159	72.145	6.442	22.78	72.744
508543	TRP	 446 	ASP	 444 	PHE	 448 	8	80.5606186738	1	6.20371695035	4.038	23.975	75.509	4.669	27.015	71.203	9.337	24.581	74.485
571903	VAL	 445 	TRP	 446 	PHE	 448 	8	82.7245610296	1	5.43094954865	5.341	27.524	74.934	4.038	23.975	75.509	9.337	24.581	74.485
572910	VAL	 445 	TRP	 499 	TRP	 446 	7	68.635515261	1	8.03646078818	5.341	27.524	74.934	2.372	22.209	80.18	4.038	23.975	75.509
633387	ARG	 506 	VAL	 445 	TRP	 446 	4	50.1885683575	1	7.72162191512	1.399	29.155	80.591	5.341	27.524	74.934	4.038	23.975	75.509
571973	VAL	 445 	TRP	 499 	CYS	 498 	6	65.0553160757	1	8.03646078818	5.341	27.524	74.934	2.372	22.209	80.18	4.7	25.222	80.21
567656	VAL	 445 	PRO	 507 	CYS	 498 	9	84.3604373346	1	7.29972396738	5.341	27.524	74.934	4.377	31.531	80.959	4.7	25.222	80.21
633391	ARG	 506 	VAL	 445 	TRP	 499 	8	80.6748573808	1	8.03646078818	1.399	29.155	80.591	5.341	27.524	74.934	2.372	22.209	80.18
511421	TRP	 446 	SER	 447 	PHE	 448 	6	63.3340099989	1	5.43094954865	4.038	23.975	75.509	6.442	22.78	72.744	9.337	24.581	74.485
511489	TRP	 446 	SER	 447 	CYS	 498 	2	34.1777748552	1	8.04606015389	4.038	23.975	75.509	6.442	22.78	72.744	4.7	25.222	80.21
504222	TRP	 446 	GLY	 449 	PHE	 448 	7	68.5746691162	1	5.43094954865	4.038	23.975	75.509	8.613	22.598	77.664	9.337	24.581	74.485
502784	TRP	 446 	ILE	 450 	PHE	 448 	9	89.6268090532	1	6.73745589967	4.038	23.975	75.509	8.93	19.347	75.717	9.337	24.581	74.485
495581	TRP	 446 	CYS	 498 	PHE	 448 	6	64.6444870929	1	7.39515212825	4.038	23.975	75.509	4.7	25.222	80.21	9.337	24.581	74.485
504651	TRP	 446 	GLY	 449 	ILE	 450 	4	52.1094237489	1	6.73745589967	4.038	23.975	75.509	8.613	22.598	77.664	8.93	19.347	75.717
504296	TRP	 446 	GLY	 449 	CYS	 498 	9	84.2678776709	1	5.35528346589	4.038	23.975	75.509	8.613	22.598	77.664	4.7	25.222	80.21
514374	TRP	 446 	TRP	 499 	CYS	 498 	7	75.0205572926	1	5.26427136459	4.038	23.975	75.509	2.372	22.209	80.18	4.7	25.222	80.21
629575	ARG	 500 	TRP	 446 	CYS	 498 	8	80.8784602896	1	7.98704112923	-0.57	23.786	82.03	4.038	23.975	75.509	4.7	25.222	80.21
629576	ARG	 506 	TRP	 446 	CYS	 498 	9	87.2612313593	1	7.72162191512	1.399	29.155	80.591	4.038	23.975	75.509	4.7	25.222	80.21
636272	ARG	 500 	ARG	 506 	TRP	 446 	9	87.261254394	1	7.98704112923	-0.57	23.786	82.03	1.399	29.155	80.591	4.038	23.975	75.509
360650	MET	 495 	GLY	 449 	ILE	 450 	3	38.7637209071	1	7.27591650584	8.396	22.421	82.29	8.613	22.598	77.664	8.93	19.347	75.717
478805	THR	 453 	MET	 495 	GLY	 449 	6	67.9924650846	1	7.94109494969	13.143	17.475	78.282	8.396	22.421	82.29	8.613	22.598	77.664
360505	MET	 495 	GLY	 449 	LEU	 494 	2	32.7813616986	1	7.6031220561	8.396	22.421	82.29	8.613	22.598	77.664	9.355	25.143	84.79
360290	MET	 495 	GLY	 449 	CYS	 496 	3	35.6010616529	1	7.45304266726	8.396	22.421	82.29	8.613	22.598	77.664	5.181	21.748	84.225
294056	GLY	 449 	CYS	 496 	CYS	 498 	9	89.7857313061	1	7.45304266726	8.613	22.598	77.664	5.181	21.748	84.225	4.7	25.222	80.21
504293	TRP	 499 	GLY	 449 	CYS	 496 	6	64.4240560995	1	7.45304266726	2.372	22.209	80.18	8.613	22.598	77.664	5.181	21.748	84.225
504294	TRP	 499 	GLY	 449 	CYS	 498 	7	70.7445300933	1	6.74030103185	2.372	22.209	80.18	8.613	22.598	77.664	4.7	25.222	80.21
484352	THR	 457 	THR	 453 	LEU	 455 	9	86.4862948022	1	6.16902934018	18.08	13.78	78.455	13.143	17.475	78.282	17.909	19.081	76.481
484998	THR	 453 	THR	 457 	THR	 456 	7	72.3497852357	1	6.16902934018	13.143	17.475	78.282	18.08	13.78	78.455	18.114	17.328	79.871
484568	THR	 453 	THR	 456 	GLY	 459 	9	85.4941935568	1	7.95038980176	13.143	17.475	78.282	18.114	17.328	79.871	18.079	14.146	73.013
484280	THR	 456 	THR	 457 	GLU	 454 	9	84.6839132442	1	5.51262442036	18.114	17.328	79.871	18.08	13.78	78.455	15.262	16.66	75.201
484636	THR	 456 	THR	 457 	LYS	 458 	5	54.2184562029	1	5.92730579606	18.114	17.328	79.871	18.08	13.78	78.455	20.729	14.003	75.719
481255	THR	 456 	PRO	 484 	CYS	 487 	8	80.482056693	1	6.99251292455	18.114	17.328	79.871	14.002	13.446	83.984	17.275	17.012	85.95
469733	THR	 456 	GLU	 486 	CYS	 487 	6	63.2564370966	1	7.76202589534	18.114	17.328	79.871	19.479	14.014	86.756	17.275	17.012	85.95
481972	THR	 457 	PRO	 485 	PRO	 484 	5	57.8484254404	1	7.74312817923	18.08	13.78	78.455	16.768	11.527	85.746	14.002	13.446	83.984
633171	ARG	 460 	VAL	 461 	PRO	 462 	4	44.5846796288	1	6.46860023498	15.966	11.267	74.323	12.56	11.054	72.602	9.612	12.434	74.651
625975	ARG	 460 	PRO	 464 	PRO	 462 	8	80.5949732747	1	7.64454596428	15.966	11.267	74.323	9.771	7.094	75.95	9.612	12.434	74.651
568374	VAL	 461 	PRO	 464 	PRO	 462 	7	69.3177509613	1	5.8880578292	12.56	11.054	72.602	9.771	7.094	75.95	9.612	12.434	74.651
574133	VAL	 461 	TYR	 463 	PRO	 464 	6	66.5842054936	1	6.62883323067	12.56	11.054	72.602	7.205	9.971	76.356	9.771	7.094	75.95
539429	TYR	 463 	PRO	 462 	MET	 481 	6	67.3619670669	1	7.92702857318	7.205	9.971	76.356	9.612	12.434	74.651	6.279	13.437	81.773
539432	TYR	 463 	PRO	 464 	MET	 466 	9	84.9650340183	1	5.78194923879	7.205	9.971	76.356	9.771	7.094	75.95	4.357	5.704	74.471
565202	VAL	 467 	MET	 466 	GLY	 465 	3	35.5121611251	1	6.80980065788	3.481	5.335	70.815	4.357	5.704	74.471	7.331	4.209	76.318
661826	ASN	 468 	VAL	 467 	MET	 466 	3	41.7607633295	1	6.52547331617	2.31	8.412	68.898	3.481	5.335	70.815	4.357	5.704	74.471
651319	ASN	 468 	MET	 466 	GLU	 470 	8	78.9818273678	1	6.60799432506	2.31	8.412	68.898	4.357	5.704	74.471	-1.769	7.127	72.443
661832	ASN	 468 	VAL	 471 	MET	 466 	9	89.1029186561	1	6.52547331617	2.31	8.412	68.898	-0.001	10.352	73.511	4.357	5.704	74.471
662332	ASN	 468 	VAL	 471 	VAL	 467 	5	54.3534424631	1	6.6755545837	2.31	8.412	68.898	-0.001	10.352	73.511	3.481	5.335	70.815
661466	ASN	 468 	VAL	 471 	LEU	 472 	3	37.7801746107	1	7.97361486404	2.31	8.412	68.898	-0.001	10.352	73.511	-2.892	12.815	73.037
383404	ASP	 473 	GLU	 470 	GLN	 474 	5	58.0404377543	1	6.44204214516	-5.392	10.755	75.045	-1.769	7.127	72.443	-2.912	10.344	77.906
631443	ARG	 480 	TYR	 479 	GLY	 478 	4	43.9860877701	1	6.43371416835	2.723	14.705	82.037	-0.56	12.788	82.15	-3.676	14.891	82.678
631585	ARG	 480 	TYR	 479 	MET	 481 	2	33.6266845156	1	6.88006184565	2.723	14.705	82.037	-0.56	12.788	82.15	6.279	13.437	81.773
625832	ARG	 480 	PRO	 482 	MET	 481 	9	89.1011728796	1	6.35449966559	2.723	14.705	82.037	7.994	13.066	85.185	6.279	13.437	81.773
420770	PRO	 482 	MET	 481 	CYS	 483 	3	37.8934724176	1	6.73986869308	7.994	13.066	85.185	6.279	13.437	81.773	11.205	14.852	86.15
424226	PRO	 484 	PRO	 482 	MET	 481 	3	42.4409214572	1	8.03326403151	14.002	13.446	83.984	7.994	13.066	85.185	6.279	13.437	81.773
420772	PRO	 484 	MET	 481 	CYS	 483 	5	58.752409358	1	8.03326403151	14.002	13.446	83.984	6.279	13.437	81.773	11.205	14.852	86.15
423944	PRO	 482 	PRO	 484 	HIS	 492 	9	88.0783106152	1	7.81670499635	7.994	13.066	85.185	14.002	13.446	83.984	11.085	20.202	85.975
423650	PRO	 485 	PRO	 484 	CYS	 483 	3	42.930013007	1	6.49352061674	16.768	11.527	85.746	14.002	13.446	83.984	11.205	14.852	86.15
409252	PRO	 484 	CYS	 487 	CYS	 483 	5	55.7098340875	1	6.44596773185	14.002	13.446	83.984	17.275	17.012	85.95	11.205	14.852	86.15
409255	PRO	 485 	CYS	 483 	CYS	 487 	8	80.1313397449	1	6.49352061674	16.768	11.527	85.746	11.205	14.852	86.15	17.275	17.012	85.95
409253	PRO	 488 	CYS	 483 	CYS	 487 	6	61.1975688491	1	7.72706328433	16.814	19.403	88.895	11.205	14.852	86.15	17.275	17.012	85.95
178856	GLU	 489 	CYS	 483 	CYS	 487 	9	89.4585885845	1	6.52406851589	13.23	19.535	90.216	11.205	14.852	86.15	17.275	17.012	85.95
236455	HIS	 492 	CYS	 487 	CYS	 483 	8	78.8244215312	1	6.96367898456	11.085	20.202	85.975	17.275	17.012	85.95	11.205	14.852	86.15
415013	PRO	 488 	HIS	 492 	CYS	 483 	6	65.6619079799	1	7.72706328433	16.814	19.403	88.895	11.085	20.202	85.975	11.205	14.852	86.15
423795	PRO	 484 	PRO	 485 	GLU	 486 	4	49.6288686889	1	6.16474954885	14.002	13.446	83.984	16.768	11.527	85.746	19.479	14.014	86.756
412133	PRO	 485 	GLU	 486 	CYS	 487 	6	61.3295637618	1	5.51215837944	16.768	11.527	85.746	19.479	14.014	86.756	17.275	17.012	85.95
412131	PRO	 488 	GLU	 489 	CYS	 487 	4	45.3994786481	1	6.39736742731	16.814	19.403	88.895	13.23	19.535	90.216	17.275	17.012	85.95
415012	PRO	 488 	HIS	 492 	CYS	 487 	5	55.1882137736	1	6.96367898456	16.814	19.403	88.895	11.085	20.202	85.975	17.275	17.012	85.95
240776	HIS	 492 	LEU	 491 	CYS	 487 	9	88.6275332513	1	6.96367898456	11.085	20.202	85.975	13.739	22.905	86.071	17.275	17.012	85.95
415159	PRO	 488 	HIS	 492 	GLU	 489 	8	76.9256086546	1	6.47967915872	16.814	19.403	88.895	11.085	20.202	85.975	13.23	19.535	90.216
452743	SER	 490 	PRO	 488 	HIS	 492 	8	77.4953667935	1	6.47967915872	13.333	23.318	89.837	16.814	19.403	88.895	11.085	20.202	85.975
451156	SER	 490 	ASP	 493 	GLU	 489 	5	60.4150034705	1	6.02007159426	13.333	23.318	89.837	8.775	22.689	87.677	13.23	19.535	90.216
386358	ASP	 493 	HIS	 492 	GLU	 489 	7	70.1031806816	1	6.02007159426	8.775	22.689	87.677	11.085	20.202	85.975	13.23	19.535	90.216
451301	SER	 490 	ASP	 493 	HIS	 492 	6	67.6890474441	1	5.44775219701	13.333	23.318	89.837	8.775	22.689	87.677	11.085	20.202	85.975
357628	MET	 495 	HIS	 492 	LEU	 491 	5	53.1843141471	1	6.56337306573	8.396	22.421	82.29	11.085	20.202	85.975	13.739	22.905	86.071
392262	ASP	 493 	MET	 495 	HIS	 492 	7	72.9166287388	1	5.40696162368	8.775	22.689	87.677	8.396	22.421	82.29	11.085	20.202	85.975
386214	ASP	 493 	HIS	 492 	CYS	 496 	7	69.1937156139	1	6.34900244133	8.775	22.689	87.677	11.085	20.202	85.975	5.181	21.748	84.225
240775	HIS	 492 	LEU	 494 	CYS	 496 	8	78.7459222888	1	6.34900244133	11.085	20.202	85.975	9.355	25.143	84.79	5.181	21.748	84.225
357412	MET	 495 	HIS	 492 	CYS	 496 	5	56.2564228492	1	6.34900244133	8.396	22.421	82.29	11.085	20.202	85.975	5.181	21.748	84.225
391974	ASP	 493 	MET	 495 	CYS	 496 	7	73.2442981026	1	5.40696162368	8.775	22.689	87.677	8.396	22.421	82.29	5.181	21.748	84.225
381894	ASP	 493 	GLN	 497 	CYS	 496 	7	73.9173111995	1	6.43339311717	8.775	22.689	87.677	4.278	25.446	83.994	5.181	21.748	84.225
207656	LEU	 494 	CYS	 498 	CYS	 496 	9	89.1735383281	1	6.53082429713	9.355	25.143	84.79	4.7	25.222	80.21	5.181	21.748	84.225
209092	LEU	 494 	GLN	 497 	CYS	 498 	5	54.4137096209	1	6.53082429713	9.355	25.143	84.79	4.278	25.446	83.994	4.7	25.222	80.21
351654	MET	 495 	CYS	 498 	CYS	 496 	7	69.3027469655	1	5.33106574711	8.396	22.421	82.29	4.7	25.222	80.21	5.181	21.748	84.225
353094	MET	 495 	GLN	 497 	CYS	 498 	7	73.1032758367	1	5.3862941806	8.396	22.421	82.29	4.278	25.446	83.994	4.7	25.222	80.21
507248	TRP	 499 	MET	 495 	GLN	 497 	9	89.585753745	1	6.3863620317	2.372	22.209	80.18	8.396	22.421	82.29	4.278	25.446	83.994
150053	GLN	 497 	CYS	 498 	CYS	 496 	6	64.4344597334	1	5.33106574711	4.278	25.446	83.994	4.7	25.222	80.21	5.181	21.748	84.225
497094	TRP	 499 	GLN	 497 	CYS	 496 	7	74.7431788725	1	5.35327946216	2.372	22.209	80.18	4.278	25.446	83.994	5.181	21.748	84.225
612292	ARG	 500 	GLN	 497 	CYS	 496 	5	56.6711443415	1	6.4842478361	-0.57	23.786	82.03	4.278	25.446	83.994	5.181	21.748	84.225
495654	TRP	 499 	CYS	 496 	CYS	 498 	7	68.887911417	1	5.33106574711	2.372	22.209	80.18	5.181	21.748	84.225	4.7	25.222	80.21
610856	ARG	 500 	CYS	 496 	CYS	 498 	9	85.3997106694	1	6.4842478361	-0.57	23.786	82.03	5.181	21.748	84.225	4.7	25.222	80.21
497096	TRP	 499 	GLN	 497 	CYS	 498 	9	89.8590894538	1	5.35327946216	2.372	22.209	80.18	4.278	25.446	83.994	4.7	25.222	80.21
612293	ARG	 500 	GLN	 497 	CYS	 498 	6	65.2283360063	1	5.75737752801	-0.57	23.786	82.03	4.278	25.446	83.994	4.7	25.222	80.21
612294	ARG	 506 	GLN	 497 	CYS	 498 	7	72.8028366245	1	5.79876978332	1.399	29.155	80.591	4.278	25.446	83.994	4.7	25.222	80.21
410693	PRO	 507 	GLN	 497 	CYS	 498 	6	61.5238088827	1	6.80060666411	4.377	31.531	80.959	4.278	25.446	83.994	4.7	25.222	80.21
635408	ARG	 506 	ARG	 500 	GLN	 497 	9	86.4999255013	1	5.89693505136	1.399	29.155	80.591	-0.57	23.786	82.03	4.278	25.446	83.994
613804	ARG	 506 	GLU	 505 	GLN	 497 	5	55.5437260788	1	7.89653499961	1.399	29.155	80.591	-1.81	30.207	82.374	4.278	25.446	83.994
412207	PRO	 507 	GLU	 505 	GLN	 497 	8	79.129867759	1	7.89653499961	4.377	31.531	80.959	-1.81	30.207	82.374	4.278	25.446	83.994
629572	ARG	 500 	TRP	 499 	CYS	 498 	5	57.0821386689	1	5.75737752801	-0.57	23.786	82.03	2.372	22.209	80.18	4.7	25.222	80.21
629574	ARG	 506 	TRP	 499 	CYS	 498 	7	72.6287540983	1	7.02584984183	1.399	29.155	80.591	2.372	22.209	80.18	4.7	25.222	80.21
635335	ARG	 500 	ARG	 506 	CYS	 498 	8	83.0108196212	1	5.89693505136	-0.57	23.786	82.03	1.399	29.155	80.591	4.7	25.222	80.21
625254	ARG	 506 	PRO	 507 	CYS	 498 	7	70.4397454523	1	6.36151011946	1.399	29.155	80.591	4.377	31.531	80.959	4.7	25.222	80.21
630075	ARG	 500 	TRP	 499 	LYS	 501 	4	45.22413222	1	6.39323212468	-0.57	23.786	82.03	2.372	22.209	80.18	-3.979	22.755	80.67
636267	ARG	 506 	ARG	 500 	TRP	 499 	4	52.3184450839	1	7.02584984183	1.399	29.155	80.591	-0.57	23.786	82.03	2.372	22.209	80.18
625399	ARG	 500 	PRO	 503 	GLU	 505 	8	78.0762641957	1	6.62820201865	-0.57	23.786	82.03	-2.915	28.065	77.544	-1.81	30.207	82.374
636055	ARG	 500 	ARG	 506 	PRO	 503 	8	76.2260126043	1	6.62820201865	-0.57	23.786	82.03	1.399	29.155	80.591	-2.915	28.065	77.544
412276	PRO	 503 	GLU	 502 	GLU	 504 	5	60.0809136286	1	5.57405139912	-2.915	28.065	77.544	-4.976	26.446	80.317	-3.129	31.55	79.049
625394	ARG	 506 	PRO	 507 	GLU	 505 	3	43.6834485861	1	6.48337643516	1.399	29.155	80.591	4.377	31.531	80.959	-1.81	30.207	82.374
481178	THR	 508 	PRO	 507 	PHE	 509 	3	39.0599072561	1	6.65587890515	5.484	33.977	78.278	4.377	31.531	80.959	8.741	33.573	76.367
542452	TYR	 511 	THR	 508 	PRO	 507 	5	56.5081772543	1	6.36800800879	9.519	35.272	81.3	5.484	33.977	78.278	4.377	31.531	80.959
538782	TYR	 511 	PRO	 507 	PHE	 509 	7	75.2299140816	1	6.65587890515	9.519	35.272	81.3	4.377	31.531	80.959	8.741	33.573	76.367
541662	TYR	 511 	THR	 508 	PHE	 509 	7	70.1667499726	1	5.27507099478	9.519	35.272	81.3	5.484	33.977	78.278	8.741	33.573	76.367
525823	TYR	 511 	GLN	 513 	PHE	 509 	8	81.6294086562	1	5.96594552439	9.519	35.272	81.3	14.168	33.902	78.823	8.741	33.573	76.367
537556	TYR	 519 	ASP	 518 	GLU	 517 	5	58.7925269112	1	5.68731483215	18.875	30.493	86.686	19.238	34.185	85.688	19.292	33.562	81.916
451154	SER	 522 	ASP	 518 	GLU	 517 	3	37.5228582501	1	7.42123480292	22.951	36.125	87.842	19.238	34.185	85.688	19.292	33.562	81.916
383475	ASP	 518 	GLU	 524 	GLU	 517 	4	47.3473469484	1	8.04816438699	19.238	34.185	85.688	22.953	40.189	84.646	19.292	33.562	81.916
527258	TYR	 519 	GLU	 517 	PHE	 520 	3	40.7723473129	1	7.82538459119	18.875	30.493	86.686	19.292	33.562	81.916	22.27	30.238	88.344
469875	THR	 523 	GLU	 517 	GLU	 524 	4	47.1031694091	1	8.04816438699	20.22	38.621	86.801	19.292	33.562	81.916	22.953	40.189	84.646
537340	TYR	 519 	ASP	 518 	PHE	 520 	5	58.8214102316	1	5.64146869175	18.875	30.493	86.686	19.238	34.185	85.688	22.27	30.238	88.344
540943	TYR	 519 	SER	 522 	ASP	 518 	8	77.5784736494	1	7.0476617399	18.875	30.493	86.686	22.951	36.125	87.842	19.238	34.185	85.688
484783	THR	 521 	THR	 523 	ASP	 518 	8	79.4664270171	1	6.62636536874	22.146	33.422	90.43	20.22	38.621	86.801	19.238	34.185	85.688
542523	TYR	 519 	THR	 521 	SER	 522 	4	51.6009236965	1	7.0476617399	18.875	30.493	86.686	22.146	33.422	90.43	22.951	36.125	87.842
482620	THR	 521 	SER	 522 	PHE	 520 	5	53.7106316057	1	5.94748131565	22.146	33.422	90.43	22.951	36.125	87.842	22.27	30.238	88.344
484928	THR	 523 	THR	 521 	SER	 522 	9	89.7768836089	1	6.62636536874	20.22	38.621	86.801	22.146	33.422	90.43	22.951	36.125	87.842
412201	PRO	 525 	GLU	 524 	GLN	 526 	2	30.804912764	1	7.03007147901	23.88	42.811	87.283	22.953	40.189	84.646	27.057	43.622	89.206
417964	PRO	 529 	GLY	 530 	GLN	 528 	5	55.2054129613	1	5.8812602391	33.557	49.189	91.782	36.764	50.692	90.382	33.154	46.133	89.503
418034	PRO	 529 	GLY	 530 	GLU	 531 	3	37.9644783878	1	6.74207468069	33.557	49.189	91.782	36.764	50.692	90.382	40.176	50.436	92.081
654485	ASN	 532 	PRO	 529 	GLY	 530 	6	61.5848500563	1	7.84607634426	40.884	46.95	93.474	33.557	49.189	91.782	36.764	50.692	90.382
654196	ASN	 532 	PRO	 529 	GLU	 531 	5	59.0013369064	1	7.84607634426	40.884	46.95	93.474	33.557	49.189	91.782	40.176	50.436	92.081
